longitude,latitude,depth,magnitude,place,time
-118.040333333333,35.7555,3.84,0.72,"23 km SSW of Little Lake, CA",1765395424710
-116.948333333333,32.8996666666667,5.73,1.06,"5 km NNW of Lakeside, CA",1765395258320
-150.056,65.13,14.0,1.8,"30 km ENE of Manley Hot Springs, Alaska",1765394263659
-117.782166666667,34.2846666666667,8.37,1.59,"16 km WSW of Wrightwood, CA",1765394120550
-122.451667785645,38.8330001831055,6.98000001907349,2.16,"10 km ENE of Hidden Valley Lake, CA",1765393809750
-116.112666666667,32.8053333333333,4.58,1.19,"14 km NW of Ocotillo, CA",1765392151560
-122.820167541504,38.8165016174316,0.990000009536743,0.44,"7 km NW of The Geysers, CA",1765391314540
-122.815170288086,38.8316650390625,2.40000009536743,0.65,"8 km NW of The Geysers, CA",1765391207230
-115.516666666667,32.7656666666667,12.26,1.89,"4 km NNE of Heber, CA",1765391166070
-148.669,65.154,5.0,0.9,"31 km E of Minto, Alaska",1765391165310
-66.9966666666667,18.0073333333333,10.53,1.99,"6 km NE of La Parguera, Puerto Rico",1765390459300
-122.755996704102,38.7851676940918,1.67999994754791,1.09,"1 km N of The Geysers, CA",1765388205050
-139.683,60.332,40.2,1.9,"87 km N of Yakutat, Alaska",1765387843624
-151.017,65.97,8.6,1.7,"64 km NW of Rampart, Alaska",1765386984481
-119.127333333333,35.0543333333333,9.77,1.89,"22 km NW of Grapevine, CA",1765386226090
-117.582333333333,35.7676666666667,7.52,0.8,"16 km W of Searles Valley, CA",1765385492350
-117.284166666667,34.049,15.83,1.02,"2 km W of Loma Linda, CA",1765385404780
-121.50333333333333,47.5735,12.78,1.37,"18 km SW of Skykomish, Washington",1765385373910
-122.840667724609,38.8424987792969,1.76999998092651,1.04,"10 km NW of The Geysers, CA",1765384935550
-118.329833333333,34.0931666666667,6.17,1.41,"1 km SSW of Hollywood, CA",1765384118810
-118.405333333333,33.9596666666667,11.11,1.26,"5 km NNE of El Segundo, CA",1765384116470
-65.9935,19.1285,37.01,3.05,"74 km N of San Juan, Puerto Rico",1765383938610
-66.0908333333333,18.8835,6.96,3.0,"46 km N of San Juan, Puerto Rico",1765383656030
-152.96,59.888,106.8,2.6,"64 km W of Anchor Point, Alaska",1765381009898
-122.803833007812,38.8250007629395,2.20000004768372,1.27,"7 km NW of The Geysers, CA",1765380749480
-141.048,59.95,5.0,1.8,"86 km WNW of Yakutat, Alaska",1765380394282
-122.815498352051,38.7993316650391,3.82999992370605,0.44,"6 km WNW of The Geysers, CA",1765378944770
-117.777166666667,36.0363333333333,1.77,0.83,"15 km E of Coso Junction, CA",1765378794430
-117.773333333333,36.0331666666667,2.16,0.04,"16 km E of Coso Junction, CA",1765378766340
-117.778166666667,36.035,1.55,1.08,"15 km E of Coso Junction, CA",1765378603770
-117.7765,36.0363333333333,1.54,1.25,"15 km E of Coso Junction, CA",1765378569200
-149.228,63.691,5.0,1.4,"16 km WSW of Denali Park, Alaska",1765378485643
142.7117,40.8471,36.089,5.7,"108 km NE of Kuji, Japan",1765378344213
-116.4933,38.4567,1.8288,1.83,"77 km ENE of Tonopah, Nevada",1765377053987
-120.77466583252,36.2065010070801,1.46000003814697,1.42,"24 km ENE of San Lucas, CA",1765376579630
-117.776833333333,36.0356666666667,1.53,0.87,"15 km E of Coso Junction, CA",1765376559080
-117.778333333333,36.0336666666667,2.05,0.75,"15 km E of Coso Junction, CA",1765376416300
-117.7775,36.0343333333333,2.16,1.22,"15 km E of Coso Junction, CA",1765376256700
-117.776333333333,36.0375,1.35,2.49,"15 km E of Coso Junction, CA",1765376201380
-112.9125,38.5075,2.71,0.79,"14 km NE of Milford, Utah",1765374852960
-104.023,31.575,8.7659,1.9,"36 km NW of Toyah, Texas",1765374760598
-122.845664978027,38.8241653442383,2.09999990463257,0.65,"9 km NW of The Geysers, CA",1765374378480
-148.266,60.43,1.1,2.5,"42 km NNW of Chenega, Alaska",1765373762904
-116.303333333333,34.7061666666667,4.02,1.25,"13 km W of Ludlow, CA",1765373656270
-122.779663085938,38.8361663818359,1.75,0.7,"5 km WNW of Cobb, CA",1765373490110
154.8637,-6.3921,107.147,5.3,"69 km W of Panguna, Papua New Guinea",1765373417377
-122.780670166016,38.8363342285156,1.80999994277954,1.33,"5 km WNW of Cobb, CA",1765371132650
-116.351,34.8803333333333,2.82,2.34,"25 km NW of Ludlow, CA",1765370653380
-153.519,57.868,5.0,2.4,"37 km W of Port Lions, Alaska",1765370546177
-151.784,59.947,57.2,2.0,"2 km W of Happy Valley, Alaska",1765369870142
-122.813835144043,38.8315010070801,2.41000008583069,0.7,"8 km NW of The Geysers, CA",1765369524710
-139.5515,60.4773,8.667,2.6,"104 km N of Yakutat, Alaska",1765369029821
-121.917831420898,37.5398330688477,8.5600004196167,1.74,"6 km E of Fremont, CA",1765368859780
-122.875503540039,38.8398323059082,2.39000010490417,1.32,"12 km NW of The Geysers, CA",1765368728710
-122.874168395996,38.8380012512207,2.34999990463257,2.02,"12 km WNW of The Geysers, CA",1765368719360
-151.158,63.309,0.0,1.5,"38 km SE of Denali National Park, Alaska",1765368614970
-102.16,32.107,6.665,1.4,"14 km NNW of Midland, Texas",1765368192008
-102.165,32.111,6.0059,0.8,"15 km NNW of Midland, Texas",1765368079754
-155.329330444336,19.8649997711182,29.0699996948242,1.74,"16 km SW of Laupāhoehoe, Hawaii",1765367227240
-147.427,60.715,14.3,1.7,"44 km WSW of Tatitlek, Alaska",1765366978780
-143.574,60.339,5.0,1.4,"122 km ESE of Cordova, Alaska",1765366898629
-139.9671,60.5817,4.335,4.7,"116 km N of Yakutat, Alaska",1765366112912
-122.812835693359,38.8301658630371,2.16000008583069,0.74,"8 km NW of The Geysers, CA",1765365022990
-117.199,34.0055,5.51,1.35,"6 km SSW of Redlands, CA",1765364956850
-140.881,60.153,9.6,1.9,"93 km NW of Yakutat, Alaska",1765364801348
-139.9951,60.6137,3.814,4.0,"119 km N of Yakutat, Alaska",1765364321982
143.5252,39.3908,30.412,4.7,"135 km E of Yamada, Japan",1765364115259
-150.887,61.677,66.4,1.7,"24 km NW of Susitna, Alaska",1765363862830
-141.53,60.634,9.2,1.3,"116 km SE of McCarthy, Alaska",1765363791238
-116.4435,33.4903333333333,14.46,0.47,"23 km ESE of Anza, CA",1765363687680
-122.794502258301,38.8269996643066,2.0,0.69,"6 km W of Cobb, CA",1765362841740
-122.744163513184,38.7799987792969,0.800000011920929,1.07,"1 km ENE of The Geysers, CA",1765362771880
-122.839164733887,38.8546676635742,9.88000011444092,1.25,"11 km WNW of Cobb, CA",1765362617700
-139.412,60.358,17.3,2.1,"92 km N of Yakutat, Alaska",1765361904766
-155.477828979492,19.1376667022705,39.8400001525879,1.75,"7 km S of Pāhala, Hawaii",1765361707270
-150.559,63.288,129.2,1.6,"64 km ESE of Denali National Park, Alaska",1765361513703
-142.526,60.936,10.8,1.2,"59 km SSE of McCarthy, Alaska",1765361445990
-119.470166666667,34.9193333333333,10.83,0.76,"17 km SSW of Maricopa, CA",1765361384850
-122.762001037598,38.7911682128906,0.529999971389771,1.04,"2 km NNW of The Geysers, CA",1765361151060
-139.9557,60.5329,5.0,4.3,"110 km N of Yakutat, Alaska",1765360217183
-139.7921,60.537,3.819,3.7,"110 km N of Yakutat, Alaska",1765359894620
-122.793502807617,38.8351669311523,2.35999989509583,0.7,"6 km WNW of Cobb, CA",1765359812570
96.0144,22.5428,10.0,4.7,"32 km E of Shwebo, Burma (Myanmar)",1765359335634
-112.154666666667,40.6786666666667,9.35,0.56,"5 km SW of Magna, Utah",1765358950130
153.7678,48.6769,154.211,4.3,"279 km SW of Severo-Kuril’sk, Russia",1765358730007
-120.8545,46.57483333333333,8.06,0.72,"4 km NNE of Tampico, Washington",1765358303510
-116.4745,33.4861666666667,12.0,0.91,"20 km ESE of Anza, CA",1765358291310
-139.5327,60.4374,5.0,2.7,"99 km N of Yakutat, Alaska",1765358264159
-149.995,61.565,50.3,3.1,"5 km NNW of Big Lake, Alaska",1765357912345
-117.881333333333,36.1081666666667,3.62,0.86,"9 km NE of Coso Junction, CA",1765357447990
-122.799003601074,38.8279991149902,2.17000007629395,1.06,"7 km W of Cobb, CA",1765357194840
-66.8421666666667,17.9496666666667,15.83,2.21,"5 km SSW of Indios, Puerto Rico",1765356961100
-122.817337036133,38.8318328857422,1.72000002861023,0.85,"8 km NW of The Geysers, CA",1765356622610
-104.196,31.628,1.9086,1.8,"51 km NW of Toyah, Texas",1765356354108
-121.935668945312,37.7473335266113,1.75999999046326,1.52,"5 km N of Dublin, CA",1765356165010
-73.0581,6.8277,140.692,5.5,"11 km NNE of Jordán, Colombia",1765355226742
-151.866,60.674,71.2,1.6,"30 km WNW of Salamatof, Alaska",1765354866367
-159.619,68.453,5.0,2.5,"142 km ENE of Red Dog Mine, Alaska",1765354378479
149.611,-5.0585,392.29,4.4,"79 km NW of Kimbe, Papua New Guinea",1765354223817
-145.707,63.905,3.6,2.3,"7 km WSW of Fort Greely, Alaska",1765353019551
94.3584,5.3043,10.0,4.9,"111 km WSW of Banda Aceh, Indonesia",1765352575140
-152.852,60.392,5.0,1.8,"75 km WNW of Ninilchik, Alaska",1765352337020
-122.81233215332,38.8428344726562,2.0699999332428,0.77,"8 km WNW of Cobb, CA",1765352089670
-155.488,19.1643333333333,33.05,1.51,"4 km SSW of Pāhala, Hawaii",1765351841500
-112.0335,40.4531666666667,12.29,0.53,"6 km S of Herriman, Utah",1765350767880
-123.238334655762,39.2944984436035,3.39000010490417,1.5,"4 km NW of Redwood Valley, CA",1765350398890
-144.484,63.628,5.0,1.6,"9 km ESE of Dry Creek, Alaska",1765350307775
-123.328498840332,39.522834777832,8.14000034332275,2.27,"10 km NNE of Brooktrails, CA",1765350270020
-154.652,58.712,122.6,1.6,"81 km S of Kokhanok, Alaska",1765349865449
-123.238998413086,39.2953338623047,3.41000008583069,1.68,"4 km NW of Redwood Valley, CA",1765349039600
-122.811332702637,38.7938346862793,3.10999989509583,1.07,"5 km WNW of The Geysers, CA",1765348976780
-104.482,31.72,2.2034,1.5,"51 km S of Whites City, New Mexico",1765348902724
-117.772666666667,36.0241666666667,1.86,0.04,"16 km NE of Little Lake, CA",1765348852520
-146.384,61.61,28.1,1.8,"47 km SSE of Nelchina, Alaska",1765348744935
-66.9423333333333,17.8043333333333,14.49,2.34,"18 km S of Guánica, Puerto Rico",1765348741990
-71.3475,-28.8659,42.911,5.2,"65 km WSW of Vallenar, Chile",1765348707064
-123.238998413086,39.2943344116211,3.21000003814697,1.29,"4 km NW of Redwood Valley, CA",1765348444840
-139.7639,60.564,5.0,3.3,"113 km N of Yakutat, Alaska",1765348260672
-104.293,31.649,3.9465,1.8,"58 km S of Whites City, New Mexico",1765347714996
-150.019,61.754,16.4,2.9,"1 km NE of Willow, Alaska",1765347568519
-116.887333333333,33.9281666666667,8.9,0.41,"1 km WNW of Banning, CA",1765346358500
-66.8795,19.1156666666667,25.49,3.32,"69 km NNE of Isabela, Puerto Rico",1765345073370
-119.8475,46.6035,7.14,0.55,"9 km SSE of Desert Aire, Washington",1765344879630
-102.145,32.427,7.6416,0.5,"38 km ENE of McKinney Acres, Texas",1765344626860
-121.150833129883,36.5595016479492,8.89000034332275,2.21,"3 km NNW of Pinnacles, CA",1765344513840
-116.860166666667,34.3131666666667,7.24,0.99,"6 km NNW of Big Bear City, CA",1765344385870
-150.729,62.038,64.9,2.4,"35 km E of Skwentna, Alaska",1765343992143
143.5841,23.2312,39.66,4.9,"Volcano Islands, Japan region",1765343929438
-66.8203333333333,17.9705,11.58,3.02,"2 km S of Indios, Puerto Rico",1765343441090
-119.142669677734,38.0623321533203,2.28999996185303,1.96,"12 km N of Lee Vining, CA",1765340742090
-122.763168334961,38.8228340148926,2.1800000667572,0.22,"3 km W of Cobb, CA",1765340090880
-146.916,64.492,7.1,1.3,"3 km S of Salcha, Alaska",1765339770733
-139.4789,60.3867,5.0,2.6,"94 km N of Yakutat, Alaska",1765339369089
-152.301,60.433,95.2,2.5,"54 km WNW of Clam Gulch, Alaska",1765337641035
-139.8935,60.5805,5.0,3.1,"115 km N of Yakutat, Alaska",1765337221834
-116.816833333333,33.7083333333333,15.55,0.67,"8 km ESE of Valle Vista, CA",1765337006410
-139.6913,60.5935,5.0,2.5,"116 km N of Yakutat, Alaska",1765336929149
-116.076166666667,33.1316666666667,11.16,0.69,"5 km ESE of Ocotillo Wells, CA",1765336723910
-119.849502563477,36.076831817627,17.0100002288818,2.61,"13 km NE of Kettleman City, CA",1765336155810
-66.9993333333333,17.9581666666667,6.5,2.3,"5 km ESE of La Parguera, Puerto Rico",1765336126010
-149.711,64.567,5.0,1.3,"28 km W of Four Mile Road, Alaska",1765332938172
-117.579,34.1558333333333,9.58,1.03,"4 km N of Rancho Cucamonga, CA",1765332809160
-122.785163879395,38.8356666564941,2.29999995231628,0.76,"6 km WNW of Cobb, CA",1765332772040
-117.0145,33.6438333333333,12.95,1.1,"10 km SE of Winchester, CA",1765332361290
-149.246,61.93,0.9,1.8,"20 km N of Fishhook, Alaska",1765332032173
-121.564002990723,36.9486656188965,5.51999998092651,1.64,"6 km S of Gilroy, CA",1765331978290
-139.9635,60.5972,5.0,2.5,"117 km N of Yakutat, Alaska",1765331909746
-116.296,33.0233333333333,7.16,1.74,"20 km SW of Ocotillo Wells, CA",1765331504430
-139.4924,60.3965,5.0,2.6,"95 km N of Yakutat, Alaska",1765331452090
-116.295833333333,33.0296666666667,6.66,0.96,"20 km SW of Ocotillo Wells, CA",1765330915340
-116.294333333333,33.0243333333333,7.29,1.36,"20 km SW of Ocotillo Wells, CA",1765330765050
-122.796997070312,38.8253326416016,2.6800000667572,1.09,"6 km NNW of The Geysers, CA",1765330616620
-155.094,58.266,5.0,0.7,"86 km NNW of Karluk, Alaska",1765330443088
-116.298166666667,33.0256666666667,6.69,1.89,"20 km SW of Ocotillo Wells, CA",1765330045310
-119.0555,34.4356666666667,8.72,1.62,"9 km N of Santa Paula, CA",1765329080890
-139.9176,60.5608,5.0,2.6,"113 km N of Yakutat, Alaska",1765328969022
-122.756332397461,38.7943344116211,0.639999985694885,0.83,"2 km N of The Geysers, CA",1765328689000
-122.756500244141,38.7938346862793,0.469999998807907,0.76,"2 km N of The Geysers, CA",1765327468890
-117.686333333333,35.0351666666667,-0.7,1.28,"5 km NW of Boron, CA",1765327371630
-139.8772,60.5299,5.737,2.7,"109 km N of Yakutat, Alaska",1765326214634
-116.6205,33.4226666666667,6.9,0.3,"16 km SSE of Anza, CA",1765326000910
-102.001,32.385,8.9111,0.6,"31 km WSW of Ackerly, Texas",1765325872237
-68.0439,-28.6954,95.91,4.2,"17 km ENE of Vinchina, Argentina",1765325725804
-122.820831298828,38.8279991149902,1.86000001430511,1.27,"8 km NW of The Geysers, CA",1765325655960
-122.73983001709,38.7825012207031,0.389999985694885,0.96,"2 km ENE of The Geysers, CA",1765325289470
-122.838500976562,38.8386650085449,1.69000005722046,1.1,"10 km NW of The Geysers, CA",1765324975630
-154.688,58.177,5.0,1.5,"69 km NNW of Karluk, Alaska",1765324395343
-139.8907,60.4368,5.0,2.5,"99 km N of Yakutat, Alaska",1765324146927
-122.733497619629,38.8043327331543,1.8400000333786,1.04,"2 km SSW of Cobb, CA",1765322697060
-104.365,31.667,7.6379,1.5,"56 km S of Whites City, New Mexico",1765322569673
157.1843,50.2766,35.0,4.5,"87 km ESE of Severo-Kuril’sk, Russia",1765322392181
-152.309,59.75,74.6,2.6,"27 km W of Anchor Point, Alaska",1765322319724
-122.783500671387,38.8363342285156,1.60000002384186,1.1,"5 km WNW of Cobb, CA",1765321581240
142.3659,41.2677,49.983,4.6,"95 km ENE of Yokohama, Japan",1765321476382
-117.16816666666666,47.64566666666666,-0.77,1.47,"2 km E of Veradale, Washington",1765321263220
-118.3265,35.0386666666667,-0.91,1.04,"14 km W of Mojave, CA",1765321243460
-116.468333333333,34.3506666666667,7.21,1.09,"27 km N of Yucca Valley, CA",1765320501490
-122.762832641602,38.8255004882812,1.74000000953674,1.17,"3 km W of Cobb, CA",1765320240210
-104.327,31.627,6.228,1.7,"61 km S of Whites City, New Mexico",1765319794100
-112.912166666667,38.5125,2.38,1.18,"15 km NE of Milford, Utah",1765319533040
-116.901,32.7603333333333,4.75,1.35,"4 km ENE of Rancho San Diego, CA",1765319433020
-155.851,57.556,5.0,2.5,"83 km W of Karluk, Alaska",1765319238674
-120.784164428711,35.5485000610352,6.30000019073486,2.16,"7 km W of Templeton, CA",1765318889910
142.6821,40.9611,50.058,4.5,"112 km ENE of Hachinohe, Japan",1765318806134
-104.353,31.663,6.228,2.0,"56 km S of Whites City, New Mexico",1765318622425
-122.807502746582,38.8223342895508,2.75999999046326,1.08,"7 km NW of The Geysers, CA",1765318050690
-155.214828491211,19.1240005493164,34.9900016784668,1.73,"29 km ESE of Pāhala, Hawaii",1765317875830
-116.612666666667,33.4621666666667,9.13,0.7,"12 km SSE of Anza, CA",1765316838300
-139.8292,60.578,5.0,3.2,"115 km N of Yakutat, Alaska",1765316282727
-117.40083333333334,48.261,-0.15,1.23,"11 km SW of Cusick, Washington",1765316240360
-117.2305,34.0161666666667,11.78,0.84,"5 km SE of Loma Linda, CA",1765315075150
-101.132,35.576,12.8174,2.5,"4 km E of Skellytown, Texas",1765314676412
-150.592,63.142,117.7,1.9,"72 km SE of Denali National Park, Alaska",1765314558469
-121.949333190918,37.7571678161621,7.5,1.6,"4 km SE of San Ramon, CA",1765314408070
-176.3352,-26.9086,23.537,5.3,south of the Fiji Islands,1765314018579
-122.840667724609,38.8214988708496,2.0699999332428,0.79,"9 km NW of The Geysers, CA",1765313565700
-147.452,64.994,5.4,1.1,"8 km ENE of Fox, Alaska",1765313206894
-117.258833333333,34.5663333333333,-0.77,1.24,"4 km NE of Victorville, CA",1765312980390
-115.9436,36.8567,10.3233,1.81,"40 km NW of Indian Springs, Nevada",1765312620104
-140.684,60.137,4.4,2.0,"84 km NW of Yakutat, Alaska",1765312590565
-119.9968,39.3718,7.6509,2.01,"3 km SE of Floriston, California",1765312578825
-176.2716,-26.9613,10.0,5.1,south of the Fiji Islands,1765312278942
-117.503333333333,33.8685,0.88,1.0,"2 km ESE of Home Gardens, CA",1765312253140
-115.980333333333,33.773,2.58,1.85,"21 km ENE of Coachella, CA",1765311886030
-115.9805,33.7726666666667,2.57,1.76,"21 km ENE of Coachella, CA",1765311825650
-116.718666666667,33.6651666666667,15.48,0.66,"8 km S of Idyllwild, CA",1765311776540
-139.9535,60.5627,5.0,3.8,"113 km N of Yakutat, Alaska",1765311743074
-122.845664978027,38.8230018615723,2.16000008583069,0.94,"9 km WNW of The Geysers, CA",1765310883590
-154.753,57.718,57.4,1.6,"24 km NW of Karluk, Alaska",1765310868170
100.866,-0.7828,10.0,4.9,"15 km SW of Sijunjung, Indonesia",1765309707311
-112.9125,38.5018333333333,2.56,2.02,"14 km NE of Milford, Utah",1765309660040
-112.913333333333,38.5076666666667,2.91,2.65,"14 km NE of Milford, Utah",1765309637910
159.9306,50.4678,10.0,4.8,"266 km ESE of Ozernovskiy, Russia",1765309418885
-122.818496704102,38.8344993591309,1.64999997615814,1.08,"8 km NW of The Geysers, CA",1765309370870
-139.9428,60.6204,1.232,3.3,"120 km N of Yakutat, Alaska",1765309136855
-116.95766666666667,46.397666666666666,-0.89,2.23,"2 km NE of Lewiston Orchards, Idaho",1765308491320
-112.9085,38.5108333333333,2.16,1.28,"15 km NE of Milford, Utah",1765308191050
-116.341666666667,33.2708333333333,11.44,1.02,"4 km ENE of Borrego Springs, CA",1765308153990
-139.9786,60.4733,5.0,3.1,"104 km N of Yakutat, Alaska",1765308045195
-121.614501953125,36.8911666870117,1.11000001430511,2.1,"3 km E of Aromas, CA",1765307935260
-116.3435,33.2663333333333,11.66,2.11,"3 km ENE of Borrego Springs, CA",1765307863330
-150.33,60.906,50.1,2.1,"19 km E of Point Possession, Alaska",1765307481941
-122.876663208008,38.8413314819336,2.50999999046326,1.02,"13 km NW of The Geysers, CA",1765307257650
-153.54,57.871,0.1,2.7,"39 km W of Port Lions, Alaska",1765307036940
-116.987,35.0351666666667,2.02,1.86,"16 km NNE of Barstow, CA",1765306431700
-122.83716583252,38.8413314819336,1.82000005245209,1.04,"10 km NW of The Geysers, CA",1765305674860
-122.837669372559,38.8406677246094,1.73000001907349,0.8,"10 km NW of The Geysers, CA",1765305131370
-140.0801,60.5152,4.226,3.0,"109 km N of Yakutat, Alaska",1765304866786
-112.6957,46.6942,10.0,3.2,"12 km NNW of Avon, Montana",1765304546654
-154.597,58.361,5.0,1.0,"88 km N of Karluk, Alaska",1765304332425
-155.169998168945,19.2369995117188,42.7999992370605,1.83,"23 km SSE of Volcano, Hawaii",1765304295160
-139.7538,60.5025,4.919,3.1,"106 km N of Yakutat, Alaska",1765304219297
-139.872,60.532,5.0,2.5,"110 km N of Yakutat, Alaska",1765303949885
-122.99016666666667,42.3765,-1.14,1.53,"6 km W of Central Point, Oregon",1765303465820
126.4178,1.6506,48.269,4.7,"143 km NW of Ternate, Indonesia",1765303349975
-116.340833333333,33.2685,11.87,0.99,"3 km ENE of Borrego Springs, CA",1765302937340
-66.1937,-22.8372,255.163,4.5,"52 km WSW of Abra Pampa, Argentina",1765302884179
-139.8503,60.5836,4.844,2.7,"115 km N of Yakutat, Alaska",1765302700997
-95.15883333,35.912,0.0,1.77,"2 km SW of Hulbert, Oklahoma",1765302099359
-140.034,60.594,6.451,2.9,"117 km N of Yakutat, Alaska",1765302002872
-146.911,64.498,13.2,1.4,"2 km S of Salcha, Alaska",1765300896036
45.576,34.325,10.0,4.5,"30 km WSW of Sarpol-e Z̄ahāb, Iran",1765300566870
-116.297,33.0266666666667,6.15,1.94,"20 km SW of Ocotillo Wells, CA",1765299926220
-140.0358,60.5118,8.164,2.8,"108 km N of Yakutat, Alaska",1765299878156
106.2888,-5.4927,156.721,4.2,"70 km NNE of Serang, Indonesia",1765299401965
-122.875999450684,38.8424987792969,2.36999988555908,0.63,"13 km NW of The Geysers, CA",1765299045300
-122.783500671387,38.8144989013672,0.349999994039536,1.08,"5 km NNW of The Geysers, CA",1765298801840
-116.575666666667,33.4546666666667,10.95,0.38,"14 km SE of Anza, CA",1765298682530
-122.877998352051,38.843334197998,2.46000003814697,0.82,"13 km ENE of Cloverdale, CA",1765298245130
-139.7748,60.5488,5.0,3.1,"111 km N of Yakutat, Alaska",1765298158753
-139.93,60.4997,7.076,3.5,"106 km N of Yakutat, Alaska",1765297747513
-116.444166666667,33.4981666666667,13.93,1.0,"22 km SW of La Quinta, CA",1765297724820
-122.874000549316,38.841667175293,3.00999999046326,2.15,"12 km NW of The Geysers, CA",1765297528060
-140.1527,60.5987,6.597,2.9,"119 km NNW of Yakutat, Alaska",1765297498435
-152.893,59.502,74.9,2.2,"57 km WNW of Nanwalek, Alaska",1765297477532
-116.920666666667,33.8175,13.41,0.84,"5 km NE of San Jacinto, CA",1765297140190
-118.8275,34.0773333333333,12.76,1.45,"8 km SSW of Westlake Village, CA",1765296230360
-118.841666666667,34.0848333333333,14.72,1.18,"8 km SSW of Westlake Village, CA",1765296200250
-122.818496704102,38.8074989318848,2.90000009536743,0.75,"6 km WNW of The Geysers, CA",1765295738860
-103.416,31.094,5.3052,2.0,"32 km SSE of Lindsay, Texas",1765295472009
-112.807666666667,38.4498333333333,4.83,0.94,"18 km ENE of Milford, Utah",1765294867550
-139.9956,60.5518,4.651,3.0,"112 km N of Yakutat, Alaska",1765294188000
-116.41,34.1678333333333,11.98,0.56,"6 km NNE of Yucca Valley, CA",1765294090340
-103.613,31.002,3.1262,2.9,"12 km E of Balmorhea, Texas",1765293663007
-104.334,31.664,6.0999,1.8,"56 km S of Whites City, New Mexico",1765293517256
-117.210666666667,34.0196666666667,13.95,1.64,"5 km SSW of Redlands, CA",1765293390990
-122.724830627441,38.7586669921875,2.6800000667572,1.16,"3 km WSW of Anderson Springs, CA",1765293171920
-129.2816,44.4403,10.0,4.1,off the coast of Oregon,1765293168127
-139.6579,60.4689,8.932,3.2,"102 km N of Yakutat, Alaska",1765293003106
-150.976,61.682,65.6,1.6,"29 km WNW of Susitna, Alaska",1765292646194
-116.287333333333,33.0316666666667,6.57,0.6,"19 km SW of Ocotillo Wells, CA",1765292374480
-112.911833333333,38.5156666666667,2.07,1.18,"15 km NNE of Milford, Utah",1765292281230
-155.488006591797,19.1949996948242,31.8899993896484,1.88,"1 km SW of Pāhala, Hawaii",1765291847820
-139.892,60.029,52.4,2.7,"54 km N of Yakutat, Alaska",1765291640254
-112.909833333333,38.5106666666667,2.64,1.0,"15 km NE of Milford, Utah",1765291598010
-139.5444,60.458,9.942,3.1,"102 km N of Yakutat, Alaska",1765291410014
-122.745162963867,38.7861671447754,1.39999997615814,1.15,"1 km NE of The Geysers, CA",1765291013850
-139.5579,60.394,7.952,3.3,"94 km N of Yakutat, Alaska",1765290362604
-150.791,63.016,117.4,2.3,"57 km N of Petersville, Alaska",1765289202630
-148.276,64.278,5.0,1.1,"44 km E of Clear, Alaska",1765289029001
-116.4665,33.533,7.01,0.35,"19 km E of Anza, CA",1765288536390
-153.149,60.129,155.9,2.2,"65 km E of Port Alsworth, Alaska",1765288362323
-112.9115,38.5106666666667,2.77,0.55,"15 km NE of Milford, Utah",1765288082470
-122.825332641602,38.844165802002,1.96000003814697,0.73,"9 km WNW of Cobb, CA",1765287712940
-139.9414,60.5135,5.793,3.0,"108 km N of Yakutat, Alaska",1765287460162
-122.75700378418,38.7956657409668,-0.509999990463257,0.76,"2 km N of The Geysers, CA",1765287431450
-122.87866973877,38.8446655273438,2.92000007629395,0.71,"13 km ENE of Cloverdale, CA",1765287119120
-139.4876,60.4382,6.654,3.1,"100 km N of Yakutat, Alaska",1765286735598
-122.785835266113,38.8368339538574,2.02999997138977,0.72,"6 km WNW of Cobb, CA",1765286349670
-140.1101,60.5151,7.922,2.9,"109 km NNW of Yakutat, Alaska",1765286243162
-112.911166666667,38.5083333333333,2.26,1.12,"15 km NE of Milford, Utah",1765285609070
-139.9565,60.5184,9.407,3.0,"108 km N of Yakutat, Alaska",1765285564968
-115.527666666667,32.7773333333333,13.68,1.35,"3 km ESE of El Centro, CA",1765284730670
-108.2551,-34.8115,10.0,4.7,southern East Pacific Rise,1765283460432
-101.195,32.308,5.6396,1.9,"10 km E of Coahoma, Texas",1765283319720
-116.292166666667,33.028,7.06,0.79,"20 km SW of Ocotillo Wells, CA",1765282976440
-102.085,31.947,8.7646,0.8,"5 km S of Midland, Texas",1765282658231
-116.928,33.4841666666667,14.13,0.34,"7 km NW of Aguanga, CA",1765282540170
-102.082,32.351,7.6172,0.7,"37 km NW of Stanton, Texas",1765282349778
-97.58716667,34.2735,11.09,1.37,"10 km WNW of Healdton, Oklahoma",1765282159730
121.6193,23.147,37.602,4.4,"91 km S of Hualien City, Taiwan",1765281704465
-151.47,60.171,53.0,1.9,"7 km SSW of Clam Gulch, Alaska",1765280997710
-122.795669555664,38.8161659240723,2.5,1.39,"6 km NW of The Geysers, CA",1765280881850
-112.905333333333,38.5055,2.09,0.82,"15 km NE of Milford, Utah",1765280691300
-122.769996643066,38.7861671447754,1.00999999046326,1.91,"2 km NW of The Geysers, CA",1765280194580
-122.779663085938,38.796501159668,3.09999990463257,1.09,"3 km NW of The Geysers, CA",1765280161830
-67.0666666666667,18.0113333333333,12.87,1.97,"3 km SSE of Palmarejo, Puerto Rico",1765280156590
-148.247,61.766,8.9,1.4,"11 km ESE of Chickaloon, Alaska",1765279747151
-116.319833333333,33.2466666666667,11.86,0.48,"5 km ESE of Borrego Springs, CA",1765279587550
166.4329,-12.4681,71.312,4.7,"197 km NW of Sola, Vanuatu",1765279537875
-123.9265,47.22,32.63,1.52,"2 km ESE of Humptulips, Washington",1765279244490
-176.3985,-26.959,35.0,4.9,south of the Fiji Islands,1765278914182
-122.85383605957,38.8241653442383,2.6800000667572,0.27,"10 km WNW of The Geysers, CA",1765278892660
-121.353500366211,36.752498626709,7.59000015258789,1.6,"5 km SW of Tres Pinos, CA",1765277928120
-141.052,60.751,2.5,1.3,"126 km SE of McCarthy, Alaska",1765277679049
-122.838333129883,38.8396682739258,1.73000001907349,0.22,"10 km NW of The Geysers, CA",1765277390600
-121.169830322266,36.554500579834,1.38999998569489,2.0,"3 km NW of Pinnacles, CA",1765277382960
87.3634,50.6255,10.0,4.4,"42 km W of Ulagan, Russia",1765276610489
-121.944831848145,37.7519989013672,6.73000001907349,1.37,"4 km SE of San Ramon, CA",1765276186940
-122.19333333333333,46.1885,8.27,0.39,"36 km NNE of Amboy, Washington",1765276156250
-118.547833333333,33.801,8.41,1.36,"15 km W of Palos Verdes Estates, CA",1765275822520
-121.94450378418,37.7594985961914,6.28999996185303,1.43,"4 km SE of San Ramon, CA",1765275818220
-112.895833333333,37.0501666666667,10.39,1.03,"8 km NE of Hildale, Utah",1765275684170
-122.841331481934,38.8245010375977,1.72000002861023,0.68,"9 km NW of The Geysers, CA",1765275219720
-26.4334,62.1957,10.0,5.0,"272 km SW of Grindavík, Iceland",1765275155788
-117.537666666667,35.6788333333333,7.87,0.43,"14 km ENE of Ridgecrest, CA",1765275138020
142.9096,41.0781,39.621,4.4,"116 km S of Honchō, Japan",1765274693296
-122.810501098633,38.8003349304199,3.5699999332428,0.78,"5 km WNW of The Geysers, CA",1765274535780
-155.487503051758,19.1963329315186,30.3299999237061,1.77,"1 km SW of Pāhala, Hawaii",1765273864880
-123.239669799805,39.2953338623047,2.61999988555908,1.69,"5 km NW of Redwood Valley, CA",1765273646190
-118.552166666667,35.3485,4.28,0.99,"26 km NNW of Tehachapi, CA",1765272727990
-118.572833333333,34.2655,7.86,1.45,"3 km ENE of Chatsworth, CA",1765272720250
-122.804000854492,38.820499420166,2.69000005722046,0.49,"6 km NW of The Geysers, CA",1765271652800
142.3273,41.2881,60.498,5.1,"93 km E of Mutsu, Japan",1765271387475
-139.4978,60.4209,10.0,3.0,"98 km N of Yakutat, Alaska",1765271268010
-149.249,61.885,24.8,1.7,"15 km N of Fishhook, Alaska",1765270708501
-155.455673217773,19.0995006561279,42.0299987792969,1.75,"11 km SSE of Pāhala, Hawaii",1765270108600
-116.964333333333,33.3878333333333,7.17,0.68,"10 km WNW of Palomar Observatory, CA",1765269945910
-122.817337036133,38.8115005493164,2.61999988555908,1.24,"7 km NW of The Geysers, CA",1765269786400
-116.404666666667,33.2391666666667,2.07,0.91,"3 km SW of Borrego Springs, CA",1765269616940
-122.750999450684,38.7998352050781,1.75,0.73,"3 km N of The Geysers, CA",1765268841700
-139.3852,60.3948,5.0,4.0,"96 km NNE of Yakutat, Alaska",1765267881871
-155.3755,19.2016666666667,29.43,2.13,"10 km E of Pāhala, Hawaii",1765267789290
-116.407,33.2353333333333,1.88,3.17,"4 km SW of Borrego Springs, CA",1765267277400
-116.2905,33.0298333333333,8.47,0.36,"19 km SW of Ocotillo Wells, CA",1765266679580
-116.291,33.0298333333333,6.58,0.53,"19 km SW of Ocotillo Wells, CA",1765266369860
-110.846,44.7951666666667,4.88,1.43,"23 km SSW of Mammoth, Wyoming",1765266258600
-117.4055,35.5925,7.54,0.6,"19 km S of Trona, CA",1765266095110
-122.806503295898,38.8383331298828,2.36999988555908,0.72,"7 km WNW of Cobb, CA",1765266001830
-116.29,33.0311666666667,6.8,0.47,"19 km SW of Ocotillo Wells, CA",1765265843590
-116.291833333333,33.0273333333333,7.14,0.88,"20 km SW of Ocotillo Wells, CA",1765265802750
-121.774169921875,37.4286651611328,8.69999980926514,1.66,"8 km NE of Alum Rock, CA",1765265580740
-116.297666666667,33.0261666666667,7.51,2.3,"20 km SW of Ocotillo Wells, CA",1765265314340
-142.279,60.514,2.4,2.4,"108 km SSE of McCarthy, Alaska",1765265285611
-112.908166666667,38.5165,2.42,0.2,"16 km NE of Milford, Utah",1765265175000
-112.909166666667,38.511,2.5,1.15,"15 km NE of Milford, Utah",1765265128530
-102.174,32.108,5.9082,0.8,"15 km NW of Midland, Texas",1765265070424
-112.91,38.5088333333333,2.39,1.09,"15 km NE of Milford, Utah",1765264210330
95.9922,2.5415,10.0,5.2,"43 km W of Sinabang, Indonesia",1765263773648
-122.799003601074,38.8358345031738,2.0,0.7,"7 km WNW of Cobb, CA",1765263712760
-139.539,60.4,5.0,3.4,"95 km N of Yakutat, Alaska",1765263263310
-121.221664428711,35.8103332519531,7.90000009536743,1.32,"19 km N of San Simeon, CA",1765263136850
-104.117,31.6,6.0999,1.7,"44 km NW of Toyah, Texas",1765262498556
-115.5265,32.776,16.23,0.87,"3 km ESE of El Centro, CA",1765262455480
-122.780830383301,38.8368339538574,1.63999998569489,0.77,"5 km WNW of Cobb, CA",1765262105320
-121.939498901367,37.7558326721191,3.48000001907349,2.16,"4 km SE of San Ramon, CA",1765261471730
-121.941665649414,37.7516670227051,6.82000017166138,2.49,"4 km SE of San Ramon, CA",1765261408740
-104.451,31.685,6.0999,2.6,"54 km S of Whites City, New Mexico",1765260938921
-150.02,62.943,5.0,1.6,"55 km N of Chase, Alaska",1765260601947
-115.523,32.7778333333333,13.84,2.48,"3 km ESE of El Centro, CA",1765260358110
-116.464833333333,33.5326666666667,7.55,0.5,"20 km E of Anza, CA",1765259843380
-149.656,60.91,36.6,1.8,"1 km SW of Hope, Alaska",1765258417983
-155.755,57.571,6.9,2.1,"77 km W of Karluk, Alaska",1765258034940
-104.216,31.654,6.9202,1.6,"55 km NW of Toyah, Texas",1765257592591
-122.843170166016,38.8241653442383,1.74000000953674,0.59,"9 km NW of The Geysers, CA",1765257382330
142.8208,41.3181,47.014,4.6,"90 km S of Honchō, Japan",1765257350356
-116.473,33.5306666666667,7.66,1.11,"19 km E of Anza, CA",1765257206680
-109.885833333333,41.5758333333333,-3.26,3.04,"4 km NNW of Little America, Wyoming",1765256453230
-155.2525,19.1753333333333,43.38,1.27,"23 km E of Pāhala, Hawaii",1765255222050
178.5318,51.1838,15.061,4.7,"Rat Islands, Aleutian Islands, Alaska",1765254599303
-122.829170227051,38.8216667175293,2.16000008583069,0.76,"8 km NW of The Geysers, CA",1765254291670
-139.613,60.404,5.0,3.4,"95 km N of Yakutat, Alaska",1765253981465
-123.28450012207,39.2851676940918,0.280000001192093,1.32,"7 km WNW of Redwood Valley, CA",1765253801400
-123.278999328613,39.2803344726562,2.09999990463257,2.28,"7 km WNW of Redwood Valley, CA",1765253453310
-116.405333333333,33.2401666666667,2.12,1.21,"3 km WSW of Borrego Springs, CA",1765253371290
-117.271666666667,33.9918333333333,15.39,1.54,"6 km SE of Grand Terrace, CA",1765252567180
-139.854,60.338,3.5,2.4,"88 km N of Yakutat, Alaska",1765252398559
-103.391,31.936,6.1383,1.3,"27 km SW of Jal, New Mexico",1765252260289
-97.4984,38.6869,9.991,3.7,"6 km WSW of Gypsum, Kansas",1765251558835
-116.2295,32.9955,8.59,1.21,"19 km SSW of Ocotillo Wells, CA",1765251520580
-152.254,61.394,5.0,1.4,"68 km WNW of Beluga, Alaska",1765250341281
-110.847666666667,44.798,4.87,1.52,"22 km SSW of Mammoth, Wyoming",1765250041500
-103.139,31.957,6.0999,1.8,"11 km NNW of Kermit, Texas",1765249764064
-177.5592,-32.6246,10.0,5.0,south of the Kermadec Islands,1765249736898
-122.851501464844,38.8286666870117,1.87999999523163,0.25,"10 km NW of The Geysers, CA",1765249433490
-122.813163757324,38.8311653137207,1.61000001430511,0.73,"8 km NW of The Geysers, CA",1765248985040
-116.411166666667,32.9293333333333,4.62,0.46,"16 km NE of Pine Valley, CA",1765248264860
-151.038,58.886,22.1,3.1,"68 km SE of Port Graham, Alaska",1765247042580
-139.8368,60.5584,5.0,3.0,"112 km N of Yakutat, Alaska",1765246588394
-116.758666666667,33.6653333333333,11.56,0.29,"9 km SSW of Idyllwild, CA",1765246284410
-139.8088,60.5169,5.0,2.8,"108 km N of Yakutat, Alaska",1765246049163
-139.466,60.296,5.0,3.5,"84 km N of Yakutat, Alaska",1765245516285
-70.8246,-31.8987,91.481,4.0,"18 km SE of Salamanca, Chile",1765245451894
-117.147833333333,33.9616666666667,15.24,0.93,"8 km ENE of Moreno Valley, CA",1765243638620
-121.940170288086,37.753833770752,7.19000005722046,1.73,"4 km SE of San Ramon, CA",1765243312520
-139.9258,60.4933,5.0,2.7,"106 km N of Yakutat, Alaska",1765243243911
-155.353,19.1798333333333,27.79,1.77,"13 km E of Pāhala, Hawaii",1765242703920
-103.394,31.935,6.2665,1.1,"27 km SW of Jal, New Mexico",1765242702632
-120.816665649414,35.5598335266113,6.01000022888184,2.02,"10 km W of Templeton, CA",1765242370860
-116.622166666667,33.456,9.24,1.99,"12 km SSE of Anza, CA",1765241537780
-111.222166666667,42.7416666666667,11.75,1.67,"18 km WSW of Auburn, Wyoming",1765241472030
-116.464166666667,33.069,14.66,1.02,"13 km E of Julian, CA",1765241439140
-122.760498046875,38.8154983520508,1.63999998569489,1.26,"3 km WSW of Cobb, CA",1765240986400
-122.767669677734,38.7898330688477,1.5900000333786,0.59,"2 km NW of The Geysers, CA",1765240871450
-176.0599,-27.0633,10.0,5.3,Kermadec Islands region,1765240627186
-122.772666931152,38.8105010986328,1.37000000476837,0.97,"4 km NNW of The Geysers, CA",1765240596200
-139.563,60.446,5.0,2.6,"100 km N of Yakutat, Alaska",1765240114920
-122.8056640625,38.8011665344238,5.19999980926514,0.42,"5 km WNW of The Geysers, CA",1765239996150
-117.1721,38.548,15.9669,1.87,"53 km N of Tonopah, Nevada",1765239922427
-122.772834777832,38.8101654052734,1.27999997138977,1.11,"4 km NNW of The Geysers, CA",1765239905240
-125.146499633789,40.3129997253418,8.56999969482422,2.2,"73 km W of Petrolia, CA",1765239903020
-122.773330688477,38.811164855957,1.58000004291534,1.01,"4 km NNW of The Geysers, CA",1765239836130
-141.047,60.168,17.6,2.4,"101 km NW of Yakutat, Alaska",1765239789201
142.1154,41.2424,60.856,4.9,"74 km ENE of Yokohama, Japan",1765239508504
-97.56883333,34.29566667,5.4,1.67,"10 km NW of Healdton, Oklahoma",1765239433009
-139.6045,60.4294,5.0,4.1,"98 km N of Yakutat, Alaska",1765239279538
-122.830833435059,38.8269996643066,2.27999997138977,0.35,"8 km NW of The Geysers, CA",1765239097170
-121.934997558594,37.7584991455078,6.15999984741211,1.31,"4 km ESE of San Ramon, CA",1765239051600
-139.9208,60.5307,5.0,2.8,"110 km N of Yakutat, Alaska",1765238966447
-121.933502197266,37.7596664428711,6.51000022888184,1.73,"5 km ESE of San Ramon, CA",1765238863050
-140.172,60.481,9.8,2.3,"106 km NNW of Yakutat, Alaska",1765238561890
142.7062,40.8274,45.536,5.6,"106 km NE of Kuji, Japan",1765238346362
-104.21,31.655,6.7151,1.9,"54 km NW of Toyah, Texas",1765237651744
-67.0845,18.0313333333333,14.65,2.28,"1 km SW of Palmarejo, Puerto Rico",1765237448790
-139.8064,60.5954,1.874,2.5,"116 km N of Yakutat, Alaska",1765237322792
-119.060833333333,34.4291666666667,6.99,1.31,"8 km N of Santa Paula, CA",1765235887330
-117.6625,35.9525,2.58,1.06,"22 km E of Little Lake, CA",1765235873160
-140.1721,60.5158,5.0,2.8,"110 km NNW of Yakutat, Alaska",1765235800594
-104.217,31.661,7.5354,1.8,"55 km NW of Toyah, Texas",1765235284802
-122.782836914062,38.8381652832031,2.02999997138977,0.72,"5 km WNW of Cobb, CA",1765235246860
-122.21216583252,37.8231658935547,4.55999994277954,2.86,"2 km E of Piedmont, CA",1765234544290
-139.8301,60.5185,3.462,4.3,"108 km N of Yakutat, Alaska",1765234314038
-117.4905,33.8485,-0.44,1.2,"4 km SE of Home Gardens, CA",1765233733330
-110.847833333333,44.7978333333333,4.81,0.87,"22 km SSW of Mammoth, Wyoming",1765233569630
-140.0471,60.5381,5.0,2.5,"111 km N of Yakutat, Alaska",1765232608325
-122.803337097168,38.8235015869141,2.90000009536743,0.73,"7 km NW of The Geysers, CA",1765232588460
-150.587,61.824,55.9,2.9,"30 km WNW of Willow, Alaska",1765232551356
-122.818832397461,38.8318328857422,1.77999997138977,0.72,"8 km NW of The Geysers, CA",1765232341240
142.86,41.0385,35.0,5.0,"121 km S of Honchō, Japan",1765231637220
-117.214,34.012,16.56,1.98,"6 km SSW of Redlands, CA",1765231521270
-96.84983333,34.3745,0.0,1.37,"3 km SSW of Mill Creek, Oklahoma",1765231419070
-112.915833333333,38.5121666666667,2.27,1.72,"15 km NNE of Milford, Utah",1765231385410
-121.94416809082,37.7543334960938,8.07999992370605,2.56,"4 km SE of San Ramon, CA",1765231197260
-150.597,61.797,57.6,2.5,"28 km N of Susitna, Alaska",1765231063450
-122.81616973877,38.8306655883789,1.4099999666214,0.71,"8 km NW of The Geysers, CA",1765230787070
143.1637,41.0034,19.0,6.6,"126 km S of Honchō, Japan",1765230761302
-122.817665100098,38.832332611084,1.49000000953674,1.78,"8 km NW of The Geysers, CA",1765230679790
-121.941497802734,37.7623329162598,9.03999996185303,2.89,"4 km ESE of San Ramon, CA",1765230643570
-140.3088,60.4963,5.0,2.6,"110 km NNW of Yakutat, Alaska",1765230255484
-122.77449798584,38.8088340759277,1.17999994754791,0.76,"4 km NNW of The Geysers, CA",1765229450240
-139.5019,60.3091,5.0,2.5,"85 km N of Yakutat, Alaska",1765229389674
122.6636,23.9274,16.464,4.4,"68 km SSW of Yonakuni, Japan",1765229072351
-139.9068,60.5682,7.195,2.6,"114 km N of Yakutat, Alaska",1765228831649
-119.925498962402,35.9741668701172,26.1299991607666,2.04,"5 km SE of Kettleman City, CA",1765228379620
-122.84349822998,38.8214988708496,-0.0299999993294477,1.49,"9 km WNW of The Geysers, CA",1765227989760
-156.02145385742188,58.59859848022461,172.5631561279297,2.898055005722741,"38 km ESE of King Salmon, Alaska",1765227756955
-139.9504,60.5021,3.155,3.4,"107 km N of Yakutat, Alaska",1765226477028
129.3461,-7.183,144.597,4.8,"298 km ENE of Lospalos, Timor Leste",1765226379276
-122.804664611816,38.8318328857422,1.36000001430511,0.71,"7 km W of Cobb, CA",1765226133550
-139.5156,60.4429,6.264,3.6,"100 km N of Yakutat, Alaska",1765226055783
-150.18756103515625,62.13454818725586,53.14942169189453,2.2453824812823235,"17 km W of Susitna North, Alaska",1765225956771
138.5774,11.153,10.0,5.0,"187 km NNE of Colonia, Micronesia",1765225896728
-96.85483333,34.481,0.0,1.35,"8 km S of Hickory, Oklahoma",1765225833750
-116.618333333333,33.4591666666667,9.2,0.69,"12 km SSE of Anza, CA",1765225778140
-117.78716666666666,48.31516666666667,-0.84,1.23,"5 km SE of Addy, Washington",1765225473430
-122.52416666666667,45.089166666666664,-0.47,1.81,"7 km SSE of Molalla, Oregon",1765225028670
-117.597666666667,35.6031666666667,6.35,0.86,"7 km ESE of Ridgecrest, CA",1765224924910
-150.39788818359375,63.10979461669922,99.27591705322266,2.182972017458884,"70 km NNE of Petersville, Alaska",1765224660346
-120.789329528809,35.5546684265137,6.17999982833862,1.95,"8 km W of Templeton, CA",1765224521650
-116.788,33.6848333333333,16.63,0.68,"9 km SW of Idyllwild, CA",1765223531660
-139.939,60.5495,3.522,3.6,"112 km N of Yakutat, Alaska",1765223317048
-155.218666666667,19.3138333333333,0.72,1.9,"14 km S of Volcano, Hawaii",1765222918100
-121.941833496094,37.7498321533203,7.11999988555908,2.15,"5 km SE of San Ramon, CA",1765222861350
-104.119,31.625,6.0999,1.6,"46 km NW of Toyah, Texas",1765222566900
-101.934,31.778,6.2012,1.2,"27 km SSE of Midland, Texas",1765222511819
-156.54891967773438,57.28456115722656,86.75474548339844,2.2000565560667042,"57 km ESE of Ugashik, Alaska",1765222482044
-155.2095,19.2998333333333,7.2,3.04,"16 km S of Volcano, Hawaii",1765222016520
-155.209166666667,19.295,5.98,1.17,"16 km S of Volcano, Hawaii",1765222004980
-140.1252,60.516,10.0,2.5,"110 km NNW of Yakutat, Alaska",1765221808151
-140.1152,60.4191,10.0,2.6,"99 km NNW of Yakutat, Alaska",1765221698767
-155.7531280517578,57.54684448242188,5.0,2.6943898242676965,"77 km W of Karluk, Alaska",1765221293080
-122.783332824707,38.8351669311523,1.73000001907349,0.28,"5 km WNW of Cobb, CA",1765221124890
-122.762832641602,38.7919998168945,3.32999992370605,1.29,"2 km NNW of The Geysers, CA",1765220490270
-139.574,60.3489,8.961,3.5,"89 km N of Yakutat, Alaska",1765220393608
-155.209666666667,19.303,6.46,2.2,"15 km S of Volcano, Hawaii",1765220221560
143.0558,41.0125,33.716,5.8,"124 km S of Honchō, Japan",1765220189919
-122.411163330078,38.376335144043,8.25,1.85,"5 km WSW of Yountville, CA",1765220118210
-117.429333333333,35.6491666666667,9.93,0.98,"13 km S of Searles Valley, CA",1765220019400
-25.3411,-58.8089,35.0,5.5,South Sandwich Islands region,1765219276021
-139.4914,60.4567,10.0,2.8,"102 km N of Yakutat, Alaska",1765218475200
-101.924,32.264,6.2744,0.6,"19 km NW of Stanton, Texas",1765218154152
-121.948997497559,37.7598342895508,7.8600001335144,2.1,"3 km SE of San Ramon, CA",1765218152910
-121.942832946777,37.757999420166,6.76999998092651,1.68,"4 km SE of San Ramon, CA",1765217638550
-121.937835693359,37.7649993896484,7.07999992370605,1.56,"4 km ESE of San Ramon, CA",1765217618980
-121.943664550781,37.7519989013672,6.40000009536743,1.82,"4 km SE of San Ramon, CA",1765217506110
-121.938003540039,37.764331817627,7.96000003814697,1.81,"4 km ESE of San Ramon, CA",1765217267080
-121.939834594727,37.761833190918,8.25,2.88,"4 km ESE of San Ramon, CA",1765217204210
143.0242,41.0415,38.537,4.8,"121 km S of Honchō, Japan",1765216707761
-122.811836242676,38.8203315734863,2.94000005722046,0.75,"7 km NW of The Geysers, CA",1765216633190
-101.303,32.281,8.7158,1.2,"1 km S of Coahoma, Texas",1765216599900
-123.505996704102,40.5610008239746,26.9300003051758,2.32,"27 km W of Hayfork, CA",1765216346890
-121.9375,37.7583351135254,1.25,1.7,"4 km SE of San Ramon, CA",1765215938860
-140.0214,60.542,3.968,4.4,"112 km N of Yakutat, Alaska",1765215935367
-121.943000793457,37.7606658935547,6.01000022888184,1.67,"4 km SE of San Ramon, CA",1765215753660
-121.942001342773,37.7603340148926,6.90999984741211,1.67,"4 km SE of San Ramon, CA",1765215675890
-122.84383392334,38.8219985961914,1.8400000333786,0.86,"9 km WNW of The Geysers, CA",1765215624990
-117.564666666667,35.7611666666667,9.17,1.08,"15 km W of Searles Valley, CA",1765215488120
101.7557,-1.296,224.881,4.2,"45 km WNW of Muara Bungo, Indonesia",1765215283277
-121.941665649414,37.7598342895508,6.46999979019165,1.79,"4 km SE of San Ramon, CA",1765215191630
-139.6094,60.3399,17.986,2.8,"88 km N of Yakutat, Alaska",1765215055528
-121.943000793457,37.7588348388672,8.14000034332275,2.25,"4 km SE of San Ramon, CA",1765214652460
-121.943168640137,37.7578315734863,7.21000003814697,1.64,"4 km SE of San Ramon, CA",1765213855300
-121.944666666667,37.7576666666667,9.62,3.6,"4 km SE of San Ramon, CA",1765213678390
-121.939002990723,37.7584991455078,8.22999954223633,2.55,"4 km SE of San Ramon, CA",1765213558130
-101.195,32.315,8.8623,1.7,"10 km E of Coahoma, Texas",1765213026379
-140.0853,60.5708,12.556,3.1,"115 km N of Yakutat, Alaska",1765212771855
-139.8102,60.4977,4.253,2.9,"106 km N of Yakutat, Alaska",1765212673404
-139.6829,60.424,10.0,2.5,"97 km N of Yakutat, Alaska",1765212540649
-120.78800201416,35.554500579834,6.28999996185303,1.96,"7 km W of Templeton, CA",1765212183200
-104.12,31.626,6.0999,1.6,"46 km NW of Toyah, Texas",1765210876054
142.7539,41.2141,43.854,4.4,"102 km S of Honchō, Japan",1765210726860
-121.941329956055,37.7573318481445,7.5,2.18,"4 km SE of San Ramon, CA",1765210616030
-122.800834655762,38.8348350524902,2.23000001907349,1.1,"7 km WNW of Cobb, CA",1765210551720
-104.118,31.625,6.0999,1.5,"46 km NW of Toyah, Texas",1765210347287
-147.40696716308594,65.02442169189453,7.7896089553833,1.466498200834583,"12 km NE of Fox, Alaska",1765210281818
-122.752998352051,38.7948341369629,0.560000002384186,0.72,"2 km N of The Geysers, CA",1765210071940
-139.7054,60.4964,10.0,3.1,"105 km N of Yakutat, Alaska",1765209729017
143.0384,40.9457,42.041,5.0,"131 km S of Honchō, Japan",1765209476643
-104.346,31.665,6.0999,2.1,"56 km S of Whites City, New Mexico",1765209115407
-139.5977,60.5072,1.165,3.2,"107 km N of Yakutat, Alaska",1765208986637
-121.940498352051,37.7551651000977,8.0,2.46,"4 km SE of San Ramon, CA",1765207489140
-121.945663452148,37.7540016174316,6.8600001335144,1.89,"4 km SE of San Ramon, CA",1765207421340
-139.8038787841797,60.53144454956055,5.0,3.498286596826403,"109 km N of Yakutat, Alaska",1765207036149
-103.996,31.515,7.5867,1.6,"29 km NW of Toyah, Texas",1765206673432
-103.389,31.937,6.1639,1.9,"26 km SW of Jal, New Mexico",1765206577485
-140.04806518554688,60.51246643066406,5.0,4.185667033990569,"109 km N of Yakutat, Alaska",1765205085807
-139.84967041015625,60.5037727355957,5.0,3.9456982765804973,"106 km N of Yakutat, Alaska",1765205026377
-139.9818,60.5328,10.0,2.6,"110 km N of Yakutat, Alaska",1765204816392
-146.48687744140625,61.61931991577148,1.690999984741211,3.569533537321258,"44 km SSE of Nelchina, Alaska",1765204781567
142.5536,40.8436,44.295,5.5,"96 km ENE of Hachinohe, Japan",1765204420667
-139.6079,60.5018,2.735,3.3,"106 km N of Yakutat, Alaska",1765203966998
-156.085159301758,19.9598331451416,104.680000305176,3.19,"26 km W of Puako, Hawaii",1765203876320
142.141,41.0426,44.146,7.6,"2025 Aomori Prefecture, Japan Earthquake",1765203310394
-122.79467010498,38.8165016174316,2.38000011444092,1.1,"5 km NW of The Geysers, CA",1765202778950
-122.439,46.55683333333333,14.93,0.63,"4 km NE of Mossyrock, Washington",1765202667820
-140.112,60.5659,10.0,2.7,"115 km N of Yakutat, Alaska",1765202218215
-122.810997009277,38.835334777832,2.1800000667572,0.68,"8 km W of Cobb, CA",1765201647980
-121.938835144043,37.7569999694824,7.73000001907349,2.18,"4 km SE of San Ramon, CA",1765201629460
-155.352333333333,19.0446666666667,42.57,2.48,"21 km SE of Pāhala, Hawaii",1765201441550
-111.2375,39.1801666666667,-2.06,1.35,"13 km NW of Ferron, Utah",1765201250950
-121.942665100098,37.7514991760254,8.35999965667725,2.69,"4 km SE of San Ramon, CA",1765201072390
-121.940330505371,37.7533340454102,8.07999992370605,2.07,"4 km SE of San Ramon, CA",1765200971180
-122.841667175293,38.821834564209,2.10999989509583,0.76,"9 km NW of The Geysers, CA",1765200857920
-121.940170288086,37.7521667480469,7.86999988555908,2.06,"5 km SE of San Ramon, CA",1765200566930
-121.948997497559,37.7651672363281,3.70000004768372,1.57,"3 km ESE of San Ramon, CA",1765200452000
-121.958168029785,37.7563323974609,7.6100001335144,2.43,"3 km SSE of San Ramon, CA",1765200119470
-121.94100189209,37.7541656494141,8.52000045776367,2.98,"4 km SE of San Ramon, CA",1765200083030
69.4829,-24.0287,10.0,5.1,Mid-Indian Ridge,1765199907130
-125.14616394043,40.3981666564941,0.409999996423721,2.98,"73 km W of Petrolia, CA",1765199458550
-119.844169616699,36.0694999694824,13.6800003051758,2.65,"13 km ENE of Kettleman City, CA",1765199288360
-119.842834472656,36.0701675415039,14.6899995803833,2.52,"13 km ENE of Kettleman City, CA",1765198766580
-123.02916666666667,47.819,3.05,1.01,"11 km W of Quilcene, Washington",1765198741690
-116.5655,33.5018333333333,12.05,1.18,"12 km ESE of Anza, CA",1765198602410
-155.496333333333,19.3596666666667,8.63,0.92,"17 km N of Pāhala, Hawaii",1765198471680
-157.51800537109375,68.0707015991211,13.06383991241455,3.045631102679002,"110 km N of Ambler, Alaska",1765198214335
-104.389,31.673,6.4075,1.5,"55 km S of Whites City, New Mexico",1765198190326
-116.737166666667,33.5296666666667,4.11,0.44,"7 km WSW of Anza, CA",1765197754870
-155.4885,19.1816666666667,31.53,2.36,"2 km SSW of Pāhala, Hawaii",1765197016980
-115.663166666667,33.2353333333333,3.08,1.76,"13 km W of Niland, CA",1765196580500
-119.844833374023,36.0724983215332,15.8699998855591,2.56,"13 km NE of Kettleman City, CA",1765196510930
28.6667,-2.6826,10.0,4.7,"24 km SW of Kabare, Democratic Republic of the Congo",1765196386781
-121.945167541504,37.7516670227051,6.59000015258789,1.54,"4 km SE of San Ramon, CA",1765196382530
-122.8056640625,38.8071670532227,12.6400003433228,0.78,"5 km NW of The Geysers, CA",1765195779010
121.0948,13.3878,10.0,4.6,"3 km N of Baco, Philippines",1765195153402
-141.4454345703125,60.3636245727539,9.179963111877441,1.874418865389753,"132 km NW of Yakutat, Alaska",1765195044457
-121.938667297363,37.7561683654785,6.71000003814697,1.61,"4 km SE of San Ramon, CA",1765194333110
-156.231666666667,19.8091666666667,16.16,2.31,"27 km WNW of Kalaoa, Hawaii",1765193688680
-157.45404052734375,57.0521469116211,6.573413372039795,2.8618383576954654,"51 km S of Ugashik, Alaska",1765193243963
121.6799,23.806,10.0,5.3,"20 km SSE of Hualien City, Taiwan",1765193094558
-122.39183333333334,47.347833333333334,19.75,1.57,"4 km NE of Dash Point, Washington",1765193088060
-122.842330932617,38.8198318481445,2.28999996185303,1.33,"9 km WNW of The Geysers, CA",1765193085440
-122.792999267578,38.8183326721191,3.09999990463257,0.95,"6 km NW of The Geysers, CA",1765193061020
-157.48095703125,57.07024002075195,6.197138786315918,2.4110909492246257,"49 km S of Ugashik, Alaska",1765192960646
-121.940498352051,37.7536659240723,5.32999992370605,1.58,"4 km SE of San Ramon, CA",1765192905660
-122.841835021973,38.824333190918,1.77999997138977,0.76,"9 km NW of The Geysers, CA",1765191697390
-139.56556701660156,60.44770812988281,5.0,3.5312421884867233,"100 km N of Yakutat, Alaska",1765191681076
-121.943168640137,37.755500793457,7.78000020980835,2.21,"4 km SE of San Ramon, CA",1765191640270
-104.0,31.514,7.5867,1.5,"29 km NW of Toyah, Texas",1765191541021
-118.780502319336,37.5728340148926,5.63000011444092,1.17,"9 km W of Toms Place, CA",1765191486850
-139.6561,60.4687,5.0,3.9,"102 km N of Yakutat, Alaska",1765191461255
-117.8105,33.8521666666667,7.22,0.96,"4 km S of Yorba Linda, CA",1765191168670
-140.1694,60.5476,5.0,3.1,"114 km NNW of Yakutat, Alaska",1765190683061
-89.415,36.182,7.95,1.48,"11 km SE of Ridgely, Tennessee",1765190669030
-97.56966667,34.30016667,9.51,0.85,"10 km NW of Healdton, Oklahoma",1765190592339
-122.842666625977,38.8201675415039,2.39000010490417,1.28,"9 km WNW of The Geysers, CA",1765190590860
-66.844,18.0016666666667,15.95,2.27,"2 km WNW of Indios, Puerto Rico",1765190539020
-121.938163757324,37.7563323974609,5.1100001335144,1.8,"4 km SE of San Ramon, CA",1765190433030
-121.938003540039,37.7568321228027,1.45000004768372,1.84,"4 km SE of San Ramon, CA",1765190075790
-121.939834594727,37.755500793457,8.47999954223633,2.92,"4 km SE of San Ramon, CA",1765190021660
30.8065,37.1115,113.197,5.1,"23 km SSE of Kocaaliler, Turkey",1765189294075
-121.939331054688,37.7545013427734,7.59999990463257,2.07,"4 km SE of San Ramon, CA",1765188706330
-154.25717163085938,58.27971267700195,83.78582000732422,2.0924836148893653,"80 km N of Karluk, Alaska",1765187992919
-122.799667358398,38.8344993591309,2.00999999046326,0.77,"7 km WNW of Cobb, CA",1765187882820
-122.802001953125,38.8248329162598,2.64000010490417,1.07,"7 km NW of The Geysers, CA",1765187239340
-139.8727,60.5218,5.0,3.0,"108 km N of Yakutat, Alaska",1765187070788
-122.804664611816,38.8161659240723,2.45000004768372,0.3,"6 km NW of The Geysers, CA",1765185750280
-122.82250213623,38.8398323059082,1.5900000333786,0.71,"9 km WNW of Cobb, CA",1765185678080
-116.737,33.3101666666667,16.38,0.6,"8 km NNE of Lake Henshaw, CA",1765185622260
-142.29299926757812,60.51330947875977,0.8652369976043701,1.7863513130362776,"108 km SSE of McCarthy, Alaska",1765185000522
-122.811332702637,38.8151664733887,1.32000005245209,0.95,"6 km NW of The Geysers, CA",1765184505040
-140.1237,60.5237,12.421,3.6,"111 km NNW of Yakutat, Alaska",1765184262133
-101.133,32.125,2.9053,0.9,"22 km E of Forsan, Texas",1765184149699
-98.854,28.755,7.1611,1.2,"18 km SW of Charlotte, Texas",1765183905866
-118.779167175293,37.5731658935547,5.8600001335144,1.47,"9 km W of Toms Place, CA",1765183792270
-116.739,33.5283333333333,3.9,0.48,"7 km WSW of Anza, CA",1765182439260
-112.910333333333,38.5105,2.38,1.01,"15 km NE of Milford, Utah",1765182417150
-112.914333333333,38.5115,2.24,0.68,"15 km NNE of Milford, Utah",1765182093430
-122.823829650879,38.8289985656738,1.76999998092651,0.6,"8 km NW of The Geysers, CA",1765181483240
-101.768,31.9,8.2275,0.7,"25 km S of Stanton, Texas",1765180665622
179.9727,-24.5107,528.823,4.5,south of the Fiji Islands,1765180201112
-117.541,35.6745,6.24,1.29,"14 km ENE of Ridgecrest, CA",1765179139090
-122.878997802734,38.8451652526855,2.04999995231628,0.64,"13 km ENE of Cloverdale, CA",1765178865860
-120.012168884277,39.1308326721191,7.1399998664856,1.76,"10 km SE of Dollar Point, CA",1765178549120
-117.5545,35.699,7.63,1.03,"14 km NE of Ridgecrest, CA",1765178455570
-175.8625,-26.2975,10.0,4.8,south of Tonga,1765178342573
-139.4695,60.4012,10.0,2.5,"96 km N of Yakutat, Alaska",1765178178397
-149.41983032226562,64.46109771728516,18.925792694091797,1.4051782428870234,"17 km NW of Anderson, Alaska",1765177342147
-140.2181,60.5174,10.0,3.0,"111 km NNW of Yakutat, Alaska",1765177133913
-116.804666666667,33.6865,14.55,1.12,"10 km SW of Idyllwild, CA",1765177103380
-100.964,32.196,5.835,1.6,"18 km SSE of Westbrook, Texas",1765176657408
-155.61273193359375,57.11271286010742,73.496826171875,2.4404577950148836,"86 km SW of Karluk, Alaska",1765176088589
-112.9085,38.5063333333333,2.58,2.51,"15 km NE of Milford, Utah",1765175505970
-112.911666666667,38.5098333333333,2.43,0.76,"15 km NE of Milford, Utah",1765175253590
-155.40509033203125,57.39159774780273,81.03083038330078,2.799752948918232,"60 km WSW of Karluk, Alaska",1765174898182
-151.3009033203125,62.58618545532227,92.34626770019531,2.4287543689536184,"29 km WNW of Petersville, Alaska",1765174858384
-139.92584228515625,60.49351501464844,5.0,3.417142485452214,"106 km N of Yakutat, Alaska",1765174753208
-121.103332519531,36.5468330383301,7.80000019073486,1.05,"4 km ENE of Pinnacles, CA",1765174364440
-139.5721,60.3758,10.0,3.3,"92 km N of Yakutat, Alaska",1765174190627
-139.9874,60.537,10.0,2.7,"111 km N of Yakutat, Alaska",1765174037892
-116.273333333333,32.9778333333333,8.56,0.92,"23 km SW of Ocotillo Wells, CA",1765173863370
-162.1043,55.8821,177.547,3.2,"57 km WSW of Nelson Lagoon, Alaska",1765173745100
-139.374,60.3742,12.777,2.0,"94 km NNE of Yakutat, Alaska",1765173621024
-116.413,33.4501666666667,11.75,0.61,"22 km N of Borrego Springs, CA",1765173619580
-140.50875854492188,59.9795150756836,7.115609169006348,2.289952998181489,"65 km NW of Yakutat, Alaska",1765173180023
-97.58883333,34.289,11.63,2.49,"9 km ESE of Loco, Oklahoma",1765172759270
-149.4856414794922,61.5462760925293,37.027164459228516,2.0428010124180442,"4 km SSW of Wasilla, Alaska",1765172640618
-139.836,60.45,10.0,2.8,"100 km N of Yakutat, Alaska",1765172282296
16.0524,51.5106,10.0,4.4,"1 km WNW of Polkowice, Poland",1765171865503
-122.770332336426,38.8025016784668,1.44000005722046,0.94,"3 km NNW of The Geysers, CA",1765171290390
130.4276,-2.9804,10.0,4.5,"165 km ENE of Masohi, Indonesia",1765171146725
-122.784332275391,38.8390007019043,1.16999995708466,0.57,"6 km WNW of Cobb, CA",1765170978240
-122.814666748047,38.8316650390625,1.24000000953674,0.74,"8 km NW of The Geysers, CA",1765170672880
-122.814834594727,38.8311653137207,1.3400000333786,0.93,"8 km NW of The Geysers, CA",1765169828030
-118.070833333333,36.1976666666667,2.34,1.13,"11 km SSW of Olancha, CA",1765169760840
-139.7783660888672,60.51441955566406,5.0,3.5838956854613473,"107 km N of Yakutat, Alaska",1765169341387
-151.4938201904297,60.4107894897461,61.1523666381836,1.829493047644742,"11 km W of Kalifornsky, Alaska",1765169187865
-116.562,33.0761666666667,11.4,0.94,"4 km E of Julian, CA",1765167717330
-116.452833333333,33.5061666666667,4.71,0.88,"21 km ESE of Anza, CA",1765166398010
-67.2263333333333,18.8363333333333,17.48,2.91,"40 km NNW of San Antonio, Puerto Rico",1765165972670
-83.816,35.9903333333333,8.89,2.16,"10 km ENE of Knoxville, Tennessee",1765165368250
-152.81292724609375,59.84378814697266,99.46107482910156,1.811806616483632,"55 km W of Anchor Point, Alaska",1765164181370
-139.4841,60.4315,5.0,3.2,"99 km N of Yakutat, Alaska",1765163699460
-139.5939,60.4125,5.0,2.9,"96 km N of Yakutat, Alaska",1765163625848
-120.818168640137,35.5615005493164,5.21999979019165,1.48,"10 km W of Templeton, CA",1765163588480
-116.107666666667,33.1511666666667,3.86,0.69,"2 km ENE of Ocotillo Wells, CA",1765163211910
-139.9216,60.5517,3.016,3.7,"112 km N of Yakutat, Alaska",1765162866400
-150.1689910888672,61.62360763549805,5.0,2.1088755500252336,"15 km SSW of Willow, Alaska",1765162806350
-110.845333333333,44.7941666666667,5.31,1.28,"23 km SSW of Mammoth, Wyoming",1765161995370
-155.286666666667,19.404,1.39,1.2,"7 km SW of Volcano, Hawaii",1765161792050
-139.944,60.559,1.1,3.1,"113 km N of Yakutat, Alaska",1765161059921
-139.856,60.533,5.0,3.1,"110 km N of Yakutat, Alaska",1765161024404
-140.0287,60.5448,9.644,3.1,"112 km N of Yakutat, Alaska",1765160916675
-69.4973,12.085,10.0,4.5,"48 km ENE of Pueblo Nuevo, Venezuela",1765160835047
-104.266,31.655,7.1252,1.6,"58 km NW of Toyah, Texas",1765160702160
-65.7695,18.0565,20.41,2.1,"8 km ESE of Comunas, Puerto Rico",1765160684070
-139.5253,60.3515,2.104,3.0,"90 km N of Yakutat, Alaska",1765160371139
-139.771,60.586,4.8,2.5,"115 km N of Yakutat, Alaska",1765160229472
-139.856,60.542,5.0,2.6,"111 km N of Yakutat, Alaska",1765160148206
-139.469,60.45,5.0,2.4,"101 km N of Yakutat, Alaska",1765160089702
-139.7107,60.4063,5.0,3.1,"95 km N of Yakutat, Alaska",1765159913615
-122.808502197266,38.8228340148926,2.57999992370605,1.03,"7 km NW of The Geysers, CA",1765159883300
-139.979,60.536,9.0,2.4,"111 km N of Yakutat, Alaska",1765159783642
-139.643,60.522,5.0,2.8,"108 km N of Yakutat, Alaska",1765159447453
-139.7164,60.5643,5.0,2.7,"113 km N of Yakutat, Alaska",1765159355976
-139.566,60.455,2.4,2.7,"101 km N of Yakutat, Alaska",1765159134567
-139.46,60.436,3.8,2.9,"100 km N of Yakutat, Alaska",1765158968855
-139.737,60.554,5.0,2.5,"112 km N of Yakutat, Alaska",1765158888225
-139.4934,60.4282,1.303,3.3,"99 km N of Yakutat, Alaska",1765158743841
-139.489,60.407,0.5,2.7,"96 km N of Yakutat, Alaska",1765158645939
-139.914,60.578,7.7,2.4,"115 km N of Yakutat, Alaska",1765158463048
-139.895,60.642,1.4,2.5,"122 km N of Yakutat, Alaska",1765158095640
-139.8532,60.5503,5.0,2.7,"112 km N of Yakutat, Alaska",1765157886654
-147.661,63.182,6.3,1.8,"68 km ESE of Cantwell, Alaska",1765157859071
-139.479,60.431,5.0,2.8,"99 km N of Yakutat, Alaska",1765157830983
-122.728332519531,38.767333984375,0.689999997615814,0.6,"3 km ESE of The Geysers, CA",1765157739000
-139.548,60.456,0.6,2.3,"101 km N of Yakutat, Alaska",1765157714709
-139.466,60.419,0.3,2.8,"98 km N of Yakutat, Alaska",1765157633856
-139.441,60.38,5.0,2.9,"94 km N of Yakutat, Alaska",1765157608134
159.4124,51.4783,27.87,5.2,"175 km SSE of Vilyuchinsk, Russia",1765157540618
-140.062,60.547,0.4,2.4,"112 km N of Yakutat, Alaska",1765157491727
-139.949,60.518,7.5,2.6,"108 km N of Yakutat, Alaska",1765157396663
-140.123,60.635,1.2,2.5,"123 km N of Yakutat, Alaska",1765157201450
-139.4985,60.3719,3.465,4.1,"92 km N of Yakutat, Alaska",1765156990543
-139.6925,60.4135,5.0,3.5,"96 km N of Yakutat, Alaska",1765156944170
-139.476,60.408,0.9,2.8,"96 km N of Yakutat, Alaska",1765156519640
-139.4396,60.4394,2.53,3.5,"100 km N of Yakutat, Alaska",1765156413489
-139.462,60.44,0.4,2.8,"100 km N of Yakutat, Alaska",1765156228875
-139.515,60.438,0.6,2.8,"99 km N of Yakutat, Alaska",1765156104847
-152.196,61.103,125.6,2.9,"57 km W of Tyonek, Alaska",1765156084057
-106.7539,36.2945,9.968,3.0,"11 km NNE of Gallina, New Mexico",1765156071993
-139.4525,60.378,2.912,3.0,"93 km N of Yakutat, Alaska",1765156024892
-139.5944,60.3398,10.0,5.8,"88 km N of Yakutat, Alaska",1765155410417
-112.911,38.5125,3.0,0.98,"15 km NE of Milford, Utah",1765155320710
-139.662,60.502,5.1,2.4,"106 km N of Yakutat, Alaska",1765155317484
-112.915,38.5113333333333,2.07,0.81,"15 km NNE of Milford, Utah",1765155234120
-122.811836242676,38.8235015869141,1.45000004768372,0.71,"7 km NW of The Geysers, CA",1765155205890
-101.928,32.123,8.8135,0.8,"13 km W of Stanton, Texas",1765155041331
-140.022,60.548,0.7,2.6,"112 km N of Yakutat, Alaska",1765155014813
-140.024,60.528,11.5,2.3,"110 km N of Yakutat, Alaska",1765154933463
-139.867,60.528,5.0,2.8,"109 km N of Yakutat, Alaska",1765154791494
-139.892,60.586,5.2,2.6,"116 km N of Yakutat, Alaska",1765154618215
-139.8308,60.5884,5.0,3.0,"116 km N of Yakutat, Alaska",1765154535080
-112.910833333333,38.5138333333333,2.71,0.64,"15 km NE of Milford, Utah",1765154495890
-139.879,60.567,5.7,2.2,"113 km N of Yakutat, Alaska",1765154047791
-151.721,62.367,90.6,1.8,"45 km NNW of Skwentna, Alaska",1765154031296
-112.898166666667,38.5136666666667,1.83,1.06,"16 km NE of Milford, Utah",1765153917340
30.495,36.6899,10.0,4.6,"5 km NW of Göynük, Turkey",1765153916165
-139.9654,60.5391,5.0,3.4,"111 km N of Yakutat, Alaska",1765153747346
-139.8504,60.4361,5.0,3.3,"99 km N of Yakutat, Alaska",1765153562121
-140.072,60.508,9.5,2.3,"108 km N of Yakutat, Alaska",1765153393800
-140.0071,60.5073,5.0,3.1,"108 km N of Yakutat, Alaska",1765153205853
-67.3105,19.016,21.85,3.03,"62 km NNW of San Antonio, Puerto Rico",1765153121050
-155.486,19.4988333333333,3.27,1.45,"27 km WNW of Volcano, Hawaii",1765152707990
-139.89,60.577,6.4,2.3,"115 km N of Yakutat, Alaska",1765152567298
-139.981,60.522,3.3,2.4,"109 km N of Yakutat, Alaska",1765152223310
-139.646,60.521,2.3,2.7,"108 km N of Yakutat, Alaska",1765152102282
-140.043,60.532,5.0,2.9,"111 km N of Yakutat, Alaska",1765152005828
-104.25,31.657,6.8689,2.4,"57 km NW of Toyah, Texas",1765151952983
-101.144,32.372,6.4209,1.2,"12 km W of Westbrook, Texas",1765151915078
-121.679664611816,37.5540008544922,4.84999990463257,1.87,"16 km SSE of Livermore, CA",1765151799860
-139.9402,60.5131,5.0,4.8,"108 km N of Yakutat, Alaska",1765151702702
-139.8655,60.5088,6.29,5.1,"107 km N of Yakutat, Alaska",1765151434738
-70.2296,-17.4794,120.162,4.3,"2 km NNW of Chipispaya, Peru",1765151356613
-119.531,35.3193333333333,24.18,1.21,"11 km SSW of Buttonwillow, CA",1765151083960
-139.4859,60.3665,10.0,2.9,"92 km N of Yakutat, Alaska",1765150088144
-111.6215,38.7443333333333,20.31,0.99,"31 km SE of Salina, Utah",1765149927410
-66.9386666666667,17.832,9.73,2.32,"15 km SSW of Guánica, Puerto Rico",1765149874100
-140.1177,60.502,5.0,2.8,"108 km NNW of Yakutat, Alaska",1765149605579
-112.910666666667,38.5113333333333,2.53,0.6,"15 km NE of Milford, Utah",1765149487830
-70.0036,-17.8141,111.104,4.9,"6 km SW of Palca, Peru",1765149253412
-2.8106,42.765,10.0,3.6,"6 km NE of Armiñón, Spain",1765149023284
-122.817337036133,38.8651657104492,1.27999997138977,1.04,"9 km WNW of Cobb, CA",1765148999560
-112.9085,38.5131666666667,2.59,1.12,"15 km NE of Milford, Utah",1765148679910
-122.810997009277,38.8359985351562,1.99000000953674,0.76,"8 km WNW of Cobb, CA",1765148476810
-139.7379,60.5347,5.0,3.5,"110 km N of Yakutat, Alaska",1765148099848
-101.622,32.088,6.5186,0.6,"16 km ESE of Stanton, Texas",1765148014771
-116.081,32.8393333333333,9.38,1.03,"14 km NW of Ocotillo, CA",1765147581520
-122.841163635254,38.8386650085449,2.0,0.76,"10 km NW of The Geysers, CA",1765147516270
-117.551833333333,35.7336666666667,7.18,1.13,"14 km WSW of Searles Valley, CA",1765147195270
-120.49216666666666,49.3665,-0.37,2.08,"10 km S of Princeton, Canada",1765146744200
-112.909,38.5033333333333,2.46,1.57,"14 km NE of Milford, Utah",1765146472950
-122.786163330078,38.8143348693848,1.42999994754791,0.77,"5 km NNW of The Geysers, CA",1765146415780
-122.869667053223,38.8293342590332,2.96000003814697,0.77,"11 km WNW of The Geysers, CA",1765146311030
-139.9864,60.47,5.0,3.3,"103 km N of Yakutat, Alaska",1765146300318
-122.790168762207,38.811164855957,3.16000008583069,1.28,"5 km NW of The Geysers, CA",1765146195810
-160.1461,54.5032,35.0,4.6,"95 km SSE of Sand Point, Alaska",1765145877357
-121.946502685547,37.5381660461426,2.64000010490417,1.64,"3 km E of Fremont, CA",1765145626190
-139.8689,60.4692,10.0,3.2,"103 km N of Yakutat, Alaska",1765144436331
-122.25666809082,37.880500793457,8.72000026702881,1.03,"2 km ENE of Berkeley, CA",1765143199010
129.2327,-7.71,137.831,4.2,"262 km ENE of Lospalos, Timor Leste",1765142732579
-140.3917,60.439,10.0,2.7,"106 km NNW of Yakutat, Alaska",1765142275038
-122.777168273926,38.7911682128906,1.39999997615814,0.73,"2 km NW of The Geysers, CA",1765141928050
-148.51084899902344,65.1564712524414,15.160821914672852,0.9456158765869018,"39 km E of Minto, Alaska",1765141826812
-118.443333333333,34.2713333333333,11.77,0.76,"2 km SSW of San Fernando, CA",1765141258290
-112.902333333333,38.5093333333333,2.62,0.37,"15 km NE of Milford, Utah",1765140999480
-120.203834533691,39.4160003662109,6.98000001907349,1.8,"10 km N of Truckee, CA",1765140959450
141.4705,24.9107,509.008,4.3,"Volcano Islands, Japan region",1765140146521
-117.614333333333,33.385,13.44,3.1,"5 km S of San Clemente, CA",1765139799100
-139.8113,60.4147,11.332,2.7,"96 km N of Yakutat, Alaska",1765139657445
-120.819999694824,35.561164855957,5.46999979019165,1.48,"10 km W of Templeton, CA",1765139516640
-147.78965759277344,61.7661247253418,20.505468368530273,2.1176491430008038,"8 km WSW of Glacier View, Alaska",1765139483904
-100.579,32.844,5.5176,1.3,"10 km W of Rotan, Texas",1765139239618
-140.0883,60.4927,7.716,3.1,"107 km N of Yakutat, Alaska",1765138400230
-101.498,32.127,7.1533,0.8,"12 km W of Forsan, Texas",1765138328402
-124.719169616699,40.365665435791,12.7399997711182,1.92,"37 km W of Petrolia, CA",1765138271930
-112.903333333333,38.5051666666667,2.54,1.13,"15 km NE of Milford, Utah",1765137793470
-156.00872802734375,58.30748748779297,148.71018981933594,2.1091427864559744,"56 km SE of King Salmon, Alaska",1765137517100
160.9526,52.9945,35.575,4.3,"156 km E of Petropavlovsk-Kamchatsky, Russia",1765137482815
-100.552,32.867,7.1045,1.1,"8 km WNW of Rotan, Texas",1765137397887
-140.0465,60.5869,3.996,3.6,"117 km N of Yakutat, Alaska",1765137285497
-159.38470458984375,55.61362457275391,1.4588711261749268,2.4805709007220105,"32 km S of Ivanof Bay, Alaska",1765137197109
-120.575836181641,36.0131683349609,3.67000007629395,2.13,"18 km NW of Parkfield, CA",1765136629740
-150.77935791015625,61.55258560180664,60.50584030151367,2.4290212771784767,"14 km W of Susitna, Alaska",1765136600967
-148.93580627441406,62.62841033935547,45.25697326660156,3.3867155407863856,"63 km ENE of Chase, Alaska",1765136010337
-140.1749,60.5611,8.766,2.7,"115 km NNW of Yakutat, Alaska",1765135591365
-155.0585,19.3373333333333,-0.11,1.51,"16 km SSE of Fern Forest, Hawaii",1765135185210
43.5534,38.6868,17.338,4.4,"25 km NE of Van, Turkey",1765135051290
-112.901,38.507,2.37,0.7,"15 km NE of Milford, Utah",1765134920020
-120.577835083008,36.0126647949219,4.3899998664856,2.56,"18 km NW of Parkfield, CA",1765134629890
-122.74283333333334,47.77183333333333,13.42,0.79,"5 km NNW of Bangor Trident Base, Washington",1765134519100
-122.803497314453,38.8348350524902,1.67999994754791,0.38,"7 km WNW of Cobb, CA",1765133831030
-122.803337097168,38.8346672058105,2.02999997138977,1.07,"7 km WNW of Cobb, CA",1765133813720
-122.803169250488,38.8348350524902,2.21000003814697,1.04,"7 km WNW of Cobb, CA",1765133801760
-120.577331542969,36.0141677856445,3.29999995231628,2.42,"18 km NW of Parkfield, CA",1765133479040
-121.208335876465,36.5686683654785,2.94000005722046,2.69,"7 km NW of Pinnacles, CA",1765133472230
-139.449,60.3934,11.184,3.8,"95 km N of Yakutat, Alaska",1765133429105
-139.6089,60.5137,10.0,2.5,"107 km N of Yakutat, Alaska",1765133316563
-139.7931,60.3731,11.069,2.7,"92 km N of Yakutat, Alaska",1765133249056
-139.9636,60.4409,10.0,2.9,"100 km N of Yakutat, Alaska",1765132551402
-122.853668212891,38.8296661376953,1.64999997615814,1.0,"10 km NW of The Geysers, CA",1765132477700
-122.75700378418,38.7809982299805,0.949999988079071,1.25,"0 km N of The Geysers, CA",1765132338590
-139.9428,60.4166,12.309,3.4,"97 km N of Yakutat, Alaska",1765132085052
-139.692,60.4797,11.749,2.6,"103 km N of Yakutat, Alaska",1765131888785
-121.9425,46.884,7.38,-0.22,"15 km NNE of Ashford, Washington",1765131880790
-122.752334594727,38.7936668395996,1.85000002384186,0.76,"2 km N of The Geysers, CA",1765131546780
-101.112,32.121,6.7627,1.1,"24 km E of Forsan, Texas",1765131120303
-139.6508,60.4786,8.216,4.6,"103 km N of Yakutat, Alaska",1765130648642
-119.042333333333,34.9216666666667,13.73,1.45,"11 km WSW of Grapevine, CA",1765130349060
-139.4926,60.3706,10.0,3.8,"92 km N of Yakutat, Alaska",1765129828232
-139.6137,60.4448,10.0,4.2,"100 km N of Yakutat, Alaska",1765129627555
-122.817665100098,38.8351669311523,1.79999995231628,0.78,"8 km W of Cobb, CA",1765128868780
-140.013,60.5703,10.0,3.4,"115 km N of Yakutat, Alaska",1765127837331
156.6954,50.2659,68.871,4.5,"60 km SE of Severo-Kuril’sk, Russia",1765127798201
-68.5291666666667,18.0448333333333,66.49,3.15,"37 km SSE of Boca de Yuma, Dominican Republic",1765127694000
-139.2236785888672,60.33902740478516,5.0,3.7946762152956506,"92 km NNE of Yakutat, Alaska",1765127275862
-117.895166666667,36.0883333333333,2.11,0.85,"7 km NE of Coso Junction, CA",1765126974970
-155.461,20.0621666666667,37.42,2.62,"1 km SSE of Honoka‘a, Hawaii",1765126787230
130.9027,-3.1558,38.476,4.5,"157 km W of Fakfak, Indonesia",1765126732649
-139.9974,60.548,10.0,4.4,"112 km N of Yakutat, Alaska",1765126588683
-139.4077,60.372,10.0,3.4,"93 km N of Yakutat, Alaska",1765126535741
-116.294833333333,32.986,7.22,1.01,"23 km SW of Ocotillo Wells, CA",1765125841020
-139.7005,60.4111,10.0,3.2,"96 km N of Yakutat, Alaska",1765125776322
160.0285,52.3504,54.758,4.9,"123 km SE of Petropavlovsk-Kamchatsky, Russia",1765125686080
156.8134,50.2835,63.804,5.6,"65 km SE of Severo-Kuril’sk, Russia",1765125250900
-122.77783203125,38.7963333129883,2.77999997138977,0.95,"3 km NW of The Geysers, CA",1765124729140
-122.777168273926,38.7961654663086,2.91000008583069,0.71,"3 km NW of The Geysers, CA",1765124611740
-121.451667785645,36.9770011901855,3.19000005722046,1.86,"11 km ESE of Gilroy, CA",1765123770020
-122.876335144043,38.84033203125,2.29999995231628,1.41,"13 km NW of The Geysers, CA",1765123483490
179.498,52.1878,169.361,4.3,"267 km W of Adak, Alaska",1765123117720
-101.909,31.784,8.1299,1.7,"28 km SE of Midland, Texas",1765122866597
-122.834999084473,38.8573341369629,0.790000021457672,0.94,"10 km WNW of Cobb, CA",1765122287480
-139.8784,60.5971,10.0,3.4,"117 km N of Yakutat, Alaska",1765122285180
-150.41761779785156,63.03189849853516,89.2803955078125,2.4723665522047744,"62 km NNE of Petersville, Alaska",1765122211679
-122.833503723145,38.8554992675781,0.759999990463257,1.05,"10 km WNW of Cobb, CA",1765122209470
-115.877670288086,33.5078315734863,3.28999996185303,1.24461963592323,"6 km ESE of North Shore, CA",1765122085810
-66.8366666666667,17.9631666666667,15.25,1.76,"3 km SSW of Indios, Puerto Rico",1765122074410
-139.5139,60.2811,10.0,3.0,"82 km N of Yakutat, Alaska",1765121918078
-149.26937866210938,61.9144058227539,5.0,1.761120781960247,"19 km N of Fishhook, Alaska",1765121672432
-101.749,32.009,8.252,0.9,"13 km SSE of Stanton, Texas",1765121671885
-122.498168945312,38.6871681213379,6.75,1.56,"12 km SE of Middletown, CA",1765121181420
-140.0467,60.4794,10.0,3.5,"105 km N of Yakutat, Alaska",1765120914101
-111.207333333333,44.75,10.28,0.57,"2 km SSW of Hebgen Lake Estates, Montana",1765120705460
-140.0376,60.5558,10.0,2.7,"113 km N of Yakutat, Alaska",1765120685324
-122.843330383301,38.8203315734863,1.72000002861023,1.3,"9 km WNW of The Geysers, CA",1765120213230
-123.44116973877,40.0325012207031,9.67000007629395,1.94,"31 km NNW of Covelo, CA",1765120080630
-151.88658142089844,59.24148941040039,53.76624298095703,3.0010170575690824,"12 km SSW of Port Graham, Alaska",1765119847129
-122.811668395996,38.8344993591309,2.03999996185303,0.97,"8 km W of Cobb, CA",1765119571630
-102.014,32.469,8.8135,0.8,"28 km WSW of Ackerly, Texas",1765119209226
-139.6501,60.5165,10.0,3.1,"108 km N of Yakutat, Alaska",1765118317760
-91.7231,13.5593,49.451,4.3,"83 km SSE of Champerico, Guatemala",1765118243484
-118.409,35.4713333333333,1.7,1.09,"15 km SSE of Bodfish, CA",1765117574070
-84.0062,8.8624,10.0,4.4,"54 km WSW of Puerto Cortés, Costa Rica",1765117244198
-139.8573,60.5736,10.0,2.7,"114 km N of Yakutat, Alaska",1765116720493
-120.998664855957,36.8699989318848,-0.579999983310699,1.67,"25 km SSW of Los Banos, CA",1765116686210
-117.610833333333,33.7948333333333,3.46,1.03,"9 km SSW of Corona, CA",1765116270400
-139.7663,60.381,10.0,3.1,"92 km N of Yakutat, Alaska",1765116167475
-150.0738525390625,64.68656158447266,5.0,1.7032948192341777,"44 km SE of Manley Hot Springs, Alaska",1765115649955
-122.819000244141,38.8328323364258,2.13000011444092,0.74,"8 km NW of The Geysers, CA",1765115447500
-101.702,31.87,8.3496,0.9,"20 km W of Garden City, Texas",1765115392175
-139.9351,60.5799,5.0,4.3,"115 km N of Yakutat, Alaska",1765115347983
-112.8925,37.5895,0.94,1.31,"12 km SSW of Brian Head, Utah",1765115123590
-141.9167938232422,60.79731750488281,6.111688613891602,2.0096278658128406,"89 km SE of McCarthy, Alaska",1765114779894
-152.48480224609375,60.3854751586914,109.15382385253906,1.9531126778677843,"58 km NW of Ninilchik, Alaska",1765114726397
-119.84733581543,38.650333404541,-1.95000004768372,2.48,"6 km SW of Markleeville, CA",1765114527910
166.7128,-14.9799,35.961,4.9,"39 km W of Port-Olry, Vanuatu",1765113913512
-122.820831298828,38.8286666870117,0.670000016689301,1.16,"8 km NW of The Geysers, CA",1765113703700
-116.833666666667,33.7193333333333,16.54,0.97,"6 km ESE of Valle Vista, CA",1765113416980
-116.6385,33.4123333333333,8.13,0.26,"14 km N of Warner Springs, CA",1765113035970
-122.842666625977,38.820499420166,2.25,0.97,"9 km WNW of The Geysers, CA",1765112410030
-122.775329589844,38.785831451416,2.01999998092651,0.26,"2 km WNW of The Geysers, CA",1765112360870
-96.582,34.593,18.9,1.26,"8 km SW of Stonewall, Oklahoma",1765112176339
-139.4753,60.5072,5.0,4.1,"107 km N of Yakutat, Alaska",1765112123504
-139.71942138671875,60.4666748046875,5.935794353485107,2.2932338423307406,"102 km N of Yakutat, Alaska",1765112080667
-139.70474243164062,60.50709533691406,2.1246206760406494,3.7849950784452995,"106 km N of Yakutat, Alaska",1765111985214
-122.851333618164,38.8208351135254,2.47000002861023,1.5,"10 km WNW of The Geysers, CA",1765111510690
-104.202,31.756,6.6638,1.7,"49 km SSE of Whites City, New Mexico",1765111402671
-101.381,32.437,5.6152,0.9,"17 km NNW of Coahoma, Texas",1765111371024
-139.76353454589844,60.53268051147461,1.4427200555801392,3.9172773050114835,"109 km N of Yakutat, Alaska",1765110986681
-139.85678100585938,60.55157852172852,5.0,3.9524875589405726,"112 km N of Yakutat, Alaska",1765110871074
-122.769668579102,38.8093338012695,1.14999997615814,0.45,"4 km NNW of The Geysers, CA",1765110721340
-116.4495,33.5053333333333,5.42,0.63,"21 km ESE of Anza, CA",1765110362830
-139.52102661132812,60.50032424926758,5.0,3.244806479928181,"106 km N of Yakutat, Alaska",1765110318590
-122.798667907715,38.8271675109863,1.92999994754791,1.78,"7 km W of Cobb, CA",1765110304500
-156.37062072753906,54.88853073120117,25.37795639038086,3.8556255491617675,"202 km SE of Chignik, Alaska",1765110174689
-122.80916595459,38.8009986877441,3.45000004768372,0.77,"5 km WNW of The Geysers, CA",1765109883520
166.6072,-14.7785,10.0,5.6,"57 km WNW of Port-Olry, Vanuatu",1765109775233
-139.7623,60.4275,10.0,3.3,"98 km N of Yakutat, Alaska",1765108423844
-116.841,33.7173333333333,16.6,2.04,"6 km SE of Valle Vista, CA",1765107818210
-139.71983337402344,60.52561569213867,11.98090362548828,3.40132335120211,"109 km N of Yakutat, Alaska",1765107322689
-179.9311,-22.1676,594.92,4.4,south of the Fiji Islands,1765107140889
-122.793334960938,38.8246650695801,3.41000008583069,0.89,"6 km W of Cobb, CA",1765107027420
-139.42312622070312,60.3965072631836,4.177195072174072,3.504276781917395,"96 km N of Yakutat, Alaska",1765106966608
-151.06300354003906,61.66100311279297,63.33564758300781,2.3049556101679074,"32 km WNW of Susitna, Alaska",1765106729938
-122.810836791992,38.8274993896484,1.38999998569489,0.76,"7 km NW of The Geysers, CA",1765106586860
-139.65737915039062,60.50822830200195,1.373954176902771,3.362395684280801,"107 km N of Yakutat, Alaska",1765106526975
-139.57962036132812,60.46944808959961,3.4196624755859375,3.611953082660528,"103 km N of Yakutat, Alaska",1765106105825
-164.1031,53.3332,35.0,4.7,"141 km SE of Akutan, Alaska",1765106023469
-155.374333333333,19.1516666666667,29.61,2.83,"12 km ESE of Pāhala, Hawaii",1765105237410
-116.230833333333,32.9985,7.53,0.9,"19 km SSW of Ocotillo Wells, CA",1765105110400
-102.04,31.927,6.1768,0.5,"8 km SSE of Midland, Texas",1765104765810
-116.192333333333,32.8631666666667,10.29,1.45,"23 km NW of Ocotillo, CA",1765104482870
-141.65943908691406,60.79413223266602,29.388731002807617,1.7232391302541776,"98 km SE of McCarthy, Alaska",1765104061476
-122.817001342773,38.8343315124512,2.0,0.64,"8 km NW of The Geysers, CA",1765103692220
-139.8733,60.4928,10.0,4.3,"105 km N of Yakutat, Alaska",1765103534122
-140.00294494628906,60.57845687866211,2.3849222660064697,3.6464696904583054,"115 km N of Yakutat, Alaska",1765102824014
-139.9999,60.5294,10.0,4.0,"110 km N of Yakutat, Alaska",1765102396927
-117.371166666667,34.1808333333333,13.42,0.46,"4 km NW of Muscoy, CA",1765100842460
-102.079,32.422,8.2275,0.6,"36 km WSW of Ackerly, Texas",1765100731808
-139.90560913085938,60.50324630737305,6.937271595001221,3.7433890184527563,"107 km N of Yakutat, Alaska",1765100519919
140.2666,32.0958,94.232,4.7,"Izu Islands, Japan region",1765100292294
-117.7765,36.025,1.69,1.03,"15 km NE of Little Lake, CA",1765100183470
-73.8472,-34.6233,10.0,4.4,"152 km WNW of Constitución, Chile",1765100145757
-103.631,30.994,9.4067,1.5,"10 km E of Balmorhea, Texas",1765100059412
-102.096,32.403,8.374,0.7,"38 km WSW of Ackerly, Texas",1765099917580
-123.747497558594,40.2671661376953,27.2199993133545,1.72,"18 km NNE of Redway, CA",1765099873400
-139.5565948486328,60.45523452758789,5.0,3.268618505924058,"101 km N of Yakutat, Alaska",1765099826283
-118.782,37.7596666666667,5.8,2.2,"22 km NE of Mammoth Lakes, CA",1765099249170
-155.267666666667,19.4186666666667,1.14,1.42,"4 km SW of Volcano, Hawaii",1765099005760
-140.0418,60.5357,10.0,4.5,"111 km N of Yakutat, Alaska",1765098738522
-140.0765,60.499,10.0,4.4,"107 km N of Yakutat, Alaska",1765097967600
-122.768669128418,38.7908325195312,1.57000005245209,0.38,"2 km NW of The Geysers, CA",1765097623030
-139.4867,60.42,10.0,4.4,"98 km N of Yakutat, Alaska",1765097147226
-139.5128,60.5033,10.0,2.5,"107 km N of Yakutat, Alaska",1765097019423
-140.188,60.498,10.0,2.7,"109 km NNW of Yakutat, Alaska",1765096738400
-117.776,36.0228333333333,1.61,0.94,"15 km NE of Little Lake, CA",1765096316590
-119.064833333333,34.4461666666667,4.97,1.08,"10 km N of Santa Paula, CA",1765096162530
-117.776333333333,36.0221666666667,1.56,0.8,"15 km NE of Little Lake, CA",1765096123910
-116.4552,38.7035,5.5628,1.58,"77 km SE of Kingston, Nevada",1765096116375
-139.8783,60.5875,10.0,2.9,"116 km N of Yakutat, Alaska",1765096039395
-117.776,36.0228333333333,1.59,0.68,"15 km NE of Little Lake, CA",1765095966830
-139.70556640625,59.97210693359375,28.02442932128906,2.5466951918147127,"47 km N of Yakutat, Alaska",1765095637102
-139.7262,60.4273,10.348,3.8,"98 km N of Yakutat, Alaska",1765095433124
-140.1314,60.4893,10.0,3.6,"107 km NNW of Yakutat, Alaska",1765094770617
-140.1707,60.4833,10.0,3.4,"107 km NNW of Yakutat, Alaska",1765094723127
179.5595,51.3063,52.341,3.2,"271 km WSW of Adak, Alaska",1765094496096
-120.385833740234,36.0966682434082,3.25,1.37,"5 km SSW of Coalinga, CA",1765094196030
-139.8951,60.4741,10.0,3.1,"103 km N of Yakutat, Alaska",1765094052438
-139.6255,60.3214,10.0,3.4,"86 km N of Yakutat, Alaska",1765093668740
-139.91986083984375,60.5608024597168,2.1305437088012695,2.6473538929433715,"113 km N of Yakutat, Alaska",1765093625632
-155.278333333333,19.4073333333333,-1.13,1.49,"6 km SW of Volcano, Hawaii",1765093209260
-139.9505,60.4776,10.0,4.6,"104 km N of Yakutat, Alaska",1765092564163
-153.1643524169922,59.3127326965332,76.81039428710938,3.6451285668649254,"70 km W of Nanwalek, Alaska",1765092463278
-139.5482,60.3452,10.0,3.2,"89 km N of Yakutat, Alaska",1765092304625
-117.796,36.0168333333333,1.19,0.84,"13 km NE of Little Lake, CA",1765092066460
-122.78466796875,38.8278350830078,1.33000004291534,0.29,"5 km W of Cobb, CA",1765092011130
-102.209,32.103,7.8369,1.4,"17 km NW of Midland, Texas",1765091967394
-140.0558,60.4894,10.0,3.5,"106 km N of Yakutat, Alaska",1765091752623
-117.9555,34.1095,13.37,0.72,"2 km W of Irwindale, CA",1765091581910
-122.805335998535,38.8238334655762,2.61999988555908,1.08,"7 km NW of The Geysers, CA",1765091511210
-121.65866666666666,47.922333333333334,10.38,1.33,"7 km N of May Creek, Washington",1765091130420
-67.4163333333333,17.811,22.58,3.0,"30 km SW of Pole Ojea, Puerto Rico",1765091050710
-122.8056640625,38.8246650695801,2.21000003814697,1.34,"7 km NW of The Geysers, CA",1765090997570
-140.1578,60.7267,10.0,3.5,"133 km N of Yakutat, Alaska",1765090968653
-139.4559,60.3731,10.0,3.1,"93 km N of Yakutat, Alaska",1765090773277
-97.6125,34.29,7.36,1.59,"7 km SE of Loco, Oklahoma",1765090717369
-139.8961,60.5045,10.0,2.8,"107 km N of Yakutat, Alaska",1765090349953
-150.0179901123047,66.29052734375,13.142528533935547,1.6175057577217649,"52 km NW of Stevens Village, Alaska",1765090155562
-155.3935,19.2561666666667,32.19,1.92,"10 km ENE of Pāhala, Hawaii",1765090154210
-122.790496826172,38.3026657104492,4.90999984741211,1.37,"8 km WSW of Cotati, CA",1765090085760
-141.20611572265625,61.3838119506836,5.0,2.019668852357789,"91 km E of McCarthy, Alaska",1765089915857
-122.760665893555,38.7901649475098,0.389999985694885,1.22,"1 km NNW of The Geysers, CA",1765089708010
-154.8003387451172,58.31890869140625,11.962894439697266,2.073960526569591,"86 km NNW of Karluk, Alaska",1765089654323
-139.9654,60.4994,10.0,3.6,"106 km N of Yakutat, Alaska",1765089489175
-140.05328369140625,60.5275993347168,7.181915760040283,2.616819061654407,"110 km N of Yakutat, Alaska",1765089416059
-139.7294,60.4356,10.0,3.2,"99 km N of Yakutat, Alaska",1765089231027
-139.4349,60.38,10.0,3.2,"94 km N of Yakutat, Alaska",1765089204266
-97.564,34.28266667,13.86,1.43,"8 km NW of Healdton, Oklahoma",1765088822990
-139.3629150390625,60.34400177001953,1.8908114433288574,3.4438272529873166,"91 km NNE of Yakutat, Alaska",1765088729580
-139.8693,60.451,10.0,3.1,"101 km N of Yakutat, Alaska",1765088474831
-139.9736,60.5062,10.0,3.0,"107 km N of Yakutat, Alaska",1765088299866
-139.39437866210938,60.33599090576172,5.0,3.266147897157819,"89 km NNE of Yakutat, Alaska",1765088026480
-122.811164855957,38.8331680297852,2.02999997138977,1.51,"8 km W of Cobb, CA",1765087828840
159.2701,52.0732,73.242,4.5,"112 km SSE of Vilyuchinsk, Russia",1765087703788
-122.001,47.4715,23.25,1.94,"1 km NNW of Mirrormont, Washington",1765087554630
-140.131,60.5918,10.0,4.1,"118 km N of Yakutat, Alaska",1765086953059
-140.00299072265625,60.58598327636719,5.0,3.526084029108035,"116 km N of Yakutat, Alaska",1765086946959
-140.0378,60.5392,10.0,3.3,"111 km N of Yakutat, Alaska",1765086187736
-139.6329,60.418,10.0,3.4,"97 km N of Yakutat, Alaska",1765086141153
-140.05953979492188,60.22961807250977,5.688591480255127,2.429393054542513,"78 km NNW of Yakutat, Alaska",1765085789709
-66.9708333333333,17.915,12.6,1.98,"9 km SW of Guánica, Puerto Rico",1765085669590
-102.214,32.103,6.7627,1.0,"17 km NW of Midland, Texas",1765085052994
-121.060333251953,36.5574989318848,7.05000019073486,2.09,"8 km ENE of Pinnacles, CA",1765085021170
-104.132,31.625,6.0999,1.6,"47 km NW of Toyah, Texas",1765085018154
-102.22,32.11,7.1045,0.8,"18 km ENE of Gardendale, Texas",1765084986738
-139.7232,60.4159,10.0,3.3,"96 km N of Yakutat, Alaska",1765084949182
-139.8033,60.4048,10.0,2.8,"95 km N of Yakutat, Alaska",1765084518578
-122.790664672852,38.7993316650391,-0.879999995231628,1.37,"4 km NW of The Geysers, CA",1765084242220
-140.0944,60.5365,10.0,3.3,"112 km N of Yakutat, Alaska",1765083971268
-122.799667358398,38.8361663818359,2.03999996185303,1.3,"7 km WNW of Cobb, CA",1765083920960
-122.790664672852,38.8158340454102,5.3899998664856,0.22,"5 km NW of The Geysers, CA",1765083798080
-110.842833333333,44.8031666666667,5.17,1.6,"22 km SSW of Mammoth, Wyoming",1765083721270
-151.56590270996094,59.88034057617188,69.52642059326172,2.502684079083451,"8 km NNE of Nikolaevsk, Alaska",1765083719018
131.0065,-6.6118,35.0,5.2,"221 km WSW of Tual, Indonesia",1765083353701
-139.9576,60.636,5.0,3.9,"122 km N of Yakutat, Alaska",1765083257349
-117.675333333333,35.8695,4.73,1.17,"22 km ESE of Little Lake, CA",1765083070500
-110.928,39.7101666666667,10.97,1.6,"6 km WNW of Helper, Utah",1765082934050
-122.804832458496,38.8301658630371,1.38999998569489,0.71,"7 km W of Cobb, CA",1765082702030
-122.804496765137,38.8289985656738,1.50999999046326,1.29,"7 km W of Cobb, CA",1765082645350
-139.9681,60.5269,5.0,3.6,"110 km N of Yakutat, Alaska",1765082283391
-139.4747,60.4442,5.0,3.4,"100 km N of Yakutat, Alaska",1765082098206
-156.296829223633,19.4793338775635,8.1899995803833,1.93,"35 km WSW of Kailua-Kona, Hawaii",1765082034670
-179.9638,-23.6596,545.077,4.6,south of the Fiji Islands,1765082031032
-139.9415,60.6269,5.0,4.3,"120 km N of Yakutat, Alaska",1765081394175
-140.0511,60.5391,5.0,5.0,"112 km N of Yakutat, Alaska",1765081236846
-139.5297,60.4532,5.0,4.1,"101 km N of Yakutat, Alaska",1765081185796
155.7171,50.1409,99.662,4.7,"66 km SSW of Severo-Kuril’sk, Russia",1765080070454
-119.054666666667,34.4241666666667,8.38,1.22,"8 km N of Santa Paula, CA",1765079673310
-140.0648,60.5452,5.0,3.2,"112 km N of Yakutat, Alaska",1765079558704
-140.0,60.5886,5.0,3.0,"117 km N of Yakutat, Alaska",1765079362825
-120.44916666666667,42.22683333333333,2.49,1.68,"9 km WNW of Lakeview, Oregon",1765079245400
-116.296166666667,32.9841666666667,7.35,1.25,"23 km SW of Ocotillo Wells, CA",1765078914530
-85.2381666666667,34.6528333333333,9.46,1.42,"7 km SE of LaFayette, Georgia",1765078913340
-117.036833333333,33.8336666666667,15.55,0.83,"9 km NW of San Jacinto, CA",1765078830830
-155.879638671875,57.67498397827148,101.66373443603516,2.555431550544126,"85 km W of Karluk, Alaska",1765078830165
-139.5929,60.4659,5.0,3.2,"102 km N of Yakutat, Alaska",1765078662102
-116.804,33.6906666666667,10.53,0.44,"10 km SW of Idyllwild, CA",1765078429300
-122.844497680664,38.821834564209,2.20000004768372,0.75,"9 km WNW of The Geysers, CA",1765078343070
-139.9896,60.5544,5.0,4.6,"113 km N of Yakutat, Alaska",1765077603949
-139.8533,60.5885,5.0,3.3,"116 km N of Yakutat, Alaska",1765077523708
-152.964,59.826,102.8,3.6,"63 km W of Anchor Point, Alaska",1765077484827
-140.0806,60.5459,5.0,3.8,"113 km N of Yakutat, Alaska",1765077397806
-139.7407,60.5672,5.0,3.5,"113 km N of Yakutat, Alaska",1765077227208
-96.40233333,34.849,16.85,1.3,"3 km SSE of Allen, Oklahoma",1765077154070
-139.5054,60.4491,5.0,3.9,"101 km N of Yakutat, Alaska",1765077137433
-169.429,52.81,7.2,2.6,"40 km WSW of Nikolski, Alaska",1765077082388
-139.819,60.561,2.6,2.3,"113 km N of Yakutat, Alaska",1765077077584
-139.497,60.398,10.9,2.7,"95 km N of Yakutat, Alaska",1765076876273
-140.171,60.5577,5.0,3.8,"115 km NNW of Yakutat, Alaska",1765076655164
-118.90283203125,37.5108337402344,4.03000020980835,1.3,"16 km SSE of Mammoth Lakes, CA",1765076451240
-139.6462,60.4623,5.0,3.7,"102 km N of Yakutat, Alaska",1765076391334
-139.553,60.453,2.4,2.8,"101 km N of Yakutat, Alaska",1765076172931
-121.99916666666667,47.709833333333336,25.12,1.26,"3 km SSW of Duvall, Washington",1765076058890
-122.801666259766,38.8190002441406,3.05999994277954,1.08,"6 km NW of The Geysers, CA",1765075719390
-140.1254,60.5403,5.0,2.9,"112 km NNW of Yakutat, Alaska",1765075710356
-139.865,60.456,4.3,2.8,"101 km N of Yakutat, Alaska",1765075435231
-139.634,60.445,5.0,3.1,"100 km N of Yakutat, Alaska",1765075305978
-119.054333333333,34.4288333333333,9.83,1.68,"8 km N of Santa Paula, CA",1765075238670
-117.382333333333,35.9625,2.39,0.65,"22 km N of Searles Valley, CA",1765074662220
-140.0949,60.5631,5.0,4.6,"115 km N of Yakutat, Alaska",1765074543355
-139.945,60.578,5.0,3.3,"115 km N of Yakutat, Alaska",1765074377825
-139.8124,60.567,5.0,3.5,"113 km N of Yakutat, Alaska",1765074253464
-122.800331115723,38.8269996643066,3.00999999046326,0.82,"7 km NW of The Geysers, CA",1765074161020
-117.147333333333,34.2456666666667,2.53,0.69,"4 km E of Lake Arrowhead, CA",1765074154920
-139.462,60.43,0.6,3.2,"99 km N of Yakutat, Alaska",1765073897586
-140.042,60.612,2.3,2.4,"119 km N of Yakutat, Alaska",1765073778799
-119.853332519531,38.650333404541,-1.72000002861023,2.71,"7 km SW of Markleeville, CA",1765073755350
-139.6413,60.4141,5.0,3.6,"96 km N of Yakutat, Alaska",1765073639087
-104.027,31.513,8.0096,2.1,"31 km NW of Toyah, Texas",1765073599840
-139.7059,60.4255,5.0,3.2,"97 km N of Yakutat, Alaska",1765073375146
-139.552,60.478,2.9,2.8,"104 km N of Yakutat, Alaska",1765073340770
-97.564,34.227,5.26,1.16,"5 km NNE of Ringling, Oklahoma",1765073308570
-139.53,60.492,2.1,2.3,"105 km N of Yakutat, Alaska",1765073277916
-177.2777,-16.7832,10.0,5.1,"287 km SSE of Alo, Wallis and Futuna",1765073189907
-139.8648,60.5713,5.0,3.6,"114 km N of Yakutat, Alaska",1765072810050
-139.94027709960938,60.62424850463867,5.0,2.7740980572373246,"120 km N of Yakutat, Alaska",1765072721054
-122.851501464844,38.7956657409668,13.789999961853,0.8,"8 km WNW of The Geysers, CA",1765072687900
-139.6487,60.4154,5.0,4.2,"96 km N of Yakutat, Alaska",1765072584498
-139.995,60.471,6.4,2.7,"104 km N of Yakutat, Alaska",1765072331073
-122.811996459961,38.8331680297852,2.0,1.08,"8 km W of Cobb, CA",1765072088860
-139.416,60.377,10.8,2.7,"94 km N of Yakutat, Alaska",1765071932905
-140.0835,60.4561,5.0,2.8,"103 km NNW of Yakutat, Alaska",1765071761333
-102.076,32.423,8.667,0.7,"35 km WSW of Ackerly, Texas",1765071645728
-140.1461,60.5347,5.0,3.1,"112 km NNW of Yakutat, Alaska",1765071364105
-140.0703,60.5263,5.0,3.1,"110 km N of Yakutat, Alaska",1765071182153
-165.806,53.447,22.2,2.4,"67 km SE of Unalaska, Alaska",1765071088449
-102.209,32.103,5.6396,0.6,"17 km NW of Midland, Texas",1765071077881
-139.946,60.593,7.3,2.8,"117 km N of Yakutat, Alaska",1765070986294
-139.469,60.458,0.0,3.0,"102 km N of Yakutat, Alaska",1765070739181
-139.8988,60.5662,5.0,4.6,"113 km N of Yakutat, Alaska",1765070584134
-140.0573,60.5433,5.0,2.9,"112 km N of Yakutat, Alaska",1765070538564
-116.75,33.34,14.07,0.96,"11 km E of Palomar Observatory, CA",1765070468370
-139.497,60.328,13.4,3.0,"87 km N of Yakutat, Alaska",1765070362228
-98.81416667,36.45133333,4.29,1.05,"15 km SSE of Waynoka, Oklahoma",1765070218140
-139.798,60.497,4.1,2.8,"105 km N of Yakutat, Alaska",1765069669609
-140.0138,60.473,5.0,3.1,"104 km N of Yakutat, Alaska",1765069586282
-139.7354,60.4093,5.0,2.8,"96 km N of Yakutat, Alaska",1765069291810
-155.265166666667,19.4153333333333,0.17,1.85,"4 km SW of Volcano, Hawaii",1765069195050
-139.8239,60.2666,10.0,3.2,"80 km N of Yakutat, Alaska",1765068861414
-139.498,60.479,5.0,2.8,"104 km N of Yakutat, Alaska",1765068798729
-139.46847534179688,60.43506622314453,5.0,3.395582073687229,"99 km N of Yakutat, Alaska",1765068547924
-139.631,60.4013,7.433,3.3,"95 km N of Yakutat, Alaska",1765068455008
-122.783500671387,38.8074989318848,2.29999995231628,0.77,"4 km NW of The Geysers, CA",1765068418590
-139.792,60.549,5.3,2.8,"111 km N of Yakutat, Alaska",1765068292351
-139.846,60.529,1.3,2.6,"109 km N of Yakutat, Alaska",1765068131050
-139.959,60.64,1.7,2.5,"122 km N of Yakutat, Alaska",1765067967419
-155.514007568359,19.1253337860107,35.4199981689453,1.75,"9 km SSW of Pāhala, Hawaii",1765067763250
-139.721,60.635,3.9,2.4,"121 km N of Yakutat, Alaska",1765067549162
132.1204,31.5969,33.194,4.5,"71 km E of Nichinan, Japan",1765067501381
-139.533,60.503,1.0,2.5,"107 km N of Yakutat, Alaska",1765067382292
-139.9307,60.5626,10.0,3.4,"113 km N of Yakutat, Alaska",1765067209640
-139.553,60.511,2.4,3.2,"107 km N of Yakutat, Alaska",1765066963393
-139.784,60.511,1.9,2.6,"107 km N of Yakutat, Alaska",1765066856989
-122.81583404541,38.84716796875,1.74000000953674,0.82,"9 km WNW of Cobb, CA",1765066782330
-122.814834594727,38.8456649780273,1.73000001907349,1.16,"8 km WNW of Cobb, CA",1765066751910
-122.813333333333,38.8483333333333,1.6,2.37,"8 km WNW of Cobb, CA",1765066733040
-139.9125,60.4704,10.0,3.2,"103 km N of Yakutat, Alaska",1765066724326
-101.48,32.101,9.0088,1.8,"10 km W of Forsan, Texas",1765066687667
143.2546,39.5515,32.196,4.9,"112 km E of Yamada, Japan",1765066606820
-139.6341,60.4753,10.0,4.3,"103 km N of Yakutat, Alaska",1765066484566
-139.935,60.559,7.6,2.8,"113 km N of Yakutat, Alaska",1765066334240
-139.5389,60.3675,5.772,3.2,"92 km N of Yakutat, Alaska",1765066227777
-139.8158,60.4296,10.0,3.0,"98 km N of Yakutat, Alaska",1765065789879
-116.4795,33.4995,15.45,0.44,"19 km ESE of Anza, CA",1765065569320
-116.485,33.4955,14.11,0.74,"19 km ESE of Anza, CA",1765065557050
-139.62826538085938,60.47467041015625,5.0,3.684062407576428,"103 km N of Yakutat, Alaska",1765064456716
-139.6843,60.4438,10.0,4.2,"99 km N of Yakutat, Alaska",1765064041972
-97.5865,34.28233333,5.0,2.16,"10 km ESE of Loco, Oklahoma",1765063855420
-155.498666666667,19.509,0.07,1.38,"28 km WNW of Volcano, Hawaii",1765063493920
-122.808670043945,38.8245010375977,1.32000005245209,0.76,"7 km NW of The Geysers, CA",1765063491060
-139.92437744140625,60.52015686035156,5.0,3.440002965075232,"108 km N of Yakutat, Alaska",1765063106133
-155.530334472656,19.1291675567627,35.4199981689453,1.79,"8 km NE of Naalehu, Hawaii",1765062943790
-139.9511260986328,60.50481796264648,0.8562219142913818,2.6424459342576307,"107 km N of Yakutat, Alaska",1765062789376
-124.457000732422,40.2924995422363,18.2900009155273,1.75,"15 km WSW of Petrolia, CA",1765062742270
-139.45277404785156,60.35332870483398,7.182982921600342,3.337894266504547,"91 km N of Yakutat, Alaska",1765062636508
-139.9325,60.5069,10.0,4.3,"107 km N of Yakutat, Alaska",1765062390727
-140.2303,60.5553,10.0,4.0,"115 km NNW of Yakutat, Alaska",1765062348248
-122.764999389648,38.795166015625,3.11999988555908,1.23,"2 km NNW of The Geysers, CA",1765062337400
-117.3115,34.0913333333333,16.16,0.86,"2 km N of Colton, CA",1765062241730
-148.34796142578125,64.63016510009766,8.670792579650879,1.4839981797482844,"28 km SSW of Ester, Alaska",1765062144036
-140.0858,60.4761,10.0,4.2,"105 km N of Yakutat, Alaska",1765062134637
-139.52972412109375,60.45800399780273,5.0,2.675494748396944,"102 km N of Yakutat, Alaska",1765062093726
-139.52658081054688,60.40670013427734,7.556866645812988,3.428083797778182,"96 km N of Yakutat, Alaska",1765061911686
-139.80413818359375,60.52643203735352,5.0,3.44252524104041,"109 km N of Yakutat, Alaska",1765061571315
-139.89747619628906,60.5126724243164,5.0,3.8926945103897,"108 km N of Yakutat, Alaska",1765061444968
-119.404333333333,34.916,9.65,1.18,"16 km S of Maricopa, CA",1765061389820
-139.64630126953125,60.54673385620117,3.276115894317627,3.4424825222212876,"111 km N of Yakutat, Alaska",1765061324813
-139.63626098632812,60.45184326171875,2.647179126739502,3.910192712356583,"100 km N of Yakutat, Alaska",1765061136248
-139.56649780273438,60.45288467407227,9.807150840759277,4.1098889441339574,"101 km N of Yakutat, Alaska",1765060973167
-155.481166666667,19.2173333333333,30.06,1.8,"1 km N of Pāhala, Hawaii",1765060904010
-119.416666666667,34.4786666666667,1.59,1.22,"13 km NE of Carpinteria, CA",1765060840070
-139.2069091796875,60.26789855957031,5.0,3.2256625978370974,"85 km NNE of Yakutat, Alaska",1765060801463
-139.7410888671875,60.55451202392578,8.904891014099121,3.2291682664544004,"112 km N of Yakutat, Alaska",1765060698457
-139.89170837402344,60.57843780517578,14.842761039733887,3.1757857041150377,"115 km N of Yakutat, Alaska",1765060615088
-139.9492,60.4781,13.132,4.6,"104 km N of Yakutat, Alaska",1765060472560
-139.97476196289062,60.60195922851562,5.0,3.4677905811053886,"118 km N of Yakutat, Alaska",1765060295137
-139.8326873779297,60.4458122253418,15.5813570022583,2.987574996437991,"100 km N of Yakutat, Alaska",1765060244606
-139.68252563476562,60.52391815185547,2.142970323562622,3.1544321528660864,"108 km N of Yakutat, Alaska",1765060008853
-116.353333333333,33.4298333333333,4.8,0.9,"19 km N of Borrego Springs, CA",1765059977040
-139.4461669921875,60.4210090637207,1.9713022708892822,3.3540021491401033,"98 km N of Yakutat, Alaska",1765059665647
-139.46209716796875,60.39981842041016,5.0,3.3038851176917645,"96 km N of Yakutat, Alaska",1765059530542
-139.76747131347656,60.50643920898438,10.0,3.8321715921397304,"106 km N of Yakutat, Alaska",1765059445681
-139.35366821289062,60.34172058105469,2.646137237548828,2.988628075735628,"90 km NNE of Yakutat, Alaska",1765059368856
-140.4833221435547,60.53102111816406,5.0,2.60591934327908,"117 km NNW of Yakutat, Alaska",1765059272122
-139.57777404785156,60.47409439086914,5.0,2.9313720672724624,"103 km N of Yakutat, Alaska",1765059179024
-139.687,60.547,13.7,3.9,"111 km N of Yakutat, Alaska",1765059024726
-139.482,60.463,1.9,2.8,"102 km N of Yakutat, Alaska",1765058881444
-139.6692,60.376,10.0,3.8,"92 km N of Yakutat, Alaska",1765058670752
-139.494,60.395,5.0,3.6,"95 km N of Yakutat, Alaska",1765058513392
-139.893,60.588,16.5,3.5,"116 km N of Yakutat, Alaska",1765058477219
-139.523,60.427,10.9,3.4,"98 km N of Yakutat, Alaska",1765058405236
-122.823669433594,38.8129997253418,4.23000001907349,0.7,"7 km NW of The Geysers, CA",1765058266990
-139.666,60.455,13.9,3.2,"101 km N of Yakutat, Alaska",1765058215997
-139.5264,60.4742,10.0,2.9,"103 km N of Yakutat, Alaska",1765058146739
-122.856163024902,38.8283348083496,2.49000000953674,1.3,"10 km WNW of The Geysers, CA",1765058079410
-139.4217,60.353,5.0,3.0,"91 km N of Yakutat, Alaska",1765058064132
-140.005,60.544,14.0,2.9,"112 km N of Yakutat, Alaska",1765058030915
-139.3923,60.3828,6.113,3.1,"94 km NNE of Yakutat, Alaska",1765057987666
-139.4009,60.3815,5.0,3.9,"94 km N of Yakutat, Alaska",1765057842522
-103.133,31.96,6.0999,2.5,"11 km NNW of Kermit, Texas",1765057781714
-140.1359,60.3932,10.0,3.9,"97 km NNW of Yakutat, Alaska",1765057767947
-139.8990478515625,60.55133438110352,5.200915813446045,3.317454542892043,"112 km N of Yakutat, Alaska",1765057723804
-155.391,19.1315,31.21,1.82,"12 km SE of Pāhala, Hawaii",1765057707170
-139.6207,60.4137,5.0,3.3,"96 km N of Yakutat, Alaska",1765057652237
-139.5617,60.4384,9.314,2.9,"99 km N of Yakutat, Alaska",1765057571436
-139.80075073242188,60.61956024169922,4.841116905212402,2.994042894365812,"119 km N of Yakutat, Alaska",1765057513058
-139.529,60.448,8.3,2.9,"100 km N of Yakutat, Alaska",1765057405997
-139.468,60.417,3.6,2.9,"98 km N of Yakutat, Alaska",1765057385546
-139.8821,60.4979,10.0,3.9,"106 km N of Yakutat, Alaska",1765057087592
-139.5522,60.4157,10.0,3.9,"97 km N of Yakutat, Alaska",1765056923217
-122.798500061035,38.8346672058105,2.02999997138977,0.7,"7 km WNW of Cobb, CA",1765056914310
-139.462,60.4,11.3,3.8,"96 km N of Yakutat, Alaska",1765056902939
-139.9908,60.5668,10.0,2.5,"114 km N of Yakutat, Alaska",1765056843462
-153.03628540039062,60.03417205810547,3.30779504776001,2.461879837861833,"65 km ENE of Pedro Bay, Alaska",1765056821050
-139.4688,60.4404,1.461,3.4,"100 km N of Yakutat, Alaska",1765056735251
-139.9969,60.4555,10.0,3.4,"102 km N of Yakutat, Alaska",1765056643094
-122.771667480469,38.7980003356934,1.32000005245209,0.72,"3 km NNW of The Geysers, CA",1765056628670
-139.359,60.354,16.6,3.7,"92 km NNE of Yakutat, Alaska",1765056584462
-139.5671,60.4947,10.0,3.4,"105 km N of Yakutat, Alaska",1765056468668
-139.6126,60.3073,10.0,3.6,"84 km N of Yakutat, Alaska",1765056422824
-140.3796,60.5821,10.0,3.5,"120 km NNW of Yakutat, Alaska",1765056388431
-139.7881,60.59,10.0,2.9,"116 km N of Yakutat, Alaska",1765056287652
-139.54859924316406,60.42210388183594,14.77686882019043,3.2091146796060834,"98 km N of Yakutat, Alaska",1765056218854
-139.8924,60.4174,10.0,3.0,"97 km N of Yakutat, Alaska",1765056189904
-139.5212,60.5277,7.262,2.7,"109 km N of Yakutat, Alaska",1765056113425
-122.810501098633,38.8351669311523,3.09999990463257,0.47,"8 km W of Cobb, CA",1765056064250
-138.9109,60.5441,11.269,3.3,"120 km NNE of Yakutat, Alaska",1765055986494
-139.4682,60.3336,5.0,3.3,"88 km N of Yakutat, Alaska",1765055955282
-139.447,60.421,5.3,3.2,"98 km N of Yakutat, Alaska",1765055927821
-139.481,60.513,2.1,3.5,"108 km N of Yakutat, Alaska",1765055825958
-139.9097,60.6309,5.485,3.5,"121 km N of Yakutat, Alaska",1765055655426
-139.4025,60.431,10.0,3.6,"100 km N of Yakutat, Alaska",1765055582043
-139.4801,60.4437,6.199,3.8,"100 km N of Yakutat, Alaska",1765055520990
-139.9685,60.4616,10.0,3.3,"102 km N of Yakutat, Alaska",1765055364409
-123.359832763672,38.9418334960938,3.75999999046326,2.54,"7 km S of Boonville, CA",1765055340710
-140.1439,60.6006,5.304,3.9,"119 km NNW of Yakutat, Alaska",1765055308141
-139.7537,60.6682,10.0,4.0,"124 km N of Yakutat, Alaska",1765055265068
-139.921,60.5898,3.88,3.6,"116 km N of Yakutat, Alaska",1765055210521
-104.206,31.657,6.2024,1.6,"54 km NW of Toyah, Texas",1765055157953
-139.8587,60.6387,14.93,3.7,"121 km N of Yakutat, Alaska",1765055142689
-140.3364,60.5232,10.0,4.3,"113 km NNW of Yakutat, Alaska",1765055041433
-150.97157287597656,60.96248245239258,51.38796997070312,3.751367683178588,"14 km SE of Tyonek, Alaska",1765055037952
-103.382,31.94,6.6382,1.7,"26 km SW of Jal, New Mexico",1765055029140
-139.9221,60.5176,5.0,4.3,"108 km N of Yakutat, Alaska",1765054998805
-139.3652,60.3759,4.764,4.1,"94 km NNE of Yakutat, Alaska",1765054891067
-147.69918823242188,64.6837387084961,16.820493698120117,2.567286042716314,"14 km SSE of South Van Horn, Alaska",1765054876373
-139.8402,60.4806,10.0,4.2,"104 km N of Yakutat, Alaska",1765054812993
-139.689,60.508,7.3,3.6,"107 km N of Yakutat, Alaska",1765054790973
-139.503,60.404,5.0,3.8,"96 km N of Yakutat, Alaska",1765054760707
-139.448,60.435,1.5,4.0,"100 km N of Yakutat, Alaska",1765054689530
-139.4925,60.2894,10.0,4.4,"83 km N of Yakutat, Alaska",1765054564872
-139.692,60.497,5.4,3.9,"105 km N of Yakutat, Alaska",1765054538188
-139.5671,60.3148,10.0,4.5,"86 km N of Yakutat, Alaska",1765054479118
-122.818168640137,38.8330001831055,1.62999999523163,1.0,"8 km NW of The Geysers, CA",1765054436210
-139.7777557373047,60.6229133605957,7.28087568283081,4.008322705949424,"119 km N of Yakutat, Alaska",1765054411780
-139.35723876953125,60.31888580322266,10.75879955291748,5.087666993181132,"88 km NNE of Yakutat, Alaska",1765054312900
-104.123,31.625,6.5613,1.5,"46 km NW of Toyah, Texas",1765054309575
-139.47433471679688,60.40229034423828,3.11744499206543,4.689296016024081,"96 km N of Yakutat, Alaska",1765054162468
21.9147,38.1037,12.446,4.8,"11 km E of Chalandrítsa, Greece",1765054088219
-139.353,60.412,1.9,4.6,"98 km NNE of Yakutat, Alaska",1765054080183
-104.122,31.627,6.2537,1.5,"46 km NW of Toyah, Texas",1765053973472
-139.6043,60.2082,10.0,5.0,"73 km N of Yakutat, Alaska",1765053972658
-101.476,32.099,8.4717,1.1,"10 km W of Forsan, Texas",1765053966852
-117.590333333333,34.0225,5.16,1.12,"5 km SE of Ontario, CA",1765053750940
-139.5457,60.3586,10.0,7.0,2025 Hubbard Glacier Earthquake,1765053709217
-122.797332763672,38.8235015869141,2.75,0.8,"6 km NW of The Geysers, CA",1765053605230
-117.859166666667,36.0401666666667,1.96,0.99,"8 km E of Coso Junction, CA",1765053202880
-66.8258333333333,18.0583333333333,18.94,2.18,"3 km NE of Yauco, Puerto Rico",1765052610690
-121.9,47.528333333333336,10.13,1.2,"4 km S of Fall City, Washington",1765052068360
-97.8935,35.9425,7.44,1.3,"4 km SSE of Dover, Oklahoma",1765051375950
-122.46783333333333,48.89366666666667,13.61,1.41,"5 km S of Lynden, Washington",1765050268530
-116.928166666667,33.3771666666667,6.24,0.54,"6 km WNW of Palomar Observatory, CA",1765049557570
-147.9368133544922,62.95805740356445,61.86042785644531,2.554500921094081,"70 km SE of Cantwell, Alaska",1765048104398
-122.823669433594,38.8344993591309,2.00999999046326,0.36,"9 km NW of The Geysers, CA",1765047182310
-153.29168701171875,59.58563613891602,108.9107437133789,2.2722508635915317,"51 km ESE of Pedro Bay, Alaska",1765045899790
-111.930666666667,40.4123333333333,3.63,1.57,"7 km WNW of Lehi, Utah",1765045860300
-154.19052124023438,58.34809112548828,86.22476196289062,2.1261710313795406,"81 km WNW of Aleneva, Alaska",1765045550491
159.6408,53.3426,71.389,4.5,"74 km ENE of Petropavlovsk-Kamchatsky, Russia",1765044891993
-152.4617156982422,58.66929626464844,48.28999328613281,2.7990851139254027,"72 km NNE of Aleneva, Alaska",1765042484733
-104.122,31.627,6.0999,1.5,"46 km NW of Toyah, Texas",1765042202230
-122.762832641602,38.7971649169922,0.25,1.05,"2 km NNW of The Geysers, CA",1765041373330
-153.4711,59.8258,142.026,2.5,"35 km E of Pedro Bay, Alaska",1765041370207
-122.44416809082,38.7968330383301,5.36999988555908,1.52,"10 km E of Hidden Valley Lake, CA",1765041357360
-149.1200408935547,64.89409637451172,10.28878116607666,1.397357915748978,"30 km SSE of Minto, Alaska",1765041149202
-122.820167541504,38.8165016174316,2.51999998092651,1.18,"7 km NW of The Geysers, CA",1765040170180
-124.136497497559,40.2121658325195,11.6999998092651,2.68,"18 km SE of Petrolia, CA",1765040064710
58.3401,37.0105,10.0,4.6,"18 km SW of Qūchān, Iran",1765039587915
-122.793167114258,38.8224983215332,3.04999995231628,0.45,"6 km NNW of The Geysers, CA",1765039482980
-150.64756774902344,62.92879867553711,100.69135284423828,2.3447155440524146,"48 km N of Petersville, Alaska",1765039179095
-122.81583404541,38.8359985351562,1.75,0.78,"8 km W of Cobb, CA",1765038786210
-66.9788333333333,17.9851666666667,10.01,1.88,"6 km W of Fuig, Puerto Rico",1765038127280
-122.803337097168,38.8219985961914,2.5699999332428,0.51,"6 km NW of The Geysers, CA",1765037546200
-116.4888,38.4474,8.6109,1.56,"77 km ENE of Tonopah, Nevada",1765035569063
-116.4966,38.4371,9.4107,2.44,"76 km ENE of Tonopah, Nevada",1765034894846
-104.344,31.682,7.8943,1.7,"54 km S of Whites City, New Mexico",1765034791689
-126.5757,-54.9213,10.0,5.1,southern East Pacific Rise,1765033940257
-118.688333333333,33.904,15.16,1.02,"14 km S of Malibu Beach, CA",1765033296500
-118.694,33.904,12.62,1.32,"14 km S of Malibu Beach, CA",1765033240520
-149.46376037597656,63.11264038085938,75.63678741455078,1.6244488334486917,"40 km SW of Cantwell, Alaska",1765033120102
-122.747329711914,38.788501739502,1.20000004768372,1.26,"1 km NNE of The Geysers, CA",1765033014480
-155.273162841797,19.2738342285156,28.8899993896484,1.77,"19 km SSW of Volcano, Hawaii",1765031059040
-101.89,32.363,7.8857,0.6,"24 km SW of Ackerly, Texas",1765029599467
-121.676170349121,37.5528335571289,5.15999984741211,2.62,"16 km SSE of Livermore, CA",1765029336870
-117.997666666667,36.0965,5.69,0.86,"7 km NW of Coso Junction, CA",1765028885910
-122.816665649414,38.836498260498,1.57000005245209,0.71,"8 km W of Cobb, CA",1765028851590
-155.416166666667,19.4038333333333,7.15,1.17,"19 km WSW of Volcano, Hawaii",1765028227360
-122.813331604004,38.8256683349609,1.98000001907349,1.11,"7 km NW of The Geysers, CA",1765027681090
-61.3732,-60.2641,10.0,4.7,Drake Passage,1765027478025
-150.02964782714844,61.4049301147461,34.09300231933594,1.5579164723105776,"5 km NNW of Point MacKenzie, Alaska",1765026953291
68.4217,37.0895,33.939,4.6,"31 km SE of Shahritus, Tajikistan",1765026457978
-122.796836853027,38.8221664428711,1.01999998092651,0.89,"6 km NW of The Geysers, CA",1765025842430
-116.891166666667,33.9001666666667,9.05,1.8,"3 km SSW of Banning, CA",1765025146970
-155.5,19.1636657714844,31.4899997711182,1.77,"4 km SSW of Pāhala, Hawaii",1765024960750
-118.4185,35.4138333333333,3.59,0.65,"20 km SSE of Bodfish, CA",1765023240800
-117.589666666667,35.711,7.41,0.84,"13 km NE of Ridgecrest, CA",1765022954820
-122.766670227051,38.7933349609375,3.67000007629395,1.1,"2 km NNW of The Geysers, CA",1765022603960
-122.815002441406,38.8338317871094,1.66999995708466,1.05,"8 km W of Cobb, CA",1765022505480
-116.8875,33.9031666666667,8.96,0.69,"3 km SSW of Banning, CA",1765021940370
-122.782836914062,38.8390007019043,1.85000002384186,0.69,"6 km WNW of Cobb, CA",1765021689800
-122.248832702637,37.8691673278809,8.75,1.27,"2 km E of Berkeley, CA",1765021598450
-101.472,32.097,8.5205,1.0,"10 km W of Forsan, Texas",1765021434972
-101.478,32.099,8.96,1.9,"10 km W of Forsan, Texas",1765021093189
-122.805168151855,38.8216667175293,2.6800000667572,0.58,"6 km NW of The Geysers, CA",1765020050140
-66.9726666666667,17.9421666666667,11.3,2.2,"7 km WSW of Guánica, Puerto Rico",1765019845420
-97.57216667,34.30033333,8.7,1.34,"10 km ESE of Loco, Oklahoma",1765019819189
160.6999,53.0283,51.816,4.6,"139 km E of Petropavlovsk-Kamchatsky, Russia",1765019570135
-148.95448303222656,63.78690719604492,2.3106846809387207,2.234841839096584,"6 km NNW of Denali Park, Alaska",1765019548665
-103.878,31.491,5.7153,1.5,"21 km NNW of Toyah, Texas",1765019488044
-110.8325,44.8038333333333,4.6,1.27,"21 km SSW of Mammoth, Wyoming",1765018462770
-116.9315,33.3798333333333,5.43,0.47,"7 km WNW of Palomar Observatory, CA",1765018435170
-122.814331054688,38.8141670227051,2.76999998092651,1.3,"6 km NW of The Geysers, CA",1765018424850
-103.264,30.038,0.9521,2.8,"18 km S of Marathon, Texas",1765018043970
-150.89553833007812,62.31211471557617,71.72470092773438,1.5414532225902668,"21 km SSW of Petersville, Alaska",1765017924535
-122.81600189209,38.8356666564941,1.51999998092651,0.61,"8 km W of Cobb, CA",1765017149520
160.9142,52.7501,10.0,4.8,"157 km ESE of Petropavlovsk-Kamchatsky, Russia",1765017087048
-119.55883333333334,41.88133333333333,5.86,1.34,"49 km E of Fort Bidwell, California",1765016102350
-101.187,32.184,8.2764,1.1,"16 km SE of Coahoma, Texas",1765016056581
-101.474,32.101,8.4229,1.0,"10 km W of Forsan, Texas",1765015342858
-122.1855,46.195166666666665,6.66,0.26,"37 km NNE of Amboy, Washington",1765014826110
-152.45359802246094,59.77372741699219,74.49900817871094,2.136601447102336,"34 km W of Anchor Point, Alaska",1765014047601
-121.871,47.7455,6.76,1.25,"6 km NNE of Lake Marcel-Stillwater, Washington",1765013829860
-116.378833333333,33.9881666666667,9.7,0.73,"12 km ENE of Desert Hot Springs, CA",1765013269680
-150.3007049560547,61.08185577392578,39.92655944824219,2.8369594402380107,"26 km SW of Anchorage, Alaska",1765012760719
-101.141,32.28,8.8379,1.7,"14 km SW of Westbrook, Texas",1765011975609
-116.936666666667,33.5733333333333,9.32,0.38,"16 km NNW of Aguanga, CA",1765011223280
-116.638833333333,34.6175,5.52,1.06,"36 km ENE of Lucerne Valley, CA",1765011063020
-118.916664123535,37.538501739502,5.23999977111816,1.65,"12 km SSE of Mammoth Lakes, CA",1765010191090
-122.853668212891,38.829833984375,1.62000000476837,0.61,"10 km NW of The Geysers, CA",1765009996900
-101.478,32.107,8.9111,1.2,"10 km W of Forsan, Texas",1765009514823
-101.474,32.103,8.1787,0.9,"10 km W of Forsan, Texas",1765008994129
131.3575,31.3352,53.743,4.3,"20 km SSE of Kushima, Japan",1765008901196
-122.846496582031,38.8253326416016,2.01999998092651,0.62,"9 km NW of The Geysers, CA",1765008872140
-147.49563598632812,61.12194061279297,5.0,1.4711447959166033,"52 km WNW of Tatitlek, Alaska",1765008600817
-149.54196166992188,62.19022369384766,27.110565185546875,2.1560925559260604,"16 km E of Susitna North, Alaska",1765008410113
-116.521833333333,33.5193333333333,12.03,0.56,"15 km ESE of Anza, CA",1765008295150
-97.846,29.118,7.267,1.6,"17 km SE of Stockdale, Texas",1765008099807
-101.478,32.105,8.9111,1.2,"10 km W of Forsan, Texas",1765007972970
-155.375671386719,19.1359996795654,27.8999996185303,1.7,"13 km SE of Pāhala, Hawaii",1765007827760
-101.472,32.105,7.9834,1.5,"9 km W of Forsan, Texas",1765007787046
-154.24392700195312,58.18289184570312,79.16173553466797,1.9356995973387114,"69 km N of Karluk, Alaska",1765007780354
-117.879333333333,36.0933333333333,2.85,1.41,"8 km NE of Coso Junction, CA",1765006572510
-117.806333333333,35.33,6.02,0.93,"16 km WSW of Johannesburg, CA",1765006035070
-111.876333333333,39.2975,19.3,0.88,"8 km NNW of Fayette, Utah",1765005392860
-122.821334838867,38.811164855957,3.36999988555908,0.75,"7 km NW of The Geysers, CA",1765005265210
-155.426666259766,19.1038341522217,45.1800003051758,1.81,"12 km SSE of Pāhala, Hawaii",1765004943800
-119.85916666666667,46.59766666666667,7.37,1.43,"10 km SSE of Desert Aire, Washington",1765004901340
-153.36851501464844,60.04302978515625,160.74923706054688,2.5615757474522383,"50 km NE of Pedro Bay, Alaska",1765004640688
-152.721333333333,60.532,5.06,-0.66,"77 km W of Salamatof, Alaska",1765004195280
-116.729833333333,33.6436666666667,14.15,0.75,"11 km S of Idyllwild, CA",1765003997560
-116.7245,33.6556666666667,14.92,0.59,"9 km S of Idyllwild, CA",1765003992450
-116.7315,33.6425,14.15,1.13,"11 km S of Idyllwild, CA",1765003883770
-121.726333618164,37.3696670532227,7.55000019073486,1.24,"9 km E of Alum Rock, CA",1765003845660
-116.734333333333,33.6401666666667,14.09,1.59,"11 km NNW of Anza, CA",1765003836030
-123.712333679199,39.953498840332,3.3199999332428,1.54,"21 km SSE of Redway, CA",1765003760590
-155.497666666667,19.1718333333333,33.03,1.96,"3 km SSW of Pāhala, Hawaii",1765003322640
-153.085666666667,60.042,0.01,-0.69,"63 km ENE of Pedro Bay, Alaska",1765002965960
-104.118,31.622,6.0999,1.5,"45 km NW of Toyah, Texas",1765002940850
-116.721666666667,33.7053333333333,17.7,0.56,"4 km S of Idyllwild, CA",1765002240870
-149.3134,56.1759,10.0,3.3,"241 km SE of Chiniak, Alaska",1765001447997
-151.1250457763672,61.52154159545898,65.38164520263672,2.851890547275796,"32 km W of Susitna, Alaska",1765001256132
-163.2421,54.2172,53.221,3.0,"71 km S of False Pass, Alaska",1765000961135
-122.805000305176,38.8123321533203,2.22000002861023,1.06,"6 km NW of The Geysers, CA",1765000686560
-122.805000305176,38.8126678466797,2.16000008583069,1.33,"6 km NW of The Geysers, CA",1765000471170
-122.30116666666666,48.3915,18.1,2.07,"4 km SE of Mount Vernon, Washington",1765000463300
-118.618666666667,34.2908333333333,7.73,0.83,"4 km NNW of Chatsworth, CA",1765000148620
-155.374496459961,19.033332824707,31.0499992370605,1.9,"21 km SSE of Pāhala, Hawaii",1764999606200
-166.735833333333,53.729,9.65,-0.18,"20 km SW of Unalaska, Alaska",1764999428900
-122.796669006348,38.8346672058105,2.3199999332428,0.31,"7 km WNW of Cobb, CA",1764999262660
-67.0178333333333,17.9145,12.44,2.12,"7 km SSE of La Parguera, Puerto Rico",1764998964020
-117.553833333333,35.6811666666667,6.69,1.56,"13 km ENE of Ridgecrest, CA",1764998754670
-150.6053009033203,64.72357177734375,17.238149642944336,1.566263295446541,"30 km S of Manley Hot Springs, Alaska",1764998383425
-122.807502746582,38.8216667175293,1.75,0.77,"7 km NW of The Geysers, CA",1764997801250
-117.3255,31.9535,10.34,2.71,"49 km SW of Primo Tapia, B.C., MX",1764997390780
-116.697166666667,33.6443333333333,13.94,0.35,"10 km NNW of Anza, CA",1764997206950
-116.701333333333,33.6391666666667,14.12,0.57,"10 km NNW of Anza, CA",1764997149280
-94.5043,15.2491,35.0,4.4,"107 km SSW of La Gloria, Mexico",1764997137538
-116.7065,33.6331666666667,13.89,1.06,"9 km NNW of Anza, CA",1764997045530
-153.441,59.3553333333333,0.29,0.42,"61 km SE of Pedro Bay, Alaska",1764996947250
-154.965,58.3013333333333,4.13,0.19,"86 km NNW of Karluk, Alaska",1764996706390
21.7461,35.8086,35.923,4.6,"111 km S of Koróni, Greece",1764996466986
-143.119,60.524,2.0,1.6,"101 km S of McCarthy, Alaska",1764996128202
-120.790000915527,35.9713325500488,11.2700004577637,1.39,"12 km ESE of San Ardo, CA",1764995980270
-117.263,34.0511666666667,11.88,0.77,"0 km NNW of Loma Linda, CA",1764995331350
-122.754837036133,38.7716674804688,0.829999983310699,0.51,"1 km SSE of The Geysers, CA",1764994142510
-151.089,60.939,16.7,1.4,"14 km S of Tyonek, Alaska",1764994035287
-122.799163818359,38.8266677856445,-0.639999985694885,1.14,"7 km W of Cobb, CA",1764993922340
127.7452,-7.5623,158.632,4.3,"134 km NE of Lospalos, Timor Leste",1764993786939
-117.5945,38.9718,7.7141,1.6,"30 km ENE of Gabbs, Nevada",1764993560946
-155.35,19.3328333333333,28.63,1.08,"17 km SW of Volcano, Hawaii",1764993181430
-150.027,61.84,12.4,1.9,"10 km N of Willow, Alaska",1764992041435
-122.783996582031,38.8066673278809,0.00999999977648258,0.74,"4 km NW of The Geysers, CA",1764991688090
-166.694,53.134,20.4,2.4,"83 km S of Unalaska, Alaska",1764991513098
-176.148166666667,51.7791666666667,13.78,1.38,"35 km ESE of Adak, Alaska",1764990395040
-116.703666666667,33.984,8.32,0.68,"11 km NE of Cabazon, CA",1764990231590
-67.3363333333333,18.6401666666667,28.61,3.12,"29 km WNW of San Antonio, Puerto Rico",1764990195620
-154.961666666667,58.299,4.08,-0.26,"86 km NNW of Karluk, Alaska",1764989851140
-149.601,61.89,28.6,1.5,"25 km NW of Fishhook, Alaska",1764989623402
-122.171997070312,38.2415008544922,5.1399998664856,0.98,"2 km SW of Green Valley, CA",1764989619740
-89.3016666666667,36.1286666666667,4.29,1.94,"4 km WNW of Newbern, Tennessee",1764989153430
-174.246333333333,52.0071666666667,13.58,1.72,"21 km S of Atka, Alaska",1764988419210
-122.856666564941,38.8286666870117,2.13000011444092,0.76,"10 km WNW of The Geysers, CA",1764988314390
-155.364166259766,19.2878341674805,29.8799991607666,1.86,"15 km NE of Pāhala, Hawaii",1764987189850
160.8102,52.5117,22.295,5.1,"159 km ESE of Petropavlovsk-Kamchatsky, Russia",1764987027136
-122.843002319336,38.820499420166,2.23000001907349,1.08,"9 km WNW of The Geysers, CA",1764986539120
-117.204333333333,33.9736666666667,12.24,0.68,"6 km NNE of Moreno Valley, CA",1764986226220
-167.219166666667,53.581,8.93,0.71,"55 km SW of Unalaska, Alaska",1764985962590
-101.134,31.952,4.3945,1.4,"19 km NW of Sterling City, Texas",1764985817500
-149.242,56.117,6.4,3.3,"249 km SE of Chiniak, Alaska",1764985286944
-118.058166666667,36.1733333333333,3.33,1.7,"13 km SSW of Olancha, CA",1764985108740
-122.819831848145,38.8306655883789,1.63999998569489,0.74,"8 km NW of The Geysers, CA",1764984909140
-152.313,61.187,7.7,1.4,"64 km WNW of Tyonek, Alaska",1764984683989
144.5721,13.127,69.625,4.8,"18 km SW of Merizo Village, Guam",1764983770873
-66.8246666666667,17.9996666666667,14.99,2.13,"0 km NW of Indios, Puerto Rico",1764983426970
-155.013,58.2756666666667,1.9,-0.64,"85 km NNW of Karluk, Alaska",1764983233360
-124.19100189209,40.5480003356934,11.6400003433228,2.18,"6 km SSW of Fortuna, CA",1764983008440
-155.499328613281,19.1814994812012,29.8500003814697,1.78,"3 km SW of Pāhala, Hawaii",1764982887030
-141.572,60.021,6.3,1.7,"116 km WNW of Yakutat, Alaska",1764982584233
-122.838165283203,38.8393325805664,1.53999996185303,1.21,"10 km NW of The Geysers, CA",1764982239890
-122.822830200195,38.8186683654785,2.14000010490417,0.76,"7 km NW of The Geysers, CA",1764982233530
127.2732,1.6361,129.304,5.1,"82 km W of Tobelo, Indonesia",1764981875306
-124.190002441406,40.5503349304199,11.3599996566772,3.35,"6 km SSW of Fortuna, CA",1764981260600
-155.498333333333,19.1971666666667,32.26,1.66,"2 km WSW of Pāhala, Hawaii",1764981084070
-98.9985,36.523,7.4,0.9,"8 km NNE of Quinlan, Oklahoma",1764980986310
-122.818000793457,38.8346672058105,1.95000004768372,0.77,"8 km NW of The Geysers, CA",1764980250100
-147.394,64.974,3.7,1.5,"10 km E of Fox, Alaska",1764979886823
-122.810997009277,38.821834564209,2.57999992370605,1.49,"7 km NW of The Geysers, CA",1764979622030
-101.551,32.123,5.4443,0.8,"15 km SSW of Big Spring, Texas",1764978243753
-122.813163757324,38.8303337097168,2.09999990463257,0.72,"8 km NW of The Geysers, CA",1764978181300
-104.177,31.706,7.8943,1.6,"54 km W of Mentone, Texas",1764978085546
-112.900666666667,37.0578333333333,11.45,1.35,"8 km NE of Hildale, Utah",1764977479790
155.3408,49.3502,62.929,4.6,"157 km SSW of Severo-Kuril’sk, Russia",1764977297477
-117.317833333333,34.0981666666667,15.42,1.2,"3 km N of Colton, CA",1764976821230
-176.126,52.064,1.48,-0.1,"40 km ENE of Adak, Alaska",1764976659670
-68.2091,18.7013,167.0,3.69,"24 km ENE of Punta Cana, Dominican Republic",1764976498900
-110.683166666667,44.6721666666667,5.52,0.59,"33 km E of West Yellowstone, Montana",1764975777540
-102.006,31.676,9.7412,1.1,"36 km S of Midland, Texas",1764975599639
-115.608333333333,33.1845,3.24,1.55,"10 km SW of Niland, CA",1764975251760
-115.608333333333,33.1885,3.25,1.24,"10 km SW of Niland, CA",1764975168030
-116.990833333333,34.021,13.38,0.87,"5 km ESE of Yucaipa, CA",1764975072850
-102.28,32.433,8.7158,0.9,"27 km ENE of McKinney Acres, Texas",1764975047932
-118.588666666667,35.2745,8.65,0.77,"20 km NW of Tehachapi, CA",1764974890350
-123.0375,42.665333333333336,-1.12,1.55,"16 km NNE of Wimer, Oregon",1764974430310
-67.0485,18.1516666666667,7.89,2.31,"7 km N of San Germán, Puerto Rico",1764974043700
-122.97016666666667,46.511,-0.15,1.8800000000000001,"3 km NW of Winlock, Washington",1764973962720
-153.088666666667,59.992,0.76,-1.13,"61 km ENE of Pedro Bay, Alaska",1764973898780
-117.495833333333,33.849,-0.5,1.11,"4 km SE of Home Gardens, CA",1764972811080
-155.4571075439453,56.8558120727539,8.88148307800293,2.2610531480684144,"78 km W of Akhiok, Alaska",1764972767442
-154.9255,58.2533333333333,13.95,-0.06,"81 km NNW of Karluk, Alaska",1764971236760
-116.320333333333,33.9996666666667,9.4,0.94,"15 km S of Joshua Tree, CA",1764971114790
-116.753166666667,33.6648333333333,15.59,0.41,"9 km SSW of Idyllwild, CA",1764970909300
-122.816497802734,38.8325004577637,1.9099999666214,1.05,"8 km NW of The Geysers, CA",1764970799510
-148.9425506591797,65.24028015136719,9.606810569763184,1.056332908982224,"21 km ENE of Minto, Alaska",1764970251591
-122.801834106445,38.8235015869141,2.54999995231628,1.12,"6 km NW of The Geysers, CA",1764969398770
-122.25966666666666,46.38433333333333,-0.92,1.32,"19 km S of Morton, Washington",1764969363280
-82.5811666666667,35.73,3.3,2.06,"4 km NNW of Weaverville, North Carolina",1764969094550
-149.96144104003906,62.97954177856445,78.68673706054688,1.8272012692923072,"59 km N of Chase, Alaska",1764968950380
70.7737,40.9251,22.694,4.3,"28 km WNW of Pop, Uzbekistan",1764968653313
-116.7455,33.224,10.86,0.68,"3 km SE of Lake Henshaw, CA",1764968327080
-117.927833333333,34.1711666666667,1.54,1.08,"5 km NNW of Azusa, CA",1764967808750
-150.54656982421875,59.70512390136719,50.46196365356445,1.6832478263879622,"28 km SE of Fox River, Alaska",1764967502429
-155.407166666667,19.2596666666667,33.08,1.78,"9 km NE of Pāhala, Hawaii",1764967406730
119.2445,-10.5886,20.612,5.0,"128 km S of Tambolaka, Indonesia",1764967339968
-101.476,32.101,8.8135,2.2,"10 km W of Forsan, Texas",1764967071677
-155.358840942383,19.1283340454102,39.3300018310547,1.74,"15 km ESE of Pāhala, Hawaii",1764966873280
-101.476,32.103,7.9346,1.5,"10 km W of Forsan, Texas",1764966806108
-153.103666666667,60.015,-2.88,-0.95,"61 km ENE of Pedro Bay, Alaska",1764966730170
-153.0565,60.0451666666667,1.07,-0.85,"65 km ENE of Pedro Bay, Alaska",1764966708930
-95.86266667,36.20983333,0.0,1.22,"6 km S of Owasso, Oklahoma",1764966506010
-101.476,32.101,8.9111,1.8,"10 km W of Forsan, Texas",1764966304552
-122.763496398926,38.8206672668457,2.15000009536743,0.25,"4 km W of Cobb, CA",1764965914970
-153.068833333333,60.0138333333333,5.43,-1.0,"63 km ENE of Pedro Bay, Alaska",1764965850520
-118.338333333333,35.0533333333333,0.01,1.06,"13 km SE of Tehachapi, CA",1764965362700
-153.016166666667,60.0438333333333,4.59,-0.23,"67 km ENE of Pedro Bay, Alaska",1764965339400
-104.021,31.649,5.946,1.5,"40 km W of Mentone, Texas",1764965101041
-118.51316666666666,45.758,15.91,1.24,"3 km ESE of Adams, Oregon",1764965071920
-155.351333618164,19.0731658935547,33.5,1.72,"19 km SE of Pāhala, Hawaii",1764964547680
-153.41522216796875,60.32583236694336,12.51127815246582,0.8868002687375797,"51 km ENE of Port Alsworth, Alaska",1764964545163
-46.2385,6.9934,10.0,4.9,North Atlantic Ocean,1764964043685
-139.432373046875,59.95676803588867,0.6313523054122925,2.19425640632613,"48 km NNE of Yakutat, Alaska",1764963819223
-102.103,32.355,7.1289,1.0,"38 km NW of Stanton, Texas",1764963785767
-122.5015,48.57933333333333,16.01,1.99,"4 km WNW of Edison, Washington",1764963519260
120.7602,18.0409,10.0,4.6,"1 km SSE of Padong, Philippines",1764963441769
-66.6396666666667,19.232,21.34,3.07,"84 km N of Arecibo, Puerto Rico",1764963430240
-106.7746,18.6547,15.691,5.5,"201 km SW of José María Morelos, Mexico",1764963221873
-67.3546,19.2611,38.0,4.0,"89 km NNW of San Antonio, Puerto Rico",1764963122240
-102.104,32.356,7.8369,2.6,"38 km NW of Stanton, Texas",1764963001636
-61.9133,-60.0847,10.0,4.7,Drake Passage,1764962674206
-153.1325,60.0105,0.23,-0.73,"59 km ENE of Pedro Bay, Alaska",1764962546320
-122.754165649414,38.7876663208008,2.29999995231628,1.06,"1 km N of The Geysers, CA",1764962390220
-101.474,32.099,9.3018,1.4,"10 km W of Forsan, Texas",1764962265171
-97.24266667,34.49316667,0.0,1.13,"11 km W of Davis, Oklahoma",1764962263840
-176.168,52.0611666666667,1.97,0.73,"38 km ENE of Adak, Alaska",1764962156750
-116.846166666667,34.1341666666667,9.78,0.96,"14 km SSE of Big Bear Lake, CA",1764962079540
-116.7175,33.5385,5.8,0.77,"4 km WSW of Anza, CA",1764962055130
-101.474,32.099,8.9111,1.7,"10 km W of Forsan, Texas",1764961887281
-116.721166666667,33.537,6.68,0.72,"5 km WSW of Anza, CA",1764961850330
179.596833333333,51.9423333333333,8.94,1.19,"259 km W of Adak, Alaska",1764961633910
-148.23699951171875,61.01894760131836,3.843345880508423,2.256436927358255,"36 km NE of Whittier, Alaska",1764960740994
-155.472166666667,19.2086666666667,32.85,1.95,"0 km NE of Pāhala, Hawaii",1764960060120
-122.807167053223,38.8118324279785,1.28999996185303,1.29,"6 km NW of The Geysers, CA",1764959888380
-152.728,60.5118333333333,-1.42,-0.85,"77 km NW of Ninilchik, Alaska",1764959444410
-62.2698,-60.0484,10.0,4.5,Drake Passage,1764958729008
-121.35833333333333,44.095333333333336,-1.29,2.19,"5 km NW of Bend, Oregon",1764958333190
75.995,32.7827,20.401,4.0,"25 km N of Dalhousie, India",1764957997755
-101.47,32.103,8.96,1.7,"9 km W of Forsan, Texas",1764957840937
-122.87833404541,38.8426666259766,2.6800000667572,0.6,"13 km ENE of Cloverdale, CA",1764957824220
-122.877830505371,38.841667175293,2.5,0.73,"13 km NW of The Geysers, CA",1764957815230
-118.44,36.1341666666667,7.56,0.78,"42 km N of Kernville, CA",1764957712660
-112.6225,38.591,8.08,2.05,"28 km SW of Kanosh, Utah",1764957446900
-111.159166666667,44.7403333333333,10.48,0.32,"4 km SE of Hebgen Lake Estates, Montana",1764957312920
-122.779335021973,38.7843322753906,4.1399998664856,0.73,"2 km WNW of The Geysers, CA",1764957283700
-111.159333333333,44.742,11.15,0.96,"3 km SE of Hebgen Lake Estates, Montana",1764957262650
-152.423333333333,61.3893333333333,0.82,-0.51,"77 km WNW of Beluga, Alaska",1764957231630
-95.08266667,35.584,0.0,1.52,"1 km NE of Notiechtown, Oklahoma",1764957139109
-96.62566667,34.53716667,0.0,0.98,"15 km SW of Stonewall, Oklahoma",1764956543429
-152.32260131835938,59.91448211669922,73.59898376464844,1.8511469773621556,"31 km WNW of Anchor Point, Alaska",1764956424072
-118.442,36.1391666666667,7.03,1.01,"42 km WSW of Olancha, CA",1764955204940
-144.095666666667,62.0035,4.23,0.0,"54 km NE of Kenny Lake, Alaska",1764955050240
-97.50416667,36.27366667,8.08,1.15,"4 km W of Lucien, Oklahoma",1764953933810
-153.1025,59.9938333333333,0.71,-0.92,"60 km ENE of Pedro Bay, Alaska",1764953577510
-122.816665649414,38.829833984375,2.17000007629395,1.1,"8 km NW of The Geysers, CA",1764952963950
-97.60033333,34.28016667,9.93,1.34,"9 km SE of Loco, Oklahoma",1764952937410
-148.71688842773438,65.05342864990234,9.695775032043457,1.8972659000482166,"31 km ESE of Minto, Alaska",1764952468932
-169.505666666667,52.897,-1.72,1.48,"43 km W of Nikolski, Alaska",1764952152600
-106.7422,18.6402,10.0,4.3,"200 km SW of José María Morelos, Mexico",1764951765274
-122.817832946777,38.8339996337891,1.95000004768372,0.89,"8 km NW of The Geysers, CA",1764951487460
-116.805166666667,33.9978333333333,12.66,0.93,"9 km N of Cabazon, CA",1764951205940
-149.83364868164062,61.78289031982422,5.0,1.4890868878764665,"11 km ENE of Willow, Alaska",1764950250228
-122.762336730957,38.7864990234375,1.25999999046326,1.09,"1 km NNW of The Geysers, CA",1764950031660
22.6441,35.4802,56.923,4.4,"80 km SSW of Kýthira, Greece",1764949783232
-155.253166666667,19.2018333333333,44.38,1.53,"23 km E of Pāhala, Hawaii",1764948912270
-155.506666666667,19.1615,38.27,1.4,"5 km SSW of Pāhala, Hawaii",1764948708950
-153.0384979248047,59.73792266845703,106.95729064941406,1.4633535976216847,"60 km E of Pedro Bay, Alaska",1764948436662
-151.7400360107422,61.1669921875,88.406005859375,1.7638163192437923,"34 km WNW of Tyonek, Alaska",1764948336614
-154.4270782470703,58.0551872253418,5.0,1.4419261197388238,"54 km N of Karluk, Alaska",1764948025469
-155.367172241211,19.0611667633057,29.5100002288818,1.91,"19 km SE of Pāhala, Hawaii",1764947927940
-122.804496765137,38.8246650695801,2.75999999046326,0.82,"7 km NW of The Geysers, CA",1764947915320
-116.472833333333,33.4868333333333,15.53,0.68,"20 km ESE of Anza, CA",1764947895000
-116.453666666667,33.495,15.86,0.46,"21 km ESE of Anza, CA",1764947882900
-116.4735,33.4853333333333,16.74,0.66,"20 km ESE of Anza, CA",1764947705610
-116.4695,33.4845,15.64,1.59,"20 km ESE of Anza, CA",1764947690890
-116.4735,33.4825,14.77,1.58,"20 km ESE of Anza, CA",1764947689970
-155.350173950195,19.0575008392334,29.9699993133545,1.77,"21 km SE of Pāhala, Hawaii",1764947561740
-122.703,46.47233333333333,19.37,0.9500000000000001,"11 km S of Onalaska, Washington",1764947499170
-155.358,19.0613333333333,33.77,2.18,"20 km SE of Pāhala, Hawaii",1764946906100
-122.799003601074,38.8253326416016,2.85999989509583,0.75,"6 km NW of The Geysers, CA",1764946731800
-154.784164428711,19.4325008392334,13.0100002288818,1.76,"14 km ESE of Leilani Estates, Hawaii",1764946641900
-104.342,31.683,7.6379,1.5,"54 km S of Whites City, New Mexico",1764945910712
-153.078166666667,60.0558333333333,2.34,-0.64,"64 km ENE of Pedro Bay, Alaska",1764945657350
-116.375166666667,33.2541666666667,3.83,0.82,"0 km S of Borrego Springs, CA",1764945441350
-116.3785,33.2525,3.06,0.83,"0 km SW of Borrego Springs, CA",1764945426580
-147.9725341796875,62.0837631225586,24.130971908569336,2.435698402949618,"35 km NNW of Glacier View, Alaska",1764944516648
-122.801330566406,38.8201675415039,3.09999990463257,1.07,"6 km NW of The Geysers, CA",1764944484430
-122.1925,46.20516666666666,6.45,1.1400000000000001,"38 km NNE of Amboy, Washington",1764943931900
-153.075666666667,60.0091666666667,0.09,-0.68,"62 km ENE of Pedro Bay, Alaska",1764943309910
-122.782836914062,38.8343315124512,2.00999999046326,1.6,"5 km WNW of Cobb, CA",1764943021670
-149.21372985839844,61.92363739013672,0.5377913117408752,1.4841109853327703,"20 km N of Fishhook, Alaska",1764942104057
-122.802001953125,38.8194999694824,2.47000002861023,0.78,"6 km NW of The Geysers, CA",1764941986420
-122.724502563477,38.7733345031738,1.78999996185303,0.74,"3 km E of The Geysers, CA",1764940908530
-66.643,19.194,31.58,3.39,"80 km N of Arecibo, Puerto Rico",1764940114160
-122.778503417969,38.8036651611328,3.14000010490417,0.78,"4 km NNW of The Geysers, CA",1764939624700
-120.994667053223,36.4036674499512,8.97999954223633,2.02,"19 km SE of Pinnacles, CA",1764938939560
-122.774002075195,38.7861671447754,2.04999995231628,0.71,"2 km WNW of The Geysers, CA",1764938937750
-153.069833333333,60.0568333333333,0.83,-0.89,"65 km ENE of Pedro Bay, Alaska",1764938454320
-153.086,60.0438333333333,-2.33,-0.79,"63 km ENE of Pedro Bay, Alaska",1764938219250
-116.574333333333,33.5588333333333,13.79,0.51,"9 km E of Anza, CA",1764937715220
-153.079833333333,60.0418333333333,-2.11,-1.1,"64 km ENE of Pedro Bay, Alaska",1764937570650
-116.239166666667,33.3393333333333,9.56,0.57,"16 km NE of Borrego Springs, CA",1764937448760
-104.115,31.626,6.2152,1.6,"46 km NW of Toyah, Texas",1764936764810
-147.26223754882812,61.19223022460938,26.57362937927246,1.57187480874756,"48 km NW of Tatitlek, Alaska",1764936531974
160.9207,52.8725,10.0,4.8,"155 km E of Petropavlovsk-Kamchatsky, Russia",1764936237192
-155.417333333333,19.1186666666667,38.9,2.28,"11 km SE of Pāhala, Hawaii",1764936142690
-146.8023223876953,61.31230545043945,17.530969619750977,1.8354766312644708,"31 km NW of Valdez, Alaska",1764935990663
-155.4685,19.0553333333333,36.78,2.72,"11 km E of Naalehu, Hawaii",1764935733830
-155.476,19.0658333333333,40.76,2.27,"10 km E of Naalehu, Hawaii",1764935710420
-153.94683837890625,57.83273315429688,29.20820999145508,1.9711274171010302,"32 km N of Larsen Bay, Alaska",1764935579511
-155.522666666667,19.0495,45.51,1.93,"6 km ESE of Naalehu, Hawaii",1764935474900
-46.3789,6.7118,10.0,4.9,North Atlantic Ocean,1764935425731
-101.969,31.678,6.4209,0.7,"36 km SSE of Midland, Texas",1764935356284
-118.508166666667,35.314,7.77,1.14,"21 km NNW of Tehachapi, CA",1764934197940
-153.086333333333,60.0401666666667,-1.83,-0.86,"63 km ENE of Pedro Bay, Alaska",1764934061320
-117.507666666667,35.6535,8.94,0.81,"16 km ENE of Ridgecrest, CA",1764933607960
-116.4655,33.4781666666667,10.77,0.56,"21 km ESE of Anza, CA",1764933073500
-150.1441650390625,62.14350128173828,83.62440490722656,1.8567643988303544,"15 km W of Susitna North, Alaska",1764932465955
-168.082833333333,53.2971666666667,20.89,1.56,"65 km NE of Nikolski, Alaska",1764932396390
-62.0355,-60.18,10.0,5.5,Drake Passage,1764931820460
-122.832000732422,38.8271675109863,2.13000011444092,0.75,"9 km NW of The Geysers, CA",1764930838370
-116.78,33.96,15.21,1.21,"5 km N of Cabazon, CA",1764930745690
-68.4658,18.2318,88.0,3.78,"22 km SE of Boca de Yuma, Dominican Republic",1764930529610
-122.734664916992,38.7988319396973,1.97000002861023,1.07,"3 km SSW of Cobb, CA",1764930488040
-141.3220977783203,60.28365325927734,18.61971664428711,1.4475442148179873,"121 km NW of Yakutat, Alaska",1764929878780
-153.052833333333,60.0651666666667,0.83,-0.68,"66 km ENE of Pedro Bay, Alaska",1764929287350
-147.55093383789062,63.37509536743164,59.72452163696289,1.9442135978506259,"70 km E of Cantwell, Alaska",1764929039977
-122.376167297363,37.6155014038086,11.6199998855591,1.51,"2 km NNE of Millbrae, CA",1764929024770
-153.088166666667,60.0408333333333,0.59,-0.47,"63 km ENE of Pedro Bay, Alaska",1764928188800
-156.04905700683594,58.38644790649414,3.721334934234619,1.2978963685633922,"49 km SE of King Salmon, Alaska",1764928050680
-141.22213745117188,60.31825256347656,12.34128475189209,1.8196409057721452,"119 km NW of Yakutat, Alaska",1764927849282
-116.576333333333,33.0236666666667,12.26,0.52,"7 km SSE of Julian, CA",1764927708810
-155.484832763672,19.1831665039062,35.8899993896484,1.72,"2 km SSW of Pāhala, Hawaii",1764927646760
-4.5749,36.5331,56.634,4.4,"4 km E of Fuengirola, Spain",1764927514962
-101.926,31.876,2.9541,0.5,"19 km SE of Midland, Texas",1764927260404
-116.786666666667,33.6848333333333,17.3,0.35,"9 km SW of Idyllwild, CA",1764927103710
-118.634833333333,33.8698333333333,12.7,1.27,"19 km S of Las Flores, CA",1764926482780
-98.051,35.61633333,6.13,1.22,"6 km ENE of Calumet, Oklahoma",1764926454719
-68.9405,18.596,124.0,3.84,"4 km ENE of Guaymate, Dominican Republic",1764926248690
-155.281833333333,19.3873333333333,1.63,1.7,"7 km SW of Volcano, Hawaii",1764926100850
-113.045,37.5556666666667,5.77,0.92,"12 km E of Kanarraville, Utah",1764925961890
-153.075666666667,60.0458333333333,0.23,-0.79,"64 km ENE of Pedro Bay, Alaska",1764925747210
-116.654666666667,33.5666666666667,10.33,0.38,"2 km NE of Anza, CA",1764925591520
-116.374166666667,33.3861666666667,3.15,0.8,"14 km N of Borrego Springs, CA",1764925204830
-118.2025,34.074,11.23,0.79,"5 km ENE of Los Angeles, CA",1764925109180
-122.780502319336,38.8048324584961,3.00999999046326,0.77,"4 km NW of The Geysers, CA",1764924808410
-100.548,32.865,8.7158,1.2,"7 km W of Rotan, Texas",1764924179695
-117.2805,34.082,13.64,0.98,"3 km ENE of Colton, CA",1764924077570
-155.68814086914062,56.84213638305664,12.975783348083496,2.8158875580104463,"93 km W of Akhiok, Alaska",1764924053355
-120.777336120605,35.5536651611328,4.6399998664856,1.85,"6 km W of Templeton, CA",1764924050320
-149.463134765625,61.99721908569336,28.547657012939453,2.1109113971325084,"27 km SE of Susitna North, Alaska",1764924012915
-101.172,32.427,7.0068,1.1,"16 km WNW of Westbrook, Texas",1764923584116
-123.208,46.24333333333333,16.38,1.12,"13 km ENE of East Cathlamet, Washington",1764923370700
-102.021,32.469,7.7881,0.5,"29 km WSW of Ackerly, Texas",1764923190610
-68.5316,-23.1379,110.508,4.1,"42 km SW of San Pedro de Atacama, Chile",1764922553399
-155.102,19.282,36.42,1.92,"20 km S of Fern Forest, Hawaii",1764921964300
-122.85717010498,38.8248329162598,2.3199999332428,0.94,"10 km WNW of The Geysers, CA",1764921693820
159.5032,51.5265,37.702,4.3,"173 km SSE of Vilyuchinsk, Russia",1764921559792
-111.951,40.7788333333333,7.61,0.51,"5 km WNW of Salt Lake City, Utah",1764921151260
-120.9869,40.1046,0.2026,1.73,"4 km SW of Greenville, California",1764921037758
-155.7598419189453,56.82477951049805,16.5634708404541,2.032551158960278,"97 km W of Akhiok, Alaska",1764920881836
-117.846666666667,36.0868333333333,2.35,0.87,"10 km ENE of Coso Junction, CA",1764920862260
-151.0217742919922,62.6610336303711,87.97451782226562,1.9150469267516923,"22 km NW of Petersville, Alaska",1764920146424
-141.55804443359375,60.41392517089844,5.0,1.2543348645758556,"135 km SSE of McCarthy, Alaska",1764919999864
-121.75966666666666,46.85433333333334,2.06,0.3,"23 km ENE of Ashford, Washington",1764919963420
-122.785835266113,38.8349990844727,5.40999984741211,0.44,"6 km WNW of Cobb, CA",1764919694150
-155.258,58.195,2.44,-0.47,"84 km NW of Karluk, Alaska",1764918258290
-149.99916076660156,62.93838119506836,78.54288482666016,2.060426347381514,"54 km N of Chase, Alaska",1764917889987
-149.94659423828125,61.50627899169922,32.27540588378906,1.365566199461134,"1 km SSE of Big Lake, Alaska",1764917712412
-153.059333333333,60.0471666666667,1.9,-0.54,"65 km ENE of Pedro Bay, Alaska",1764917037940
-100.66,32.77,4.4434,0.6,"17 km NNE of Hermleigh, Texas",1764916940500
-141.15451049804688,59.98394775390625,0.575556218624115,2.430121681047677,"93 km WNW of Yakutat, Alaska",1764916762596
-116.363333333333,33.3858333333333,4.77,0.49,"14 km N of Borrego Springs, CA",1764916615490
-154.828333333333,58.262,14.76,-0.18,"80 km NNW of Karluk, Alaska",1764916537010
-116.4988,38.4439,6.397,2.05,"76 km ENE of Tonopah, Nevada",1764916061538
-153.122666666667,60.0223333333333,-2.98,-0.32,"60 km ENE of Pedro Bay, Alaska",1764915853030
-157.3209991455078,57.20258712768555,1.4605953693389893,2.2344202610819925,"34 km S of Ugashik, Alaska",1764915458314
-155.787333333333,19.5045,9.61,2.14,"9 km ENE of Honaunau-Napoopoo, Hawaii",1764914866890
-151.7433319091797,60.36391067504883,70.56631469726562,1.530022839015575,"24 km W of Cohoe, Alaska",1764914717001
-153.082,60.0431666666667,-0.42,-1.01,"63 km ENE of Pedro Bay, Alaska",1764914528700
-153.084666666667,60.0531666666667,-2.98,-0.14,"64 km ENE of Pedro Bay, Alaska",1764914358000
-116.296666666667,32.9836666666667,6.94,1.42,"23 km SW of Ocotillo Wells, CA",1764914350520
-155.3995,19.2753333333333,30.25,1.69,"11 km NE of Pāhala, Hawaii",1764914247080
-101.698,32.016,8.8379,0.8,"15 km SE of Stanton, Texas",1764914128865
-119.3975,34.9078333333333,9.5,0.86,"17 km S of Maricopa, CA",1764913827250
-155.398330688477,19.2648334503174,29.6299991607666,1.75,"10 km NE of Pāhala, Hawaii",1764913397160
-153.038833333333,60.0338333333333,1.52,-0.42,"65 km ENE of Pedro Bay, Alaska",1764913318330
-122.875,38.8450012207031,2.80999994277954,1.07,"13 km NW of The Geysers, CA",1764912674380
-103.534,30.899,3.6646,1.5,"22 km ESE of Balmorhea, Texas",1764912083918
-116.374666666667,33.3866666666667,3.49,0.88,"15 km N of Borrego Springs, CA",1764911889220
-102.071,32.353,7.959,0.8,"36 km NW of Stanton, Texas",1764911003391
-111.691166666667,41.512,10.01,0.72,"10 km ESE of Avon, Utah",1764910954970
-104.191,31.67,7.2662,2.5,"54 km NW of Toyah, Texas",1764910543351
-104.193,31.666,6.5485,2.7,"54 km NW of Toyah, Texas",1764910439091
-152.9899139404297,59.91919326782227,110.3268814086914,1.73678360800174,"64 km ENE of Pedro Bay, Alaska",1764909894275
145.6242,-4.8851,138.165,4.6,"41 km NNW of Madang, Papua New Guinea",1764909594473
-150.35533142089844,63.24722671508789,113.8622589111328,1.7209528518479695,"72 km WSW of Cantwell, Alaska",1764909465695
-117.0665,33.7126666666667,11.36,0.45,"2 km ENE of Winchester, CA",1764908795900
-117.688166666667,33.4926666666667,15.86,0.97,"3 km WSW of San Juan Capistrano, CA",1764908513590
-151.9035,61.4623333333333,2.02,0.18,"56 km NW of Beluga, Alaska",1764908426720
137.526,-29.5866,9.962,4.1,"124 km NNE of Roxby Downs, Australia",1764908148529
-116.787833333333,33.6863333333333,17.37,0.68,"9 km SW of Idyllwild, CA",1764907822510
-110.834166666667,44.8,4.67,0.6,"22 km SSW of Mammoth, Wyoming",1764907797100
-93.3548,32.0347,5.0,2.7,"2 km NNW of Coushatta, Louisiana",1764907704782
-65.1561666666667,18.678,61.9,3.09,"44 km NNW of Charlotte Amalie, U.S. Virgin Islands",1764907493300
-116.787,33.6823333333333,16.89,0.71,"9 km SW of Idyllwild, CA",1764906062620
-122.777168273926,38.7946662902832,2.96000003814697,1.29,"3 km NW of The Geysers, CA",1764905978790
-147.50555419921875,63.4568977355957,0.5861809849739075,1.9313535661494663,"72 km E of Cantwell, Alaska",1764905758663
-149.79116821289062,61.5201530456543,44.24154281616211,1.4823416403442418,"7 km NNW of Knik, Alaska",1764905537745
-117.248,34.028,16.76,0.77,"3 km SSE of Loma Linda, CA",1764904831360
-113.829666666667,37.4888333333333,3.39,1.46,"13 km SW of Enterprise, Utah",1764904760060
-153.100666666667,60.0458333333333,3.42,-1.18,"63 km ENE of Pedro Bay, Alaska",1764904704050
-122.80883026123,38.8315010070801,2.20000004768372,1.03,"7 km W of Cobb, CA",1764904259540
-116.384833333333,33.3845,3.15,2.17,"14 km N of Borrego Springs, CA",1764904200490
-122.78133392334,38.8143348693848,2.25999999046326,0.85,"5 km NNW of The Geysers, CA",1764903968130
-122.774833679199,38.7906684875488,0.680000007152557,0.77,"2 km NW of The Geysers, CA",1764903805250
-153.078666666667,60.0503333333333,0.82,-0.56,"64 km ENE of Pedro Bay, Alaska",1764903274900
-118.000833333333,32.8926666666667,1.7,2.37,"33 km ENE of San Clemente Is. (SE tip), CA",1764902952080
-68.382,18.7596,53.0,3.55,"19 km N of Punta Cana, Dominican Republic",1764902735430
-151.31893920898438,63.26192092895508,0.14208856225013733,1.7128899483809563,"37 km SSE of Denali National Park, Alaska",1764902599984
-104.134,31.547,7.7917,1.7,"41 km NW of Toyah, Texas",1764902418173
-153.107833333333,60.0136666666667,0.63,-1.05,"61 km ENE of Pedro Bay, Alaska",1764902407470
-112.415833333333,41.6128333333333,4.74,0.6,"13 km SW of Thatcher, Utah",1764902094510
-118.011,32.8853333333333,3.81,2.54,"32 km ENE of San Clemente Is. (SE tip), CA",1764901971530
-104.201,31.755,6.8817,1.6,"49 km SSE of Whites City, New Mexico",1764901670904
-111.098833333333,39.3225,-1.88,0.95,"11 km NNW of Orangeville, Utah",1764901654380
-117.794,35.3496666666667,6.65,2.01,"15 km W of Johannesburg, CA",1764900736320
-155.380004882812,19.1875,29.7199993133545,1.93,"10 km E of Pāhala, Hawaii",1764900712800
-122.806663513184,38.8385009765625,8.46000003814697,0.77,"7 km WNW of Cobb, CA",1764900537130
-152.89634704589844,59.62149047851562,104.4831314086914,1.5272115044905903,"62 km WSW of Anchor Point, Alaska",1764899779575
-89.5061666666667,36.2385,8.4,2.15,"3 km SSW of Ridgely, Tennessee",1764899654830
155.7767,49.9925,92.948,4.4,"79 km SSW of Severo-Kuril’sk, Russia",1764899540414
-155.483505249023,19.2138328552246,30.2600002288818,1.84,"1 km NNW of Pāhala, Hawaii",1764899336700
-122.754997253418,38.7803344726562,1.13999998569489,0.59,"0 km NNE of The Geysers, CA",1764898524660
-64.651,18.8758333333333,13.47,3.35,"62 km NNE of Cruz Bay, U.S. Virgin Islands",1764897975970
-152.193166666667,61.251,20.22,-0.36,"60 km WNW of Tyonek, Alaska",1764896624090
-150.86814880371094,64.71927642822266,14.838427543640137,1.1999671321125933,"33 km SSW of Manley Hot Springs, Alaska",1764896147038
-152.7415,60.5026666666667,4.84,-0.88,"77 km NW of Ninilchik, Alaska",1764895893020
-152.7783966064453,60.50041580200195,136.2344512939453,2.188747473312821,"79 km NW of Ninilchik, Alaska",1764895707809
-118.9535,34.5303333333333,14.19,1.18,"15 km NNW of Fillmore, CA",1764895692480
-152.188833333333,61.2586666666667,27.53,-0.55,"60 km WNW of Tyonek, Alaska",1764895486790
-122.773666381836,38.806999206543,0.720000028610229,0.68,"4 km NNW of The Geysers, CA",1764895211630
-158.5216827392578,56.58420181274414,110.32563781738281,2.392899083389186,"30 km N of Chignik Lagoon, Alaska",1764894330919
-153.0575,60.0295,1.82,-1.16,"64 km ENE of Pedro Bay, Alaska",1764894282700
-155.479333333333,19.1986666666667,32.11,1.71,"0 km S of Pāhala, Hawaii",1764894043620
-122.811668395996,38.8418350219727,1.52999997138977,0.81,"8 km WNW of Cobb, CA",1764894012710
-122.815330505371,38.8303337097168,1.83000004291534,1.32,"8 km NW of The Geysers, CA",1764893932520
-122.819664001465,38.832332611084,7.94999980926514,0.61,"8 km NW of The Geysers, CA",1764893864380
-122.81583404541,38.8291664123535,1.67999994754791,1.65,"8 km NW of The Geysers, CA",1764893834470
-117.680666666667,35.9466666666667,4.98,0.57,"20 km E of Little Lake, CA",1764892965730
-98.458,28.37,13.8468,2.2,"13 km SE of Tilden, Texas",1764892833708
-123.71683333333333,49.474666666666664,-0.27,1.55,"3 km E of Sechelt, Canada",1764892215260
-155.464660644531,19.2041664123535,31.1200008392334,1.73,"1 km E of Pāhala, Hawaii",1764891944650
-117.100166666667,34.0203333333333,7.64,1.34,"5 km WSW of Yucaipa, CA",1764891402820
-117.2075,34.0308333333333,14.05,0.82,"4 km SW of Redlands, CA",1764891194610
-101.112,32.121,8.1787,1.5,"24 km E of Forsan, Texas",1764891024952
-122.810836791992,38.824333190918,2.58999991416931,0.79,"7 km NW of The Geysers, CA",1764889716640
-122.45166666666667,45.91416666666667,-0.65,1.1500000000000001,"0 km NW of Amboy, Washington",1764889266590
-156.91297912597656,54.93826293945312,78.2724609375,3.4876444477302186,"177 km SSE of Chignik, Alaska",1764888860860
-117.579333333333,34.3055,10.46,1.19,"8 km SE of Wrightwood, CA",1764888855420
-102.061,32.4,6.958,0.6,"35 km WSW of Ackerly, Texas",1764888521887
-151.96389770507812,61.88254165649414,105.01353454589844,1.7195310378618203,"32 km WSW of Skwentna, Alaska",1764888470907
-123.85883333333334,42.924166666666665,-0.62,1.54,"18 km ENE of Powers, Oregon",1764888341610
-147.36471557617188,60.78411865234375,18.21064567565918,1.4314679523564202,"38 km WSW of Tatitlek, Alaska",1764888333711
-122.83,44.273,9.94,1.57,"9 km SSE of Crawfordsville, Oregon",1764887844190
-153.60787963867188,59.24404525756836,101.5220718383789,1.7390195482050654,"61 km SE of Pope-Vannoy Landing, Alaska",1764886810462
-151.9750518798828,60.02502822875977,66.4604263305664,2.206181280494628,"16 km WNW of Happy Valley, Alaska",1764886760916
-96.82533333,34.46816667,0.0,1.22,"7 km N of Mill Creek, Oklahoma",1764886722350
-154.979333333333,58.2945,2.83,-0.34,"86 km NNW of Karluk, Alaska",1764886476800
-96.8075,34.37933333,0.0,1.37,"3 km SSE of Mill Creek, Oklahoma",1764886268679
-152.310666666667,61.3076666666667,0.64,-0.02,"68 km WNW of Beluga, Alaska",1764885157960
-66.6905,18.3653333333333,19.14,2.65,"6 km S of Bajadero, Puerto Rico",1764884909080
-96.795,34.379,0.0,1.43,"4 km SE of Mill Creek, Oklahoma",1764884732130
-66.8333333333333,18.0128333333333,14.4,1.98,"2 km NW of Indios, Puerto Rico",1764884367580
-64.8265,17.3893333333333,46.8,3.35,"38 km SSW of Saint Croix, U.S. Virgin Islands",1764884163420
-152.773,60.4915,2.24,-0.9,"78 km NW of Ninilchik, Alaska",1764883907350
-89.8131666666667,36.0576666666667,7.66,1.76,"1 km NNW of Cooter, Missouri",1764883172410
-152.22836303710938,62.67976379394531,2.1516144275665283,2.410735770148552,"77 km WNW of Petersville, Alaska",1764882745594
-122.838668823242,38.8380012512207,1.61000001430511,0.95,"10 km NW of The Geysers, CA",1764882549090
-115.559833333333,33.0736666666667,13.24,1.25,"7 km NE of Westmorland, CA",1764882031830
-115.0238,35.9662,12.2162,1.59,"8 km SSW of Henderson, Nevada",1764882008478
-122.81916809082,38.8308334350586,1.97000002861023,0.66,"8 km NW of The Geysers, CA",1764881789860
-122.816833496094,38.8294982910156,1.75999999046326,0.99,"8 km NW of The Geysers, CA",1764881567990
-155.261666666667,58.1941666666667,2.14,-0.55,"84 km NW of Karluk, Alaska",1764881542890
-64.8471666666667,17.4163333333333,50.24,3.11,"36 km SSW of Saint Croix, U.S. Virgin Islands",1764881475230
-122.817497253418,38.8300018310547,1.75999999046326,0.97,"8 km NW of The Geysers, CA",1764881364430
-122.08916666666667,49.08283333333333,-0.67,1.43,"12 km ENE of Abbotsford, Canada",1764881313690
-122.8165,44.279833333333336,9.04,1.1400000000000001,"8 km SSW of Holley, Oregon",1764881190730
-117.113666666667,34.6321666666667,-1.57,1.48,"16 km NNE of Apple Valley, CA",1764880908410
-117.38366666666667,44.54083333333333,-1.18,1.74,"23 km NNW of Huntington, Oregon",1764880694620
-64.0675,18.3336666666667,33.16,3.13,"76 km E of Cruz Bay, U.S. Virgin Islands",1764880460190
-66.976,17.935,10.67,1.74,"8 km WSW of Guánica, Puerto Rico",1764880417440
-64.2506,18.0781,10.0,2.6,"60 km NE of Christiansted, U.S. Virgin Islands",1764880413240
-117.641333333333,33.7928333333333,7.47,1.05,"11 km SW of Corona, CA",1764879748250
-120.984497070312,35.9978332519531,11.3000001907349,1.47,"8 km WSW of San Ardo, CA",1764879536560
-96.53733333,36.02433333,0.0,1.39,"6 km NE of Drumright, Oklahoma",1764879336609
-156.10784912109375,57.24262237548828,17.562273025512695,1.9581793003694195,"83 km ESE of Ugashik, Alaska",1764879213257
-152.733666666667,60.4855,0.09,-1.05,"76 km NW of Ninilchik, Alaska",1764878855900
-98.5108,38.8635,9.55,2.8,"5 km NW of Wilson, Kansas",1764878546455
-155.40484619140625,57.66361236572266,24.23155975341797,1.4225438591708433,"57 km W of Karluk, Alaska",1764878249238
-110.915,39.7305,1.83,1.5,"7 km NW of Helper, Utah",1764878175150
-153.067333333333,60.0391666666667,0.83,-0.46,"64 km ENE of Pedro Bay, Alaska",1764877936850
159.2787,51.5454,35.0,4.7,"165 km SSE of Vilyuchinsk, Russia",1764877385940
-117.231,34.0468333333333,13.87,1.11,"3 km E of Loma Linda, CA",1764877269300
-150.09071350097656,61.25724792480469,16.69171142578125,3.087549009012865,"11 km WNW of Anchorage, Alaska",1764877115804
-118.474166666667,35.3565,6.75,1.24,"25 km N of Tehachapi, CA",1764876747510
-155.279833333333,19.4095,0.08,1.46,"6 km SW of Volcano, Hawaii",1764876462900
-101.065,32.141,8.96,1.2,"24 km SSW of Westbrook, Texas",1764876267048
-155.2785,19.4088333333333,0.33,1.61,"5 km SW of Volcano, Hawaii",1764876264690
-65.3743333333333,19.0415,47.35,3.27,"82 km N of Culebra, Puerto Rico",1764876233350
-176.1502,-27.505,10.0,5.3,Kermadec Islands region,1764875580765
-154.1470947265625,61.15427017211914,5.0,1.5630189606295508,"72 km ESE of Lime Village, Alaska",1764875547551
-150.84906005859375,63.12409973144531,128.86314392089844,2.410626374105324,"63 km SE of Denali National Park, Alaska",1764875200274
-122.876831054688,38.8418350219727,2.75999999046326,1.1,"13 km NW of The Geysers, CA",1764874939270
-152.44964599609375,60.3202018737793,97.45415496826172,1.7226536000256336,"52 km NW of Ninilchik, Alaska",1764874819097
-122.81600189209,38.8349990844727,2.02999997138977,1.02,"8 km W of Cobb, CA",1764874665870
-65.398,19.1088,32.0,3.67,"88 km NNE of Luquillo, Puerto Rico",1764874592260
-122.87283333333333,47.45433333333333,20.65,1.35,"3 km W of Belfair, Washington",1764874410660
-116.608,33.0655,12.28,0.81,"2 km SSW of Julian, CA",1764874372570
-122.823669433594,38.8076667785645,2.02999997138977,0.76,"7 km WNW of The Geysers, CA",1764873443960
-122.767501831055,38.8266677856445,1.51999998092651,0.66,"4 km W of Cobb, CA",1764872933850
-148.29852294921875,62.35920333862305,26.701587677001953,2.1989208895120114,"63 km N of Chickaloon, Alaska",1764872670985
-155.262833333333,58.1968333333333,1.45,-0.79,"84 km NW of Karluk, Alaska",1764872462610
-153.067333333333,60.0536666666667,1.25,-0.97,"65 km ENE of Pedro Bay, Alaska",1764871242280
-153.040833333333,60.018,1.74,-1.09,"64 km ENE of Pedro Bay, Alaska",1764871076980
-97.58616667,34.29316667,10.22,1.83,"9 km ESE of Loco, Oklahoma",1764870924649
-122.766670227051,38.8233337402344,2.01999998092651,0.74,"4 km W of Cobb, CA",1764870634700
-169.9045,52.8181666666667,5.13,1.8,"71 km WSW of Nikolski, Alaska",1764870534200
116.8401,-11.7253,10.0,4.5,"South of Lombok, Indonesia",1764870387740
-141.44479370117188,65.07433319091797,0.0,3.9256818577504133,"33 km NNW of Eagle, Alaska",1764869968952
-122.767501831055,38.8228340148926,2.09999990463257,1.02,"4 km W of Cobb, CA",1764869883550
-112.416833333333,41.5993333333333,1.52,0.97,"14 km SW of Thatcher, Utah",1764868722280
-122.751998901367,38.753833770752,13.6999998092651,0.6,"3 km S of The Geysers, CA",1764868582510
-122.842834472656,38.8238334655762,1.70000004768372,0.75,"9 km NW of The Geysers, CA",1764868479830
-119.013,34.4803333333333,9.95,1.1,"13 km NW of Fillmore, CA",1764868185210
-122.765998840332,38.8223342895508,2.24000000953674,0.75,"4 km W of Cobb, CA",1764868072900
-122.817497253418,38.8274993896484,1.16999995708466,1.06,"8 km NW of The Geysers, CA",1764867541960
-122.767166137695,38.824333190918,2.08999991416931,0.65,"4 km W of Cobb, CA",1764866938100
-122.764831542969,38.8233337402344,1.82000005245209,2.43,"4 km W of Cobb, CA",1764866903010
-122.766166687012,38.8240013122559,1.99000000953674,1.06,"4 km W of Cobb, CA",1764866821080
-24.9244,-55.443,35.0,4.7,South Sandwich Islands region,1764865059255
-117.452,35.6525,11.31,0.46,"13 km SSW of Searles Valley, CA",1764864737680
-117.456833333333,35.6495,8.96,1.0,"14 km SSW of Searles Valley, CA",1764864727980
-100.557,32.868,9.3994,1.2,"8 km WNW of Rotan, Texas",1764864314631
-149.28756713867188,61.87886810302734,5.0,1.6288367363912597,"15 km N of Fishhook, Alaska",1764864045851
-117.326833333333,35.982,4.34,0.88,"25 km N of Trona, CA",1764863897670
-152.06207275390625,59.75983047485352,70.74949645996094,1.7343535892353232,"13 km W of Anchor Point, Alaska",1764863227884
-121.96,46.942166666666665,11.19,0.41000000000000003,"16 km SSE of Carbonado, Washington",1764862953230
-152.61622619628906,60.40709686279297,126.62242889404297,1.7831886949180493,"65 km NW of Ninilchik, Alaska",1764862527503
-154.760333333333,58.3561666666667,4.08,-0.19,"89 km NNW of Karluk, Alaska",1764862390520
-154.771833333333,58.367,5.1,-0.13,"90 km NNW of Karluk, Alaska",1764862343290
-123.229667663574,39.2690010070801,3.52999997138977,1.32,"2 km W of Redwood Valley, CA",1764862178950
-120.99683380127,35.9751663208008,9.36999988555908,1.16,"10 km WSW of San Ardo, CA",1764861148030
-152.779296875,59.56999969482422,78.90341186523438,1.848685186817235,"54 km WNW of Nanwalek, Alaska",1764861135809
-122.805000305176,38.8129997253418,1.92999994754791,0.77,"6 km NW of The Geysers, CA",1764861001770
-122.768997192383,38.8221664428711,1.99000000953674,1.37,"4 km W of Cobb, CA",1764860983980
-122.767501831055,38.8238334655762,2.23000001907349,1.7,"4 km W of Cobb, CA",1764860980600
-122.768166666667,38.8233333333333,2.69,0.43,"4 km W of Cobb, CA",1764860747030
-119.348,35.2653333333333,24.74,1.86,"17 km NE of Taft, CA",1764860490880
-65.3938333333333,19.0011666666667,59.01,3.13,"77 km NNE of Luquillo, Puerto Rico",1764859839650
-116.654666666667,33.4288333333333,4.71,0.45,"14 km S of Anza, CA",1764859308290
-121.47550201416,36.9811668395996,5.44000005722046,1.66,"9 km ESE of Gilroy, CA",1764858484400
-153.025333333333,60.0446666666667,1.35,-0.44,"66 km ENE of Pedro Bay, Alaska",1764858454860
-154.57037353515625,57.88519287109375,65.03253173828125,1.5362681394902857,"35 km N of Karluk, Alaska",1764857989164
-149.30470275878906,62.51151657104492,46.1069450378418,1.7696337415572918,"41 km E of Chase, Alaska",1764857784167
-155.951171875,19.6196670532227,27.0400009155273,1.7,"0 km W of Hōlualoa, Hawaii",1764857623950
-104.489,31.659,6.51,1.4,"58 km S of Whites City, New Mexico",1764857372178
-115.625666666667,33.2641666666667,2.93,1.44,"10 km WNW of Niland, CA",1764857008240
-64.6826,18.745,117.0,3.83,"47 km NNE of Cruz Bay, U.S. Virgin Islands",1764856373530
-147.32940673828125,59.37816619873047,35.39768981933594,2.6844392937275785,"85 km SSE of Chenega, Alaska",1764855893056
-122.784332275391,38.8088340759277,4.19000005722046,0.76,"4 km NW of The Geysers, CA",1764855744950
-118.5965,33.8165,9.45,2.02,"19 km WSW of Manhattan Beach, CA",1764855620920
-121.094665527344,35.8186683654785,5.96000003814697,2.66,"21 km NNE of San Simeon, CA",1764855527710
123.8628,0.7554,251.67,4.6,"72 km WNW of Modisi, Indonesia",1764855282020
-142.8768768310547,60.48273086547852,12.61107635498047,1.261799344900392,"105 km S of McCarthy, Alaska",1764855268328
-161.2684783935547,67.12611389160156,10.0,2.081547071861123,"33 km NNW of Noorvik, Alaska",1764855261618
-65.3788333333333,18.9958333333333,58.53,3.34,"77 km N of Culebra, Puerto Rico",1764855022260
-122.814834594727,38.8264999389648,2.05999994277954,0.77,"7 km NW of The Geysers, CA",1764854959700
-160.1058,54.5154,35.0,3.8,"94 km SSE of Sand Point, Alaska",1764854718846
-150.4921112060547,61.5638427734375,32.76387405395508,1.5659922396663053,"2 km NNE of Susitna, Alaska",1764854691153
-112.919666666667,37.0493333333333,9.83,1.58,"6 km NE of Hildale, Utah",1764854503500
-153.037333333333,60.0665,4.21,-0.53,"67 km ENE of Pedro Bay, Alaska",1764854326220
159.5739,53.0333,59.225,4.8,"63 km E of Petropavlovsk-Kamchatsky, Russia",1764854314381
-112.897166666667,37.0335,9.86,1.06,"7 km ENE of Hildale, Utah",1764854184760
-122.847999572754,38.8303337097168,1.44000005722046,0.7,"10 km NW of The Geysers, CA",1764853960050
-121.982166666667,36.6281666666667,10.09,1.48,"6 km NNW of Del Monte Forest, CA",1764853856920
-126.0259,40.4431,10.0,2.6,"150 km W of Ferndale, California",1764853657199
-117.562166666667,35.7438333333333,6.4,0.57,"15 km W of Searles Valley, CA",1764853642770
-152.3592071533203,59.96550369262695,70.64009857177734,1.486199202084953,"35 km W of Happy Valley, Alaska",1764853508821
-117.124833333333,34.0296666666667,4.71,0.62,"5 km S of Mentone, CA",1764853371310
-116.913333333333,33.4251666666667,7.54,0.52,"5 km WSW of Aguanga, CA",1764853217900
-116.3434,38.5345,1.9022,1.86,"93 km ENE of Tonopah, Nevada",1764852976269
-153.082166666667,60.0126666666667,1.11,-0.93,"62 km ENE of Pedro Bay, Alaska",1764852683600
-119.028333333333,34.4773333333333,8.94,1.2,"13 km NW of Fillmore, CA",1764852678250
-104.142,31.542,8.1763,1.6,"41 km NW of Toyah, Texas",1764852290786
-112.908666666667,37.0481666666667,10.95,1.21,"7 km NE of Hildale, Utah",1764852247480
-153.005333333333,60.0488333333333,1.15,-0.61,"68 km ENE of Pedro Bay, Alaska",1764852063290
-12.9108,-19.1426,10.0,5.1,southern Mid-Atlantic Ridge,1764851759740
-155.3505,19.3176666666667,28.38,2.12,"18 km SW of Volcano, Hawaii",1764851439750
-117.563333333333,35.7416666666667,7.6,0.54,"15 km W of Searles Valley, CA",1764851224500
-141.04052734375,59.99596786499023,19.950511932373047,2.025683356413568,"89 km WNW of Yakutat, Alaska",1764851036258
154.1245,-5.4713,139.508,4.8,"177 km WNW of Panguna, Papua New Guinea",1764850610772
-101.686,32.008,9.1553,0.8,"16 km SE of Stanton, Texas",1764850571315
-150.19491577148438,61.26547622680664,27.895374298095703,1.7666392025003523,"15 km SW of Point MacKenzie, Alaska",1764850386060
-65.4025,19.0803333333333,31.86,3.38,"85 km NNE of Luquillo, Puerto Rico",1764850252260
-122.82033333333334,44.27633333333333,10.91,1.26,"9 km SSW of Holley, Oregon",1764849685180
-141.8059844970703,61.6792984008789,9.082540512084961,1.550755427447401,"65 km ENE of McCarthy, Alaska",1764849181617
-155.383331298828,19.136833190918,30.9300003051758,1.92,"12 km SE of Pāhala, Hawaii",1764848705530
-116.5091,38.4567,10.5586,2.52,"76 km NE of Tonopah, Nevada",1764848637487
-122.810836791992,38.7980003356934,3.25999999046326,0.8,"5 km WNW of The Geysers, CA",1764847774980
-101.995,32.143,8.8135,1.6,"17 km NNE of Midland, Texas",1764846979667
-116.4915,38.4426,5.6939,1.81,"76 km ENE of Tonopah, Nevada",1764846518172
-177.827666666667,51.9076666666667,5.23,1.95,"82 km W of Adak, Alaska",1764846252350
-122.883666992188,39.8451652526855,-0.790000021457672,2.13,"25 km NNW of Alder Springs, CA",1764846222590
-122.771835327148,38.8011665344238,0.379999995231628,1.07,"3 km NNW of The Geysers, CA",1764846222480
-118.402833333333,35.075,8.55,1.11,"8 km SSE of Tehachapi, CA",1764846170650
-122.81583404541,38.8289985656738,1.75,0.72,"8 km NW of The Geysers, CA",1764845963080
-122.817001342773,38.8296661376953,1.64999997615814,0.78,"8 km NW of The Geysers, CA",1764845089960
-117.530833333333,35.6773333333333,8.25,1.66,"15 km ENE of Ridgecrest, CA",1764845034810
-122.818496704102,38.8311653137207,1.98000001907349,0.32,"8 km NW of The Geysers, CA",1764845010270
-122.80549621582,38.8185005187988,3.16000008583069,0.76,"6 km NW of The Geysers, CA",1764844733930
-122.876663208008,38.8333320617676,3.0,0.61,"12 km WNW of The Geysers, CA",1764844447960
-104.138,31.547,7.9968,1.7,"41 km NW of Toyah, Texas",1764844436292
-147.56002807617188,63.50256729125977,0.18585924804210663,2.0375200444457904,"70 km E of Cantwell, Alaska",1764844257900
-117.696333333333,36.0836666666667,2.56,0.66,"23 km E of Coso Junction, CA",1764844167390
-155.374166666667,58.172,1.47,-0.51,"86 km NW of Karluk, Alaska",1764843741300
-103.135,31.956,6.0999,2.4,"11 km NNW of Kermit, Texas",1764843723271
-103.142,31.96,7.6379,2.3,"12 km NNW of Kermit, Texas",1764843278244
-149.47679138183594,62.08664321899414,22.291608810424805,1.8569455008603437,"21 km ESE of Susitna North, Alaska",1764843234046
-97.2275,36.0425,7.71,1.19,"9 km N of Coyle, Oklahoma",1764843102869
-152.762451171875,63.65450668334961,2.108154296875,2.6058920091601823,"33 km SW of Lake Minchumina, Alaska",1764842916842
-122.782333374023,38.7918319702148,3.17000007629395,0.46,"3 km NW of The Geysers, CA",1764842743250
-122.248001098633,37.8678321838379,8.93000030517578,0.58,"2 km E of Berkeley, CA",1764841958420
-117.015833333333,33.6433333333333,12.36,0.84,"10 km SE of Winchester, CA",1764841640900
-158.05589294433594,56.42298126220703,76.18263244628906,2.2017988184778745,"25 km ENE of Chignik, Alaska",1764841627242
-110.675833333333,44.6736666666667,6.57,1.16,"33 km S of Mammoth, Wyoming",1764841483670
-111.125833333333,44.754,10.93,0.93,"5 km ESE of Hebgen Lake Estates, Montana",1764841433260
-149.61358642578125,61.5496826171875,25.046276092529297,1.4348731355454962,"4 km N of Knik-Fairview, Alaska",1764841402640
-110.655833333333,44.7058333333333,4.54,0.85,"30 km S of Mammoth, Wyoming",1764841328990
-111.1325,44.743,13.16,1.22,"5 km ESE of Hebgen Lake Estates, Montana",1764841325980
-122.854331970215,38.8300018310547,1.89999997615814,0.95,"10 km NW of The Geysers, CA",1764839643940
-103.997,31.618,8.548,3.1,"38 km NNW of Toyah, Texas",1764837445324
-122.749336242676,38.798999786377,1.80999994277954,1.07,"2 km NNE of The Geysers, CA",1764837275560
-116.905166666667,34.1061666666667,11.46,1.03,"15 km ENE of Yucaipa, CA",1764836982240
-119.0215,34.4835,7.81,1.42,"13 km NW of Fillmore, CA",1764836945780
-119.029833333333,34.4835,7.18,0.95,"14 km NW of Fillmore, CA",1764836933150
-119.027333333333,34.4861666666667,7.28,1.32,"14 km NW of Fillmore, CA",1764836884840
-119.0205,34.4851666666667,9.36,1.42,"13 km NW of Fillmore, CA",1764836873840
-152.369166666667,61.2633333333333,4.67,0.39,"69 km WNW of Tyonek, Alaska",1764836819490
-112.941,41.4976666666667,3.39,0.73,"53 km SW of Howell, Utah",1764836381140
-153.060333333333,60.0036666666667,0.4,-0.73,"63 km ENE of Pedro Bay, Alaska",1764835319850
-122.811996459961,38.8203315734863,1.46000003814697,1.28,"7 km NW of The Geysers, CA",1764835001920
-101.013,32.218,8.5693,1.5,"15 km S of Westbrook, Texas",1764834990033
-104.199,31.756,7.2278,1.7,"49 km SSE of Whites City, New Mexico",1764834627375
-116.787333333333,33.684,17.42,0.6,"9 km SW of Idyllwild, CA",1764834433240
-155.399833333333,19.2735,30.81,1.46,"11 km NE of Pāhala, Hawaii",1764834397430
78.4505,41.0259,10.0,5.8,"138 km NNW of Tumxuk, China",1764834246881
-104.301,31.693,7.356,1.9,"53 km S of Whites City, New Mexico",1764834201688
-155.3985,19.2718333333333,30.39,1.94,"11 km NE of Pāhala, Hawaii",1764834082350
-122.805000305176,38.8328323364258,1.75,0.22,"7 km W of Cobb, CA",1764833548640
-68.6031,-22.7136,124.244,4.4,"43 km SE of Calama, Chile",1764832500585
-100.548,32.857,6.7139,1.5,"7 km W of Rotan, Texas",1764831582659
-67.4041666666667,18.5195,11.68,2.73,"25 km NW of Rincón, Puerto Rico",1764831508340
-127.2958,42.1398,10.0,2.8,"238 km W of Gold Beach, Oregon",1764831400637
-122.78483581543,38.835334777832,1.66999995708466,1.1,"6 km WNW of Cobb, CA",1764831337360
-122.78150177002,38.8351669311523,2.08999991416931,1.63,"5 km WNW of Cobb, CA",1764831151780
-117.8145,36.029,1.34,0.78,"12 km E of Coso Junction, CA",1764830482800
-122.763832092285,38.7825012207031,3.88000011444092,0.78,"1 km NW of The Geysers, CA",1764829908430
-116.737833333333,33.6855,16.77,0.4,"6 km SSW of Idyllwild, CA",1764829575840
-112.417333333333,41.5791666666667,0.05,0.49,"16 km SW of Thatcher, Utah",1764829397120
-116.4919,38.4685,0.0,2.77,"78 km NE of Tonopah, Nevada",1764829344617
-155.346328735352,19.2175006866455,28.1299991607666,2.0,"14 km E of Pāhala, Hawaii",1764828967750
-119.024,34.4843333333333,8.24,1.45,"14 km NW of Fillmore, CA",1764828463110
-116.222833333333,32.8676666666667,11.81,0.61,"26 km NW of Ocotillo, CA",1764828037590
-150.38015747070312,60.8995475769043,14.25145435333252,1.5962906840092255,"16 km E of Point Possession, Alaska",1764827917598
-122.27033333333333,46.089166666666664,2.6,1.11,"24 km NE of Amboy, Washington",1764826699060
-147.28517150878906,64.43802642822266,10.1984224319458,1.3146577740890568,"20 km WSW of Salcha, Alaska",1764826552467
-121.547996520996,37.15966796875,4.8600001335144,1.48,"10 km ENE of Morgan Hill, CA",1764826282360
-116.724333333333,33.7,17.23,0.84,"4 km S of Idyllwild, CA",1764826261330
-122.727668762207,38.7953338623047,1.62999999523163,1.2,"3 km S of Cobb, CA",1764826134220
-122.841331481934,38.8196678161621,2.0,0.71,"9 km WNW of The Geysers, CA",1764825380730
-122.841835021973,38.8183326721191,2.07999992370605,1.62,"9 km WNW of The Geysers, CA",1764825309390
-143.93112182617188,65.30575561523438,0.35100844502449036,3.059156117103804,"50 km SE of Central, Alaska",1764825292614
-103.435,31.045,3.4595,1.7,"30 km ENE of Balmorhea, Texas",1764824660979
-155.430333333333,19.1013333333333,43.7,1.85,"12 km SSE of Pāhala, Hawaii",1764824508530
-155.351669311523,19.1166667938232,34.7700004577637,1.94,"16 km SE of Pāhala, Hawaii",1764824473950
-153.069666666667,60.0036666666667,-1.8,-0.94,"62 km ENE of Pedro Bay, Alaska",1764824472140
-155.354166666667,19.1263333333333,43.45,1.79,"15 km ESE of Pāhala, Hawaii",1764824425810
-155.4575,19.0641666666667,41.82,2.25,"12 km E of Naalehu, Hawaii",1764824195920
-118.297833333333,36.21,3.8,1.77,"27 km WSW of Olancha, CA",1764824137920
-155.436340332031,19.0149993896484,37.6399993896484,2.33,"16 km ESE of Naalehu, Hawaii",1764823933860
-155.460833333333,19.0465,50.72,1.9,"12 km E of Naalehu, Hawaii",1764823926000
-122.012001037598,37.7745018005371,6.71999979019165,1.26,"3 km WSW of San Ramon, CA",1764823728700
-155.292333333333,19.3688333333333,1.77,1.65,"10 km SW of Volcano, Hawaii",1764823692660
-111.123833333333,44.7608333333333,9.53,0.27,"5 km E of Hebgen Lake Estates, Montana",1764823610400
-101.937,31.748,7.3486,1.2,"30 km SSE of Midland, Texas",1764823458595
-121.92283333333333,46.846666666666664,10.82,0.21,"12 km NE of Ashford, Washington",1764823386850
146.3086,18.3789,88.545,4.8,"Pagan region, Northern Mariana Islands",1764823374869
-115.9705,33.2001666666667,8.47,1.34,"11 km S of Salton City, CA",1764823364100
-179.1858,-21.4349,603.659,5.3,Fiji region,1764822705294
-152.82000732421875,59.53510665893555,99.5658187866211,1.5790619076507095,"54 km WNW of Nanwalek, Alaska",1764822598109
-122.23883333333333,46.356833333333334,4.76,0.08,"22 km S of Morton, Washington",1764822407040
-116.74,33.6851666666667,16.19,0.51,"6 km SSW of Idyllwild, CA",1764822268540
125.6728,-0.2713,67.28,4.9,"159 km ESE of Modisi, Indonesia",1764822189971
-149.88699340820312,61.76837539672852,28.59283447265625,1.7624949721518035,"8 km ENE of Willow, Alaska",1764821915178
-116.740666666667,33.5246666666667,3.93,0.71,"7 km WSW of Anza, CA",1764821685270
-116.329166666667,33.3188333333333,11.36,0.46,"8 km NNE of Borrego Springs, CA",1764821569180
-116.702,33.6781666666667,15.25,0.77,"7 km SSE of Idyllwild, CA",1764821081590
-152.680166666667,60.4923333333333,6.8,-0.84,"74 km NW of Ninilchik, Alaska",1764820897900
-154.973833333333,58.2921666666667,2.93,0.12,"86 km NNW of Karluk, Alaska",1764820779430
-122.332,48.5295,22.53,0.98,"6 km N of Burlington, Washington",1764820698470
-116.283166666667,33.2868333333333,4.93,0.82,"9 km ENE of Borrego Springs, CA",1764820675570
-67.2761666666667,18.8746666666667,46.2,3.18,"46 km NNW of San Antonio, Puerto Rico",1764820626980
-95.3963,16.1043,62.608,5.3,"1 km WNW of El Morro, Mexico",1764819909690
-122.772666931152,38.8126678466797,0.839999973773956,0.76,"4 km NNW of The Geysers, CA",1764819354220
-119.8615,49.2335,8.49,1.47,"23 km WNW of Oliver, Canada",1764819085330
-112.665166666667,41.8228333333333,1.56,0.88,"16 km SSE of Snowville, Utah",1764818572700
128.1905,1.4589,93.207,4.6,"35 km SE of Tobelo, Indonesia",1764818245365
-129.3127,-54.8982,10.0,5.1,Pacific-Antarctic Ridge,1764818075645
-127.8449,-55.4261,10.0,5.5,Pacific-Antarctic Ridge,1764817928821
-67.0278333333333,18.0045,13.14,2.4,"3 km NNE of La Parguera, Puerto Rico",1764817398810
-117.238833333333,34.044,14.48,1.31,"2 km ESE of Loma Linda, CA",1764816301660
-155.237333333333,19.316,6.07,1.93,"14 km S of Volcano, Hawaii",1764815639370
-117.443,36.0588333333333,3.93,1.01,"33 km N of Searles Valley, CA",1764815578370
-118.4415,36.1385,6.23,0.78,"42 km WSW of Olancha, CA",1764815357390
-122.777496337891,38.8055000305176,3.25,0.72,"4 km NNW of The Geysers, CA",1764815318170
-122.757667541504,38.7789993286133,1.0900000333786,1.03,"0 km NNW of The Geysers, CA",1764815138220
-117.236666666667,34.045,15.02,1.49,"2 km E of Loma Linda, CA",1764815136200
-141.70150756835938,62.24785614013672,5.0,1.8879753533323573,"55 km SSW of Alcan Border, Alaska",1764815033915
-152.678333333333,60.495,6.51,-0.48,"74 km NW of Ninilchik, Alaska",1764814802090
-91.5136666666667,36.183,14.21,1.79,"9 km ESE of Ash Flat, Arkansas",1764814512500
-153.066333333333,59.9995,1.4,-0.96,"62 km ENE of Pedro Bay, Alaska",1764814242230
-155.388666666667,58.1653333333333,1.53,-0.45,"86 km NW of Karluk, Alaska",1764813565960
-123.09400177002,39.0178337097168,5.51999998092651,1.66,"14 km SSE of Talmage, CA",1764813533210
-152.8067169189453,59.64793395996094,87.24310302734375,2.093593474629945,"56 km WSW of Anchor Point, Alaska",1764812713901
-104.122,31.626,6.0999,1.6,"46 km NW of Toyah, Texas",1764812702544
-152.344166666667,61.3021666666667,-0.46,-0.81,"69 km WNW of Tyonek, Alaska",1764811965840
-122.468,37.6,8.94,0.54,"2 km SE of Pacifica, CA",1764811460610
-150.3553009033203,61.83103942871094,55.39850997924805,1.978520540375544,"19 km WNW of Willow, Alaska",1764811375504
-122.842163085938,38.8211669921875,1.79999995231628,0.64,"9 km WNW of The Geysers, CA",1764811344590
-122.839332580566,38.8404998779297,2.07999992370605,0.67,"10 km NW of The Geysers, CA",1764811209280
-155.496826171875,19.1653327941895,30.0499992370605,1.7,"4 km SSW of Pāhala, Hawaii",1764811063570
-104.449,31.654,6.6382,1.6,"58 km S of Whites City, New Mexico",1764810915167
-122.839500427246,38.84033203125,1.87999999523163,0.72,"10 km NW of The Geysers, CA",1764810599280
-152.31,61.305,1.32,-0.13,"68 km WNW of Tyonek, Alaska",1764810596260
-119.284833333333,34.4373333333333,5.96,1.15,"4 km WSW of Ojai, CA",1764809120130
-119.302,34.4293333333333,10.07,2.04,"6 km WSW of Ojai, CA",1764809043230
-68.4838333333333,17.9528333333333,59.55,3.41,"48 km SSE of Boca de Yuma, Dominican Republic",1764809003420
-117.299166666667,35.1383333333333,2.42,1.6,"35 km ENE of Boron, CA",1764808985620
-157.41482543945312,56.31594848632812,49.48662948608398,3.268224719292472,"61 km E of Chignik, Alaska",1764808701818
-122.819999694824,38.8331680297852,1.99000000953674,0.61,"8 km NW of The Geysers, CA",1764807792120
90.4716,23.6935,10.0,4.1,"6 km ESE of Dhaka, Bangladesh",1764807280379
-154.844833374023,19.7856674194336,12.2200002670288,1.7,"25 km NNE of Hawaiian Paradise Park, Hawaii",1764807047890
-119.020666666667,34.4801666666667,8.36,1.58,"13 km NW of Fillmore, CA",1764806922940
-141.11561584472656,60.32422637939453,6.617468357086182,1.8384360323596245,"116 km NW of Yakutat, Alaska",1764806832895
-153.069166666667,60.0258333333333,0.85,-0.11,"63 km ENE of Pedro Bay, Alaska",1764806771880
-147.36532592773438,64.96104431152344,4.918642520904541,1.1675464110992972,"11 km E of Fox, Alaska",1764806562362
-123.223663330078,38.8870010375977,2.64000010490417,1.76,"18 km SE of Boonville, CA",1764804611090
-122.77799987793,38.8153343200684,1.97000002861023,0.28,"5 km NNW of The Geysers, CA",1764804514510
-2.7372,54.1461,10.0,3.4,"1 km E of Warton, United Kingdom",1764804212780
176.5624,-40.6255,20.449,4.2,"42 km NE of Castlepoint, New Zealand",1764803861188
-122.3195,46.20433333333333,10.98,0.4,"34 km NNE of Amboy, Washington",1764803228680
-91.5173333333333,36.1913333333333,13.91,2.03,"8 km ESE of Ash Flat, Arkansas",1764803131920
-118.440166666667,36.14,7.34,2.02,"42 km WSW of Olancha, CA",1764803043680
-104.12,31.62,6.0999,1.5,"45 km NW of Toyah, Texas",1764803024824
-155.469833333333,19.202,31.62,1.99,"0 km E of Pāhala, Hawaii",1764802837970
-122.795166015625,38.8366661071777,1.53999996185303,1.02,"6 km WNW of Cobb, CA",1764802685840
-104.021,31.708,6.5485,1.5,"39 km W of Mentone, Texas",1764802382944
-155.212,19.2908333333333,4.99,1.52,"16 km S of Volcano, Hawaii",1764802284060
-122.793334960938,38.836498260498,1.87999999523163,2.25,"6 km WNW of Cobb, CA",1764802081520
176.3535,-40.5653,27.515,4.5,"38 km NNE of Castlepoint, New Zealand",1764802032816
-151.69647216796875,62.9474868774414,5.0,1.3534996739522465,"66 km S of Denali National Park, Alaska",1764801426523
-118.440166666667,36.1353333333333,6.29,2.6,"42 km WSW of Olancha, CA",1764801345340
-152.256333333333,61.1666666666667,6.11,1.66,"61 km W of Tyonek, Alaska",1764801334610
-122.837669372559,38.8386650085449,1.12999999523163,0.32,"10 km NW of The Geysers, CA",1764801150880
-122.945167541504,38.7895011901855,6.11999988555908,0.86,"6 km ESE of Cloverdale, CA",1764799967580
-116.75366666666666,48.068,-0.98,1.6400000000000001,"13 km NNW of Athol, Idaho",1764799414170
-122.812164306641,38.8261680603027,2.10999989509583,1.03,"7 km NW of The Geysers, CA",1764799402100
-122.837997436523,38.8385009765625,1.25,0.85,"10 km NW of The Geysers, CA",1764799315810
-117.501166666667,33.8688333333333,2.25,1.24,"2 km ESE of Home Gardens, CA",1764799223890
-153.37335205078125,59.60905456542969,111.33678436279297,2.101946093743984,"45 km ESE of Pedro Bay, Alaska",1764799058964
-122.785003662109,38.8386650085449,0.839999973773956,0.65,"6 km WNW of Cobb, CA",1764798950170
-122.809997558594,38.6870002746582,5.82000017166138,1.83,"10 km NNE of Healdsburg, CA",1764798890610
-118.83683013916,37.5276679992676,3.22000002861023,1.3,"14 km WSW of Toms Place, CA",1764798708520
-155.488,19.2128333333333,30.27,1.55,"1 km NW of Pāhala, Hawaii",1764798348270
-122.750335693359,38.7975006103516,1.12000000476837,0.75,"2 km NNE of The Geysers, CA",1764798173640
-101.977,32.137,6.2988,0.5,"17 km W of Stanton, Texas",1764798046068
-96.44716667,34.34766667,0.0,1.24,"3 km SW of Wapanucka, Oklahoma",1764798038549
-122.806167602539,38.7938346862793,3.3199999332428,0.73,"5 km WNW of The Geysers, CA",1764797756750
-151.910833333333,61.4943333333333,8.16,0.17,"59 km NW of Beluga, Alaska",1764796723960
-104.124,31.622,5.9332,1.7,"46 km NW of Toyah, Texas",1764796548534
-117.587,38.9824,12.9749,2.43,"31 km ENE of Gabbs, Nevada",1764796321470
-116.643,33.4458333333333,7.48,0.86,"12 km SSE of Anza, CA",1764794898850
-104.126,31.621,5.6384,1.7,"46 km NW of Toyah, Texas",1764794866687
-152.06678771972656,62.15293884277344,102.64005279541016,2.229064155990307,"39 km WNW of Skwentna, Alaska",1764794765617
-123.5385,44.88,-0.51,1.77,"8 km W of Falls City, Oregon",1764794190360
-155.247,19.4566666666667,7.08,0.9,"2 km NW of Volcano, Hawaii",1764793830680
-116.887,33.3715,4.96,1.62,"3 km NW of Palomar Observatory, CA",1764793636520
-116.6425,33.4453333333333,7.5,0.44,"13 km SSE of Anza, CA",1764793633280
-104.445,31.646,6.0999,2.0,"59 km S of Whites City, New Mexico",1764793493082
-122.80733333333333,47.9885,53.57,1.49,"5 km SSW of Port Hadlock-Irondale, Washington",1764793090490
-104.121,31.622,6.0999,2.2,"46 km NW of Toyah, Texas",1764793014954
-152.978833333333,60.0621666666667,6.27,-0.42,"70 km ENE of Pedro Bay, Alaska",1764792767190
-122.876831054688,38.8408317565918,2.5699999332428,1.19,"13 km NW of The Geysers, CA",1764792483960
-122.787170410156,38.8351669311523,1.69000005722046,1.05,"6 km WNW of Cobb, CA",1764791821260
-102.241,32.438,6.958,1.0,"31 km ENE of McKinney Acres, Texas",1764791357924
-123.2035,46.63033333333333,-0.31,1.22,"9 km NE of Pe Ell, Washington",1764791051540
-117.684166666667,35.0346666666667,0.74,1.57,"5 km NW of Boron, CA",1764790712590
-122.861663818359,38.8586654663086,1.25999999046326,1.04,"13 km WNW of Cobb, CA",1764790634330
-110.7695,44.7735,4.0,0.25,"23 km SSW of Mammoth, Wyoming",1764787543950
-122.84383392334,38.8235015869141,1.80999994277954,0.75,"9 km NW of The Geysers, CA",1764785372900
-152.6818389892578,60.05000686645508,106.09072875976562,2.0368110384885445,"54 km WNW of Happy Valley, Alaska",1764784534417
-68.2108,19.4878,76.0,3.51,"102 km NNE of Punta Cana, Dominican Republic",1764784290960
-117.590833333333,36.0753333333333,1.54,1.15,"32 km E of Coso Junction, CA",1764783795790
154.2809,-4.52,10.0,4.7,"224 km E of Kokopo, Papua New Guinea",1764783402641
-122.78099822998,38.8013343811035,3.05999994277954,1.58,"3 km NW of The Geysers, CA",1764782452390
-152.703166666667,60.496,6.17,-0.83,"75 km NW of Ninilchik, Alaska",1764782121590
-155.099833333333,58.2341666666667,5.39,-0.63,"83 km NNW of Karluk, Alaska",1764781880680
-116.787166666667,33.6851666666667,16.81,0.87,"9 km SW of Idyllwild, CA",1764781720970
-149.3743896484375,63.82876968383789,5.0,1.5450940347649575,"20 km W of Healy, Alaska",1764781641831
-116.416,33.4646666666667,9.04,0.97,"24 km N of Borrego Springs, CA",1764781589970
-116.296333333333,32.9906666666667,6.72,0.63,"23 km SW of Ocotillo Wells, CA",1764781565940
-116.795,33.6905,17.91,0.19,"9 km SW of Idyllwild, CA",1764780798280
-116.787833333333,33.6825,18.5,0.75,"9 km SW of Idyllwild, CA",1764780791070
-97.5805,34.287,10.09,2.51,"10 km ESE of Loco, Oklahoma",1764780598740
-178.2706,-31.513,10.0,5.0,Kermadec Islands region,1764780146487
-97.7375,34.94766667,12.43,1.08,"5 km NE of Alex, Oklahoma",1764780082710
-110.849166666667,44.8041666666667,4.87,0.45,"22 km SSW of Mammoth, Wyoming",1764779897490
-155.469329833984,19.2551670074463,-0.720000028610229,1.8,"5 km N of Pāhala, Hawaii",1764778968960
-152.300333333333,61.2008333333333,6.8,-0.54,"64 km WNW of Tyonek, Alaska",1764778159560
-149.2242889404297,61.92686462402344,0.02962575852870941,1.5978352236780287,"20 km N of Fishhook, Alaska",1764777857970
-119.291333333333,34.4351666666667,7.6,1.35,"5 km WSW of Ojai, CA",1764777727860
141.4771,29.5031,75.433,4.5,"Izu Islands, Japan region",1764777276530
-122.817665100098,38.832332611084,1.8400000333786,0.72,"8 km NW of The Geysers, CA",1764776894780
-118.444833333333,36.1403333333333,7.18,1.27,"42 km WSW of Olancha, CA",1764776295600
-151.10337829589844,60.19501876831055,60.15369415283203,1.8035668484555825,"16 km ESE of Clam Gulch, Alaska",1764776024887
-119.025833333333,34.4791666666667,9.62,1.35,"13 km NW of Fillmore, CA",1764775675970
-119.0215,34.48,8.77,1.43,"13 km NW of Fillmore, CA",1764775151860
-118.851997375488,37.428165435791,6.3899998664856,2.69,"21 km SW of Toms Place, CA",1764775130120
-149.3885498046875,63.26847076416016,78.14580535888672,2.0857846939747193,"25 km WSW of Cantwell, Alaska",1764773690413
74.4512,36.3646,35.0,4.4,"22 km WNW of Barishal, Pakistan",1764773119609
-122.82533333333333,44.27616666666667,5.9,1.01,"9 km SSW of Holley, Oregon",1764773080630
-116.3785,33.2561666666667,4.14,0.51,"0 km W of Borrego Springs, CA",1764771954950
-120.0556640625,36.9616661071777,21.8899993896484,2.22,"0 km E of Madera, CA",1764771651050
-104.2396,18.9732,35.0,4.3,"9 km SSE of El Colomo, Mexico",1764771544290
172.2944,-15.0731,637.138,4.4,Vanuatu region,1764770482025
-150.8607635498047,62.81778335571289,92.91163635253906,1.9427664598881973,"36 km N of Petersville, Alaska",1764770481082
-104.124,31.624,6.0999,1.5,"46 km NW of Toyah, Texas",1764768786688
-156.103271484375,57.61492538452148,97.44645690917969,2.478119601385707,"78 km E of Ugashik, Alaska",1764768737126
-123.88716666666667,47.2995,14.77,1.62,"9 km NE of Humptulips, Washington",1764768716320
-67.893,-20.3955,159.616,4.1,"99 km NNE of Ollagüe, Chile",1764768674821
-118.443833333333,36.1415,7.33,1.1,"42 km WSW of Olancha, CA",1764768267940
-118.444833333333,36.1418333333333,5.8,1.06,"42 km WSW of Olancha, CA",1764768191330
-118.442166666667,36.1388333333333,8.79,1.54,"42 km WSW of Olancha, CA",1764768093050
-118.443,36.1381666666667,5.71,1.97,"42 km WSW of Olancha, CA",1764768081560
-118.44,36.138,6.89,3.2,"42 km WSW of Olancha, CA",1764767882640
-157.1608428955078,56.05329132080078,28.560338973999023,4.451483061928972,"81 km ESE of Chignik, Alaska",1764767853286
-122.810333251953,38.8273315429688,1.75999999046326,0.71,"7 km NW of The Geysers, CA",1764767310000
-152.199,61.2645,18.97,0.2,"61 km WNW of Tyonek, Alaska",1764767190080
130.9422,-5.7535,125.42,4.4,"200 km W of Tual, Indonesia",1764766849676
-93.349,14.7343,35.0,4.7,"81 km SSW of La Esperanza (El Zapotal), Mexico",1764766754084
-89.8175,36.0605,8.95,2.59,"1 km NNW of Cooter, Missouri",1764766202290
-116.495833333333,33.4695,13.84,0.89,"19 km ESE of Anza, CA",1764765549010
-150.93174743652344,61.89757537841797,5.142861366271973,1.845181743395288,"26 km ESE of Skwentna, Alaska",1764765266273
-122.759834289551,38.7929992675781,2.60999989509583,1.3,"2 km N of The Geysers, CA",1764765147920
-122.808334350586,38.8190002441406,3.70000004768372,0.77,"6 km NW of The Geysers, CA",1764764671280
-122.814666748047,38.8306655883789,1.71000003814697,1.11,"8 km NW of The Geysers, CA",1764764624320
-122.81616973877,38.8315010070801,1.74000000953674,1.68,"8 km NW of The Geysers, CA",1764764368300
-122.815002441406,38.8291664123535,2.0699999332428,0.8,"8 km NW of The Geysers, CA",1764764264540
-149.88131713867188,59.91314315795898,0.5928682088851929,1.5663294320384236,"30 km SW of Lowell Point, Alaska",1764763178040
-179.1053,51.2347,35.0,4.2,"185 km WSW of Adak, Alaska",1764761978461
-150.3714141845703,60.47792053222656,52.01313781738281,1.999752816352392,"21 km E of Funny River, Alaska",1764761757937
-150.1132354736328,61.21426010131836,28.38583755493164,2.1506824196730183,"11 km W of Anchorage, Alaska",1764760781789
-155.434829711914,18.9703330993652,34.7799987792969,1.74,"18 km SE of Naalehu, Hawaii",1764760721120
-154.757666666667,58.2375,1.59,-0.06,"76 km NNW of Karluk, Alaska",1764760443740
-155.342833333333,58.1698333333333,-1.54,0.03,"85 km NW of Karluk, Alaska",1764760222920
-71.5091,-28.8516,28.498,4.1,"79 km WSW of Vallenar, Chile",1764759245196
-152.8865,60.5205,6.99,-0.66,"85 km NW of Ninilchik, Alaska",1764758859990
-118.712666666667,33.7633333333333,1.63,1.86,"28 km SSE of Malibu, CA",1764758622150
-146.3375244140625,61.5400505065918,27.31275749206543,2.0457385798898557,"45 km N of Valdez, Alaska",1764758126730
-118.550666666667,35.2945,4.49,1.08,"20 km NNW of Tehachapi, CA",1764757862390
-103.148,31.965,6.0999,1.9,"13 km NNW of Kermit, Texas",1764757793907
-116.937333333333,33.7578333333333,15.64,1.36,"3 km ENE of Hemet, CA",1764757696500
-110.815666666667,44.8006666666667,4.92,1.68,"21 km SSW of Mammoth, Wyoming",1764757564790
-147.21237182617188,63.5452880859375,5.0,2.2744951565173905,"86 km ESE of Denali Park, Alaska",1764757125926
-121.632331848145,36.9786682128906,3.52999997138977,1.39,"6 km WSW of Gilroy, CA",1764756439180
-97.846,29.113,7.9355,1.5,"17 km SE of Stockdale, Texas",1764756005171
-97.847,29.117,7.4117,1.5,"17 km SE of Stockdale, Texas",1764755585280
-151.99053955078125,60.44786071777344,85.90679168701172,2.0254588871153887,"38 km W of Kalifornsky, Alaska",1764755375678
-101.658,32.487,5.249,0.8,"6 km SE of Ackerly, Texas",1764755179044
-122.197,46.19133333333333,7.4,-0.08,"36 km NNE of Amboy, Washington",1764754642500
-122.80233001709,38.8059997558594,3.4300000667572,0.73,"5 km NW of The Geysers, CA",1764754642450
-150.40782165527344,60.89676666259766,5.06879711151123,1.8533249813870043,"15 km E of Point Possession, Alaska",1764754241186
-118.857002258301,37.4934997558594,2.17000007629395,1.04,"17 km WSW of Toms Place, CA",1764754232890
-104.305,31.691,7.2278,1.6,"54 km S of Whites City, New Mexico",1764754033412
-122.821502685547,38.8313331604004,2.46000003814697,1.04,"8 km NW of The Geysers, CA",1764753773920
-122.32683333333334,47.74783333333333,28.88,1.73,"1 km SE of Shoreline, Washington",1764753599150
-122.834999084473,38.8368339538574,1.28999996185303,0.21,"9 km NW of The Geysers, CA",1764753477640
-150.69903564453125,61.63165664672852,61.43146896362305,2.919167267441528,"13 km NW of Susitna, Alaska",1764752587047
-116.7865,33.683,14.52,0.7,"9 km SW of Idyllwild, CA",1764752580030
-162.2435,55.1618333333333,4.88,0.74,"12 km NNE of King Cove, Alaska",1764752048080
-115.979666666667,33.1506666666667,7.64,1.24,"14 km E of Ocotillo Wells, CA",1764751540900
-155.393829345703,18.9484996795654,36.2999992370605,1.8,"23 km SE of Naalehu, Hawaii",1764751286060
-101.005,32.096,6.5186,1.6,"28 km S of Westbrook, Texas",1764751129132
-155.414169311523,18.9736671447754,32.4700012207031,1.74,"20 km ESE of Naalehu, Hawaii",1764750928160
-153.1135,60.0241666666667,-1.99,-1.02,"61 km ENE of Pedro Bay, Alaska",1764750792380
-117.923164367676,37.3248329162598,-0.649999976158142,2.08,"7 km SE of Deep Springs, CA",1764750648590
-151.14723205566406,61.30006790161133,61.93879318237305,1.5697871765204663,"18 km N of Beluga, Alaska",1764750295305
-141.10804748535156,61.59436416625977,11.678150177001953,1.5840580602800876,"98 km E of McCarthy, Alaska",1764750114170
-122.841163635254,38.8199996948242,2.07999992370605,0.74,"9 km WNW of The Geysers, CA",1764749383130
-104.13,31.626,6.0999,1.6,"47 km NW of Toyah, Texas",1764748922146
-121.959,46.94,10.97,0.33,"17 km SSE of Carbonado, Washington",1764748884010
-116.789166666667,33.6848333333333,17.87,0.82,"9 km SW of Idyllwild, CA",1764748561780
-122.856002807617,38.8235015869141,1.95000004768372,0.61,"10 km WNW of The Geysers, CA",1764748388230
-116.614333333333,33.4336666666667,8.88,-0.03,"15 km SSE of Anza, CA",1764748174820
-112.931833333333,41.4923333333333,11.27,1.71,"52 km SW of Howell, Utah",1764747888350
-115.969166666667,33.138,7.14,1.16,"15 km E of Ocotillo Wells, CA",1764747119060
-155.597833333333,19.4326666666667,-0.27,0.62,"28 km E of Honaunau-Napoopoo, Hawaii",1764747093340
-122.471664428711,37.5999984741211,9.90999984741211,1.19,"2 km SE of Pacifica, CA",1764747075440
-151.10287475585938,62.19318008422852,0.0,2.0576299733012227,"27 km NE of Skwentna, Alaska",1764746703513
-152.737333333333,60.5246666666667,4.41,-0.85,"78 km W of Salamatof, Alaska",1764746338690
-152.740166666667,60.5238333333333,4.38,-0.17,"78 km W of Salamatof, Alaska",1764746212840
-117.8147,38.1789,11.6302,1.88,"34 km SE of Mina, Nevada",1764746119531
109.6693,-9.8095,10.0,4.6,"216 km SSW of Bambanglipuro, Indonesia",1764745603084
-122.825668334961,38.7938346862793,1.66999995708466,1.08,"6 km WNW of The Geysers, CA",1764745546710
-155.612833333333,19.4243333333333,-0.51,1.4,"26 km E of Honaunau-Napoopoo, Hawaii",1764745276050
-116.786166666667,33.6863333333333,17.35,0.83,"9 km SW of Idyllwild, CA",1764745207880
-115.457333333333,32.3911666666667,2.84,1.68,"22 km SSW of Puebla, B.C., MX",1764745017220
-117.534,35.6708333333333,7.21,0.47,"14 km ENE of Ridgecrest, CA",1764744398630
-153.14955139160156,59.81225204467773,107.44487762451172,1.3300042824924938,"53 km E of Pedro Bay, Alaska",1764744330195
-118.601,34.6083333333333,7.22,1.21,"13 km N of Castaic, CA",1764742796220
-151.06394958496094,60.17923736572266,63.72944259643555,2.377949898050434,"19 km ESE of Clam Gulch, Alaska",1764742771954
-89.777,36.0903333333333,9.59,1.65,"4 km E of Steele, Missouri",1764742019270
-116.7575,33.6866666666667,20.32,0.52,"7 km SSW of Idyllwild, CA",1764741726590
-116.9505,33.7743333333333,14.35,0.86,"1 km SE of San Jacinto, CA",1764741337700
-153.047666666667,60.0216666666667,0.54,-1.24,"64 km ENE of Pedro Bay, Alaska",1764740447750
-141.13604736328125,61.58877563476562,5.0,2.3757960462210366,"96 km E of McCarthy, Alaska",1764740350265
-116.746666666667,33.808,15.51,1.05,"8 km NNW of Idyllwild, CA",1764738822270
-117.455,35.645,7.83,1.05,"14 km SSW of Searles Valley, CA",1764738731430
-97.331,29.404,6.7228,1.7,"15 km W of Shiner, Texas",1764738411300
-140.98696899414062,60.13706970214844,16.129615783691406,1.5867663594368073,"96 km NW of Yakutat, Alaska",1764738330358
-82.3216,7.3531,10.0,4.3,"96 km SE of Burica, Panama",1764737093236
-124.159164428711,40.2361679077148,12.2799997329712,1.25,"15 km SE of Petrolia, CA",1764736668280
-118.786666870117,37.5289993286133,8.43000030517578,1.98,"10 km WSW of Toms Place, CA",1764735845820
-153.082333333333,60.0441666666667,-2.0,-0.7,"64 km ENE of Pedro Bay, Alaska",1764735260690
-116.717166666667,33.5356666666667,5.92,0.51,"5 km WSW of Anza, CA",1764733764320
-122.848999023438,38.8233337402344,2.0,0.66,"10 km WNW of The Geysers, CA",1764733486010
-122.809997558594,38.8328323364258,1.57000005245209,0.7,"8 km W of Cobb, CA",1764732678900
-122.611831665039,38.3983345031738,1.00999999046326,2.82,"6 km WSW of Kenwood, CA",1764732224560
-122.836334228516,38.8443336486816,2.24000000953674,0.63,"10 km WNW of Cobb, CA",1764731806080
-122.837829589844,38.8443336486816,1.48000001907349,0.68,"10 km WNW of Cobb, CA",1764731746650
-122.807830810547,38.8273315429688,2.00999999046326,0.76,"7 km NW of The Geysers, CA",1764731650670
-122.807662963867,38.8269996643066,1.80999994277954,0.83,"7 km NW of The Geysers, CA",1764731629270
-104.124,31.624,6.0999,2.2,"46 km NW of Toyah, Texas",1764731621161
-119.297,34.429,9.46,2.85,"5 km WSW of Ojai, CA",1764731148910
-121.480667114258,37.1049995422363,3.94000005722046,1.3,"12 km E of San Martin, CA",1764730660640
-97.58183333,34.2955,6.16,1.34,"9 km ESE of Loco, Oklahoma",1764730576980
-122.814834594727,38.8341674804688,1.42999994754791,0.69,"8 km W of Cobb, CA",1764730445420
-121.6455,48.15133333333333,11.28,0.9500000000000001,"11 km NE of Verlot, Washington",1764730092470
-155.808333333333,19.782,24.72,2.03,"17 km S of Waikoloa, Hawaii",1764729799670
-152.32395935058594,60.36349105834961,88.48883056640625,2.4416375017895313,"50 km NW of Ninilchik, Alaska",1764729165745
-96.7375,35.5505,5.74,1.57,"8 km NW of Prague, Oklahoma",1764729153350
-150.2067108154297,61.69257736206055,29.96660041809082,1.996127274337976,"10 km SW of Willow, Alaska",1764728990762
-120.922668457031,36.3266677856445,5.15999984741211,1.65,"22 km NE of King City, CA",1764728410580
-117.040666666667,33.825,15.1,0.95,"9 km WNW of San Jacinto, CA",1764728390120
-97.318,29.408,7.7638,1.5,"14 km W of Shiner, Texas",1764728304307
-122.879501342773,38.8368339538574,2.40000009536743,0.24,"12 km ENE of Cloverdale, CA",1764728231320
-97.32,29.407,6.6199,1.5,"14 km W of Shiner, Texas",1764727996614
-159.46983337402344,56.16640472412109,24.068164825439453,2.0844157041049525,"29 km N of Ivanof Bay, Alaska",1764727451202
-178.6455,-17.8469,548.159,4.5,"217 km E of Levuka, Fiji",1764727032400
-73.8134,-36.1478,36.42,4.0,"89 km NW of Talcahuano, Chile",1764726808498
-65.6903,19.3886,55.0,3.76,"107 km N of Suárez, Puerto Rico",1764726762710
-122.818832397461,38.8321647644043,1.50999999046326,0.84,"8 km NW of The Geysers, CA",1764726710240
-122.81616973877,38.8331680297852,1.47000002861023,1.14,"8 km NW of The Geysers, CA",1764726685640
-122.814331054688,38.8331680297852,1.70000004768372,1.89,"8 km NW of The Geysers, CA",1764726675500
-73.7875,-36.0812,22.237,4.3,"93 km NW of Talcahuano, Chile",1764726165264
-116.4515,33.5066666666667,5.11,0.83,"21 km ESE of Anza, CA",1764725957620
-122.803169250488,38.804500579834,3.57999992370605,0.74,"5 km NW of The Geysers, CA",1764725421760
-122.802665710449,38.8051681518555,3.5,0.84,"5 km NW of The Geysers, CA",1764725355800
-73.6516,-36.206,27.284,4.1,"74 km NW of Talcahuano, Chile",1764725192593
-150.76756286621094,63.09960556030273,111.03374481201172,2.241104495907658,"67 km N of Petersville, Alaska",1764724826130
-150.4956817626953,61.74803924560547,56.85832595825195,2.023401199848743,"22 km N of Susitna, Alaska",1764724478220
-104.239,31.654,6.8176,1.5,"56 km NW of Toyah, Texas",1764724176532
-150.92906188964844,63.49686813354492,5.0,1.7325062791370154,"39 km E of Denali National Park, Alaska",1764723152744
-101.05,32.147,5.6885,1.4,"23 km S of Westbrook, Texas",1764723045212
-117.06783333333334,47.5635,-0.79,1.6300000000000001,"13 km SSE of Liberty Lake, Washington",1764721426290
-120.48766666666667,49.330333333333336,-0.51,2.08,"14 km S of Princeton, Canada",1764720984610
-117.033,35.091,-0.3,2.01515415635236,"21 km N of Barstow, CA",1764720736470
-104.128,31.629,6.0999,1.8,"47 km NW of Toyah, Texas",1764720336906
-152.73524475097656,60.05671691894531,111.65760803222656,2.1036046188868833,"57 km WNW of Happy Valley, Alaska",1764720327818
-116.771833333333,34.2843333333333,5.91,0.77,"7 km ENE of Big Bear City, CA",1764720056970
-67.1338333333333,17.9256666666667,12.54,2.51,"7 km SE of Pole Ojea, Puerto Rico",1764720030120
-122.809997558594,38.8305015563965,2.03999996185303,1.13,"8 km NW of The Geysers, CA",1764719734990
-122.809829711914,38.8305015563965,2.03999996185303,1.07,"8 km NW of The Geysers, CA",1764719721260
-112.915833333333,38.5076666666667,1.15,2.17,"14 km NE of Milford, Utah",1764719249570
-120.275169372559,35.7313346862793,4.23000001907349,2.04,"2 km ENE of Cholame, CA",1764718797860
-66.8271666666667,17.9936666666667,14.84,2.2,"0 km W of Indios, Puerto Rico",1764718656040
-178.964,-20.8402,630.985,5.6,Fiji region,1764718529716
-68.501,-32.31,36.117,4.4,"69 km S of Pocito, Argentina",1764718111687
-152.205166666667,61.2636666666667,20.54,-0.28,"61 km WNW of Tyonek, Alaska",1764717780360
-152.201333333333,61.2523333333333,19.82,1.79,"60 km WNW of Tyonek, Alaska",1764717770320
-149.94668579101562,63.39177703857422,5.0,1.9807927746529626,"49 km W of Cantwell, Alaska",1764716833031
166.918,-12.4354,204.979,4.9,"173 km NNW of Sola, Vanuatu",1764716272973
-122.794166564941,38.8161659240723,2.01999998092651,1.62,"5 km NW of The Geysers, CA",1764715608220
-148.72439575195312,61.90034866333008,0.7738538384437561,2.143749845662233,"13 km N of Sutton-Alpine, Alaska",1764715305075
-152.698666666667,60.663,3.67,-0.1,"75 km W of Salamatof, Alaska",1764715072800
-104.382,31.659,6.0999,3.2,"57 km S of Whites City, New Mexico",1764714890501
-116.902666666667,32.7586666666667,6.49,1.46,"3 km ENE of Rancho San Diego, CA",1764714799290
-123.359169006348,38.943000793457,3.95000004768372,2.26,"7 km S of Boonville, CA",1764714434160
-155.208666666667,19.2808333333333,5.35,1.49,"18 km S of Volcano, Hawaii",1764714082660
-122.1945,46.190333333333335,7.78,-0.08,"36 km NNE of Amboy, Washington",1764714053190
-112.904,38.5006666666667,2.03,0.9,"14 km NE of Milford, Utah",1764713785590
-120.238334655762,36.2014999389648,9.17000007629395,1.84,"12 km W of Huron, CA",1764713213920
-152.809666666667,60.734,14.7,-0.28,"82 km W of Salamatof, Alaska",1764712634070
-166.5495,53.9488333333333,9.72,1.22,"6 km N of Dutch Harbor, Alaska",1764712044280
-152.7935,60.7615,10.8,-0.03,"82 km W of Salamatof, Alaska",1764711958170
-117.036166666667,35.0908333333333,0.95,2.39,"21 km N of Barstow, CA",1764711842100
-152.7965,60.7611666666667,11.09,0.02,"82 km W of Salamatof, Alaska",1764711287440
-122.802001953125,38.8050003051758,3.3199999332428,0.78,"5 km NW of The Geysers, CA",1764711283240
-113.035333333333,37.5495,6.49,1.52,"13 km E of Kanarraville, Utah",1764710813280
-113.0475,37.5638333333333,10.44,1.43,"12 km ENE of Kanarraville, Utah",1764710777950
-113.0565,37.5653333333333,12.06,1.76,"11 km ENE of Kanarraville, Utah",1764710680000
-122.819831848145,38.8113327026367,3.33999991416931,0.68,"7 km NW of The Geysers, CA",1764710203020
-116.742833333333,33.5846666666667,15.47,0.72,"7 km WNW of Anza, CA",1764708521390
-116.406,34.1255,8.13,1.31,"3 km ENE of Yucca Valley, CA",1764708239010
-155.390666666667,58.1676666666667,2.23,-0.1,"86 km NW of Karluk, Alaska",1764707593160
-155.166166666667,19.317,2.62,1.01,"15 km SSE of Volcano, Hawaii",1764706940620
-117.420666666667,34.1483333333333,6.41,0.52,"7 km NW of Rialto, CA",1764706776520
-150.92906188964844,61.59325408935547,61.00399017333984,1.946387299813915,"22 km WNW of Susitna, Alaska",1764706522634
179.4707,-27.673,519.084,4.7,Kermadec Islands region,1764705475417
-121.95166666666667,47.50333333333333,68.82,1.27,"5 km NE of Mirrormont, Washington",1764705252800
-155.326333333333,58.1731666666667,1.01,0.41,"84 km NW of Karluk, Alaska",1764705154320
-97.80216667,35.10533333,7.06,0.53,"9 km SE of Amber, Oklahoma",1764704927670
-122.193,46.199666666666666,2.56,0.17,"37 km NNE of Amboy, Washington",1764704785510
-149.8184051513672,61.57256317138672,59.8147964477539,2.143644085680035,"6 km S of Houston, Alaska",1764704658544
-117.106166666667,34.6353333333333,-0.79,1.36,"17 km NNE of Apple Valley, CA",1764704634100
-122.807167053223,38.8266677856445,1.55999994277954,1.05,"7 km NW of The Geysers, CA",1764704069510
-152.36453247070312,60.37091827392578,89.34510803222656,1.966177371682991,"52 km NW of Ninilchik, Alaska",1764703913443
-122.783836364746,38.8139991760254,1.26999998092651,0.71,"5 km NNW of The Geysers, CA",1764703463770
-113.031833333333,37.568,5.05,1.98,"12 km SSE of Cedar City, Utah",1764703263400
-122.801834106445,38.8349990844727,1.76999998092651,0.93,"7 km WNW of Cobb, CA",1764702638020
-120.7295,46.510333333333335,-0.77,1.3,"9 km WSW of Ahtanum, Washington",1764702591640
-122.166664123535,38.128833770752,2.59999990463257,1.62,"6 km ENE of Vallejo, CA",1764701905890
-103.131,31.948,3.5364,1.2,"10 km NNW of Kermit, Texas",1764701709473
-113.062666666667,37.5675,13.09,2.25,"11 km ENE of Kanarraville, Utah",1764701516450
-95.841,36.24116667,0.0,1.42,"3 km SSE of Owasso, Oklahoma",1764700894079
-155.041833333333,19.3335,7.52,1.77,"17 km SE of Fern Forest, Hawaii",1764700839030
-113.050333333333,37.5655,10.9,1.42,"12 km ENE of Kanarraville, Utah",1764700744540
-113.0535,37.562,11.42,1.57,"11 km ENE of Kanarraville, Utah",1764700694330
-113.047833333333,37.5755,10.38,1.17,"11 km S of Cedar City, Utah",1764700610320
-151.180419921875,63.4712142944336,4.893397808074951,1.855087016554556,"28 km ESE of Denali National Park, Alaska",1764700589626
-155.513666666667,58.0036666666667,5.48,0.52,"79 km NW of Karluk, Alaska",1764699336480
-154.70188903808594,58.62202835083008,2.2994325160980225,2.3516016639821395,"91 km S of Kokhanok, Alaska",1764699157839
-121.77783203125,37.4303321838379,6.6100001335144,1.49,"8 km NNE of Alum Rock, CA",1764698967760
-122.815498352051,38.8346672058105,0.550000011920929,1.64,"8 km W of Cobb, CA",1764698784210
-112.9065,38.5018333333333,2.49,1.54,"14 km NE of Milford, Utah",1764698248980
-112.911833333333,38.5085,2.66,0.84,"15 km NE of Milford, Utah",1764698189720
-116.620166666667,33.4291666666667,8.99,0.25,"15 km SSE of Anza, CA",1764696924060
155.9472,49.9395,67.498,4.4,"82 km S of Severo-Kuril’sk, Russia",1764696258758
-112.4215,41.571,4.21,0.96,"17 km SW of Thatcher, Utah",1764696004200
-104.126,31.623,5.9332,1.8,"46 km NW of Toyah, Texas",1764695790898
-150.53407287597656,62.44539260864258,64.3519515991211,1.62874572103959,"13 km ESE of Petersville, Alaska",1764695711408
-122.841003417969,38.8235015869141,1.78999996185303,0.69,"9 km NW of The Geysers, CA",1764694479580
-117.310833333333,34.0941666666667,15.95,1.41,"2 km N of Colton, CA",1764694262410
-123.596832275391,38.8424987792969,2.17000007629395,1.73,"12 km SE of Point Arena, CA",1764694248990
-116.260166666667,32.936,5.66,1.07,"26 km SSW of Ocotillo Wells, CA",1764693789340
-97.828,35.3695,0.97,1.12,"8 km N of Tuttle, Oklahoma",1764693676699
-97.575,34.80983333,5.89,1.41,"2 km E of Erin Springs, Oklahoma",1764693243109
-101.817,32.319,6.9092,2.1,"21 km N of Stanton, Texas",1764692514334
-68.9708,18.5683,113.0,3.67,"2 km SSE of Guaymate, Dominican Republic",1764692038970
-116.915833333333,33.7721666666667,11.9,0.34,"3 km NW of Valle Vista, CA",1764691615730
-122.699996948242,38.7641677856445,2.09999990463257,1.15,"1 km SSW of Anderson Springs, CA",1764691568260
-149.27493286132812,61.87824630737305,0.190389946103096,1.7601296465970495,"15 km N of Fishhook, Alaska",1764691329111
-118.547666666667,35.2918333333333,4.71,1.13,"20 km NNW of Tehachapi, CA",1764690990060
-177.5628,-23.149,220.867,4.3,south of the Fiji Islands,1764690935511
-117.5225,34.0241666666667,8.39,1.28,"4 km N of Mira Loma, CA",1764690295950
-101.502,32.165,6.3232,1.6,"9 km SSW of Big Spring, Texas",1764689002801
-122.793502807617,38.8171653747559,3.58999991416931,0.24,"5 km NW of The Geysers, CA",1764688832430
-122.793334960938,38.8183326721191,3.4300000667572,0.99,"6 km NW of The Geysers, CA",1764688821310
-155.323666666667,58.1633333333333,1.51,0.97,"83 km NW of Karluk, Alaska",1764688726410
-149.36279296875,62.2592658996582,52.18579483032227,1.775415132915921,"27 km ENE of Susitna North, Alaska",1764688314673
120.7259,14.3523,194.353,4.4,"5 km NW of Naic, Philippines",1764688068865
-151.18161010742188,60.8640365600586,59.14411544799805,2.0126019304310145,"20 km NNE of Nikiski, Alaska",1764686663682
-116.749666666667,33.5745,14.88,1.93,"7 km WNW of Anza, CA",1764686403920
-67.7505,18.6901666666667,47.8,3.4,"65 km NW of Rincón, Puerto Rico",1764686276320
-114.672333333333,31.8448333333333,18.91,2.57,"50 km SE of Estacion Coahuila, B.C., MX",1764686128710
-153.081166666667,60.0466666666667,-2.41,-0.93,"64 km ENE of Pedro Bay, Alaska",1764686076460
-112.420333333333,36.9443333333333,21.13,1.39,"9 km E of Fredonia, Arizona",1764686038090
-150.29156494140625,61.68436050415039,24.375978469848633,1.6989964455909412,"15 km WSW of Willow, Alaska",1764685823648
-97.83783333,35.365,6.54,1.25,"8 km NNW of Tuttle, Oklahoma",1764685707649
-122.810501098633,38.8380012512207,1.92999994754791,1.48,"8 km WNW of Cobb, CA",1764685030610
-151.9934539794922,60.67482376098633,89.16677856445312,2.6854512850772596,"37 km W of Salamatof, Alaska",1764684656879
-144.3626708984375,63.23530197143555,25.59402275085449,2.104365650136361,"46 km NW of Mentasta Lake, Alaska",1764684119647
-122.83716583252,38.8368339538574,1.33000004291534,0.32,"10 km NW of The Geysers, CA",1764683772620
-119.366333333333,34.8683333333333,7.22,1.12,"20 km W of Pine Mountain Club, CA",1764683357600
-150.70127868652344,61.76247787475586,65.32569122314453,1.8012255631369016,"26 km NNW of Susitna, Alaska",1764682663714
-116.476,38.4667,6.518,1.53,"79 km ENE of Tonopah, Nevada",1764681885119
98.6636,0.3448,47.942,5.1,"99 km ESE of Teluk Dalam, Indonesia",1764681384003
-116.973,34.1606666666667,11.01,1.12,"11 km SSW of Big Bear Lake, CA",1764681380290
-122.783500671387,38.8358345031738,1.95000004768372,1.14,"5 km WNW of Cobb, CA",1764680924300
-97.58683333,34.27633333,14.75,1.62,"10 km WNW of Healdton, Oklahoma",1764680619509
-122.759002685547,38.796501159668,0.340000003576279,0.98,"2 km N of The Geysers, CA",1764680354220
-67.5895,-21.3578,197.618,4.3,"70 km ESE of Ollagüe, Chile",1764680206010
-116.722,41.2145,8.1202,1.64,"57 km NE of Valmy, Nevada",1764679785808
-66.6494,47.0375,5.0,2.4,"87 km E of Hamlin, Maine",1764679709812
-116.74,33.5078333333333,11.63,0.72,"8 km SW of Anza, CA",1764679185920
128.2579,-7.5493,145.384,4.7,"175 km NE of Lospalos, Timor Leste",1764678613423
-122.738334655762,38.7545013427734,1.12999999523163,1.28,"3 km SSE of The Geysers, CA",1764678607300
-97.837,35.3595,6.7,1.19,"7 km NNW of Tuttle, Oklahoma",1764678270559
-148.35647583007812,61.52476119995117,6.002321243286133,1.5044695608710847,"30 km ENE of Knik River, Alaska",1764677831280
-121.7775,47.677166666666665,19.69,1.03,"10 km E of Lake Marcel-Stillwater, Washington",1764677038430
-152.36749267578125,59.69900894165039,73.88816833496094,2.199771639826181,"31 km WSW of Anchor Point, Alaska",1764676934337
-102.177,32.099,1.0986,0.6,"14 km NW of Midland, Texas",1764676483903
-101.54,32.334,4.5166,0.6,"10 km NNW of Big Spring, Texas",1764675577952
-116.495833333333,33.4996666666667,14.74,0.03,"18 km ESE of Anza, CA",1764675425580
-116.551166666667,33.8865,13.7,0.56,"2 km SSW of Garnet, CA",1764675412080
-116.498833333333,33.5025,14.3,0.11,"17 km ESE of Anza, CA",1764675392540
-117.5705,35.6453333333333,8.67,0.89,"10 km ENE of Ridgecrest, CA",1764674825870
-122.85050201416,38.8208351135254,2.67000007629395,1.82,"9 km WNW of The Geysers, CA",1764673918960
156.5921,50.2516,44.799,5.3,"57 km SE of Severo-Kuril’sk, Russia",1764673842322
139.5156,34.4915,10.0,4.4,"56 km ESE of Shimoda, Japan",1764673635666
-68.2093,18.9595,56.0,3.65,"46 km NNE of Punta Cana, Dominican Republic",1764673581780
-111.623666666667,41.0946666666667,11.27,0.29,"7 km NE of Morgan, Utah",1764673511110
-111.631166666667,41.0831666666667,5.84,0.5,"6 km NE of Morgan, Utah",1764673466700
-122.758003234863,38.7796669006348,1.04999995231628,1.0,"0 km NNW of The Geysers, CA",1764673322380
92.9819,31.9088,10.0,4.8,"99 km ENE of Nagqu, China",1764672983429
-148.2803955078125,62.1016845703125,26.806196212768555,1.8808095516958214,"35 km NNE of Chickaloon, Alaska",1764672748335
-122.819000244141,38.8330001831055,1.77999997138977,0.76,"8 km NW of The Geysers, CA",1764671619300
-122.809997558594,38.8400001525879,1.8400000333786,0.51,"8 km WNW of Cobb, CA",1764671392770
-122.227165222168,37.8689994812012,6.30000019073486,1.03,"4 km E of Berkeley, CA",1764670917220
-122.791000366211,38.8358345031738,1.77999997138977,1.09,"6 km WNW of Cobb, CA",1764670531420
-122.852333068848,38.8291664123535,1.52999997138977,0.76,"10 km NW of The Geysers, CA",1764670407560
-122.78150177002,38.8248329162598,8.19999980926514,0.65,"5 km W of Cobb, CA",1764670220290
-150.05374145507812,63.1587028503418,86.00269317626953,1.9476453956758162,"61 km WSW of Cantwell, Alaska",1764670087038
-101.727,31.685,9.7412,1.2,"30 km SW of Garden City, Texas",1764670003557
145.7217,42.9104,23.906,5.2,"47 km SSE of Nemuro, Japan",1764669781402
-122.803497314453,38.8223342895508,2.47000002861023,0.68,"6 km NW of The Geysers, CA",1764669572760
-122.804000854492,38.8213348388672,2.40000009536743,1.05,"6 km NW of The Geysers, CA",1764669560760
-116.569333333333,33.5146666666667,13.92,0.77,"11 km ESE of Anza, CA",1764669358350
-152.90451049804688,59.55094146728516,92.5079116821289,2.5809038696121687,"59 km WNW of Nanwalek, Alaska",1764669224672
-122.876831054688,38.8421669006348,2.61999988555908,0.67,"13 km NW of The Geysers, CA",1764669214600
-122.752998352051,38.7924995422363,-0.200000002980232,1.72,"2 km N of The Geysers, CA",1764669207350
-116.421333333333,33.2498333333333,2.21,0.82,"4 km W of Borrego Springs, CA",1764668976750
-122.876998901367,38.841667175293,2.61999988555908,0.78,"13 km NW of The Geysers, CA",1764668718860
-152.1043701171875,61.70802688598633,13.23689842224121,1.6049458294110395,"48 km SW of Skwentna, Alaska",1764668408522
-152.43325805664062,59.77250289916992,79.30274200439453,3.4377456567127695,"33 km W of Anchor Point, Alaska",1764667585414
-120.75366973877,35.5431671142578,4.44999980926514,1.37,"4 km W of Templeton, CA",1764666088810
-122.855834960938,38.8245010375977,1.99000000953674,1.3,"10 km WNW of The Geysers, CA",1764666055800
-156.148166666667,19.3741666666667,43.64,2.52,"27 km WSW of Captain Cook, Hawaii",1764665961100
-122.805168151855,38.8208351135254,2.26999998092651,1.04,"6 km NW of The Geysers, CA",1764665060880
-122.916999816895,38.8506660461426,4.75,1.24,"10 km ENE of Cloverdale, CA",1764664764920
-122.879165649414,38.8421669006348,2.23000001907349,0.8,"13 km ENE of Cloverdale, CA",1764664656550
-117.440833333333,35.5281666666667,2.15,0.89,"24 km ESE of Ridgecrest, CA",1764664278110
-152.281333333333,61.1766666666667,6.43,-0.79,"62 km W of Tyonek, Alaska",1764663492030
-122.735664367676,38.7583351135254,2.59999990463257,1.09,"3 km SE of The Geysers, CA",1764662235180
-147.13565063476562,61.22366714477539,9.902742385864258,1.5996257906027378,"43 km WNW of Valdez, Alaska",1764662155427
-40.7369,9.2884,10.0,5.2,central Mid-Atlantic Ridge,1764660870945
-153.055333333333,60.048,0.59,-0.72,"65 km ENE of Pedro Bay, Alaska",1764659749330
-112.901166666667,38.511,2.16,0.26,"15 km NE of Milford, Utah",1764658016880
-68.2988,18.5918,44.0,3.47,"11 km E of Punta Cana, Dominican Republic",1764657941610
-102.055,32.092,8.4229,1.3,"10 km NNE of Midland, Texas",1764657826384
-155.807833333333,20.157,22.61,1.92,"8 km S of Kapaau, Hawaii",1764657520110
-122.470336914062,37.5986671447754,10.1800003051758,1.05,"2 km SE of Pacifica, CA",1764657340640
-116.829666666667,33.9988333333333,18.42,1.36,"9 km NNE of Banning, CA",1764656467810
-122.836334228516,38.8373336791992,1.49000000953674,0.69,"10 km NW of The Geysers, CA",1764656448820
-122.817001342773,38.8293342590332,1.62999999523163,0.49,"8 km NW of The Geysers, CA",1764656278190
-122.817497253418,38.8294982910156,1.57000005245209,0.33,"8 km NW of The Geysers, CA",1764656271440
-143.0823211669922,60.55112075805664,11.75520420074463,1.452161006842153,"98 km S of McCarthy, Alaska",1764655999752
-40.5855,9.4368,10.0,4.6,central Mid-Atlantic Ridge,1764655168320
-98.48716667,34.553,35.05,1.07,"10 km SW of Lawton, Oklahoma",1764654984140
-121.528503417969,37.1548347473145,7.65000009536743,1.15,"11 km NE of San Martin, CA",1764654935830
-151.3256378173828,62.53344345092773,79.04405212402344,1.6722513870514648,"29 km W of Petersville, Alaska",1764654907020
-122.74683333333333,48.81466666666667,18.41,1.48,"11 km S of Birch Bay, Washington",1764654762170
-100.647,32.762,8.4229,1.7,"17 km NE of Hermleigh, Texas",1764653795570
-117.268333333333,34.0633333333333,16.59,1.52,"2 km NNW of Loma Linda, CA",1764653008290
-118.907666666667,35.003,14.29,1.03,"7 km NNE of Grapevine, CA",1764653000280
-121.048835754395,36.6213340759277,7.21000003814697,1.07,"13 km NE of Pinnacles, CA",1764653000070
-122.452003479004,38.8398323059082,5.94000005722046,1.68,"10 km ENE of Hidden Valley Lake, CA",1764652741270
-176.4658,-27.1504,10.0,5.0,Kermadec Islands region,1764652440682
-115.792333333333,32.0921666666667,7.36,1.43,"58 km SSW of Progreso, B.C., MX",1764652187340
-122.765830993652,38.7794990539551,1.45000004768372,1.01,"1 km WNW of The Geysers, CA",1764652051810
-152.159166666667,61.652,2.23,0.16,"55 km SW of Skwentna, Alaska",1764651769390
-89.617,36.5371666666667,8.75,1.68,"2 km N of Marston, Missouri",1764651688730
-116.388333333333,33.4046666666667,4.59,0.52,"17 km N of Borrego Springs, CA",1764651096700
-147.72183227539062,63.19757080078125,3.6586623191833496,1.5689407380922902,"65 km ESE of Cantwell, Alaska",1764651045410
-70.7906,9.9244,10.0,4.6,"17 km ENE of Mene Grande, Venezuela",1764650904911
-122.87483215332,38.828498840332,2.49000000953674,1.28,"12 km WNW of The Geysers, CA",1764650591300
-122.815330505371,38.8294982910156,2.13000011444092,0.31,"8 km NW of The Geysers, CA",1764650006440
-147.71678161621094,63.16640853881836,9.214635848999023,1.644627199373858,"66 km ESE of Cantwell, Alaska",1764649774880
-112.898666666667,38.5141666666667,2.66,0.86,"16 km NE of Milford, Utah",1764649509050
-155.5005,19.163,31.03,1.65,"4 km SSW of Pāhala, Hawaii",1764648849370
-155.491836547852,19.1658325195312,31.8400001525879,1.9,"4 km SSW of Pāhala, Hawaii",1764648697520
-149.97364807128906,62.20987701416016,21.8571720123291,1.5414301027382065,"8 km NW of Susitna North, Alaska",1764648245710
-117.793166666667,35.3588333333333,6.12,0.81,"14 km W of Johannesburg, CA",1764648241640
-116.669333333333,33.6538333333333,14.04,0.18,"11 km SSE of Idyllwild, CA",1764647965580
-122.814498901367,38.8273315429688,1.97000002861023,1.83,"8 km NW of The Geysers, CA",1764647837460
-66.9666666666667,17.95,7.52,2.46,"6 km WSW of Guánica, Puerto Rico",1764647524150
-116.9065,33.9665,15.97,0.92,"5 km NNW of Banning, CA",1764647107500
-149.12063598632812,64.80757904052734,5.0,0.9629329377242478,"22 km N of Four Mile Road, Alaska",1764646870462
-117.026666666667,34.27,5.62,0.51,"10 km NE of Running Springs, CA",1764646749430
-116.015166666667,32.7981666666667,11.24,0.96,"7 km NNW of Ocotillo, CA",1764646658090
-122.295,46.181666666666665,10.99,-0.09,"32 km NNE of Amboy, Washington",1764646224490
-151.72166442871094,62.26233673095703,89.90234375,2.190120015008978,"34 km NNW of Skwentna, Alaska",1764646195208
-122.418167114258,38.3800010681152,8.5,2.15,"6 km WSW of Yountville, CA",1764644849690
-117.237666666667,34.0308333333333,15.68,1.26,"3 km SE of Loma Linda, CA",1764644397960
-116.777166666667,33.2758333333333,13.21,0.77,"4 km NNW of Lake Henshaw, CA",1764644330580
-100.647,32.768,6.3721,0.7,"18 km NE of Hermleigh, Texas",1764644183353
-104.183,31.585,7.1252,1.5,"47 km NW of Toyah, Texas",1764643560611
-122.19516666666667,46.19266666666667,7.85,-0.05,"36 km NNE of Amboy, Washington",1764642989950
-100.644,32.762,7.9346,3.3,"17 km NE of Hermleigh, Texas",1764642694590
-118.910666666667,34.8396666666667,12.92,0.94,"4 km ENE of Frazier Park, CA",1764642225500
-116.070166666667,33.2646666666667,8.99,0.84,"11 km WSW of Salton City, CA",1764641573490
-153.40907287597656,59.26169204711914,113.53030395507812,2.1374468492177994,"69 km ESE of Pope-Vannoy Landing, Alaska",1764641126797
154.976,-6.2578,168.325,4.9,"56 km W of Panguna, Papua New Guinea",1764640590751
-101.729,31.685,8.9111,1.4,"30 km SW of Garden City, Texas",1764640144106
-116.903166666667,34.403,4.53,1.16,"7 km SE of Lucerne Valley, CA",1764639612680
-155.524169921875,19.1280002593994,35.5999984741211,1.71,"8 km NE of Naalehu, Hawaii",1764639443110
-147.79318237304688,64.78546905517578,21.456798553466797,0.7564447904090578,"2 km S of South Van Horn, Alaska",1764638446344
-117.574,33.725,7.16,0.95,"7 km N of Trabuco Canyon, CA",1764638215480
-152.8597869873047,59.11351013183594,61.34920501708984,2.0349459245215114,"60 km WSW of Nanwalek, Alaska",1764638208386
-116.966333333333,34.1625,7.09,1.15,"10 km SSW of Big Bear Lake, CA",1764637530320
-121.544166564941,36.8003349304199,6.23000001907349,1.41,"5 km S of San Juan Bautista, CA",1764637401720
-104.111,31.568,7.0099,1.6,"41 km NW of Toyah, Texas",1764637382773
-150.73788452148438,61.96801376342773,61.0396499633789,2.0933762758226675,"34 km E of Skwentna, Alaska",1764636703910
-155.350666666667,19.0653333333333,41.33,1.69,"20 km SE of Pāhala, Hawaii",1764636657770
159.5339,51.4015,10.0,4.9,"186 km SSE of Vilyuchinsk, Russia",1764636657005
-97.847,29.11,8.013,1.1,"17 km SE of Stockdale, Texas",1764636439745
-147.3187713623047,60.99877548217773,19.92445945739746,1.832412584119849,"37 km WNW of Tatitlek, Alaska",1764636153008
-124.229164123535,40.6036682128906,19.7700004577637,2.03,"4 km NE of Ferndale, CA",1764636029650
-73.7866,41.1851,5.0,1.5,"3 km NNW of Chappaqua, New York",1764635988773
-152.316,61.1256666666667,4.59,0.28,"63 km W of Tyonek, Alaska",1764635424120
-116.122333333333,31.967,17.38,2.45,"48 km ENE of Ensenada, B.C., MX",1764635301990
-117.682166666667,35.0331666666667,0.5,1.58,"5 km NW of Boron, CA",1764635007120
-160.6233,54.8024,40.366,4.2,"59 km S of Sand Point, Alaska",1764634758090
-74.8893,44.9105,5.0,1.6,"1 km S of Massena, New York",1764634619396
-124.2185,40.5776666666667,19.31,1.59,"4 km E of Ferndale, CA",1764634322360
-147.49673461914062,64.95339965820312,1.7401502132415771,1.293096930714083,"5 km E of Fox, Alaska",1764634230696
-116.440166666667,33.154,10.76,0.55,"13 km SSW of Borrego Springs, CA",1764633927230
-117.022833333333,34.2698333333333,5.44,1.56,"11 km NE of Running Springs, CA",1764633891710
-67.0333333333333,17.8113333333333,29.37,2.5,"18 km S of La Parguera, Puerto Rico",1764633844450
-122.875663757324,38.8411674499512,3.08999991416931,1.1,"13 km NW of The Geysers, CA",1764633711000
-148.71969604492188,64.02018737792969,5.0,2.231260540476085,"19 km E of Ferry, Alaska",1764633618850
-97.43466667,36.86766667,5.0,1.72,"6 km N of Nardin, Oklahoma",1764633466359
-148.73434448242188,63.87678527832031,5.0,1.188554878509552,"11 km E of Healy, Alaska",1764633398385
-154.925833333333,58.1558333333333,4.48,-0.44,"71 km NNW of Karluk, Alaska",1764633138190
-154.939666748047,19.4153327941895,0.610000014305115,1.76,"6 km SSW of Leilani Estates, Hawaii",1764632780800
-122.81566619873,38.8296661376953,2.22000002861023,0.71,"8 km NW of The Geysers, CA",1764632553080
-117.786666666667,35.3565,5.91,1.58,"14 km W of Johannesburg, CA",1764631750570
-117.227,33.9988333333333,19.91,0.77,"6 km SSE of Loma Linda, CA",1764631682000
-75.2126,-9.5616,114.37,5.0,"27 km WNW of Yuyapichis, Peru",1764631619105
-117.023166666667,34.2698333333333,5.31,2.22,"10 km NE of Running Springs, CA",1764631178900
-176.4663,-27.0971,35.0,5.2,Kermadec Islands region,1764630484979
72.0209,37.2841,108.646,4.2,"45 km NW of Khandūd, Afghanistan",1764630314693
-104.113,31.565,6.933,1.8,"41 km NW of Toyah, Texas",1764630290239
-121.10050201416,36.4968338012695,0.469999998807907,1.23,"5 km SE of Pinnacles, CA",1764629990560
-119.02283333333334,46.4255,-0.2,1.96,"16 km S of Mesa, Washington",1764629765840
-95.88816667,36.19483333,0.0,1.55,"8 km SSW of Owasso, Oklahoma",1764628324480
-173.3977,51.6012,35.0,5.1,"86 km SE of Atka, Alaska",1764627667717
-96.8425,34.38,0.0,1.2,"3 km SSW of Mill Creek, Oklahoma",1764627667059
-66.8543333333333,17.88,6.3,2.27,"11 km SSE of Maria Antonia, Puerto Rico",1764627333250
-92.8607,16.4436,207.084,4.4,"4 km SSE of Nuevo Vicente Guerrero (El Chichonal), Mexico",1764627114267
-121.111503601074,36.4843330383301,-0.0399999991059303,1.97,"6 km SSE of Pinnacles, CA",1764627000220
-121.98916666666666,45.393166666666666,-1.23,0.6,"4 km N of Mount Hood Village, Oregon",1764626916290
-150.83555603027344,63.01010513305664,122.84037017822266,1.8491342025077149,"57 km N of Petersville, Alaska",1764626595161
-110.7325,44.6555,5.94,0.05,"29 km E of West Yellowstone, Montana",1764626000420
-122.71900177002,38.7840003967285,1.55999994277954,0.78,"3 km WNW of Anderson Springs, CA",1764625547460
-149.70098876953125,61.79050827026367,32.55706787109375,2.0680806716568756,"18 km ENE of Willow, Alaska",1764625533039
-116.789333333333,33.6793333333333,16.82,0.51,"9 km SW of Idyllwild, CA",1764625405110
-122.814666748047,38.8305015563965,1.91999995708466,0.77,"8 km NW of The Geysers, CA",1764625320480
-122.807502746582,38.8349990844727,2.33999991416931,0.77,"7 km W of Cobb, CA",1764625043610
-117.105666666667,33.7553333333333,1.58,1.07,"3 km NW of Green Acres, CA",1764624587550
-117.937166666667,34.1631666666667,1.62,1.14,"4 km ENE of Bradbury, CA",1764624054730
-150.53392028808594,61.08718872070312,67.46365356445312,1.6860796598547234,"20 km NNE of Point Possession, Alaska",1764624023109
-117.496333333333,33.8483333333333,-0.5,1.67,"4 km SE of Home Gardens, CA",1764623591200
168.5434,-21.1342,10.0,4.9,"82 km NE of Tadine, New Caledonia",1764623539851
-102.011,31.954,9.0332,1.4,"7 km SE of Midland, Texas",1764623134639
-118.339666666667,35.0556666666667,-0.4,1.15,"13 km SE of Tehachapi, CA",1764622959810
-117.502166666667,33.8641666666667,-0.53,0.83,"2 km SE of Home Gardens, CA",1764621862590
-122.501502990723,38.681999206543,6.17999982833862,1.15,"13 km SE of Middletown, CA",1764621437180
-151.37477111816406,62.40542221069336,87.08519744873047,1.6294321668175593,"33 km WSW of Petersville, Alaska",1764621374210
161.3643,-10.2568,115.387,5.1,"64 km WNW of Kirakira, Solomon Islands",1764619514201
-122.806503295898,38.8248329162598,2.55999994277954,1.1,"7 km NW of The Geysers, CA",1764619420770
-101.399,32.191,6.4209,0.8,"9 km NNW of Forsan, Texas",1764619273995
-150.66915893554688,62.62455368041992,81.20947265625,1.5835096648050595,"15 km NNE of Petersville, Alaska",1764618482025
-116.5595,33.509,12.67,0.63,"12 km ESE of Anza, CA",1764618259650
-150.1562957763672,61.36003875732422,36.24768829345703,1.8319720937619248,"9 km W of Point MacKenzie, Alaska",1764617813419
-96.71733333,34.71416667,5.07,1.45,"7 km NE of Fitzhugh, Oklahoma",1764617644269
-122.817497253418,38.8306655883789,1.63999998569489,1.05,"8 km NW of The Geysers, CA",1764617509020
-151.25692749023438,62.9295425415039,109.97895050048828,2.053386247313352,"54 km NNW of Petersville, Alaska",1764617359161
-117.325,35.9843333333333,4.74,1.18,"25 km NNE of Trona, CA",1764616972470
-145.65245056152344,62.13597106933594,10.972502708435059,1.8788965005567837,"6 km WNW of Glennallen, Alaska",1764616919391
-110.735,44.6571666666667,8.44,1.67,"29 km E of West Yellowstone, Montana",1764616694370
-110.736666666667,44.6583333333333,8.1,1.62,"29 km E of West Yellowstone, Montana",1764616665340
-153.396240234375,62.22526550292969,5.0,1.7973945020285742,"101 km SSE of Nikolai, Alaska",1764616218566
-104.134,31.63,6.5228,1.6,"47 km NW of Toyah, Texas",1764616213533
-155.373333333333,58.1671666666667,1.45,-0.37,"86 km NW of Karluk, Alaska",1764615624720
94.4682,22.8129,106.849,4.9,"81 km E of Falam, Burma (Myanmar)",1764615316646
-152.041015625,59.76137161254883,61.96383666992188,2.4652435577597624,"11 km W of Anchor Point, Alaska",1764615036001
-110.737166666667,44.6691666666667,7.96,1.07,"29 km E of West Yellowstone, Montana",1764614915290
-117.543666666667,35.6805,5.63,0.87,"14 km ENE of Ridgecrest, CA",1764614647870
-116.804166666667,33.583,8.04,0.67,"12 km WNW of Anza, CA",1764614491100
-123.598663330078,39.7168350219727,0.779999971389771,2.16,"10 km WNW of Laytonville, CA",1764614422680
-155.488830566406,19.1868324279785,31.9200000762939,1.81,"2 km SSW of Pāhala, Hawaii",1764614300610
126.2949,8.9684,58.117,4.5,"3 km ESE of La Paz, Philippines",1764613928144
-122.795333862305,38.8173332214355,2.4300000667572,1.29,"6 km NW of The Geysers, CA",1764613763290
-149.71054077148438,62.18023300170898,18.468185424804688,1.624143488024769,"7 km ENE of Susitna North, Alaska",1764612991019
-117.875166666667,33.8796666666667,6.78,1.19,"1 km NNW of Placentia, CA",1764612920690
-116.560666666667,33.5093333333333,13.02,0.8,"12 km ESE of Anza, CA",1764612259710
-116.292,33.0301666666667,6.67,0.91,"20 km SW of Ocotillo Wells, CA",1764612090200
-152.27984619140625,59.73150634765625,75.7306900024414,2.026373833465009,"25 km WSW of Anchor Point, Alaska",1764610945024
-155.230331420898,19.4403324127197,29.1499996185303,1.72,"0 km SE of Volcano, Hawaii",1764610944780
-158.108,56.917,3.42,0.08,"71 km NNE of Chignik, Alaska",1764610782810
-166.568333333333,53.9463333333333,7.33,0.12,"6 km NNW of Dutch Harbor, Alaska",1764610514610
-178.032,51.8626666666667,0.84,1.13,"96 km W of Adak, Alaska",1764610477410
-155.478164672852,19.179666519165,30.3500003814697,1.83,"2 km S of Pāhala, Hawaii",1764610130600
-104.264,31.653,7.4841,2.0,"58 km NW of Toyah, Texas",1764609940066
-178.3336,-17.9379,603.374,4.1,"249 km E of Levuka, Fiji",1764609937885
-96.63083333,34.53083333,3.42,1.06,"16 km SW of Stonewall, Oklahoma",1764609900230
-152.683333333333,60.484,-0.41,-0.95,"74 km NW of Ninilchik, Alaska",1764609063450
-121.59733581543,36.8491668701172,3.25999999046326,0.72,"5 km W of San Juan Bautista, CA",1764608629370
-122.814498901367,38.8316650390625,1.22000002861023,0.22,"8 km NW of The Geysers, CA",1764608185670
-154.66387939453125,57.76666641235352,61.24702453613281,2.1226894650123,"25 km NNW of Karluk, Alaska",1764607350345
-122.767166137695,38.8250007629395,2.22000002861023,1.04,"4 km W of Cobb, CA",1764607275040
-150.8450469970703,61.6128044128418,58.9560661315918,1.955963738269407,"19 km WNW of Susitna, Alaska",1764607177423
-153.0895,60.0548333333333,0.33,-0.62,"64 km ENE of Pedro Bay, Alaska",1764607089030
-152.0745086669922,61.11462020874023,110.28388214111328,2.1139406228392903,"50 km W of Tyonek, Alaska",1764606374592
-97.58633333,34.30216667,5.95,1.57,"9 km ESE of Loco, Oklahoma",1764605345080
-148.93064880371094,65.24458312988281,8.619916915893555,0.8566006301925011,"22 km ENE of Minto, Alaska",1764605344203
-155.237166666667,19.3435,35.51,1.21,"10 km S of Volcano, Hawaii",1764604655470
-117.813833333333,36.0321666666667,1.6,0.74,"12 km E of Coso Junction, CA",1764604638160
-121.7215,46.56783333333333,10.57,2.42,"5 km SW of Packwood, Washington",1764604571590
-144.093833333333,62.0075,8.21,0.3,"55 km NE of Kenny Lake, Alaska",1764604245060
-166.544,53.956,9.48,0.96,"7 km N of Dutch Harbor, Alaska",1764603486010
-151.39120483398438,62.52821731567383,80.91064453125,1.9455864652196293,"32 km W of Petersville, Alaska",1764603034186
-100.666,32.762,6.3232,0.9,"16 km NNE of Hermleigh, Texas",1764602754198
-97.649,36.37916667,7.49,1.65,"5 km ENE of Fairmont, Oklahoma",1764602601359
128.2311,2.6442,69.473,4.3,"104 km NNE of Tobelo, Indonesia",1764602373351
136.9888,7.6565,10.0,4.6,"240 km SSW of Colonia, Micronesia",1764601829318
-121.70733333333334,46.569,8.78,0.7000000000000001,"5 km SW of Packwood, Washington",1764601492340
-121.7035,46.57066666666667,8.37,0.87,"4 km SSW of Packwood, Washington",1764601446920
-104.463,31.643,7.3816,1.6,"59 km S of Whites City, New Mexico",1764601380558
-104.442,31.65,6.0999,1.7,"58 km S of Whites City, New Mexico",1764600838213
-122.796836853027,38.8253326416016,2.00999999046326,1.03,"6 km NNW of The Geysers, CA",1764600482170
-119.0098,39.0912,9.0028,1.74,"17 km NE of Yerington, Nevada",1764599395995
-153.430333333333,59.3603333333333,-0.03,0.95,"60 km SE of Pedro Bay, Alaska",1764598587200
-104.257,31.614,6.5613,1.5,"55 km NW of Toyah, Texas",1764598157188
160.6167,52.7798,33.212,4.8,"137 km ESE of Petropavlovsk-Kamchatsky, Russia",1764598076408
-122.137001037598,37.2733345031738,11.6000003814697,1.04,"9 km SSW of Loyola, CA",1764597694020
-122.77116394043,38.7853317260742,1.75999999046326,1.49,"2 km NW of The Geysers, CA",1764597596330
-121.76266666666666,46.847833333333334,0.62,0.18,"22 km ENE of Ashford, Washington",1764597584030
-155.496833333333,19.1903333333333,33.08,1.44,"2 km SW of Pāhala, Hawaii",1764597381860
-157.5772247314453,55.51546096801758,5.0,2.9175440797063863,"100 km SSE of Chignik, Alaska",1764597038283
-166.5435,53.9566666666667,9.9,1.39,"7 km N of Dutch Harbor, Alaska",1764596585310
-104.466,31.66,6.0999,1.5,"57 km S of Whites City, New Mexico",1764596381424
-119.5788,41.9276,0.5832,1.56,"48 km E of Fort Bidwell, California",1764596321111
179.6384,52.059,133.018,3.7,"256 km W of Adak, Alaska",1764595945208
-122.706169128418,38.7503318786621,1.62999999523163,1.44,"3 km SSW of Anderson Springs, CA",1764595184030
-150.4482421875,62.43320846557617,59.40336608886719,3.0793511296168137,"17 km NW of Trapper Creek, Alaska",1764594387894
-121.231163024902,36.7405014038086,8.82999992370605,1.08,"10 km SE of Tres Pinos, CA",1764593566060
-102.143,32.42,5.9814,0.8,"38 km ENE of McKinney Acres, Texas",1764593527195
-120.556167602539,35.8354988098145,10.7700004577637,1.64,"13 km WSW of Parkfield, CA",1764593468300
-104.5089,37.3185,4.609,2.4,"11 km NNW of El Moro, Colorado",1764592726460
-146.85012817382812,60.95810317993164,22.269744873046875,2.1062695411974137,"13 km NW of Tatitlek, Alaska",1764592677801
-122.811332702637,38.8344993591309,1.4099999666214,1.02,"8 km W of Cobb, CA",1764592373780
-146.86114501953125,60.94688034057617,17.305652618408203,2.543402459206193,"13 km NW of Tatitlek, Alaska",1764592245748
-68.6508,-21.1968,110.794,4.2,"41 km W of Ollagüe, Chile",1764592151067
-122.801002502441,38.8129997253418,3.5,0.32,"6 km NW of The Geysers, CA",1764592080550
-153.50323486328125,59.91510009765625,116.2576141357422,3.0103701362618973,"36 km ENE of Pedro Bay, Alaska",1764591150560
-111.542,36.8288333333333,6.03,1.7,"9 km WSW of LeChee, Arizona",1764590718410
-155.302833333333,19.5223333333333,5.78,2.17,"11 km NW of Volcano, Hawaii",1764590579690
-155.337326049805,19.2653331756592,30.4599990844727,1.8,"16 km ENE of Pāhala, Hawaii",1764590419090
-150.79917907714844,62.85782623291016,98.12139129638672,1.8416409348039264,"40 km N of Petersville, Alaska",1764590134431
-153.031,60.0486666666667,0.47,-0.9,"66 km ENE of Pedro Bay, Alaska",1764589434360
-122.794334411621,38.8253326416016,2.49000000953674,0.76,"6 km W of Cobb, CA",1764588362370
-117.6495,35.8661666666667,5.21,0.5,"24 km ESE of Little Lake, CA",1764588207130
-122.794334411621,38.8238334655762,2.65000009536743,1.14,"6 km NNW of The Geysers, CA",1764588196340
-122.852996826172,38.8231658935547,2.49000000953674,0.96,"10 km WNW of The Geysers, CA",1764587243820
-116.2295,32.9225,12.5,1.11,"26 km SSW of Ocotillo Wells, CA",1764587214790
-153.431,59.3595,0.79,-0.43,"61 km SE of Pedro Bay, Alaska",1764587077820
-122.844497680664,38.8238334655762,1.72000002861023,0.27,"9 km NW of The Geysers, CA",1764586994550
-149.89064025878906,65.5632095336914,5.0,1.356700539926969,"14 km ENE of Rampart, Alaska",1764586902826
-152.830833333333,60.5241666666667,9.72,0.41,"83 km NW of Ninilchik, Alaska",1764586244810
-122.502334594727,38.6898345947266,7.1100001335144,1.55,"12 km SE of Middletown, CA",1764586171540
-66.7318333333333,18.6035,66.0,2.98,"14 km N of Arecibo, Puerto Rico",1764585889190
-116.454,32.9523333333333,9.04,0.3,"16 km NNE of Pine Valley, CA",1764585601720
-177.5972,51.1848,43.251,3.9,"101 km SW of Adak, Alaska",1764584945491
-101.663,32.486,7.1533,1.7,"6 km SE of Ackerly, Texas",1764584436299
-101.661,32.486,7.0557,0.9,"6 km SE of Ackerly, Texas",1764584378140
-110.947833333333,44.6575,6.31,0.43,"12 km E of West Yellowstone, Montana",1764584174090
-122.610333333333,38.3855,1.84,2.93,"6 km WSW of Kenwood, CA",1764584064430
-153.1702117919922,59.9697494506836,135.21728515625,2.567549509994006,"56 km ENE of Pedro Bay, Alaska",1764583547989
-116.843333333333,34.1396666666667,8.98,0.97,"13 km SSE of Big Bear Lake, CA",1764583340080
-122.772003173828,38.7901649475098,3.19000005722046,1.09,"2 km NW of The Geysers, CA",1764583243420
-151.8435516357422,60.68887329101562,93.447265625,2.052117494295934,"29 km WNW of Salamatof, Alaska",1764582758582
-104.021,31.529,7.5739,2.1,"32 km NW of Toyah, Texas",1764582484732
-101.892,32.361,7.8369,0.6,"24 km SW of Ackerly, Texas",1764582431630
-155.377,58.1623333333333,0.32,-0.19,"85 km NW of Karluk, Alaska",1764580846970
-166.548666666667,53.9525,7.6,0.22,"6 km N of Dutch Harbor, Alaska",1764580532680
-97.844,29.117,7.3992,1.3,"17 km SE of Stockdale, Texas",1764580305552
-150.7719268798828,60.3300895690918,59.00339889526367,1.953867579339328,"19 km S of Funny River, Alaska",1764580065515
-156.392837524414,19.6068325042725,6.21000003814697,1.9,"41 km W of Kailua-Kona, Hawaii",1764579182900
-104.125,31.627,6.1639,1.5,"46 km NW of Toyah, Texas",1764579077308
142.2554,-3.6559,35.0,4.7,"58 km S of Aitape, Papua New Guinea",1764578431651
-119.097833333333,37.594,5.66,0.54,"12 km WSW of Mammoth Lakes, CA",1764578122620
-116.784166666667,33.9293333333333,9.99,0.89,"1 km NNE of Cabazon, CA",1764577729430
-155.122333333333,58.229,3.88,-0.58,"83 km NNW of Karluk, Alaska",1764577633890
-150.66656494140625,61.33779525756836,61.30211639404297,2.108618223215602,"24 km SSW of Susitna, Alaska",1764577289289
-125.8545,41.75033333333333,10.9,2.13,"134 km WSW of Pistol River, Oregon",1764577234360
-122.841499328613,38.820499420166,2.23000001907349,0.73,"9 km WNW of The Geysers, CA",1764576515440
-122.612,38.391,4.9,3.1,"6 km WSW of Kenwood, CA",1764576394270
-153.88514709472656,58.68619537353516,81.41462707519531,2.1369626748744177,"90 km NW of Aleneva, Alaska",1764576242217
-164.694166666667,54.508,4.88,1.4,"81 km ENE of Akutan, Alaska",1764575828940
-117.200333333333,34.0125,13.25,1.3,"5 km SSW of Redlands, CA",1764575824950
-122.772331237793,38.8231658935547,4.09999990463257,0.5,"4 km W of Cobb, CA",1764575756010
-121.903,46.848333333333336,7.54,0.04,"13 km NE of Ashford, Washington",1764575495540
-153.1167449951172,59.74103546142578,104.02449035644531,2.111341733758048,"55 km E of Pedro Bay, Alaska",1764575429948
-118.93383026123,37.5923347473145,2.28999996185303,1.45,"6 km SE of Mammoth Lakes, CA",1764575139850
-122.818168640137,38.8313331604004,1.6599999666214,0.22,"8 km NW of The Geysers, CA",1764575029040
-66.9986666666667,17.9523333333333,13.31,2.14,"5 km ESE of La Parguera, Puerto Rico",1764574961470
-122.607833862305,38.3863334655762,2.44000005722046,2.74,"6 km WSW of Kenwood, CA",1764574690880
-153.0935,60.0218333333333,-2.95,-0.12,"62 km ENE of Pedro Bay, Alaska",1764574249800
-122.19883333333334,46.19533333333333,-1.77,-0.23,"37 km NNE of Amboy, Washington",1764573828730
-150.6681671142578,63.03103637695312,1.1178139448165894,1.7221414360106817,"59 km N of Petersville, Alaska",1764573566502
-155.393829345703,19.2556667327881,29.2299995422363,1.78,"10 km ENE of Pāhala, Hawaii",1764573137090
-122.47666666666667,48.409666666666666,19.9,2.18,"2 km NNE of La Conner, Washington",1764573088170
-177.3455,-19.9021,560.331,4.4,"255 km WNW of Houma, Tonga",1764572866765
-122.603668212891,38.3875007629395,0.819999992847443,2.15,"6 km WSW of Kenwood, CA",1764572703510
-151.30519104003906,63.11393737792969,5.0,1.9259214056016447,"51 km SSE of Denali National Park, Alaska",1764572673401
-104.405,31.656,4.8694,1.5,"57 km S of Whites City, New Mexico",1764572573255
-122.2395,46.3565,8.41,-0.23,"22 km S of Morton, Washington",1764572466750
-122.608329772949,38.3886680603027,1.13999998569489,2.22,"6 km WSW of Kenwood, CA",1764572371060
-122.606333333333,38.3853333333333,4.76,3.25,"6 km WSW of Kenwood, CA",1764572196600
-122.9155,49.04516666666667,19.19,1.76,"9 km WNW of White Rock, Canada",1764571937430
-66.7603333333333,18.5885,78.59,3.22,"12 km NNE of Carrizales, Puerto Rico",1764571212990
-81.1796,-5.8559,35.0,4.2,"51 km SW of Sechura, Peru",1764571020831
-122.47983333333333,48.409333333333336,20.02,2.11,"2 km NNE of La Conner, Washington",1764570978940
-110.837666666667,44.8021666666667,4.88,0.33,"22 km SSW of Mammoth, Wyoming",1764570867400
-117.9205,33.9323333333333,7.61,0.99,"2 km E of La Habra, CA",1764569985790
-67.3578333333333,18.2085,11.92,3.3,"17 km SW of Stella, Puerto Rico",1764569761090
-164.676166666667,54.4683333333333,1.81,1.11,"80 km ENE of Akutan, Alaska",1764569685110
-116.673,33.9798333333333,13.16,0.84,"11 km SW of Morongo Valley, CA",1764569602740
-116.790666666667,33.6816666666667,17.69,0.88,"9 km SW of Idyllwild, CA",1764567943260
-122.778999328613,38.7941665649414,1.39999997615814,0.46,"3 km NW of The Geysers, CA",1764567715010
-122.796836853027,38.824333190918,2.48000001907349,1.07,"6 km NW of The Geysers, CA",1764567548640
-116.6635,33.5655,8.25,0.34,"1 km NE of Anza, CA",1764566818410
-100.64,32.758,8.8135,1.1,"17 km NE of Hermleigh, Texas",1764566606570
-122.784164428711,38.813835144043,0.959999978542328,0.75,"5 km NNW of The Geysers, CA",1764566541960
-155.4865,19.2018333333333,35.85,1.68,"0 km W of Pāhala, Hawaii",1764566173480
-121.12516784668,36.5026664733887,9.09000015258789,1.96,"4 km SSE of Pinnacles, CA",1764565821980
-154.539333333333,58.3815,9.72,0.0,"90 km N of Karluk, Alaska",1764565107790
-155.414833333333,19.4183333333333,1.9,1.67,"19 km W of Volcano, Hawaii",1764565083830
-123.0985,48.120333333333335,7.11,0.68,"1 km SW of Jamestown, Washington",1764563847490
-100.644,32.758,8.3252,2.2,"17 km NE of Hermleigh, Texas",1764563471097
-155.502833333333,19.1928333333333,33.44,1.59,"2 km WSW of Pāhala, Hawaii",1764563217910
-116.5051,41.0537,5.2792,1.78,"50 km NW of Carlin, Nevada",1764563058382
-66.6221666666667,19.267,49.85,3.21,"88 km N of Arecibo, Puerto Rico",1764563013410
-122.805999755859,38.8226661682129,2.48000001907349,1.04,"7 km NW of The Geysers, CA",1764563001240
-155.50711059570312,57.91783905029297,10.54689884185791,1.559046197644726,"73 km WNW of Karluk, Alaska",1764562790857
-150.62315368652344,61.66033935546875,60.08492660522461,1.9563817494827904,"14 km NNW of Susitna, Alaska",1764562598591
-150.81314086914062,63.09587860107422,126.27552032470703,2.080195195924459,"66 km N of Petersville, Alaska",1764562181524
-122.739166259766,38.7709999084473,1.42999994754791,1.0,"2 km ESE of The Geysers, CA",1764560995480
-104.128,31.628,6.0999,1.6,"47 km NW of Toyah, Texas",1764560288561
-154.0431671142578,57.60431671142578,21.295995712280273,2.9524928814261444,"8 km NNW of Larsen Bay, Alaska",1764559908255
-116.5133,41.0675,4.2524,3.27,"52 km NW of Carlin, Nevada",1764559623489
-104.4712,37.294,3.654,2.1,"7 km N of El Moro, Colorado",1764559530623
-122.47716666666666,48.40683333333333,19.86,2.08,"2 km NE of La Conner, Washington",1764559323780
-151.823666666667,61.4508333333333,1.61,0.2,"52 km NW of Beluga, Alaska",1764558613890
-116.800833333333,34.254,1.02,1.05,"4 km E of Big Bear City, CA",1764557260110
-151.01168823242188,62.67679214477539,76.91348266601562,2.0399427538958563,"23 km NNW of Petersville, Alaska",1764556384365
-103.399,31.932,5.8307,1.2,"27 km SW of Jal, New Mexico",1764555776521
-64.7474,-18.3206,16.282,4.1,"47 km ESE of Aiquile, Bolivia",1764555755261
-126.1396,40.5687,10.0,2.6,"158 km W of Ferndale, California",1764555434731
-168.18,53.3891666666667,4.17,-0.03,"67 km NE of Nikolski, Alaska",1764555106460
-111.9235,40.4146666666667,1.75,1.01,"6 km WNW of Lehi, Utah",1764555088420
-123.608169555664,40.4643325805664,26.1000003814697,2.32,"37 km WSW of Hayfork, CA",1764554093600
-122.47516666666667,48.4075,20.17,1.8900000000000001,"2 km NE of La Conner, Washington",1764554026400
-150.65530395507812,59.1506233215332,23.95821762084961,3.008007607512327,"59 km SSE of Halibut Cove, Alaska",1764553866060
127.1211,7.3542,32.106,4.6,"60 km E of Baculin, Philippines",1764553304083
-101.926,32.118,8.5205,1.1,"13 km W of Stanton, Texas",1764553280126
-122.50383333333333,48.31516666666667,21.68,1.11,"8 km S of La Conner, Washington",1764553244320
-67.2764,-19.4176,227.844,4.1,"78 km SW of Challapata, Bolivia",1764553077834
-104.123,31.633,6.0999,1.8,"47 km NW of Toyah, Texas",1764552827310
-119.56533333333333,46.295833333333334,17.23,1.44,"6 km WNW of Benton City, Washington",1764552668240
-119.565,46.288,16.29,1.36,"6 km WNW of Benton City, Washington",1764552661130
-155.3165,19.3186666666667,30.08,1.66,"16 km SSW of Volcano, Hawaii",1764552116840
-166.567166666667,53.9398333333333,6.89,-0.08,"5 km NNW of Dutch Harbor, Alaska",1764551602290
-122.817665100098,38.8303337097168,2.0699999332428,0.75,"8 km NW of The Geysers, CA",1764551094990
-122.798835754395,38.826000213623,3.10999989509583,1.06,"7 km NW of The Geysers, CA",1764550927620
142.5397,42.1226,46.556,4.6,"20 km W of Urakawa, Japan",1764550080828
-150.785888671875,64.96575927734375,14.572600364685059,1.4233668549095277,"8 km WSW of Manley Hot Springs, Alaska",1764549916764
-163.9935,54.7491666666667,-2.98,1.23,"39 km WSW of False Pass, Alaska",1764549601730
-117.689333333333,35.037,0.05,1.6,"6 km NW of Boron, CA",1764549237230
-67.005,17.9615,13.75,2.12,"4 km ESE of La Parguera, Puerto Rico",1764549033470
-119.0126,39.0859,11.0968,2.22,"17 km NE of Yerington, Nevada",1764548739631
-147.31204223632812,64.98808288574219,1.8219728469848633,1.3802296246775156,"14 km ENE of Fox, Alaska",1764547241817
-89.8186666666667,36.0618333333333,8.62,2.24,"1 km NNW of Cooter, Missouri",1764546539500
-89.5253333333333,36.2901666666667,6.37,1.25,"4 km NW of Ridgely, Tennessee",1764546528610
-116.787833333333,33.679,17.41,0.56,"9 km SW of Idyllwild, CA",1764545341710
-104.319,31.662,6.0999,1.6,"57 km S of Whites City, New Mexico",1764544614986
130.1521,-2.9401,10.0,4.9,"137 km ENE of Masohi, Indonesia",1764544597461
-122.790168762207,38.8354988098145,2.08999991416931,1.19,"6 km WNW of Cobb, CA",1764543864560
-122.817169189453,38.8359985351562,1.97000002861023,1.08,"8 km W of Cobb, CA",1764543441570
-122.816497802734,38.8334999084473,1.83000004291534,0.57,"8 km NW of The Geysers, CA",1764542987220
-120.80433333333333,48.86983333333333,9.53,1.3800000000000001,"60 km NE of Marblemount, Washington",1764542704610
-95.75066667,34.66916667,14.0,1.91,"10 km ESE of Pittsburg, Oklahoma",1764542172710
-122.80249786377,38.8178329467773,2.15000009536743,1.39,"6 km NW of The Geysers, CA",1764541538250
-122.83699798584,38.8361663818359,1.30999994277954,0.77,"10 km NW of The Geysers, CA",1764541188050
-104.126,31.626,5.6256,1.6,"46 km NW of Toyah, Texas",1764541132670
-120.47833333333334,49.36066666666667,-0.37,2.31,"11 km SSE of Princeton, Canada",1764540787560
-151.43832397460938,60.6565933227539,64.99371337890625,1.8564435142850295,"7 km NW of Salamatof, Alaska",1764540779170
-116.788666666667,33.6863333333333,18.29,0.43,"9 km SW of Idyllwild, CA",1764540732020
-150.84234619140625,60.65458297729492,44.51114273071289,2.9042913389857907,"13 km NNW of Sterling, Alaska",1764540364375
-106.3501,40.6051,10.624,2.7,"15 km SSW of Walden, Colorado",1764539733857
-112.899666666667,38.5073333333333,1.93,1.85,"15 km NE of Milford, Utah",1764538911970
-101.158,32.368,7.959,1.2,"13 km W of Westbrook, Texas",1764538902302
-117.156666666667,34.0001666666667,13.34,0.87,"7 km SSE of Redlands, CA",1764538783250
-116.352166666667,34.6906666666667,1.01,2.21,"18 km W of Ludlow, CA",1764538423130
-104.246,31.649,7.5482,1.5,"56 km NW of Toyah, Texas",1764538386880
-152.2025,61.2561666666667,19.73,-0.67,"61 km WNW of Tyonek, Alaska",1764538283290
-117.567,35.7198333333333,3.27,0.65,"15 km NE of Ridgecrest, CA",1764538281560
-152.196166666667,61.263,20.06,-0.44,"61 km WNW of Tyonek, Alaska",1764538227530
-122.768333435059,38.8339996337891,13.460000038147,0.71,"4 km WNW of Cobb, CA",1764538176310
-150.40850830078125,60.23170852661133,30.78505325317383,1.9710551651736858,"35 km SSE of Funny River, Alaska",1764536628802
-155.4985,19.1716666666667,33.91,1.59,"4 km SSW of Pāhala, Hawaii",1764536171610
-116.819666666667,33.7053333333333,15.88,1.41,"8 km SE of Valle Vista, CA",1764536023210
-122.845169067383,38.8245010375977,2.14000010490417,0.49,"9 km NW of The Geysers, CA",1764535306230
-102.023,32.341,8.5693,0.6,"32 km NW of Stanton, Texas",1764533688099
-122.817832946777,38.8330001831055,2.63000011444092,0.71,"8 km NW of The Geysers, CA",1764533233300
-151.766357421875,60.64774703979492,79.9600830078125,2.3861915233839706,"24 km W of Salamatof, Alaska",1764532812372
-112.9015,38.5096666666667,2.43,1.54,"15 km NE of Milford, Utah",1764532016330
-152.3820343017578,59.70866394042969,73.91715240478516,2.32896803297747,"31 km WSW of Anchor Point, Alaska",1764531746999
-110.8465,44.7983333333333,5.04,1.17,"22 km SSW of Mammoth, Wyoming",1764531660830
-116.6515,33.4086666666667,3.57,1.14,"14 km N of Warner Springs, CA",1764530696120
-124.888,40.3666666666667,15.29,2.8,"51 km W of Petrolia, CA",1764529802320
-121.490669250488,37.0675010681152,6.46000003814697,2.13,"10 km NE of Gilroy, CA",1764529722670
-104.166,31.706,7.6636,1.5,"53 km W of Mentone, Texas",1764529257225
-97.70216667,36.5585,7.86,1.27,"3 km W of Hunter, Oklahoma",1764529088660
-122.815498352051,38.8460006713867,0.560000002384186,0.76,"8 km WNW of Cobb, CA",1764528180310
-154.942,58.2641666666667,10.72,0.79,"82 km NNW of Karluk, Alaska",1764528005900
-116.3465,33.3563333333333,12.09,0.55,"11 km NNE of Borrego Springs, CA",1764527490920
-121.942169189453,37.7569999694824,7.3600001335144,1.57,"4 km SE of San Ramon, CA",1764526408250
-102.055,32.367,6.7139,0.7,"36 km NW of Stanton, Texas",1764525744924
-162.290833333333,55.1563333333333,8.48,0.5,"10 km N of King Cove, Alaska",1764525038530
-116.945833333333,33.996,4.91,1.34,"8 km NNE of Beaumont, CA",1764524439890
-116.7925,33.6793333333333,17.35,1.11,"10 km SW of Idyllwild, CA",1764524228700
-150.29989624023438,61.0066909790039,53.43948745727539,2.4107580604933334,"23 km ENE of Point Possession, Alaska",1764524064592
-68.464,17.932,73.27,3.34,"51 km SSE of Boca de Yuma, Dominican Republic",1764523952940
-121.6855,37.181,4.95,0.64,"6 km NNW of Morgan Hill, CA",1764523950480
-121.688003540039,37.1821670532227,3.65000009536743,1.38,"6 km NNW of Morgan Hill, CA",1764523802670
-122.821166992188,38.8160018920898,2.67000007629395,0.33,"7 km NW of The Geysers, CA",1764523733490
-122.765502929688,38.8246650695801,2.02999997138977,0.76,"4 km W of Cobb, CA",1764523691590
141.8636,38.1993,53.844,4.6,"45 km SE of Onagawa Chō, Japan",1764523549947
-116.355333333333,33.3491666666667,12.24,1.48,"11 km N of Borrego Springs, CA",1764522205160
-84.1245,35.6883333333333,12.28,1.74,"5 km NE of Greenback, Tennessee",1764521610740
-101.009,32.094,7.0068,2.3,"28 km N of Sterling City, Texas",1764521602064
-111.010333333333,44.7495,6.27,0.58,"12 km NE of West Yellowstone, Montana",1764521551900
-122.978,48.623,14.25,1.1500000000000001,"3 km NW of Orcas, Washington",1764521433050
-118.826499938965,37.5181655883789,4.90999984741211,1.4,"14 km WSW of Toms Place, CA",1764520252670
-121.9855,47.837,21.57,1.1500000000000001,"2 km SSW of Monroe, Washington",1764520242530
145.7088,18.8237,199.289,4.8,"Pagan region, Northern Mariana Islands",1764519785248
-122.812164306641,38.8339996337891,1.75999999046326,1.09,"8 km W of Cobb, CA",1764519216690
-122.790168762207,38.8231658935547,1.37999999523163,0.76,"6 km W of Cobb, CA",1764519087830
-112.899,38.5128333333333,2.49,0.73,"16 km NE of Milford, Utah",1764518986900
-119.5165,48.780166666666666,17.61,1.8,"9 km ESE of Loomis, Washington",1764518477580
-110.848666666667,44.7961666666667,4.79,1.43,"23 km SSW of Mammoth, Wyoming",1764518440500
-119.52333333333333,48.80266666666667,16.43,2.77,"8 km ESE of Loomis, Washington",1764518016220
-155.404998779297,19.0226669311523,29.5599994659424,1.78,"19 km ESE of Naalehu, Hawaii",1764517816610
-122.815498352051,38.8294982910156,1.96000003814697,0.71,"8 km NW of The Geysers, CA",1764517415650
-119.511665344238,38.478832244873,6.55000019073486,2.61,"5 km SW of Walker, CA",1764515872090
-117.651666666667,34.164,10.17,1.75,"7 km N of Upland, CA",1764515509970
-117.655833333333,35.868,4.42,0.49,"24 km ESE of Little Lake, CA",1764515420120
-117.610833333333,35.8843333333333,9.14,-0.09,"23 km NW of Searles Valley, CA",1764515412520
-66.837,17.9815,14.76,2.12,"2 km SW of Indios, Puerto Rico",1764515266980
-155.404333333333,19.2641666666667,30.03,1.26,"10 km NE of Pāhala, Hawaii",1764514834300
-116.6566,41.2074,9.5471,2.79,"60 km NE of Valmy, Nevada",1764514738658
-122.135833740234,39.4311676025391,27.7800006866455,3.11,"11 km SSE of Willows, CA",1764514567870
-122.467333333333,37.5968333333333,9.73,0.59,"3 km SE of Pacifica, CA",1764514468760
-152.90829467773438,60.01339721679688,112.8947982788086,2.4125067793401413,"65 km WNW of Anchor Point, Alaska",1764514163358
-120.247001647949,36.2031669616699,11.3400001525879,1.62,"12 km NE of Coalinga, CA",1764513690540
-148.8463134765625,62.11222076416016,30.9039306640625,2.03803072654679,"37 km N of Sutton-Alpine, Alaska",1764513087775
-117.233666666667,34.0261666666667,16.34,1.16,"4 km SE of Loma Linda, CA",1764512771730
-122.818496704102,38.8349990844727,1.76999998092651,1.05,"8 km NW of The Geysers, CA",1764512695560
-122.845336914062,38.8203315734863,2.47000002861023,1.3,"9 km WNW of The Geysers, CA",1764511953810
-122.845169067383,38.821834564209,2.1800000667572,0.76,"9 km WNW of The Geysers, CA",1764511891370
-122.785003662109,38.8026657104492,18.8899993896484,0.89,"4 km NW of The Geysers, CA",1764511832970
-102.171,32.121,6.4697,0.7,"16 km NNW of Midland, Texas",1764511358538
-122.803666666667,38.8231666666667,2.88,0.43,"7 km NW of The Geysers, CA",1764511348170
-152.309,61.1311666666667,4.93,0.55,"63 km W of Tyonek, Alaska",1764510859210
-117.095666666667,33.8948333333333,15.35,1.81,"11 km SSW of Calimesa, CA",1764510478220
-122.784166666667,38.8175,1.65,0.4,"5 km NNW of The Geysers, CA",1764510258390
-122.852333333333,38.8223333333333,2.34,0.26,"10 km WNW of The Geysers, CA",1764509834230
-122.7825,38.8181666666667,1.58,0.19,"5 km NNW of The Geysers, CA",1764509764390
-116.432166666667,33.4756666666667,12.07,0.35,"24 km SSW of La Quinta, CA",1764509470770
-122.8115,38.846,3.33,0.41,"8 km WNW of Cobb, CA",1764509416920
-110.704666666667,44.6713333333333,2.85,0.03,"31 km E of West Yellowstone, Montana",1764508754090
-122.78150177002,38.795166015625,3.28999996185303,0.98,"3 km NW of The Geysers, CA",1764508715590
-104.165,31.707,7.4457,1.7,"53 km W of Mentone, Texas",1764507293820
-152.29100036621094,61.11210250854492,8.478962898254395,1.5202045676637006,"62 km W of Tyonek, Alaska",1764506935390
-152.814666666667,60.5308333333333,33.64,-0.35,"82 km W of Salamatof, Alaska",1764505994020
-122.84400177002,38.8238334655762,2.23000001907349,0.75,"9 km NW of The Geysers, CA",1764505902780
-152.767833333333,60.5095,28.68,-0.29,"79 km NW of Ninilchik, Alaska",1764505891870
-121.589332580566,36.8450012207031,6.26999998092651,2.19,"5 km W of San Juan Bautista, CA",1764505565260
-172.4497,52.0899,63.743,4.3,"120 km E of Atka, Alaska",1764505484463
-143.8864,-56.1341,10.0,4.9,Pacific-Antarctic Ridge,1764505093450
-112.482666666667,36.902,15.52,1.13,"6 km SE of Fredonia, Arizona",1764504938420
-80.9151666666667,36.5046666666667,6.23,2.09,"4 km WSW of Lowgap, North Carolina",1764504709600
-122.2005,46.20466666666667,5.63,-0.2,"37 km NNE of Amboy, Washington",1764503514290
-146.60971069335938,61.54133987426758,31.11735534667969,1.6882604490174027,"47 km NNW of Valdez, Alaska",1764503501469
-66.9743333333333,17.9565,9.58,1.66,"7 km WSW of Fuig, Puerto Rico",1764502847060
-152.5284423828125,59.93769073486328,90.23403930664062,2.72025408767562,"42 km WNW of Anchor Point, Alaska",1764502694963
-122.814163208008,38.8308334350586,2.36999988555908,0.73,"8 km NW of The Geysers, CA",1764502348740
-122.4665,37.5963333333333,9.48,0.63,"3 km SE of Pacifica, CA",1764502133360
-122.29416666666667,46.6945,17.02,0.84,"8 km WSW of Mineral, Washington",1764501180400
-146.5022430419922,61.5855827331543,32.966190338134766,1.5018218691946723,"47 km SSE of Nelchina, Alaska",1764501169704
-103.131,31.931,4.3213,1.7,"8 km NNW of Kermit, Texas",1764500974645
-155.498833333333,19.3738333333333,7.58,1.44,"19 km N of Pāhala, Hawaii",1764500218560
-122.876502990723,38.8431663513184,2.52999997138977,0.43,"13 km NW of The Geysers, CA",1764499940280
-104.115,31.565,7.2406,1.8,"41 km NW of Toyah, Texas",1764499711724
-154.924333333333,58.2705,6.22,0.12,"82 km NNW of Karluk, Alaska",1764499610380
-122.835830688477,38.8406677246094,0.469999998807907,1.0,"10 km NW of The Geysers, CA",1764499203000
139.1243,-2.1694,10.0,4.4,"174 km WNW of Abepura, Indonesia",1764498999452
-123.52166666666666,47.5925,39.8,0.93,"31 km ENE of Amanda Park, Washington",1764498851550
-142.75807189941406,60.57448959350586,26.07241630554199,1.0614080073384546,"96 km S of McCarthy, Alaska",1764498477939
-150.6066436767578,63.14408111572266,119.3301010131836,2.1408703475157425,"71 km SE of Denali National Park, Alaska",1764498450693
-66.7893333333333,17.8876666666667,5.36,2.44,"12 km SSE of Indios, Puerto Rico",1764498206870
-120.782333374023,35.5471649169922,5.34999990463257,1.96,"7 km W of Templeton, CA",1764497890570
-154.920333333333,58.2726666666667,7.17,0.33,"83 km NNW of Karluk, Alaska",1764497833880
-176.5272,-27.3264,35.0,5.3,Kermadec Islands region,1764497137884
-140.9936,66.5637,10.0,2.8,"121 km E of Chalkyitsik, Alaska",1764496121494
-120.782833333333,35.553,4.25,0.99,"7 km W of Templeton, CA",1764495172620
-66.8385,17.9746666666667,16.74,2.15,"2 km SW of Indios, Puerto Rico",1764494753810
-116.769,33.6678333333333,15.14,0.59,"9 km SSW of Idyllwild, CA",1764493955040
-151.2870330810547,61.20837783813477,74.52490997314453,2.1604841348666564,"13 km NW of Beluga, Alaska",1764493515415
-146.93505859375,61.68809509277344,35.17891311645508,1.9082580334035582,"30 km SSE of Eureka Roadhouse, Alaska",1764493301778
-122.836502075195,38.8381652832031,1.17999994754791,0.72,"10 km NW of The Geysers, CA",1764492677640
-122.81600189209,38.8293342590332,2.0,0.66,"8 km NW of The Geysers, CA",1764492525990
-104.359,31.658,6.0999,1.7,"57 km S of Whites City, New Mexico",1764491947284
179.654,-25.6501,508.922,4.4,south of the Fiji Islands,1764491914348
128.8467,-1.8922,10.0,4.7,"156 km N of Masohi, Indonesia",1764491509628
-178.2521,51.2264,37.278,3.4,"133 km WSW of Adak, Alaska",1764491455347
-66.9356666666667,17.9393333333333,13.67,2.46,"4 km SW of Guánica, Puerto Rico",1764490843850
-122.447333333333,38.8343333333333,7.81,1.23,"10 km ENE of Hidden Valley Lake, CA",1764490069240
-116.7915,33.6835,17.09,0.81,"9 km SW of Idyllwild, CA",1764489490950
-117.219166666667,33.966,12.77,0.56,"4 km N of Moreno Valley, CA",1764489410280
-70.6756,-17.3056,120.52,4.3,"21 km NW of Ilabaya, Peru",1764489220970
-122.789833333333,38.8351666666667,1.77,0.54,"6 km WNW of Cobb, CA",1764489033400
-116.899333333333,33.3785,5.32,0.38,"4 km NW of Palomar Observatory, CA",1764488956750
-116.414833333333,33.0643333333333,5.09,0.87,"18 km E of Julian, CA",1764488086520
-127.7197,43.6833,10.0,3.0,"275 km WNW of Bandon, Oregon",1764487935288
-122.784332275391,38.8368339538574,1.96000003814697,0.73,"6 km WNW of Cobb, CA",1764487620840
112.9248,-8.4978,144.96,4.4,"37 km SSE of Dampit, Indonesia",1764487547024
-150.95928955078125,61.60894775390625,75.91831970214844,1.7583957407185598,"24 km WNW of Susitna, Alaska",1764487493461
-117.821833333333,36.0996666666667,7.92,0.89,"13 km ENE of Coso Junction, CA",1764486684150
-66.0436666666667,18.3755,98.58,3.26,"4 km WNW of Trujillo Alto, Puerto Rico",1764486029490
-104.403,31.662,6.0999,1.6,"57 km S of Whites City, New Mexico",1764485463532
-122.789497375488,38.8349990844727,1.82000005245209,1.09,"6 km WNW of Cobb, CA",1764485444580
-117.541,35.682,7.24,2.01,"14 km ENE of Ridgecrest, CA",1764485364950
-122.814163208008,38.8313331604004,2.4300000667572,1.01,"8 km NW of The Geysers, CA",1764485115960
-164.5689,53.1221,32.235,3.4,"138 km SE of Akutan, Alaska",1764484972009
-122.761833190918,38.7933349609375,0.660000026226044,1.08,"2 km NNW of The Geysers, CA",1764484815150
-122.793502807617,38.8213348388672,-0.560000002384186,1.08,"6 km NNW of The Geysers, CA",1764484526010
-104.328,31.669,6.0999,1.6,"56 km S of Whites City, New Mexico",1764482746141
-151.45594787597656,61.51802062988281,74.35282897949219,1.7398063832134705,"46 km NNW of Beluga, Alaska",1764482344530
-116.776833333333,33.6731666666667,15.1,0.72,"9 km SW of Idyllwild, CA",1764482072050
-166.623,53.895,7.33,0.38,"5 km W of Dutch Harbor, Alaska",1764482037080
-117.422333333333,35.6221666666667,7.71,0.95,"16 km S of Searles Valley, CA",1764481414620
-84.6511,1.6882,10.0,4.5,off the coast of Ecuador,1764480867570
-116.7755,33.6723333333333,14.62,0.21,"9 km SW of Idyllwild, CA",1764480274440
-122.25883333333333,46.17483333333333,3.64,0.2,"32 km NNE of Amboy, Washington",1764479662920
-149.0090789794922,64.78553009033203,7.456307888031006,1.181113065031167,"21 km NNE of Four Mile Road, Alaska",1764478942949
-122.845169067383,38.8230018615723,1.42999994754791,1.04,"9 km WNW of The Geysers, CA",1764478522740
-117.408166666667,34.2,13.07,0.95,"2 km SSW of Devore, CA",1764478508340
-101.961,32.379,3.4424,0.8,"28 km SW of Ackerly, Texas",1764477628997
-101.294,32.275,7.7393,1.4,"2 km SSE of Coahoma, Texas",1764477594487
-155.492833333333,19.2043333333333,32.47,3.49,"1 km W of Pāhala, Hawaii",1764477573300
-150.0374298095703,61.84951400756836,28.768714904785156,1.6838339811555052,"11 km N of Willow, Alaska",1764477044284
-101.916,31.839,8.7158,2.2,"23 km SE of Midland, Texas",1764475750894
-122.770500183105,38.8041648864746,1.20000004768372,1.28,"3 km NNW of The Geysers, CA",1764475496510
-122.807830810547,38.8251647949219,1.54999995231628,0.21,"7 km NW of The Geysers, CA",1764475106400
-101.96,32.382,3.7598,0.6,"27 km SW of Ackerly, Texas",1764474661803
-122.807998657227,38.8241653442383,1.72000002861023,0.8,"7 km NW of The Geysers, CA",1764474477670
-66.834,18.0211666666667,16.49,2.99,"2 km SE of Yauco, Puerto Rico",1764474353730
-122.781829833984,38.8370018005371,1.3400000333786,0.75,"5 km WNW of Cobb, CA",1764474190730
-66.8285,17.9625,12.33,2.44,"3 km SSW of Indios, Puerto Rico",1764473969670
-104.128,31.623,6.0999,1.5,"46 km NW of Toyah, Texas",1764473230052
-116.464666666667,32.9478333333333,7.97,1.26,"15 km NNE of Pine Valley, CA",1764472575950
-121.467833333333,37.0071666666667,6.25,0.99,"9 km E of Gilroy, CA",1764471782260
-118.605833333333,34.9666666666667,6.83,1.01,"21 km N of Neenach, CA",1764471728380
-104.421,31.681,5.2283,1.6,"55 km S of Whites City, New Mexico",1764471587614
-117.563166666667,34.0416666666667,8.9,0.95,"6 km ESE of Ontario, CA",1764471210130
-69.1533,-28.4984,98.043,4.5,"96 km WNW of Vinchina, Argentina",1764471106833
-148.8602294921875,61.03719329833984,12.58613109588623,2.2029984520378267,"19 km ENE of Girdwood, Alaska",1764470680638
-149.23802185058594,61.88664245605469,5.0,2.4797134543267494,"15 km N of Fishhook, Alaska",1764470468013
-120.361833333333,36.252,10.46,2.36,"12 km N of Coalinga, CA",1764470132570
-155.473999023438,19.1673336029053,33.5400009155273,1.73,"3 km S of Pāhala, Hawaii",1764469913940
-116.380833333333,33.3835,3.29,1.64,"14 km N of Borrego Springs, CA",1764468892980
-96.75016667,35.54283333,6.65,1.36,"8 km NW of Prague, Oklahoma",1764468852380
-122.8155,38.8331666666667,1.76,0.34,"8 km NW of The Geysers, CA",1764468536440
-96.7535,35.53833333,6.62,0.96,"8 km NW of Prague, Oklahoma",1764468428830
-96.74483333,35.53766667,6.69,0.83,"7 km NW of Prague, Oklahoma",1764468328859
-97.70083333,36.55866667,7.48,2.25,"3 km W of Hunter, Oklahoma",1764468314160
-116.371666666667,33.386,3.8,0.75,"14 km N of Borrego Springs, CA",1764468273430
-122.730834960938,38.7573318481445,2.09999990463257,1.01,"3 km SE of The Geysers, CA",1764468044330
-122.727833333333,38.7565,2.24,0.35,"3 km SE of The Geysers, CA",1764468025220
-118.448333333333,32.8435,5.75,2.89,"10 km WNW of San Clemente Is. (SE tip), CA",1764468018070
-122.782997131348,38.8368339538574,1.48000001907349,0.79,"5 km WNW of Cobb, CA",1764467960220
-150.04730224609375,61.62673950195312,29.125024795532227,1.4828461382553775,"12 km W of Houston, Alaska",1764467955075
-122.74983215332,38.7900009155273,0.610000014305115,1.06,"2 km NNE of The Geysers, CA",1764467949210
-155.267669677734,19.4025001525879,2.69000005722046,1.84,"5 km SW of Volcano, Hawaii",1764466656050
-104.395,31.658,6.0999,2.0,"57 km S of Whites City, New Mexico",1764466547949
-121.216833333333,36.6091666666667,5.22,0.82,"11 km NW of Pinnacles, CA",1764466519550
-122.463833333333,37.6441666666667,3.81,0.62,"4 km S of Colma, CA",1764466447930
-122.782833333333,38.8376666666667,1.15,0.35,"5 km WNW of Cobb, CA",1764465285800
-122.817832946777,38.8316650390625,1.48000001907349,0.67,"8 km NW of The Geysers, CA",1764464800860
-121.2525,37.2093333333333,0.99,1.0,"23 km WSW of Gustine, CA",1764464772100
-146.989501953125,64.39959716796875,6.591856479644775,1.3901514586442165,"14 km SSW of Salcha, Alaska",1764462970857
-122.785163879395,38.8386650085449,1.64999997615814,0.34,"6 km WNW of Cobb, CA",1764462451940
-122.798166666667,38.8283333333333,1.83,0.39,"7 km W of Cobb, CA",1764461626350
-97.9483,37.2635,5.0,2.9,"5 km WSW of Danville, Kansas",1764461319068
-155.177333333333,19.3361666666667,5.58,1.64,"13 km SSE of Volcano, Hawaii",1764461239220
-122.876663208008,38.8429985046387,2.28999996185303,1.04,"13 km NW of The Geysers, CA",1764460881820
-123.606,38.7181666666667,1.4,1.72,"13 km W of Sea Ranch, CA",1764460574460
-159.404333333333,56.2015,3.93,1.0,"33 km N of Ivanof Bay, Alaska",1764460178160
-122.8255,38.808,1.52,-0.13,"7 km WNW of The Geysers, CA",1764460162550
-122.5645,37.7658333333333,11.47,1.34,"7 km NW of San Francisco Zoo, CA",1764460057940
-176.581,-27.2047,43.268,5.3,Kermadec Islands region,1764459766686
-117.5855,35.7128333333333,10.7,0.58,"13 km NE of Ridgecrest, CA",1764459479100
-122.564,37.7648333333333,12.04,1.69,"6 km NW of San Francisco Zoo, CA",1764458545140
-121.587333333333,36.8468333333333,5.66,1.46,"4 km W of San Juan Bautista, CA",1764458017100
-121.957,46.9415,5.04,0.13,"16 km SSE of Carbonado, Washington",1764457500010
-149.24044799804688,64.12847137451172,5.063174724578857,1.289868845831034,"13 km NNW of Ferry, Alaska",1764457105430
-104.414,31.679,5.8435,0.8,"55 km S of Whites City, New Mexico",1764457037168
-147.9933319091797,64.40839385986328,17.241544723510742,0.6309766867373547,"45 km SSW of South Van Horn, Alaska",1764456937907
147.3093,-56.5406,10.0,5.8,west of Macquarie Island,1764456470311
-111.036333333333,44.6006666666667,8.14,0.12,"8 km SE of West Yellowstone, Montana",1764456136690
-138.0628204345703,58.18468856811523,5.393759250640869,2.15912149002272,"101 km W of Elfin Cove, Alaska",1764455406839
-122.1145,40.591,17.16,1.69,"7 km ENE of Millville, CA",1764455362500
-119.5813,41.9326,0.7341,2.91,"47 km E of Fort Bidwell, California",1764455161054
-121.586833333333,36.8413333333333,5.64,1.08,"4 km W of San Juan Bautista, CA",1764454951710
-155.491333007812,19.3680000305176,5.88000011444092,1.76,"18 km N of Pāhala, Hawaii",1764453680100
143.2874,39.7484,28.543,4.4,"116 km E of Miyako, Japan",1764452791725
-122.803169250488,38.8313331604004,2.15000009536743,0.27,"7 km W of Cobb, CA",1764452678360
-141.20596313476562,60.16840744018555,5.0,1.756521472305551,"107 km NW of Yakutat, Alaska",1764452357346
-122.19116666666666,46.1955,5.82,-0.25,"37 km NNE of Amboy, Washington",1764451979350
-122.818666666667,38.8313333333333,1.92,0.32,"8 km NW of The Geysers, CA",1764451927750
-178.9458,-21.2206,648.648,4.2,Fiji region,1764451544011
-122.811333333333,38.843,2.15,0.38,"8 km WNW of Cobb, CA",1764451248530
-151.2655792236328,60.4891586303711,26.207958221435547,1.8019201549453283,"7 km S of Kenai, Alaska",1764451125798
-118.5735,35.354,3.23,1.42,"27 km SSW of Bodfish, CA",1764449729530
-104.111,31.573,6.7664,1.6,"41 km NW of Toyah, Texas",1764449142892
-104.129,31.624,5.7538,1.6,"46 km NW of Toyah, Texas",1764448959685
-116.755833333333,34.0318333333333,10.57,0.65,"13 km NNE of Cabazon, CA",1764448362140
-104.125,31.624,6.087,2.2,"46 km NW of Toyah, Texas",1764447909874
-97.42116667,35.67516667,5.93,1.4,"5 km ENE of Edmond, Oklahoma",1764447592820
-155.686004638672,20.2628326416016,10.9200000762939,1.83,"10 km ENE of Hala‘ula, Hawaii",1764447403570
-122.739669799805,38.8105010986328,2.75,0.77,"2 km SW of Cobb, CA",1764447138630
-123.234,39.2971666666667,6.5,1.16,"4 km NW of Redwood Valley, CA",1764446603540
120.9937,20.9089,10.0,4.9,"113 km WNW of Basco, Philippines",1764446515543
-116.762333333333,34.0286666666667,9.93,1.1,"13 km N of Cabazon, CA",1764446101440
-123.523333333333,39.219,-0.4,1.31,"21 km E of Navarro Head, CA",1764445986220
-110.979833333333,44.5953333333333,8.92,1.5,"12 km SE of West Yellowstone, Montana",1764445516980
-101.669,32.445,6.665,1.2,"10 km SSE of Ackerly, Texas",1764445317168
-104.409,31.677,6.0999,1.5,"55 km S of Whites City, New Mexico",1764444704427
-146.46665954589844,61.53277587890625,19.90972137451172,2.035247599360803,"45 km N of Valdez, Alaska",1764444617650
-122.772666931152,38.7866668701172,1.03999996185303,0.52,"2 km NW of The Geysers, CA",1764444359430
-97.22483333,36.039,7.69,2.14,"9 km N of Coyle, Oklahoma",1764444342210
-121.7675,37.406,-0.51,1.35,"7 km NE of Alum Rock, CA",1764444319610
-104.395,31.662,6.0999,2.2,"56 km S of Whites City, New Mexico",1764443850937
-117.585833333333,35.7665,7.18,0.78,"16 km W of Searles Valley, CA",1764443833630
-97.19933333,35.85133333,8.55,1.15,"4 km ENE of Meridian, Oklahoma",1764443720260
-122.711502075195,38.77783203125,1.86000001430511,1.13,"2 km W of Anderson Springs, CA",1764443176940
-155.804840087891,19.4988327026367,61.3699989318848,2.1,"7 km NE of Honaunau-Napoopoo, Hawaii",1764442712810
-116.613833333333,33.4641666666667,10.41,0.45,"12 km SSE of Anza, CA",1764442600580
-122.4425,38.8326666666667,6.1,1.04,"10 km ENE of Hidden Valley Lake, CA",1764442596080
-155.177666666667,58.239,4.05,-0.22,"86 km NNW of Karluk, Alaska",1764442300330
-123.613333333333,38.9056666666667,5.98,1.35,"7 km E of Point Arena, CA",1764441689010
-112.901166666667,38.5143333333333,2.32,0.28,"16 km NE of Milford, Utah",1764441074070
-121.693,37.3335,8.06,1.74,"12 km ESE of Alum Rock, CA",1764440488380
-118.366166666667,34.1541666666667,14.32,0.83,"2 km NW of Universal City, CA",1764440477300
-175.9123,-27.0338,10.0,4.8,Kermadec Islands region,1764440308320
-117.563666666667,35.6366666666667,6.58,0.41,"10 km E of Ridgecrest, CA",1764440089770
-122.307166666667,40.0541666666667,62.15,2.94,"9 km ENE of Rancho Tehama Reserve, CA",1764439822040
-116.782333333333,33.9283333333333,9.91,0.92,"1 km NNE of Cabazon, CA",1764439409290
-152.18896484375,64.98379516601562,1.0141934156417847,1.5844147939756927,"21 km SSW of Tanana, Alaska",1764439179595
-121.693666666667,37.3306666666667,7.98,0.92,"12 km ESE of Alum Rock, CA",1764438640140
-150.6033935546875,61.61918640136719,61.79110717773438,2.205365137045549,"9 km NNW of Susitna, Alaska",1764438570808
-122.796165466309,38.8141670227051,2.60999989509583,0.41,"5 km NW of The Geysers, CA",1764438082190
-121.693333333333,37.3325,8.19,0.94,"12 km ESE of Alum Rock, CA",1764437940750
-69.0253,18.3297,134.263,3.2,"12 km SSW of La Romana, Dominican Republic",1764437763093
-149.7490234375,61.59281158447266,36.03026580810547,1.603999560314665,"5 km SE of Houston, Alaska",1764437711798
-104.411,31.679,6.0999,1.5,"55 km S of Whites City, New Mexico",1764437331286
-122.819,38.8305,1.73,0.25,"8 km NW of The Geysers, CA",1764436892950
-122.818496704102,38.829833984375,1.76999998092651,1.34,"8 km NW of The Geysers, CA",1764436864020
-149.56678771972656,62.61455154418945,62.61056518554688,1.2836733056213239,"33 km ENE of Chase, Alaska",1764436305415
-121.465666666667,37.0005,5.52,1.34,"9 km E of Gilroy, CA",1764435977760
-121.636,37.2575,5.14,0.9,"14 km N of Morgan Hill, CA",1764435700910
-122.766333333333,38.8236666666667,2.33,0.21,"4 km W of Cobb, CA",1764435635180
-146.46823120117188,61.49210739135742,18.979379653930664,1.7455541121882696,"40 km N of Valdez, Alaska",1764435220079
-122.741165161133,38.7820014953613,0.349999994039536,1.06,"1 km ENE of The Geysers, CA",1764434882790
-155.2625,19.381,2.31,1.59,"7 km SSW of Volcano, Hawaii",1764434264960
-126.746,42.5013,10.0,2.6,"186 km W of Port Orford, Oregon",1764434166084
-101.536,32.336,4.3213,1.0,"10 km NNW of Big Spring, Texas",1764434126548
-122.8525,38.829,1.83,0.25,"10 km NW of The Geysers, CA",1764433767530
-116.789833333333,33.6833333333333,17.33,0.6,"9 km SW of Idyllwild, CA",1764433720370
-112.898666666667,38.511,2.44,0.55,"16 km NE of Milford, Utah",1764433640990
-147.69082641601562,63.20096206665039,1.1819558143615723,2.1408626742184063,"66 km ESE of Cantwell, Alaska",1764433413203
-115.245,32.5671666666667,16.19,1.91,"10 km E of Puebla, B.C., MX",1764433233200
-122.814498901367,38.8296661376953,1.60000002384186,0.71,"8 km NW of The Geysers, CA",1764432567350
-122.7675,38.8188333333333,2.76,0.42,"4 km W of Cobb, CA",1764432443430
-153.058833333333,60.0498333333333,1.43,-0.62,"65 km ENE of Pedro Bay, Alaska",1764432403730
-154.2092742919922,62.21493530273438,5.0,2.6089295328414734,"89 km S of Nikolai, Alaska",1764431500765
-119.5889,41.9111,3.8844,1.96,"47 km E of Fort Bidwell, California",1764431322094
-150.6387176513672,61.62825012207031,61.94198989868164,1.645885731120839,"11 km NW of Susitna, Alaska",1764430835349
-110.6765,44.67,5.6,0.11,"33 km E of West Yellowstone, Montana",1764430444520
-116.8135,34.189,2.25,1.1,"9 km SSE of Big Bear City, CA",1764430392460
122.0306,0.3694,176.614,4.8,"116 km W of Gorontalo, Indonesia",1764429785928
-115.244666666667,32.5668333333333,14.8,2.34,"10 km E of Puebla, B.C., MX",1764429142240
-117.6975,35.9051666666667,2.31,0.87,"19 km E of Little Lake, CA",1764428677720
-155.369003295898,19.2058334350586,31.3600006103516,1.72,"11 km E of Pāhala, Hawaii",1764428094340
-155.480667114258,19.1936664581299,30.1900005340576,1.84,"1 km SSW of Pāhala, Hawaii",1764427903290
-153.093333333333,60.0295,-0.91,-0.34,"62 km ENE of Pedro Bay, Alaska",1764427478250
-150.49075317382812,60.72754669189453,44.01198196411133,1.5954104922598613,"24 km SSE of Point Possession, Alaska",1764427143611
-103.156,31.98,4.3054,1.2,"14 km NNW of Kermit, Texas",1764426942613
-155.493,19.169,33.27,1.51,"4 km SSW of Pāhala, Hawaii",1764426658100
-122.816665649414,38.8296661376953,1.87000000476837,0.45,"8 km NW of The Geysers, CA",1764426648980
-153.077,60.0083333333333,-0.83,-0.71,"62 km ENE of Pedro Bay, Alaska",1764426496670
-155.495166666667,19.175,33.3,2.76,"3 km SSW of Pāhala, Hawaii",1764425670600
-150.98695373535156,61.6150131225586,64.80498504638672,2.257502155882801,"26 km WNW of Susitna, Alaska",1764425616677
-121.938333333333,37.757,7.55,1.4,"4 km SE of San Ramon, CA",1764425016530
-101.667,32.444,6.1768,0.7,"10 km SSE of Ackerly, Texas",1764424793676
-115.239833333333,32.5665,15.77,1.61,"11 km E of Puebla, B.C., MX",1764424711040
-115.239333333333,32.5656666666667,14.97,1.64,"11 km E of Puebla, B.C., MX",1764424710990
-122.494333333333,38.5303333333333,9.22,1.07,"3 km NW of Saint Helena, CA",1764424695610
-115.2365,32.5528333333333,12.88,1.96,"11 km E of Puebla, B.C., MX",1764424680580
-151.18836975097656,60.12265396118164,55.14888000488281,3.086790052978194,"16 km SE of Clam Gulch, Alaska",1764424569920
-149.98583984375,61.83206176757812,32.97688674926758,1.6961848227485465,"9 km NNE of Willow, Alaska",1764424449126
-122.793166666667,38.8228333333333,2.76,0.35,"6 km NNW of The Geysers, CA",1764424296220
-149.16238403320312,63.04121398925781,5.92745304107666,1.1354251697401196,"40 km SSW of Cantwell, Alaska",1764423843857
170.6927,-13.666,637.509,4.5,Vanuatu region,1764423692800
-102.304,31.958,5.7892,0.5,"9 km SE of Gardendale, Texas",1764423461262
138.1473,9.6239,10.0,4.6,"12 km NNE of Colonia, Micronesia",1764422988207
-121.939333333333,37.7593333333333,7.99,1.31,"4 km SE of San Ramon, CA",1764422293230
-155.476166666667,58.0436666666667,4.5,0.48,"80 km NW of Karluk, Alaska",1764421924050
-121.193666666667,36.5906666666667,1.59,1.43,"8 km NW of Pinnacles, CA",1764421584990
-149.73077392578125,62.18394088745117,54.06771087646484,1.8989413826866148,"6 km ENE of Susitna North, Alaska",1764421307438
-146.56649780273438,61.58147048950195,20.52183723449707,1.6418117091858753,"46 km SSE of Nelchina, Alaska",1764421248461
-112.890333333333,38.5126666666667,1.75,1.25,"16 km NE of Milford, Utah",1764421051750
-122.745834350586,38.7794990539551,0.509999990463257,0.85,"1 km ENE of The Geysers, CA",1764420981380
-116.815,33.9241666666667,6.56,2.17,"3 km WNW of Cabazon, CA",1764420501560
-150.09690856933594,61.40859603881836,59.32194900512695,1.2911931498353373,"8 km NW of Point MacKenzie, Alaska",1764420401356
-153.1045,60.0128333333333,0.0,-0.92,"61 km ENE of Pedro Bay, Alaska",1764419553090
-149.65744018554688,62.14170837402344,0.006686070002615452,2.038945841055438,"10 km ESE of Susitna North, Alaska",1764419348606
-146.8688201904297,64.47667694091797,5.0,1.3007428102099066,"5 km SSE of Salcha, Alaska",1764419259436
-116.724333333333,33.6436666666667,13.92,1.39,"11 km S of Idyllwild, CA",1764419073800
-145.1897430419922,65.62093353271484,2.800372362136841,1.8620003429700966,"18 km WNW of Central, Alaska",1764419003492
-152.85008239746094,58.74497604370117,62.48772811889648,2.43991197919314,"76 km N of Aleneva, Alaska",1764418791961
-36.3107,-61.1342,10.0,4.7,Scotia Sea,1764418514093
-121.5235,37.1335,8.14,0.86,"9 km NE of San Martin, CA",1764417508930
-153.25096130371094,59.60093688964844,110.10042572021484,1.8402470771105384,"52 km ESE of Pedro Bay, Alaska",1764417256037
-151.74546813964844,59.28324508666992,68.5313491821289,2.311327652350627,"8 km SSE of Port Graham, Alaska",1764417190506
166.5035,-13.6752,10.0,5.0,"115 km W of Sola, Vanuatu",1764417003996
-155.362670898438,19.0568332672119,30.1000003814697,1.77,"20 km SE of Pāhala, Hawaii",1764416707820
-122.801834106445,38.8219985961914,2.6800000667572,1.05,"6 km NW of The Geysers, CA",1764416631640
-112.898833333333,38.5125,2.54,0.5,"16 km NE of Milford, Utah",1764416192430
-147.58193969726562,61.37485885620117,27.58555793762207,1.2592618998297633,"48 km S of Glacier View, Alaska",1764415892499
-112.899,38.5106666666667,2.2,0.86,"15 km NE of Milford, Utah",1764415688130
-121.6205,37.2343333333333,3.32,0.51,"12 km NNE of Morgan Hill, CA",1764415676930
-123.226666666667,38.97,7.14,1.33,"13 km ESE of Boonville, CA",1764415238180
-122.795997619629,38.8246650695801,2.76999998092651,0.71,"6 km NNW of The Geysers, CA",1764414860740
-110.680833333333,44.6691666666667,6.71,1.34,"33 km E of West Yellowstone, Montana",1764414471340
-122.766166687012,38.783332824707,4.46000003814697,0.75,"1 km NW of The Geysers, CA",1764414393370
-116.292,33.0265,7.24,0.86,"20 km SW of Ocotillo Wells, CA",1764413931440
-115.236666666667,32.5615,17.93,1.48,"11 km E of Puebla, B.C., MX",1764413742730
-154.9165,58.2575,4.96,0.22,"81 km NNW of Karluk, Alaska",1764413651280
-115.238833333333,32.5668333333333,18.51,2.24,"11 km E of Puebla, B.C., MX",1764413412590
-122.843170166016,38.8219985961914,1.88999998569489,0.63,"9 km WNW of The Geysers, CA",1764413375580
-115.244166666667,32.5605,17.23,2.16,"10 km E of Puebla, B.C., MX",1764413193630
-115.2515,32.5611666666667,16.17,2.51,"10 km E of Puebla, B.C., MX",1764413127880
-120.479666666667,36.3161666666667,12.19,1.47,"21 km ESE of New Idria, CA",1764412901640
-121.80983333333333,47.399,21.05,2.38,"6 km SSW of Wilderness Rim, Washington",1764412386900
-110.685166666667,44.6716666666667,1.71,0.24,"33 km E of West Yellowstone, Montana",1764412169100
-121.588333333333,36.8435,5.61,0.44,"4 km W of San Juan Bautista, CA",1764411849520
-151.52601623535156,61.14198303222656,82.21248626708984,2.3495853020683533,"22 km WNW of Tyonek, Alaska",1764411837538
-151.70663452148438,61.74818801879883,85.86210632324219,2.206192316252269,"31 km SSW of Skwentna, Alaska",1764411008671
-115.243,32.5603333333333,17.53,2.15,"10 km E of Puebla, B.C., MX",1764410936830
-153.032666666667,60.0661666666667,2.67,-0.8,"67 km ENE of Pedro Bay, Alaska",1764410691860
-112.9,38.51,2.76,1.67,"15 km NE of Milford, Utah",1764409678780
-152.309666666667,61.5766666666667,32.82,0.26,"66 km SW of Skwentna, Alaska",1764409149730
-118.442,36.1378333333333,7.31,1.73,"42 km WSW of Olancha, CA",1764409113730
-117.697666666667,35.9016666666667,2.32,1.33,"19 km ESE of Little Lake, CA",1764408906030
-152.778166666667,60.5338333333333,29.43,-0.55,"80 km W of Salamatof, Alaska",1764408732020
-122.879166666667,38.8455,2.83,0.27,"13 km ENE of Cloverdale, CA",1764407889770
-152.257,61.3166666666667,-2.67,-0.62,"66 km WNW of Beluga, Alaska",1764407685700
-155.498833333333,19.4873333333333,20.27,1.64,"28 km W of Volcano, Hawaii",1764407375710
-121.062166666667,36.4673333333333,6.7,1.04,"10 km SE of Pinnacles, CA",1764407285540
-116.7155,33.6506666666667,15.49,0.65,"10 km S of Idyllwild, CA",1764407145050
-116.716333333333,33.6501666666667,15.74,0.41,"10 km S of Idyllwild, CA",1764406826750
-153.081833333333,60.0448333333333,-2.11,-0.86,"64 km ENE of Pedro Bay, Alaska",1764406483240
-153.1694793701172,59.65375518798828,114.78744506835938,2.2808202072218444,"54 km ESE of Pedro Bay, Alaska",1764405918653
-121.734833333333,37.6193333333333,3.4,0.98,"8 km SSE of Livermore, CA",1764405708430
-145.4185791015625,63.35379791259766,6.116098880767822,2.2660516812887503,"31 km NNE of Paxson, Alaska",1764404425703
-116.571166666667,33.1348333333333,15.84,0.6,"7 km NNE of Julian, CA",1764403824740
-147.48329162597656,61.13558578491211,5.621367931365967,1.2128532896431423,"52 km NW of Tatitlek, Alaska",1764403822218
-155.346833333333,19.3188333333333,29.07,1.16,"18 km SW of Volcano, Hawaii",1764403594500
-155.433666666667,19.3176666666667,28.82,1.71,"13 km NNE of Pāhala, Hawaii",1764403502600
-112.885833333333,38.5091666666667,2.02,-0.1,"16 km NE of Milford, Utah",1764403448240
151.8477,-52.387,10.0,5.9,west of Macquarie Island,1764403433146
-152.1055,61.336,-3.18,-0.15,"59 km WNW of Beluga, Alaska",1764403059920
-110.673833333333,44.6618333333333,4.26,0.03,"34 km E of West Yellowstone, Montana",1764402733350
-121.591333333333,36.8463333333333,6.16,1.1,"5 km W of San Juan Bautista, CA",1764402554180
-121.592,36.847,6.7,2.81,"5 km W of San Juan Bautista, CA",1764402472300
-154.93861389160156,58.27595520019531,5.0,0.7986196526396762,"83 km NNW of Karluk, Alaska",1764402275672
-155.132827758789,19.2098331451416,39.9700012207031,1.8,"27 km SSE of Volcano, Hawaii",1764402171870
-122.815002441406,38.8455009460449,1.38999998569489,0.77,"8 km WNW of Cobb, CA",1764402095540
-122.814331054688,38.8445014953613,1.27999997138977,1.04,"8 km WNW of Cobb, CA",1764402041550
-155.04193115234375,58.2412338256836,5.0,1.0706052478058619,"82 km NNW of Karluk, Alaska",1764401963821
-155.427001953125,19.3106670379639,27.7299995422363,1.79,"13 km NNE of Pāhala, Hawaii",1764401734170
-122.814498901367,38.8451652526855,1.50999999046326,1.15,"8 km WNW of Cobb, CA",1764401676580
-122.456833333333,38.85,8.8,1.09,"10 km ENE of Hidden Valley Lake, CA",1764400984630
-155.1485,58.2426666666667,3.12,-0.51,"85 km NNW of Karluk, Alaska",1764400718100
-155.141166666667,58.2351666666667,0.97,-0.7,"84 km NNW of Karluk, Alaska",1764400672610
143.1774,21.5615,295.573,4.5,Mariana Islands region,1764399434283
-89.0824,13.266,84.208,4.9,"26 km SSW of El Rosario, El Salvador",1764399160672
-154.902166666667,58.1666666666667,2.28,-0.16,"71 km NNW of Karluk, Alaska",1764399091550
-122.182,46.20766666666667,8.01,0.0,"38 km NNE of Amboy, Washington",1764398913230
-99.2085,39.671,10.032,2.9,"7 km W of Kirwin, Kansas",1764398908002
-149.5710906982422,61.6183967590332,28.892757415771484,1.7680323936546078,"1 km ESE of Meadow Lakes, Alaska",1764398212986
130.8801,-5.9643,135.312,4.5,"210 km W of Tual, Indonesia",1764397981591
-118.4415,36.1386666666667,7.34,1.46,"42 km WSW of Olancha, CA",1764397429790
-122.7995,38.836,1.82,0.94,"7 km WNW of Cobb, CA",1764396652620
156.2583,-6.8657,162.783,5.1,"99 km SE of Kieta, Papua New Guinea",1764396300072
-116.791833333333,33.9613333333333,17.05,0.86,"5 km N of Cabazon, CA",1764395274160
-152.8070526123047,59.67387008666992,88.17488861083984,2.53896063450723,"56 km WSW of Anchor Point, Alaska",1764395004680
-147.6757354736328,63.16388702392578,10.05826473236084,1.4468730515912398,"68 km ESE of Cantwell, Alaska",1764393964336
-122.761497497559,38.7936668395996,2.32999992370605,0.79,"2 km NNW of The Geysers, CA",1764393873410
-104.26,31.724,6.8689,1.6,"51 km SSE of Whites City, New Mexico",1764393767965
-153.082166666667,60.0566666666667,0.92,-1.31,"64 km ENE of Pedro Bay, Alaska",1764393311430
-112.8965,38.5131666666667,2.22,0.8,"16 km NE of Milford, Utah",1764392953840
-164.038666666667,54.6808333333333,7.1,1.46,"44 km WSW of False Pass, Alaska",1764392640530
-112.895833333333,38.5091666666667,2.17,0.71,"15 km NE of Milford, Utah",1764392417070
-122.80899810791,38.8219985961914,2.77999997138977,0.74,"7 km NW of The Geysers, CA",1764392191960
-157.19972229003906,66.30886840820312,4.721022605895996,2.669295112191577,"64 km S of Shungnak, Alaska",1764391475745
-116.0103,40.472,5.1737,2.08,"27 km SSE of Carlin, Nevada",1764391457419
-149.89125061035156,62.90947723388672,75.36339569091797,1.4524704915967936,"52 km NNE of Chase, Alaska",1764391260511
-153.048166666667,60.0601666666667,2.92,-1.18,"66 km ENE of Pedro Bay, Alaska",1764391070850
-155.481,19.1731666666667,32.0,1.69,"3 km S of Pāhala, Hawaii",1764391051410
-149.368408203125,62.20453643798828,36.30290985107422,1.8520705807039066,"25 km E of Susitna North, Alaska",1764390703779
-13.5155,-8.0126,10.0,4.9,"99 km E of Georgetown, Saint Helena",1764390040469
-122.738334655762,38.7741661071777,1.1599999666214,1.04,"2 km ESE of The Geysers, CA",1764390038030
-115.625166666667,33.1476666666667,6.78,1.89,"11 km WNW of Calipatria, CA",1764389681900
-122.758,38.6176666666667,9.21,0.87,"9 km NNE of Windsor, CA",1764389560200
-141.0746307373047,60.04097747802734,16.031251907348633,1.9437471763621907,"93 km NW of Yakutat, Alaska",1764389553429
-116.7915,33.6806666666667,17.49,1.09,"9 km SW of Idyllwild, CA",1764388068310
-122.795829772949,38.8269996643066,2.70000004768372,0.95,"6 km W of Cobb, CA",1764388062770
-122.735168457031,38.771167755127,1.50999999046326,1.06,"2 km ESE of The Geysers, CA",1764387865000
156.1069,49.0406,29.933,5.1,"181 km S of Severo-Kuril’sk, Russia",1764387249763
-104.086,31.609,7.2919,1.5,"42 km NW of Toyah, Texas",1764386898819
-122.764503479004,38.7825012207031,3.73000001907349,1.29,"1 km NW of The Geysers, CA",1764386559520
-112.900333333333,38.51,1.94,1.32,"15 km NE of Milford, Utah",1764386441860
-122.461166666667,37.6508333333333,3.65,0.44,"3 km S of Colma, CA",1764386286530
-102.297,31.956,7.3486,1.1,"10 km SE of Gardendale, Texas",1764385802201
-104.13,31.627,6.0999,1.5,"47 km NW of Toyah, Texas",1764385719763
-122.80883026123,38.8361663818359,2.21000003814697,1.07,"8 km WNW of Cobb, CA",1764385482990
-152.358,61.2883333333333,2.86,-0.67,"70 km WNW of Tyonek, Alaska",1764385233880
-116.788166666667,33.6825,16.92,0.55,"9 km SW of Idyllwild, CA",1764385168890
-116.853166666667,33.8876666666667,13.82,1.02,"5 km SSE of Banning, CA",1764384717140
-116.371333333333,33.3855,4.14,0.78,"14 km N of Borrego Springs, CA",1764384210180
-104.126,31.625,6.0614,1.5,"46 km NW of Toyah, Texas",1764383609857
-175.4489,-25.1961,10.0,4.8,south of Tonga,1764383517381
-150.83047485351562,62.95542526245117,101.50599670410156,1.8015819090361687,"51 km N of Petersville, Alaska",1764383302219
-155.38771057128906,57.65538787841797,21.7706356048584,1.4211022465670993,"56 km W of Karluk, Alaska",1764383091847
-150.11688232421875,62.2435188293457,14.510910987854004,1.7207746758199043,"8 km S of Talkeetna, Alaska",1764382907766
-119.8152,41.7379,3.1977,1.82,"31 km ESE of Fort Bidwell, California",1764382705016
-151.80975341796875,62.3386116027832,94.17625427246094,1.690248511953813,"44 km NNW of Skwentna, Alaska",1764382454294
-122.855003356934,38.8276672363281,2.14000010490417,1.04,"10 km WNW of The Geysers, CA",1764382129570
-98.546,38.8161,9.804,2.6,"5 km SE of Dorrance, Kansas",1764382097915
-152.71192932128906,60.2367057800293,105.7587661743164,1.6901597756633475,"61 km WNW of Ninilchik, Alaska",1764381935216
-122.123166666667,37.7048333333333,6.89,1.06,"3 km N of San Lorenzo, CA",1764381782810
-140.55865478515625,60.1201400756836,17.391796112060547,1.8097682629961895,"79 km NW of Yakutat, Alaska",1764381677856
-153.080833333333,60.0238333333333,2.53,-1.17,"63 km ENE of Pedro Bay, Alaska",1764381240350
-122.760166666667,38.825,2.8,0.01,"3 km W of Cobb, CA",1764381230460
-116.3675,33.3868333333333,4.25,0.59,"15 km N of Borrego Springs, CA",1764381137150
-122.876663208008,38.8413314819336,2.46000003814697,0.69,"13 km NW of The Geysers, CA",1764380529190
-118.2255,34.317,8.25,1.33,"9 km N of La Crescenta-Montrose, CA",1764380452990
-122.474666666667,37.6516666666667,4.43,0.8,"3 km SSW of Colma, CA",1764380450860
-121.647333333333,37.2766666666667,7.08,0.93,"16 km N of Morgan Hill, CA",1764380112860
-150.2188262939453,61.15055847167969,42.55173873901367,1.902841033817162,"18 km WSW of Anchorage, Alaska",1764379946826
-122.762832641602,38.78466796875,3.4300000667572,0.69,"1 km NW of The Geysers, CA",1764379204410
-116.382,33.9886666666667,9.62,1.14,"11 km ENE of Desert Hot Springs, CA",1764379107090
-152.6595001220703,59.52473068237305,83.28662872314453,1.9874066854476045,"45 km WNW of Nanwalek, Alaska",1764378726448
-122.844833374023,38.820499420166,2.17000007629395,1.03,"9 km WNW of The Geysers, CA",1764378305780
-122.476,37.6546666666667,4.51,3.01,"3 km SSW of Colma, CA",1764378184630
-122.468833333333,37.6546666666667,3.28,0.14,"3 km SSW of Colma, CA",1764378075900
-66.7029,-23.9921,195.072,4.7,"46 km WNW of San Antonio de los Cobres, Argentina",1764377712637
-70.3915,-20.6529,48.959,4.0,"49 km SW of La Tirana, Chile",1764377312378
179.79063415527344,51.26480865478516,43.86172103881836,3.9369828411776346,"256 km WSW of Adak, Alaska",1764376986765
-147.4610137939453,64.9638900756836,1.354683756828308,1.422073915175604,"7 km E of Fox, Alaska",1764376631547
-122.768997192383,38.7830009460449,-0.479999989271164,0.56,"1 km WNW of The Geysers, CA",1764376215560
-122.472166666667,37.6555,4.21,1.44,"3 km SSW of Colma, CA",1764376096590
-122.929166666667,39.326,8.52,1.9,"9 km SSE of Lake Pillsbury, CA",1764375825370
-122.931,39.3305,8.81,1.96,"9 km SSE of Lake Pillsbury, CA",1764375539350
-116.836,33.9965,19.97,0.94,"9 km NNE of Banning, CA",1764375120620
-176.173833333333,52.096,6.81,1.28,"40 km NE of Adak, Alaska",1764374857510
-118.6155,35.1858333333333,6.46,0.7,"16 km WNW of Tehachapi, CA",1764374042490
-117.805166666667,35.35,8.23,1.49,"16 km W of Johannesburg, CA",1764373793170
-154.4989013671875,58.68111801147461,1.5552353858947754,1.4304756203973348,"85 km S of Kokhanok, Alaska",1764373700245
-121.4685,36.9985,6.34,0.96,"9 km E of Gilroy, CA",1764373494660
-121.84,37.9075,3.23,2.16,"9 km ESE of Clayton, CA",1764373386090
-150.5338897705078,62.0632209777832,52.88095474243164,2.056818236172184,"32 km SSW of Trapper Creek, Alaska",1764373134368
-122.732002258301,38.7636680603027,2.65000009536743,1.1,"3 km SE of The Geysers, CA",1764372619780
-103.246,31.138,0.9729,1.7,"20 km SW of Coyanosa, Texas",1764372419954
-115.918666666667,33.9473333333333,2.03,1.26,"26 km SSE of Twentynine Palms, CA",1764372320230
-155.261840820312,19.0461673736572,39.4799995422363,1.8,"28 km SE of Pāhala, Hawaii",1764371930480
-120.38533333333334,48.05083333333334,10.08,0.81,"21 km NW of Granite Falls, Washington",1764371793950
-116.789833333333,33.6816666666667,17.24,1.26,"9 km SW of Idyllwild, CA",1764371072560
96.3186,37.2248,10.0,4.6,"255 km SW of Yanglong, China",1764370411829
-13.4828,-47.4633,10.0,5.2,southern Mid-Atlantic Ridge,1764369989777
131.1575,29.0696,18.896,4.8,"142 km SSE of Koshima, Japan",1764369646069
-154.323,58.5618333333333,3.2,0.59,"99 km WNW of Aleneva, Alaska",1764369309780
-110.685,44.6891666666667,6.84,0.21,"31 km S of Mammoth, Wyoming",1764369251850
-110.685,44.6845,6.64,0.44,"32 km S of Mammoth, Wyoming",1764369242070
-121.406666666667,36.8845,9.82,1.07,"4 km N of Hollister, CA",1764369166910
-116.2755,32.9818333333333,9.98,1.03,"22 km SW of Ocotillo Wells, CA",1764368631660
-122.839500427246,38.8390007019043,1.11000001430511,0.17,"10 km NW of The Geysers, CA",1764367378390
-154.297666666667,58.5693333333333,5.53,1.09,"99 km NW of Aleneva, Alaska",1764367251080
-137.50445556640625,58.68343734741211,10.0,3.6354549054394645,"86 km NW of Elfin Cove, Alaska",1764367235813
-89.5218333333333,36.4026666666667,8.93,1.61,"5 km WNW of Tiptonville, Tennessee",1764367017280
-122.810165405273,38.8371658325195,2.0699999332428,0.7,"8 km WNW of Cobb, CA",1764366771390
-122.809669494629,38.8370018005371,1.87999999523163,1.04,"8 km WNW of Cobb, CA",1764366695450
-122.13866666666667,49.091166666666666,-0.84,1.27,"9 km ENE of Abbotsford, Canada",1764366466940
-110.680666666667,44.6721666666667,5.51,0.71,"33 km E of West Yellowstone, Montana",1764366149010
-152.846,60.6531666666667,9.49,-0.26,"83 km W of Salamatof, Alaska",1764365480710
-116.987833333333,34.3186666666667,5.69,0.51,"11 km NW of Big Bear Lake, CA",1764365342300
155.9822,49.2329,37.282,4.6,"160 km S of Severo-Kuril’sk, Russia",1764365025627
-116.791166666667,33.6835,17.52,0.7,"9 km SW of Idyllwild, CA",1764364985710
-148.77713012695312,63.54866409301758,7.188992977142334,1.491728092186685,"19 km NNE of Cantwell, Alaska",1764364961536
-149.3829345703125,62.28923797607422,31.16059684753418,2.057918946347115,"28 km ENE of Susitna North, Alaska",1764364359103
-110.681833333333,44.6716666666667,5.32,1.04,"33 km E of West Yellowstone, Montana",1764364224480
-161.2778,54.3423,35.0,3.1,"104 km SE of King Cove, Alaska",1764363986318
-122.818168640137,38.8339996337891,1.86000001430511,1.04,"8 km NW of The Geysers, CA",1764363705720
-122.813835144043,38.833667755127,1.69000005722046,1.53,"8 km W of Cobb, CA",1764363701940
-122.817169189453,38.8346672058105,1.75999999046326,1.64,"8 km W of Cobb, CA",1764363660130
-122.818336486816,38.8346672058105,1.78999996185303,1.04,"8 km NW of The Geysers, CA",1764363614950
-152.7965,60.6545,8.37,-0.14,"80 km W of Salamatof, Alaska",1764363070660
-122.761666666667,38.827,2.34,0.39,"3 km W of Cobb, CA",1764362856500
-155.172164916992,19.3314990997314,1.58000004291534,1.78,"13 km SSE of Volcano, Hawaii",1764362452080
-120.546,35.8493333333333,10.25,0.31,"12 km WSW of Parkfield, CA",1764362360970
-153.107166666667,60.0705,1.52,-0.52,"64 km ENE of Pedro Bay, Alaska",1764362226350
-146.57345581054688,61.49614715576172,20.434389114379883,2.4002551909577656,"42 km NNW of Valdez, Alaska",1764361560898
-116.956333333333,33.6856666666667,14.68,0.68,"7 km SSE of Hemet, CA",1764361150060
-101.402,32.181,5.9082,1.4,"8 km NNW of Forsan, Texas",1764360483487
-92.1208,15.3909,155.074,5.8,"4 km S of Amatenango de la Frontera, Mexico",1764360368615
-150.7416229248047,61.62150192260742,62.6772346496582,1.7753202858345527,"14 km NW of Susitna, Alaska",1764360144545
-112.894666666667,38.5123333333333,2.42,1.2,"16 km NE of Milford, Utah",1764359939790
-122.862666666667,38.7506666666667,3.4,1.0,"10 km WSW of The Geysers, CA",1764359834330
-155.369003295898,19.0478324890137,36.9599990844727,1.73,"20 km SE of Pāhala, Hawaii",1764359598920
-110.679,44.7223333333333,4.26,1.12,"28 km S of Mammoth, Wyoming",1764359130330
130.1412,-6.7707,127.706,4.4,Banda Sea,1764358821025
-159.7336,54.5282,27.861,3.4,"102 km SSE of Sand Point, Alaska",1764358518664
-116.292333333333,33.0291666666667,6.9,0.86,"20 km SW of Ocotillo Wells, CA",1764358421720
-152.75120544433594,60.5202865600586,121.78761291503906,1.9620845711438957,"79 km W of Salamatof, Alaska",1764358350996
-116.789833333333,33.681,17.4,1.2,"9 km SW of Idyllwild, CA",1764358224080
-123.842166666667,40.0138333333333,6.16,1.43,"12 km S of Redway, CA",1764358163390
-150.55690002441406,61.61467361450195,52.88166046142578,1.988488489989028,"8 km NNW of Susitna, Alaska",1764358111380
-123.17533333333333,46.1665,22.34,0.68,"7 km NNE of Clatskanie, Oregon",1764357858730
-143.01124572753906,60.47772216796875,4.957324028015137,2.168372345408316,"106 km S of McCarthy, Alaska",1764356091797
-121.765,46.8465,-2.26,0.54,"22 km ENE of Ashford, Washington",1764356023630
-122.916333333333,38.7765,4.7,0.67,"9 km ESE of Cloverdale, CA",1764355651800
-155.377838134766,19.1738338470459,29.7000007629395,1.71,"11 km ESE of Pāhala, Hawaii",1764355597960
-110.846666666667,44.7968333333333,4.57,0.08,"23 km SSW of Mammoth, Wyoming",1764355120680
-64.4506,19.9901,30.0,3.63,"187 km N of Cruz Bay, U.S. Virgin Islands",1764355009770
-122.782333333333,38.8046666666667,1.86,0.23,"4 km NW of The Geysers, CA",1764354902290
-122.1925,46.20033333333333,4.44,0.32,"37 km NNE of Amboy, Washington",1764354870670
-122.812164306641,38.8300018310547,2.03999996185303,1.06,"8 km NW of The Geysers, CA",1764354645060
-155.326995849609,19.5711669921875,16.0499992370605,2.19,"17 km NW of Volcano, Hawaii",1764354226560
-103.146,31.957,6.0999,1.8,"12 km NNW of Kermit, Texas",1764353836321
-155.371833333333,19.2951666666667,31.06,1.87,"15 km NE of Pāhala, Hawaii",1764353815930
-155.342330932617,19.1973323822021,49.0999984741211,1.81,"14 km E of Pāhala, Hawaii",1764353337970
-110.685166666667,44.6785,6.12,-0.06,"33 km S of Mammoth, Wyoming",1764353217110
-122.763832092285,38.7878341674805,1.79999995231628,1.07,"1 km NNW of The Geysers, CA",1764352977680
-97.80333333,35.11166667,8.31,1.07,"8 km SE of Amber, Oklahoma",1764352840990
52.4176,-37.2477,10.0,4.8,South Indian Ocean,1764352794739
-116.788833333333,33.6838333333333,15.96,0.71,"9 km SW of Idyllwild, CA",1764352623330
-122.816833496094,38.8310012817383,1.8400000333786,0.71,"8 km NW of The Geysers, CA",1764352508820
-174.4426,-17.3674,129.89,4.4,"150 km NNW of Neiafu, Tonga",1764352127719
-110.686333333333,44.6775,6.3,-0.02,"33 km E of West Yellowstone, Montana",1764351805820
-156.46202087402344,57.5009880065918,112.42848205566406,1.7228589946003094,"56 km E of Ugashik, Alaska",1764351780724
-110.687333333333,44.6765,6.07,0.35,"33 km E of West Yellowstone, Montana",1764351759230
-155.45858764648438,57.60447692871094,86.48033142089844,2.7778225617831716,"60 km W of Karluk, Alaska",1764351578863
-121.3005,36.6521666666667,3.3,1.41,"15 km S of Tres Pinos, CA",1764351378370
-122.761169433594,38.7933349609375,0.0500000007450581,1.07,"2 km NNW of The Geysers, CA",1764351265320
-150.7452850341797,61.58821487426758,71.910888671875,3.3455178710306854,"13 km WNW of Susitna, Alaska",1764351151036
-153.22897338867188,59.9887580871582,131.93321228027344,2.7878927936200846,"53 km ENE of Pedro Bay, Alaska",1764351088374
-155.372,19.2851666666667,30.55,1.22,"14 km NE of Pāhala, Hawaii",1764350753670
179.516333333333,51.905,1.09,0.76,"265 km W of Adak, Alaska",1764350534340
-154.904,58.2616666666667,4.87,-0.12,"81 km NNW of Karluk, Alaska",1764350282370
-121.469333333333,37.0003333333333,4.72,1.95,"9 km E of Gilroy, CA",1764350115460
-97.933,35.33416667,8.53,0.98,"2 km NNE of Minco, Oklahoma",1764349702769
-110.674833333333,44.6686666666667,7.25,1.06,"34 km E of West Yellowstone, Montana",1764349419830
-151.51380920410156,61.58015441894531,76.474853515625,2.109065397098389,"46 km S of Skwentna, Alaska",1764349211731
-152.7543487548828,59.8115463256836,97.04688262939453,2.364666986655043,"51 km W of Anchor Point, Alaska",1764348929209
-156.34048461914062,58.13412857055664,6.232525825500488,1.7222078415992763,"61 km E of Egegik, Alaska",1764348768375
-116.946,33.6596666666667,11.73,0.82,"10 km SSE of Hemet, CA",1764347892510
-117.719666666667,33.8331666666667,7.91,1.06,"9 km ENE of Villa Park, CA",1764347592390
-122.78116607666,38.8025016784668,2.98000001907349,0.86,"4 km NW of The Geysers, CA",1764346994440
-150.98011779785156,61.55413055419922,72.1126937866211,2.0022187793611033,"24 km W of Susitna, Alaska",1764346753911
-122.779830932617,38.8023338317871,3.03999996185303,1.14,"3 km NW of The Geysers, CA",1764346606260
-117.4705,34.156,7.46,0.58,"7 km N of Fontana, CA",1764346542740
-122.792663574219,38.8241653442383,2.24000000953674,0.71,"6 km W of Cobb, CA",1764345874520
-149.85166931152344,64.28673553466797,5.0,1.4186658269732675,"32 km W of Clear, Alaska",1764345397757
-122.803833007812,38.7980003356934,0.800000011920929,1.05,"5 km WNW of The Geysers, CA",1764344918920
-122.844166666667,38.8221666666667,2.24,0.23,"9 km WNW of The Geysers, CA",1764344901900
-155.327666666667,58.1608333333333,2.55,-0.57,"83 km NW of Karluk, Alaska",1764344604480
-121.589833333333,36.8458333333333,6.55,2.49,"5 km W of San Juan Bautista, CA",1764344565650
-121.592,36.8463333333333,5.88,2.46,"5 km W of San Juan Bautista, CA",1764344448820
-121.595,36.846,6.58,3.21,"5 km W of San Juan Bautista, CA",1764344401270
126.2621,5.7609,152.659,4.5,"67 km S of Pondaguitan, Philippines",1764343730406
-110.844833333333,44.8016666666667,4.86,0.24,"22 km SSW of Mammoth, Wyoming",1764343578170
-116.7885,33.6793333333333,16.95,0.5,"9 km SW of Idyllwild, CA",1764343073690
-116.2799,40.806,0.0,1.85,"18 km NW of Carlin, Nevada",1764342558727
-122.811836242676,38.8338317871094,1.26999998092651,0.28,"8 km W of Cobb, CA",1764342246760
-103.099,32.218,6.0791,1.8,"14 km NE of Jal, New Mexico",1764342148546
-104.414,31.68,6.0999,1.6,"55 km S of Whites City, New Mexico",1764341885635
-80.7143333333333,34.1593333333333,3.71,1.97,"7 km E of Elgin, South Carolina",1764341152720
-121.948833333333,37.7566666666667,7.29,0.79,"4 km SE of San Ramon, CA",1764340842830
-122.465166666667,38.8473333333333,8.63,0.98,"9 km ENE of Hidden Valley Lake, CA",1764340520600
-116.6586,41.2257,5.8688,2.09,"62 km NE of Valmy, Nevada",1764340512895
-122.803665161133,38.8241653442383,2.4300000667572,1.06,"7 km NW of The Geysers, CA",1764340273370
-150.7708282470703,61.61709976196289,64.39788055419922,2.013948852164632,"15 km WNW of Susitna, Alaska",1764339949916
-155.378494262695,19.0378341674805,30.8500003814697,1.86,"21 km SSE of Pāhala, Hawaii",1764339503510
-104.445,31.668,4.7156,1.5,"56 km S of Whites City, New Mexico",1764339385793
-122.775833333333,38.81,1.82,0.33,"4 km NNW of The Geysers, CA",1764339279610
-118.112166666667,33.7576666666667,5.96,1.18,"2 km NNW of Seal Beach, CA",1764339229100
-153.052,60.0513333333333,0.93,-0.56,"65 km ENE of Pedro Bay, Alaska",1764339173780
-122.793166666667,38.826,3.05,0.32,"6 km W of Cobb, CA",1764339034920
178.3655,51.9861666666667,5.46,1.09,"Rat Islands, Aleutian Islands, Alaska",1764338695840
-122.800666809082,38.8170013427734,1.94000005722046,1.39,"6 km NW of The Geysers, CA",1764338459910
-116.788833333333,33.6778333333333,16.7,0.28,"9 km SW of Idyllwild, CA",1764337749200
-119.388666666667,35.2833333333333,20.59,1.59,"15 km SSE of Buttonwillow, CA",1764337737160
-122.7195,38.7561666666667,1.25,0.33,"3 km SW of Anderson Springs, CA",1764337725370
-141.00299072265625,60.41130065917969,14.809602737426758,1.9421311710837224,"119 km NW of Yakutat, Alaska",1764337724938
-117.790666666667,35.3586666666667,6.21,2.55,"14 km W of Johannesburg, CA",1764337452080
-122.802665710449,38.826000213623,2.38000011444092,1.5,"7 km NW of The Geysers, CA",1764336956310
-14.2581,-14.2306,10.0,5.0,southern Mid-Atlantic Ridge,1764336573836
-119.289666666667,34.828,9.59,0.9,"13 km W of Pine Mountain Club, CA",1764336449320
-116.789166666667,33.681,16.88,0.57,"9 km SW of Idyllwild, CA",1764335564610
-119.2175,38.3095,7.99,2.18,"6 km N of Bridgeport, CA",1764335457100
-122.83699798584,38.8381652832031,1.91999995708466,0.59,"10 km NW of The Geysers, CA",1764335236640
-122.722833333333,38.7985,2.7,0.43,"3 km S of Cobb, CA",1764335110440
-68.2745,-21.5926,129.89,4.4,"40 km S of Ollagüe, Chile",1764334723822
-116.5465,33.5243333333333,14.69,0.47,"12 km ESE of Anza, CA",1764334442800
-153.45005798339844,58.92110061645508,80.96906280517578,2.7928246900157276,"92 km SE of Pope-Vannoy Landing, Alaska",1764334101494
-150.0442352294922,62.19542694091797,13.581985473632812,1.6002025686410146,"10 km WNW of Susitna North, Alaska",1764333606083
-101.783,32.33,6.9092,1.4,"22 km N of Stanton, Texas",1764333545408
-150.74774169921875,61.65262222290039,64.5826644897461,2.131544818305704,"17 km NW of Susitna, Alaska",1764333416293
-116.7905,33.6798333333333,16.89,0.71,"9 km SW of Idyllwild, CA",1764333073710
-116.797166666667,33.6755,17.47,2.58,"10 km SW of Idyllwild, CA",1764332989010
-118.560166666667,37.4318333333333,11.88,2.89,"4 km ENE of Round Valley, CA",1764332739920
-155.138,58.2438333333333,2.63,-0.56,"85 km NNW of Karluk, Alaska",1764331630640
-104.302,31.687,7.2791,1.5,"54 km S of Whites City, New Mexico",1764331498405
-67.907,19.4688,56.0,3.57,"111 km NNE of Punta Cana, Dominican Republic",1764331120470
-104.302,31.688,7.5354,1.7,"54 km S of Whites City, New Mexico",1764331096260
-116.7905,33.6813333333333,17.33,0.45,"9 km SW of Idyllwild, CA",1764330826720
-66.8237,-21.4128,212.494,4.5,"81 km SW of Atocha, Bolivia",1764330262218
-155.141666666667,58.2465,3.01,-0.63,"85 km NNW of Karluk, Alaska",1764329897280
-122.816665649414,38.833667755127,1.61000001430511,1.1,"8 km NW of The Geysers, CA",1764329437550
-121.945333333333,37.7616666666667,7.76,1.18,"4 km SE of San Ramon, CA",1764328885970
-67.1883333333333,18.0548333333333,10.03,2.47,"2 km S of Puerto Real, Puerto Rico",1764328881070
-122.816329956055,38.8330001831055,1.70000004768372,0.75,"8 km NW of The Geysers, CA",1764328311050
-122.837501525879,38.8386650085449,1.28999996185303,0.62,"10 km NW of The Geysers, CA",1764328196130
-121.9465,37.7611666666667,7.63,0.97,"3 km SE of San Ramon, CA",1764328050250
-121.9445,37.7608333333333,7.67,0.61,"4 km SE of San Ramon, CA",1764328027840
-156.32720947265625,58.13396835327148,10.988200187683105,1.4435813248230491,"62 km E of Egegik, Alaska",1764327006972
-154.915666666667,58.2651666666667,6.26,-0.34,"82 km NNW of Karluk, Alaska",1764326977040
-116.791166666667,33.6841666666667,16.87,0.5,"9 km SW of Idyllwild, CA",1764326932990
-67.1643333333333,18.048,13.47,2.47,"2 km NNE of Boquerón, Puerto Rico",1764326422480
158.6292,49.6971,10.0,4.5,"209 km ESE of Severo-Kuril’sk, Russia",1764326350104
-147.6982879638672,61.98392105102539,38.08991241455078,1.3497005700013414,"19 km N of Glacier View, Alaska",1764326105206
-118.333,35.5546666666667,2.83,1.06,"14 km ESE of Lake Isabella, CA",1764326003470
-155.349666666667,19.3233333333333,28.05,1.75,"17 km SW of Volcano, Hawaii",1764325900870
-67.2053333333333,18.0463333333333,7.0,2.32,"3 km SSW of Puerto Real, Puerto Rico",1764325771750
-117.225666666667,34.0073333333333,9.34,0.5,"6 km SE of Loma Linda, CA",1764324916350
-104.033,31.575,7.8943,1.7,"36 km NW of Toyah, Texas",1764324830732
-151.41845703125,63.1236572265625,5.0,1.8731959853451758,"48 km SSE of Denali National Park, Alaska",1764324273879
-124.231666666667,40.4528333333333,3.15,1.44,"12 km WSW of Rio Dell, CA",1764324104810
-122.841835021973,38.8476676940918,-0.759999990463257,0.18,"11 km WNW of Cobb, CA",1764324025810
-122.816166666667,38.8013333333333,3.25,0.4,"6 km WNW of The Geysers, CA",1764323953950
-155.345166666667,19.8405,28.93,2.33,"19 km SW of Laupāhoehoe, Hawaii",1764323899180
-155.363666666667,58.1771666666667,1.39,-0.29,"86 km NW of Karluk, Alaska",1764322794030
-121.946,37.7613333333333,8.54,1.73,"3 km SE of San Ramon, CA",1764322512580
-112.904,38.5071666666667,2.61,1.22,"15 km NE of Milford, Utah",1764322415750
-155.49346923828125,57.95819091796875,4.190775394439697,0.9936863193069483,"75 km NW of Karluk, Alaska",1764321500637
-101.755,31.916,8.2764,1.3,"23 km S of Stanton, Texas",1764321393835
-120.40383333333334,48.062,9.48,1.26,"23 km NW of Granite Falls, Washington",1764321239460
-116.786666666667,33.6775,16.2,0.47,"9 km SW of Idyllwild, CA",1764321092870
-122.824333190918,38.8068351745605,1.32000005245209,1.12,"7 km WNW of The Geysers, CA",1764321070030
-153.032666666667,60.0728333333333,5.17,-0.89,"67 km ENE of Pedro Bay, Alaska",1764320997410
-104.197,31.757,6.2408,1.5,"49 km SSE of Whites City, New Mexico",1764320604389
-101.755,31.914,7.9834,0.8,"24 km S of Stanton, Texas",1764320348662
-154.94566345214844,58.2659683227539,5.0,1.0994149822042278,"82 km NNW of Karluk, Alaska",1764319666757
-116.790666666667,33.6813333333333,16.99,0.58,"9 km SW of Idyllwild, CA",1764319301590
129.7868,-7.0809,135.184,5.2,"Kepulauan Babar, Indonesia",1764318773655
-121.4685,37.0013333333333,4.42,1.98,"9 km E of Gilroy, CA",1764318688800
-153.14297485351562,59.96838760375977,125.4468231201172,2.418370825233329,"57 km ENE of Pedro Bay, Alaska",1764317651550
-161.7792,55.6688,163.529,3.1,"51 km SW of Nelson Lagoon, Alaska",1764317036580
-111.904333333333,39.1793333333333,9.83,0.89,"6 km SW of Fayette, Utah",1764316967590
-164.001333333333,54.7508333333333,-0.31,1.08,"39 km WSW of False Pass, Alaska",1764316868420
-155.279666666667,58.1928333333333,2.21,-0.42,"84 km NW of Karluk, Alaska",1764316676370
-155.354833333333,58.1645,-1.66,-0.76,"85 km NW of Karluk, Alaska",1764316595010
-89.7491666666667,36.1111666666667,9.24,1.87,"7 km ENE of Steele, Missouri",1764316267530
-149.71109008789062,61.67967224121094,19.832454681396484,2.2376094299885096,"7 km NE of Houston, Alaska",1764315069320
-116.788,33.6846666666667,17.46,0.47,"9 km SW of Idyllwild, CA",1764314448040
-119.6383,49.7114,3.76,3.4,"10 km SE of Peachland, Canada",1764314388124
-150.7823944091797,61.85648345947266,60.53229904174805,2.0115387419869877,"35 km ESE of Skwentna, Alaska",1764314153780
-66.8205,-22.7502,221.87,4.9,"115 km W of Abra Pampa, Argentina",1764314012061
-122.81616973877,38.8333320617676,1.35000002384186,1.05,"8 km NW of The Geysers, CA",1764313238710
-163.983166666667,54.7538333333333,4.94,0.92,"38 km WSW of False Pass, Alaska",1764313153080
-122.87816619873,38.8436660766602,2.29999995231628,1.03,"13 km ENE of Cloverdale, CA",1764313030610
-110.848333333333,44.7925,4.81,-0.01,"23 km SSW of Mammoth, Wyoming",1764312623550
-117.810833333333,35.352,7.14,0.98,"16 km W of Johannesburg, CA",1764312543610
-122.815498352051,38.8326683044434,1.53999996185303,1.37,"8 km NW of The Geysers, CA",1764312150650
-150.81173706054688,61.54684448242188,65.00605773925781,2.1889085669483577,"15 km W of Susitna, Alaska",1764311984289
-116.799333333333,33.6736666666667,17.55,0.37,"10 km SW of Idyllwild, CA",1764311754600
-154.30838012695312,58.89181518554688,122.79413604736328,2.1356998666142792,"66 km SSE of Kokhanok, Alaska",1764311696350
-116.779833333333,33.6836666666667,16.94,0.77,"8 km SW of Idyllwild, CA",1764311511910
-155.35202026367188,58.17167663574219,5.0,0.5813542568009932,"85 km NW of Karluk, Alaska",1764311342581
-101.637,32.13,7.1533,1.1,"14 km E of Stanton, Texas",1764311287761
-155.360333333333,58.1761666666667,2.02,-0.63,"86 km NW of Karluk, Alaska",1764311196070
-116.9285,33.7578333333333,14.52,0.41,"3 km WNW of Valle Vista, CA",1764311079540
-155.356833333333,58.1675,-0.42,-0.44,"85 km NW of Karluk, Alaska",1764311053310
-142.9649200439453,60.44295501708984,17.893985748291016,1.9499927874527672,"110 km S of McCarthy, Alaska",1764311014633
-121.673666666667,37.5273333333333,6.77,0.99,"19 km SSE of Livermore, CA",1764310747380
-116.755666666667,33.6496666666667,12.3,0.2,"11 km SSW of Idyllwild, CA",1764310683930
-116.789,33.6806666666667,16.39,0.5,"9 km SW of Idyllwild, CA",1764310648160
-116.7975,33.6783333333333,17.1,2.18,"10 km SW of Idyllwild, CA",1764310440750
-124.227833333333,40.4476666666667,2.3,2.13,"12 km WSW of Rio Dell, CA",1764310435210
-122.836669921875,38.8421669006348,1.51999998092651,0.98,"10 km NW of The Geysers, CA",1764310413810
-117.807333333333,35.352,7.25,1.71,"16 km W of Johannesburg, CA",1764310359670
-97.35733333,35.89466667,6.55,0.81,"6 km ENE of Guthrie, Oklahoma",1764310318920
-155.33680725097656,58.16806411743164,4.38486909866333,2.3487379142309064,"84 km NW of Karluk, Alaska",1764310201003
-155.34153747558594,58.1803092956543,2.4030776023864746,2.402437060698612,"86 km NW of Karluk, Alaska",1764310025760
-104.422,31.653,5.6384,1.9,"58 km S of Whites City, New Mexico",1764309950881
-116.79,33.6781666666667,17.12,0.67,"10 km SW of Idyllwild, CA",1764309748010
-155.354,58.1603333333333,-1.75,1.22,"84 km NW of Karluk, Alaska",1764309744790
-155.357333333333,58.1701666666667,1.21,1.11,"85 km NW of Karluk, Alaska",1764309742070
-155.34014892578125,58.17201232910156,0.9932931661605835,2.306998928546524,"85 km NW of Karluk, Alaska",1764309718619
-122.816,38.847,1.7,0.35,"9 km WNW of Cobb, CA",1764309067230
-153.075,60.0233333333333,-2.08,-0.89,"63 km ENE of Pedro Bay, Alaska",1764308961730
-121.318833333333,36.6546666666667,1.94,1.29,"15 km S of Tres Pinos, CA",1764308810070
-119.83566666666667,46.596,7.62,0.81,"11 km SE of Desert Aire, Washington",1764308186790
-117.547833333333,34.2575,8.43,0.52,"4 km W of Lytle Creek, CA",1764307810280
-150.3633575439453,62.43162536621094,57.65408706665039,3.354507734243526,"13 km W of Chase, Alaska",1764307568691
-108.828,-8.9711,10.0,5.1,central East Pacific Rise,1764307108129
-116.791666666667,33.6803333333333,17.5,0.8,"9 km SW of Idyllwild, CA",1764306970310
127.7053,-6.1175,404.616,4.2,"272 km S of Ambon, Indonesia",1764306699315
-122.799835205078,38.8248329162598,2.92000007629395,0.71,"6 km NW of The Geysers, CA",1764306636080
-146.8710174560547,64.51082611083984,2.573058605194092,1.2209452253990483,"2 km SE of Salcha, Alaska",1764306300758
-116.785666666667,33.6836666666667,17.13,0.62,"9 km SW of Idyllwild, CA",1764306046600
-103.135,31.953,6.0999,1.5,"11 km NNW of Kermit, Texas",1764305314291
105.8157,-6.2436,158.441,4.2,"14 km N of Labuan, Indonesia",1764304525810
-121.463,36.9888333333333,5.32,1.0,"10 km ESE of Gilroy, CA",1764304429940
-178.5377,51.3723,54.061,4.2,"143 km WSW of Adak, Alaska",1764304372673
-102.415,32.288,8.4229,1.5,"10 km E of McKinney Acres, Texas",1764303941078
-155.226837158203,19.3241672515869,0.5,1.79,"13 km S of Volcano, Hawaii",1764303774800
-155.494827270508,19.1893329620361,29.6200008392334,1.72,"2 km SW of Pāhala, Hawaii",1764303387560
-116.790666666667,33.6851666666667,17.99,0.52,"9 km SW of Idyllwild, CA",1764303224670
-166.573333333333,53.9248333333333,9.78,0.31,"4 km NNW of Dutch Harbor, Alaska",1764302820080
-116.791833333333,33.6805,16.11,-0.2,"9 km SW of Idyllwild, CA",1764302593470
-163.474,54.3963333333333,8.31,0.92,"51 km S of False Pass, Alaska",1764302567680
-152.97962951660156,58.42434310913086,51.3661994934082,2.431495362716443,"40 km N of Aleneva, Alaska",1764302457462
-117.202,33.974,12.25,1.07,"6 km NNE of Moreno Valley, CA",1764301790820
-122.818664550781,38.8133316040039,2.77999997138977,0.72,"7 km NW of The Geysers, CA",1764301688430
-103.894,31.45,1.9983,1.5,"17 km NNW of Toyah, Texas",1764301347395
-122.790168762207,38.8303337097168,2.79999995231628,0.73,"6 km W of Cobb, CA",1764301317510
-116.7895,33.6795,16.69,0.4,"9 km SW of Idyllwild, CA",1764300714840
-116.787333333333,33.6826666666667,16.74,0.52,"9 km SW of Idyllwild, CA",1764300709530
-122.7295,38.7598333333333,1.2,0.25,"3 km SE of The Geysers, CA",1764300658240
-174.8509,-15.3657,257.664,5.6,"130 km WNW of Hihifo, Tonga",1764300608627
-116.794166666667,33.6781666666667,17.24,1.17,"10 km SW of Idyllwild, CA",1764300254630
-155.373833333333,19.198,29.89,1.34,"11 km E of Pāhala, Hawaii",1764300039450
-111.931666666667,40.4153333333333,4.22,1.1,"7 km WNW of Lehi, Utah",1764299904600
-151.30419921875,61.44183349609375,88.220458984375,2.5289725221420425,"35 km NNW of Beluga, Alaska",1764299871324
-135.648666666667,57.056,8.0,-0.33,"19 km W of Sitka, Alaska",1764299660030
-116.788833333333,33.6805,17.37,0.72,"9 km SW of Idyllwild, CA",1764299564180
-97.93083333,35.33283333,7.68,0.56,"2 km NNE of Minco, Oklahoma",1764299347410
-116.858166666667,33.8871666666667,14.0,1.87,"5 km SSE of Banning, CA",1764299245910
-117.801833333333,33.914,14.69,1.12,"3 km NNE of Yorba Linda, CA",1764299185900
-103.272,31.991,5.7922,1.3,"15 km SSW of Jal, New Mexico",1764298791953
-152.44918823242188,59.89695358276367,81.42012786865234,2.15679811102004,"37 km WNW of Anchor Point, Alaska",1764298532086
-116.7985,33.6853333333333,15.83,0.28,"10 km SW of Idyllwild, CA",1764298460620
-116.786833333333,33.6868333333333,17.16,0.48,"9 km SW of Idyllwild, CA",1764298455460
-104.413,31.664,4.7668,2.3,"56 km S of Whites City, New Mexico",1764298288823
-116.782166666667,33.6845,17.28,0.41,"9 km SW of Idyllwild, CA",1764297904500
-104.418,31.663,6.0999,2.2,"56 km S of Whites City, New Mexico",1764297755730
-135.771333333333,57.0725,5.95,-0.46,"26 km W of Sitka, Alaska",1764297666640
-152.0477752685547,61.94396591186523,120.58356475830078,3.222301440908852,"34 km W of Skwentna, Alaska",1764297532195
-115.694666666667,33.2965,8.33,1.11,"7 km SSE of Bombay Beach, CA",1764297315430
-116.791,33.6813333333333,17.4,0.95,"9 km SW of Idyllwild, CA",1764296807610
-122.762664794922,38.7910003662109,0.280000001192093,1.07,"2 km NNW of The Geysers, CA",1764296690170
-122.764166666667,38.7886666666667,0.02,0.37,"1 km NNW of The Geysers, CA",1764296636700
-154.86978149414062,57.19466400146484,19.269790649414062,2.3083644904875507,"48 km SSW of Karluk, Alaska",1764296526822
-152.79026794433594,60.43703842163086,132.40391540527344,2.322301075569031,"75 km NW of Ninilchik, Alaska",1764296417104
-116.7905,33.6785,17.44,0.73,"10 km SW of Idyllwild, CA",1764296020950
-116.787,33.6828333333333,16.85,0.43,"9 km SW of Idyllwild, CA",1764295914690
-153.074333333333,60.0226666666667,6.57,-0.51,"63 km ENE of Pedro Bay, Alaska",1764295687070
-117.198666666667,33.9733333333333,9.68,0.42,"6 km NNE of Moreno Valley, CA",1764295365920
-116.788166666667,33.6806666666667,16.8,0.68,"9 km SW of Idyllwild, CA",1764294885870
-116.787,33.6825,16.99,0.48,"9 km SW of Idyllwild, CA",1764294502730
-116.787333333333,33.6843333333333,16.77,0.64,"9 km SW of Idyllwild, CA",1764294239580
-116.780333333333,33.6913333333333,15.96,0.54,"8 km SW of Idyllwild, CA",1764294217480
-116.773666666667,33.6503333333333,18.57,0.77,"11 km SSW of Idyllwild, CA",1764294180040
-116.788833333333,33.6811666666667,17.28,0.72,"9 km SW of Idyllwild, CA",1764294131210
-116.789833333333,33.688,17.65,0.24,"9 km SW of Idyllwild, CA",1764294120380
-116.794333333333,33.679,17.02,1.47,"10 km SW of Idyllwild, CA",1764294023900
-116.794166666667,33.6748333333333,17.42,2.01,"10 km SW of Idyllwild, CA",1764293907330
-122.794998168945,38.8305015563965,0.990000009536743,1.37,"6 km W of Cobb, CA",1764293889970
-116.793166666667,33.6758333333333,17.14,3.48,"10 km SW of Idyllwild, CA",1764293826000
-116.7965,33.675,17.5,3.55091722540136,"10 km SW of Idyllwild, CA",1764293804320
-122.730499267578,38.759334564209,1.64999997615814,1.03,"3 km SE of The Geysers, CA",1764293803520
-121.767,46.846833333333336,0.43,0.4,"22 km ENE of Ashford, Washington",1764293689960
-163.993166666667,54.7573333333333,-0.93,1.03,"38 km WSW of False Pass, Alaska",1764293546320
-152.64471435546875,59.98258972167969,95.71614074707031,1.8018923139144865,"50 km WNW of Anchor Point, Alaska",1764292929429
-166.539833333333,53.9605,8.7,0.13,"7 km N of Dutch Harbor, Alaska",1764292789730
-122.584333333333,37.7875,9.11,1.88,"8 km S of Muir Beach, CA",1764292777120
-155.33872985839844,58.17288970947266,5.0,1.24134942352558,"85 km NW of Karluk, Alaska",1764292250377
-155.14077758789062,58.25952529907227,4.919665813446045,1.52938845897942,"86 km NNW of Karluk, Alaska",1764291967796
-123.234833333333,39.2981666666667,6.35,1.27,"4 km NW of Redwood Valley, CA",1764291260130
-122.808334350586,38.8395004272461,1.99000000953674,0.25,"8 km WNW of Cobb, CA",1764290835160
-123.286666666667,38.9996666666667,5.57,1.03,"7 km E of Boonville, CA",1764290496090
-122.8095,38.8248333333333,2.72,0.43,"7 km NW of The Geysers, CA",1764290374460
-97.5695,34.29816667,6.43,1.61,"10 km NW of Healdton, Oklahoma",1764290251329
-122.816329956055,38.8359985351562,1.78999996185303,0.68,"8 km W of Cobb, CA",1764290197090
-121.5445,36.7971666666667,8.16,1.72,"5 km S of San Juan Bautista, CA",1764290178890
-166.733166666667,53.7343333333333,8.39,0.76,"20 km SW of Unalaska, Alaska",1764290155160
53.2821,36.4102,10.0,4.0,"26 km SE of Sari, Iran",1764290152868
-163.927666666667,54.7365,7.25,1.11,"35 km WSW of False Pass, Alaska",1764289579260
-119.657166666667,34.3381666666667,8.48,1.07,"10 km SSE of Santa Barbara, CA",1764289543640
-179.198,-15.324,436.699,4.3,"159 km SW of Leava, Wallis and Futuna",1764289242182
-151.72422790527344,60.017822265625,74.99175262451172,2.6743865965046676,"4 km SW of Ninilchik, Alaska",1764289224205
-110.448,44.285,11.69,0.39,"66 km SE of West Yellowstone, Montana",1764289066370
-116.046666666667,31.7898333333333,18.96,2.92,"50 km E of Maneadero, B.C., MX",1764288436390
-149.64019775390625,63.27798461914062,86.86334991455078,1.7356528203643045,"36 km WSW of Cantwell, Alaska",1764288295745
-116.9115,33.8425,15.43,0.61,"8 km NNE of San Jacinto, CA",1764288214920
-122.817001342773,38.8306655883789,1.42999994754791,0.25,"8 km NW of The Geysers, CA",1764287496580
-117.578666666667,35.7611666666667,5.93,0.67,"16 km W of Searles Valley, CA",1764287459810
-101.912,32.108,8.8379,1.6,"11 km WSW of Stanton, Texas",1764287148320
-154.88778686523438,58.2592658996582,8.54053783416748,1.2159906176910216,"81 km NNW of Karluk, Alaska",1764286862056
-122.74666595459,38.787166595459,0.360000014305115,0.81,"1 km NE of The Geysers, CA",1764286813920
-122.723167419434,38.7551651000977,0.990000009536743,1.02,"3 km SW of Anderson Springs, CA",1764286724720
-122.781997680664,38.8381652832031,1.87000000476837,0.8,"5 km WNW of Cobb, CA",1764286709150
-122.762168884277,38.8156661987305,1.95000004768372,1.06,"3 km WSW of Cobb, CA",1764286295890
-169.943166666667,52.7985,1.68,0.4,"74 km WSW of Nikolski, Alaska",1764286231260
-117.4325,34.177,6.52,1.79,"6 km SSW of Devore, CA",1764286179830
-122.788833618164,38.8289985656738,1.58000004291534,0.9,"6 km W of Cobb, CA",1764285952350
-122.813833333333,38.8288333333333,1.59,0.42,"8 km NW of The Geysers, CA",1764285430630
-102.16,32.368,8.5693,1.1,"35 km ENE of McKinney Acres, Texas",1764285326443
-119.033333333333,33.6193333333333,8.83,3.02,"17 km N of Santa Barbara Is., CA",1764285052290
-150.83795166015625,61.62470626831055,55.61103057861328,2.686826920092969,"19 km WNW of Susitna, Alaska",1764284585850
-123.827666666667,40.1316666666667,22.68,1.32,"1 km NNW of Redway, CA",1764284537320
-120.574,36.0136666666667,2.23,0.83,"18 km NW of Parkfield, CA",1764284411690
-124.487833333333,40.2798333333333,20.45,1.6,"18 km WSW of Petrolia, CA",1764284310370
-166.5465,53.9546666666667,7.75,-0.11,"7 km N of Dutch Harbor, Alaska",1764283994280
-154.433166666667,58.1786666666667,9.42,0.76,"67 km N of Karluk, Alaska",1764283918970
-112.042,40.7421666666667,6.81,0.55,"6 km NE of Magna, Utah",1764283339300
-112.904,38.5105,2.62,0.97,"15 km NE of Milford, Utah",1764283198100
-110.889166666667,44.772,9.01,0.81,"20 km NE of West Yellowstone, Montana",1764282588830
-156.7253875732422,57.08686065673828,0.685254156589508,2.089207887122397,"62 km SE of Ugashik, Alaska",1764282348921
-101.734,32.421,8.1055,2.1,"11 km S of Ackerly, Texas",1764282132516
-122.766670227051,38.8183326721191,1.94000005722046,0.69,"4 km W of Cobb, CA",1764281890780
-143.00234985351562,60.6260986328125,19.459938049316406,1.4953982981036613,"90 km S of McCarthy, Alaska",1764281798936
-122.7765,38.7951666666667,0.04,0.27,"3 km NW of The Geysers, CA",1764281768210
-150.84530639648438,61.56149673461914,63.88822937011719,2.1083807446972447,"17 km W of Susitna, Alaska",1764281154506
-140.62091064453125,60.28277206420898,17.395246505737305,1.6505729288897595,"96 km NNW of Yakutat, Alaska",1764280992325
-122.761833333333,38.7901666666667,0.03,0.57,"2 km NNW of The Geysers, CA",1764280106800
-141.4174346923828,65.06082916259766,9.731165885925293,3.8690415126029345,"32 km NNW of Eagle, Alaska",1764279962303
56.2784,32.4079,10.0,4.6,"121 km NE of Bāfq, Iran",1764279901595
-116.551833333333,33.5243333333333,14.09,0.35,"12 km ESE of Anza, CA",1764279685400
-155.350326538086,19.0866661071777,32.5299987792969,1.77,"18 km SE of Pāhala, Hawaii",1764279563860
-122.774166666667,38.8093333333333,1.7,0.35,"4 km NNW of The Geysers, CA",1764279168330
-152.80630493164062,59.62875747680664,79.36428833007812,2.389012190832781,"57 km WSW of Anchor Point, Alaska",1764278572149
-150.02047729492188,61.69727325439453,27.52369689941406,2.0762154561715636,"5 km S of Willow, Alaska",1764278078257
-150.5982666015625,61.60429000854492,61.87004852294922,2.0324036885726016,"8 km NW of Susitna, Alaska",1764277782340
-122.7615,38.7896666666667,0.05,0.18,"1 km NNW of The Geysers, CA",1764277432470
-121.545333333333,36.7976666666667,7.72,1.43,"5 km S of San Juan Bautista, CA",1764277356000
-121.543666666667,36.799,8.2,4.04,"5 km S of San Juan Bautista, CA",1764277057730
-122.761665344238,38.7911682128906,-0.209999993443489,0.75,"2 km NNW of The Geysers, CA",1764276924870
-154.914666666667,58.265,5.69,-0.07,"82 km NNW of Karluk, Alaska",1764276912370
-122.7965,38.8373333333333,2.01,0.42,"7 km WNW of Cobb, CA",1764276844910
-149.73406982421875,63.6990852355957,5.0,2.3798997364798304,"40 km W of Denali Park, Alaska",1764276622928
-122.19533333333334,46.20033333333333,2.25,0.8300000000000001,"37 km NNE of Amboy, Washington",1764276615260
-121.537666666667,36.796,8.02,3.72,"6 km S of San Juan Bautista, CA",1764276528560
-122.876502990723,38.8401679992676,2.59999990463257,0.36,"13 km NW of The Geysers, CA",1764276314320
-122.804336547852,38.8193321228027,2.09999990463257,0.77,"6 km NW of The Geysers, CA",1764275956460
-122.703,47.3225,25.56,1.25,"3 km ESE of Key Center, Washington",1764275907220
-122.761001586914,38.7901649475098,0.189999997615814,0.75,"1 km NNW of The Geysers, CA",1764275890740
143.6099,39.525,10.0,4.4,"142 km E of Yamada, Japan",1764275640153
-155.3321533203125,57.09008407592773,32.86788558959961,2.309362568731748,"72 km WNW of Akhiok, Alaska",1764275496921
-121.540833333333,36.7988333333333,7.65,1.0,"5 km S of San Juan Bautista, CA",1764275025030
-121.539333333333,36.7926666666667,7.39,1.11,"6 km S of San Juan Bautista, CA",1764274340850
-121.5365,36.794,8.4,2.69,"6 km S of San Juan Bautista, CA",1764274256100
-155.358337402344,19.0578327178955,29.6499996185303,1.74,"20 km SE of Pāhala, Hawaii",1764274159640
-164.012,54.7458333333333,1.75,0.76,"40 km WSW of False Pass, Alaska",1764274147690
-147.46507263183594,64.95381164550781,6.759192943572998,1.2665882456915767,"7 km E of Fox, Alaska",1764273968443
-122.852668762207,38.8213348388672,2.73000001907349,1.73,"10 km WNW of The Geysers, CA",1764273689840
-122.844497680664,38.8241653442383,1.69000005722046,0.58,"9 km NW of The Geysers, CA",1764273514170
-118.079333333333,36.1815,4.05,1.63,"13 km SSW of Olancha, CA",1764273494640
-122.470833333333,37.5938333333333,10.19,1.63,"3 km SSE of Pacifica, CA",1764273317060
-163.9805,54.7521666666667,0.75,0.46,"38 km WSW of False Pass, Alaska",1764272194190
-122.783333333333,38.8135,1.52,0.18,"5 km NNW of The Geysers, CA",1764272110440
-89.4803333333333,36.3048333333333,6.42,1.73,"4 km N of Ridgely, Tennessee",1764272070620
-122.468666666667,37.5975,9.66,2.33,"2 km SE of Pacifica, CA",1764272036610
-117.8095,35.3418333333333,7.79,1.14,"16 km WSW of Johannesburg, CA",1764271916700
-117.8015,33.9138333333333,15.55,0.84,"3 km NNE of Yorba Linda, CA",1764271782230
-150.79302978515625,61.72428131103516,65.40997314453125,1.96546036877051,"25 km NW of Susitna, Alaska",1764271478629
-176.125166666667,51.8991666666667,2.67,1.09,"35 km E of Adak, Alaska",1764270948590
-155.445333333333,19.4735,1.53,0.88,"22 km W of Volcano, Hawaii",1764270417600
-154.88214111328125,58.25247573852539,0.8072885274887085,0.8187218785176412,"80 km NNW of Karluk, Alaska",1764270299694
-103.269,31.992,5.8051,1.7,"15 km SSW of Jal, New Mexico",1764270299154
-117.926833333333,36.2008333333333,4.81,1.69,"11 km SE of Olancha, CA",1764269992380
-122.731498718262,38.7589988708496,1.85000002384186,0.97,"3 km SE of The Geysers, CA",1764269538830
-150.098388671875,61.68783187866211,58.4638442993164,2.044522291414482,"7 km SSW of Willow, Alaska",1764269466073
-122.763664245605,38.7903327941895,-0.219999998807907,1.23,"2 km NNW of The Geysers, CA",1764269259980
-122.762832641602,38.7903327941895,0.00999999977648258,1.06,"2 km NNW of The Geysers, CA",1764269249070
-155.584167480469,19.4344997406006,36.1500015258789,1.8,"27 km NNW of Pāhala, Hawaii",1764269182700
-122.730003356934,38.7603340148926,1.83000004291534,1.05,"3 km SE of The Geysers, CA",1764268984490
-122.467333333333,37.5978333333333,9.53,1.65,"2 km SE of Pacifica, CA",1764268908340
-122.766666666667,38.7881666666667,0.58,0.25,"2 km NW of The Geysers, CA",1764268775310
-155.362333333333,19.0806666666667,32.35,1.71,"18 km SE of Pāhala, Hawaii",1764268512260
-122.765167236328,38.7886657714844,1.1599999666214,0.73,"1 km NNW of The Geysers, CA",1764268416000
-122.765335083008,38.7886657714844,1.27999997138977,1.04,"1 km NNW of The Geysers, CA",1764268407360
-121.054666666667,36.5613333333333,11.11,1.65,"9 km ENE of Pinnacles, CA",1764268274570
-122.733166666667,38.7686666666667,1.92,-0.03,"2 km ESE of The Geysers, CA",1764268199810
-122.4145,38.3806666666667,8.92,1.71,"5 km WSW of Yountville, CA",1764267865420
-122.766998291016,38.7888336181641,0.370000004768372,0.71,"2 km NW of The Geysers, CA",1764267384910
-122.7645,38.7868333333333,-0.16,0.11,"1 km NNW of The Geysers, CA",1764267262110
-117.312833333333,34.086,16.63,1.38,"1 km N of Colton, CA",1764267206080
-122.773498535156,38.7890014648438,0.850000023841858,1.03,"2 km NW of The Geysers, CA",1764266691680
-122.795997619629,38.8370018005371,1.79999995231628,1.0,"7 km WNW of Cobb, CA",1764266311280
-151.05145263671875,61.5472412109375,72.07540130615234,2.1570603355272304,"28 km W of Susitna, Alaska",1764266146077
-122.752830505371,38.7928352355957,0.569999992847443,1.32,"2 km N of The Geysers, CA",1764265472700
-122.753997802734,38.7931671142578,0.610000014305115,0.49,"2 km N of The Geysers, CA",1764265338440
-150.51661682128906,61.61306381225586,47.8743782043457,3.200454059864238,"7 km N of Susitna, Alaska",1764265273234
-122.77799987793,38.7851676940918,-0.0199999995529652,1.07,"2 km WNW of The Geysers, CA",1764265205490
-122.776000976562,38.785831451416,0.239999994635582,1.06,"2 km WNW of The Geysers, CA",1764265103850
144.7271,46.8733,383.092,4.2,"151 km E of Korsakov, Russia",1764264908036
-122.771666666667,38.7853333333333,0.24,0.21,"2 km NW of The Geysers, CA",1764264559190
-152.773333333333,60.2225,10.94,1.08,"64 km WNW of Ninilchik, Alaska",1764264478090
-122.775,38.7773333333333,2.39,0.7,"2 km W of The Geysers, CA",1764264305330
-122.772331237793,38.7866668701172,-0.819999992847443,1.33,"2 km NW of The Geysers, CA",1764264113120
-122.7625,38.7888333333333,0.24,0.18,"1 km NNW of The Geysers, CA",1764264017080
-150.68231201171875,61.66476440429688,65.99315643310547,2.6009329744578085,"16 km NW of Susitna, Alaska",1764264006772
-122.763999938965,38.789665222168,0.439999997615814,0.75,"2 km NNW of The Geysers, CA",1764263972580
-150.82400512695312,61.64762878417969,77.07902526855469,2.8884267364351017,"20 km NW of Susitna, Alaska",1764263934835
-122.768333333333,38.7866666666667,-0.89,0.15,"1 km NW of The Geysers, CA",1764263930230
-122.773666381836,38.7888336181641,0.439999997615814,1.02,"2 km NW of The Geysers, CA",1764263906180
-122.76782989502,38.7736663818359,0.140000000596046,0.76,"1 km WSW of The Geysers, CA",1764263843040
-122.766502380371,38.7874984741211,0.119999997317791,0.71,"1 km NW of The Geysers, CA",1764263739930
-122.770835876465,38.7748336791992,0.200000002980232,1.71,"1 km WSW of The Geysers, CA",1764263609360
-122.783996582031,38.8160018920898,-0.819999992847443,1.7,"5 km NNW of The Geysers, CA",1764263547180
-112.895166666667,38.5015,1.98,0.98,"15 km NE of Milford, Utah",1764263541710
-122.767666666667,38.784,1.17,3.76,"1 km NW of The Geysers, CA",1764263503430
-150.75079345703125,61.56951904296875,69.43339538574219,6.0,"12 km WNW of Susitna, Alaska",1764263489059
-122.770500183105,38.7891654968262,0.150000005960464,0.76,"2 km NW of The Geysers, CA",1764263470730
-122.770332336426,38.7864990234375,0.439999997615814,1.53,"2 km NW of The Geysers, CA",1764263458360
-112.900833333333,38.5006666666667,2.16,0.99,"14 km NE of Milford, Utah",1764262490020
-112.8945,38.5055,2.26,0.51,"15 km NE of Milford, Utah",1764262428130
-116.408833333333,33.5491666666667,5.75,0.62,"16 km SW of La Quinta, CA",1764262189000
-147.6881103515625,63.510986328125,0.09771758317947388,3.033738729889041,"64 km ENE of Cantwell, Alaska",1764261953594
-122.793334960938,38.7988319396973,-0.479999989271164,1.73,"4 km NW of The Geysers, CA",1764261205500
-122.245833333333,37.8651666666667,8.77,1.71,"3 km ESE of Berkeley, CA",1764260803980
-122.727333068848,38.7626647949219,2.14000010490417,0.74,"3 km ESE of The Geysers, CA",1764260527400
-122.466833333333,37.5988333333333,8.9,0.54,"2 km SE of Pacifica, CA",1764260172100
-122.465833333333,37.5988333333333,9.26,1.56,"2 km SE of Pacifica, CA",1764259581300
-101.908,32.108,8.6426,1.1,"11 km WSW of Stanton, Texas",1764259321282
130.508,-6.8761,98.979,4.8,"284 km WSW of Tual, Indonesia",1764259299604
-120.794,35.5571666666667,4.07,1.48,"8 km W of Templeton, CA",1764259104140
-156.4599609375,56.70320892333984,48.30170059204102,2.9263990024952404,"106 km SSE of Ugashik, Alaska",1764258659434
-122.730667114258,38.7603340148926,1.95000004768372,1.34,"3 km SE of The Geysers, CA",1764258349150
-122.736333333333,38.7748333333333,0.96,0.26,"2 km E of The Geysers, CA",1764257001300
-112.905,38.5073333333333,2.37,0.58,"15 km NE of Milford, Utah",1764255257900
-155.4945,19.423,10.08,0.84,"24 km N of Pāhala, Hawaii",1764254881460
-64.4865,18.7801666666667,58.38,3.35,"59 km NNE of Cruz Bay, U.S. Virgin Islands",1764254800370
-122.728666666667,38.7585,1.72,0.3,"3 km SE of The Geysers, CA",1764254764500
-117.516,35.5363333333333,8.88,0.33,"17 km ESE of Ridgecrest, CA",1764254576310
-91.3411666666667,35.9305,14.74,1.69,"4 km SSW of Strawberry, Arkansas",1764253679740
-148.8615264892578,56.55012893676758,10.0,3.5483849573222024,"238 km ESE of Chiniak, Alaska",1764252817824
-154.998,58.3098333333333,1.99,0.2,"88 km NNW of Karluk, Alaska",1764252807270
-116.384166666667,33.9871666666667,9.21,1.05,"11 km ENE of Desert Hot Springs, CA",1764252581830
-120.574666666667,36.007,4.19,0.24,"18 km NW of Parkfield, CA",1764252563320
-111.4115,39.0115,-1.0,0.97,"17 km NW of Emery, Utah",1764252037600
-155.34016418457,19.1096668243408,1.3400000333786,2.42,"17 km SE of Pāhala, Hawaii",1764251808670
-122.897,39.2755,10.24,1.64,"12 km N of Upper Lake, CA",1764251567510
-122.899333333333,39.269,9.15,1.6,"12 km N of Upper Lake, CA",1764251512860
-122.728833333333,38.7636666666667,1.87,0.36,"3 km ESE of The Geysers, CA",1764251450730
-122.730166666667,38.7586666666667,1.82,0.38,"3 km SE of The Geysers, CA",1764251357260
-122.731666564941,38.7583351135254,1.62000000476837,0.59,"3 km SE of The Geysers, CA",1764251284300
-120.544166666667,35.8486666666667,10.43,0.23,"12 km WSW of Parkfield, CA",1764251278710
-120.328833333333,35.714,3.13,0.86,"3 km WSW of Cholame, CA",1764251255210
-122.73217010498,38.7588348388672,2.08999991416931,1.35,"3 km SE of The Geysers, CA",1764251248850
-122.837333679199,38.8414993286133,1.79999995231628,1.06,"10 km NW of The Geysers, CA",1764250828230
-102.061,32.411,8.8135,2.1,"34 km WSW of Ackerly, Texas",1764250697191
-146.40147399902344,61.60874938964844,25.540761947631836,1.930684757040033,"46 km SSE of Nelchina, Alaska",1764250587894
-104.509,31.619,6.228,1.6,"62 km SSW of Whites City, New Mexico",1764250558344
-123.251666666667,40.459,29.99,2.03,"12 km SSW of Hayfork, CA",1764250282940
-122.777333333333,38.791,0.48,0.2,"2 km NW of The Geysers, CA",1764250206400
-112.917,36.7661666666667,17.32,1.74,"20 km S of Cane Beds, Arizona",1764250176830
-117.953833333333,34.0526666666667,9.28,0.75,"1 km NW of Valinda, CA",1764250125130
-117.945833333333,34.0545,9.79,1.4,"1 km N of Valinda, CA",1764250052750
-122.731002807617,38.7581672668457,1.57000005245209,1.07,"3 km SE of The Geysers, CA",1764249598390
-115.449833333333,32.7861666666667,10.0,1.07,"7 km WSW of Holtville, CA",1764249578860
-112.902166666667,38.508,2.48,1.13,"15 km NE of Milford, Utah",1764249551390
-169.9155,52.8146666666667,0.85,0.38,"72 km WSW of Nikolski, Alaska",1764248788220
-122.723333333333,38.7638333333333,1.17,0.36,"3 km WSW of Anderson Springs, CA",1764248388120
-122.727668762207,38.761833190918,1.61000001430511,0.98,"3 km SE of The Geysers, CA",1764248382970
-66.8301666666667,18.0243333333333,11.69,2.33,"2 km ESE of Yauco, Puerto Rico",1764248032860
-122.7895,38.8361666666667,1.86,-0.07,"6 km WNW of Cobb, CA",1764247934790
-122.731333333333,38.7558333333333,1.47,0.29,"3 km SE of The Geysers, CA",1764247753960
-122.721000671387,38.7621650695801,0.810000002384186,0.87,"3 km WSW of Anderson Springs, CA",1764247456310
-122.7265,38.7615,2.04,0.32,"3 km SE of The Geysers, CA",1764247370050
-122.701333333333,38.7916666666667,1.66,0.23,"2 km NNW of Anderson Springs, CA",1764247232950
-122.706333333333,38.7556666666667,1.88,0.36,"2 km SSW of Anderson Springs, CA",1764246942810
-122.717666666667,38.7726666666667,0.99,0.31,"2 km W of Anderson Springs, CA",1764246817860
-122.723167419434,38.7648315429688,0.529999971389771,0.67,"3 km WSW of Anderson Springs, CA",1764246764600
-122.727,38.7625,2.05,0.38,"3 km ESE of The Geysers, CA",1764246706930
-120.40216666666667,48.06183333333333,10.14,0.63,"23 km NW of Granite Falls, Washington",1764246685420
126.6627,4.0539,22.361,4.9,"199 km SE of Sarangani, Philippines",1764246672622
-122.729333333333,38.7555,1.46,0.31,"3 km SE of The Geysers, CA",1764246627640
-122.717666625977,38.7644996643066,1.24000000953674,2.31,"3 km WSW of Anderson Springs, CA",1764246561970
-155.3379364013672,57.63269805908203,5.0,2.367479394651844,"53 km W of Karluk, Alaska",1764246449581
-122.729164123535,38.7706680297852,1.23000001907349,1.49,"2 km ESE of The Geysers, CA",1764246393890
-122.721832275391,38.7591667175293,0.469999998807907,0.96,"3 km SW of Anderson Springs, CA",1764246385830
145.7131,14.6372,115.547,4.6,"37 km SSE of San Jose Village, Northern Mariana Islands",1764246360870
-122.730499267578,38.7506675720215,1.78999996185303,1.31,"4 km SE of The Geysers, CA",1764246326570
-122.728332519531,38.7621650695801,1.86000001430511,1.39,"3 km SE of The Geysers, CA",1764246287010
-122.731002807617,38.7620010375977,0.740000009536743,1.0,"3 km SE of The Geysers, CA",1764246251460
-122.721000671387,38.7589988708496,0.920000016689301,1.42,"3 km SW of Anderson Springs, CA",1764246213660
-122.706832885742,38.7726669311523,-0.839999973773956,1.14,"1 km WSW of Anderson Springs, CA",1764246192890
-122.724666666667,38.7628333333333,1.11,3.71,"3 km WSW of Anderson Springs, CA",1764246105870
-122.727666666667,38.7595,1.92,3.6,"3 km SE of The Geysers, CA",1764246066640
-155.4835,19.1703333333333,31.17,2.06,"3 km S of Pāhala, Hawaii",1764245878990
-122.784332275391,38.8375015258789,1.02999997138977,1.34,"6 km WNW of Cobb, CA",1764245753930
-155.370666666667,19.279,31.66,1.13,"14 km NE of Pāhala, Hawaii",1764244647770
-152.7602081298828,59.9308853149414,92.66885375976562,2.44512186913831,"54 km WNW of Anchor Point, Alaska",1764244604050
-112.9025,38.5055,2.44,0.6,"15 km NE of Milford, Utah",1764243618540
-116.634,32.5565,3.29,0.53,"1 km S of Tecate, B.C., MX",1764243362510
-150.0141143798828,61.71049118041992,27.978187561035156,1.94465271611679,"4 km SSE of Willow, Alaska",1764243340215
-115.801833333333,33.0481666666667,7.66,1.07,"17 km W of Westmorland, CA",1764243175900
-150.03062438964844,61.7097282409668,27.136877059936523,2.209136145205889,"4 km S of Willow, Alaska",1764243156492
-155.550659179688,19.2228336334229,-0.720000028610229,1.92,"7 km WNW of Pāhala, Hawaii",1764242783070
-104.421,31.653,5.0232,1.7,"58 km S of Whites City, New Mexico",1764242457597
-110.888666666667,44.7696666666667,9.27,1.58,"20 km NE of West Yellowstone, Montana",1764241836230
-110.8905,44.7723333333333,8.06,1.03,"20 km NE of West Yellowstone, Montana",1764241813200
-101.473,32.095,8.2031,0.7,"10 km W of Forsan, Texas",1764241797429
-116.975,35.0303333333333,2.18,2.28,"15 km NNE of Barstow, CA",1764241751590
-152.03916931152344,57.24868774414062,35.51600646972656,3.138231718155449,"42 km SSE of Chiniak, Alaska",1764240847653
-119.990666666667,37.3935,16.5,1.85,"10 km SSW of Mariposa, CA",1764240722750
-116.386833333333,33.3683333333333,11.68,0.56,"13 km N of Borrego Springs, CA",1764239216860
-112.177833333333,39.5641666666667,1.16,0.52,"9 km ENE of Leamington, Utah",1764238947440
-150.212158203125,62.21747589111328,13.039795875549316,1.3817281013310667,"11 km S of Trapper Creek, Alaska",1764238609762
90.4824,24.0897,10.0,4.0,"23 km NNE of Tungi, Bangladesh",1764238518059
-89.5558333333333,36.4641666666667,8.38,2.27,"7 km SE of Marston, Missouri",1764238272020
-117.664166666667,35.9338333333333,3.31,0.83,"22 km E of Little Lake, CA",1764238112750
126.4031,1.6515,53.253,4.8,"143 km E of Bitung, Indonesia",1764237554142
-101.759,32.348,5.7373,1.1,"20 km SSW of Ackerly, Texas",1764237293576
-178.2564,-20.0503,580.104,4.4,Fiji region,1764237251934
-104.417,31.653,5.3308,1.7,"58 km S of Whites City, New Mexico",1764237069195
-110.887333333333,44.7713333333333,10.19,1.97,"21 km NE of West Yellowstone, Montana",1764236719640
-101.483,32.099,8.8623,1.5,"11 km W of Forsan, Texas",1764236446630
-146.9560089111328,61.96357727050781,39.906951904296875,1.6214034472638197,"10 km WSW of Nelchina, Alaska",1764236088175
-122.792503356934,38.8278350830078,1.78999996185303,0.69,"6 km W of Cobb, CA",1764236026190
-120.7885,35.5538333333333,5.06,0.85,"7 km W of Templeton, CA",1764236020920
-153.20062255859375,62.17506790161133,5.485461711883545,3.5275063749293376,"96 km WNW of Skwentna, Alaska",1764235789248
-155.36769104003906,57.65312957763672,5.852248191833496,1.7724114538119846,"55 km W of Karluk, Alaska",1764234871608
-112.097666666667,40.7015,4.59,0.18,"0 km SSE of Magna, Utah",1764234177740
-104.275,31.651,7.4329,1.8,"58 km S of Whites City, New Mexico",1764233676826
-95.222,17.3691,53.609,4.2,"6 km WSW of Los Ángeles, Mexico",1764233664587
-121.821,47.61066666666667,15.96,1.03,"7 km NE of Fall City, Washington",1764233486210
-101.907,32.107,8.1787,1.3,"11 km WSW of Stanton, Texas",1764232495153
-101.5,32.13,8.374,1.8,"12 km W of Forsan, Texas",1764232458032
-122.810997009277,38.8413314819336,2.02999997138977,0.72,"8 km WNW of Cobb, CA",1764232187810
-101.911,32.108,8.5205,0.6,"11 km WSW of Stanton, Texas",1764230789094
-110.467,44.704,5.03,0.5,"35 km SSE of Mammoth, Wyoming",1764230744560
-112.465833333333,40.9735,3.34,0.49,"35 km SW of Hooper, Utah",1764230462010
-122.727500915527,38.7705001831055,1.23000001907349,1.03,"3 km ESE of The Geysers, CA",1764229996650
-155.077833333333,58.2391666666667,4.08,-0.52,"83 km NNW of Karluk, Alaska",1764228904110
-121.491666666667,37.1453333333333,2.08,1.17,"12 km ENE of San Martin, CA",1764227325960
-122.736503601074,38.8061676025391,2.08999991416931,1.06,"2 km SSW of Cobb, CA",1764225948620
-122.736167907715,38.8058319091797,2.11999988555908,0.75,"2 km SSW of Cobb, CA",1764225935980
-122.758666992188,38.7783317565918,1.49000000953674,1.07,"0 km WNW of The Geysers, CA",1764225892830
-116.382833333333,33.3523333333333,3.05,0.62,"11 km N of Borrego Springs, CA",1764225847990
-112.9015,38.506,2.37,0.74,"15 km NE of Milford, Utah",1764225753260
-122.818336486816,38.8279991149902,2.09999990463257,0.27,"8 km NW of The Geysers, CA",1764224189240
-89.4753333333333,36.2893333333333,6.0,1.89,"3 km NNE of Ridgely, Tennessee",1764224169090
-117.501333333333,35.6803333333333,5.79,0.98,"13 km SW of Searles Valley, CA",1764224031600
-152.5447998046875,59.5361213684082,65.99832153320312,2.42167544576617,"40 km WNW of Nanwalek, Alaska",1764223967652
-89.4751666666667,36.2893333333333,5.43,1.75,"3 km NNE of Ridgely, Tennessee",1764223792920
-68.2631,-21.6186,114.473,4.5,"43 km S of Ollagüe, Chile",1764223391155
-112.485333333333,36.8936666666667,14.68,1.46,"6 km SSE of Fredonia, Arizona",1764222344790
145.8558,20.0545,87.66,4.5,"Maug Islands region, Northern Mariana Islands",1764222220509
-70.5872,43.9036,6.247,1.3,"7 km SSE of Naples, Maine",1764221935171
-155.7731475830078,57.57831954956055,0.2182546705007553,1.7495017908578359,"78 km W of Karluk, Alaska",1764221892459
-70.6211,43.9443,6.196,1.4,"3 km SSW of Naples, Maine",1764221807691
96.8545,1.1988,19.149,4.8,"85 km W of Gunungsitoli, Indonesia",1764221564973
-110.678,44.6695,5.59,0.54,"33 km E of West Yellowstone, Montana",1764221050530
-68.838,18.337,157.0,3.85,"17 km SE of La Romana, Dominican Republic",1764220746310
-122.471,37.6011666666667,9.42,0.57,"2 km SE of Pacifica, CA",1764220535780
96.0266,2.6921,25.388,6.6,"45 km WNW of Sinabang, Indonesia",1764219386540
-117.760166666667,32.8606666666667,12.71,1.82,"45 km W of La Jolla, CA",1764219374900
125.9703,5.2517,103.078,4.5,"58 km ESE of Sarangani, Philippines",1764218494222
-112.9045,38.5021666666667,1.57,1.32,"14 km NE of Milford, Utah",1764218113900
-167.005333333333,53.6536666666667,14.55,-0.17,"39 km SW of Unalaska, Alaska",1764217968580
-122.740837097168,38.7864990234375,0.589999973773956,1.24,"2 km NE of The Geysers, CA",1764217632830
-154.9225,19.4358333333333,6.06,0.9,"3 km S of Leilani Estates, Hawaii",1764217623090
-121.749,46.87133333333333,-0.69,0.25,"24 km ENE of Ashford, Washington",1764217526610
-121.75033333333333,46.87083333333333,-0.46,0.15,"24 km ENE of Ashford, Washington",1764217078230
-118.565833333333,37.4255,12.15,1.7,"3 km ENE of Round Valley, CA",1764216128240
-118.565666666667,37.4203333333333,11.28,1.34,"3 km ENE of Round Valley, CA",1764215924340
-122.49933333333334,48.31783333333333,23.13,1.93,"7 km S of La Conner, Washington",1764215877430
-118.564666666667,37.426,12.48,2.32,"3 km ENE of Round Valley, CA",1764215756320
-112.902,38.509,2.45,0.72,"15 km NE of Milford, Utah",1764214582980
-151.7584228515625,61.31145095825195,86.27571105957031,1.6935872611979021,"40 km WNW of Beluga, Alaska",1764214349791
-155.234161376953,19.4325008392334,25.3099994659424,1.78,"1 km S of Volcano, Hawaii",1764214108600
-116.082666666667,32.8396666666667,8.61,0.95,"14 km NW of Ocotillo, CA",1764214103370
-166.854333333333,53.8496666666667,4.44,-0.5,"21 km WSW of Dutch Harbor, Alaska",1764213942740
-103.234,31.08,0.0885,1.9,"24 km SW of Coyanosa, Texas",1764213910846
-150.52633666992188,63.19919967651367,117.4757537841797,1.9237672795636322,"70 km ESE of Denali National Park, Alaska",1764213590539
-104.334,31.673,6.0999,1.5,"55 km S of Whites City, New Mexico",1764213051337
120.939,18.4662,54.68,4.9,"19 km ESE of Pagudpud, Philippines",1764213048268
-122.766166687012,38.8168334960938,1.62000000476837,0.28,"4 km W of Cobb, CA",1764212018760
-110.887666666667,44.7721666666667,9.09,1.05,"21 km NE of West Yellowstone, Montana",1764212010270
-117.107,33.9988333333333,6.72,0.9,"5 km WNW of Calimesa, CA",1764211661340
-67.2485,18.7763333333333,46.49,3.03,"35 km NNW of San Antonio, Puerto Rico",1764211481320
-118.8165,37.4606666666667,2.72,0.49,"16 km SW of Toms Place, CA",1764211099610
-122.783833333333,38.8161666666667,1.6,0.2,"5 km NNW of The Geysers, CA",1764210898060
-166.841,53.8448333333333,5.01,-0.14,"20 km WSW of Dutch Harbor, Alaska",1764210280370
-122.792833333333,38.8395,2.78,0.38,"6 km WNW of Cobb, CA",1764209637920
-122.790168762207,38.8370018005371,1.77999997138977,0.78,"6 km WNW of Cobb, CA",1764209626790
-111.540333333333,42.0958333333333,4.45,-0.04,"12 km W of Saint Charles, Idaho",1764209496260
-110.890333333333,44.772,8.29,0.81,"20 km NE of West Yellowstone, Montana",1764209461520
-90.014,35.8846666666667,19.53,1.97,"4 km NE of Dell, Arkansas",1764209374990
-110.890833333333,44.7723333333333,8.52,1.1,"20 km NE of West Yellowstone, Montana",1764209364920
-101.478,32.092,8.9111,0.8,"10 km W of Forsan, Texas",1764209171220
-110.8885,44.7708333333333,7.38,0.77,"20 km NE of West Yellowstone, Montana",1764207737570
-110.8935,44.7765,8.32,1.53,"20 km NE of West Yellowstone, Montana",1764207655080
-143.0264129638672,60.47453689575195,3.7481892108917236,1.766545339012124,"106 km S of McCarthy, Alaska",1764207565503
-110.889666666667,44.7708333333333,9.12,1.22,"20 km NE of West Yellowstone, Montana",1764207405580
-117.492333333333,35.7231666666667,2.27,0.68,"9 km WSW of Searles Valley, CA",1764207314640
-116.0248,40.4665,4.0669,2.57,"28 km SSE of Carlin, Nevada",1764207015302
-124.1905,40.2441666666667,12.34,0.85,"12 km SE of Petrolia, CA",1764206766540
-120.440166666667,35.893,9.83,0.57,"1 km SW of Parkfield, CA",1764206712430
-155.493666666667,19.1731666666667,33.33,1.64,"3 km SSW of Pāhala, Hawaii",1764206131800
-110.843333333333,44.7951666666667,4.82,0.97,"23 km SSW of Mammoth, Wyoming",1764205989120
-122.2345,46.311,5.23,0.79,"27 km S of Morton, Washington",1764205960110
-120.782666666667,35.5511666666667,4.73,1.33,"7 km W of Templeton, CA",1764205877640
-66.829,17.9833333333333,15.17,2.84,"1 km SW of Indios, Puerto Rico",1764204749620
-122.758163452148,38.7794990539551,1.0900000333786,1.07,"0 km NNW of The Geysers, CA",1764204508840
-122.7635,38.815,2.5,0.35,"4 km WSW of Cobb, CA",1764204217820
-155.495666666667,19.1673333333333,33.81,1.88,"4 km SSW of Pāhala, Hawaii",1764203823670
-116.929166666667,33.7878333333333,13.58,1.12,"3 km E of San Jacinto, CA",1764203598870
-104.416,31.646,5.3821,2.0,"58 km S of Whites City, New Mexico",1764203370639
-122.7745,38.8055,1.66,0.22,"4 km NNW of The Geysers, CA",1764203029780
-147.3767852783203,65.02108001708984,3.0302555561065674,1.3514067380806718,"13 km ENE of Fox, Alaska",1764202588980
-101.796,32.33,6.5674,3.3,"22 km N of Stanton, Texas",1764202450325
-110.843666666667,44.7936666666667,4.79,1.42,"23 km SSW of Mammoth, Wyoming",1764202409800
24.8565,35.5537,70.779,4.7,"21 km NE of Pánormos, Greece",1764202132869
-123.2275,39.2858333333333,4.35,1.12,"3 km NW of Redwood Valley, CA",1764201886920
-117.227333333333,33.998,16.04,0.97,"6 km SSE of Loma Linda, CA",1764201867650
-103.694,31.534,5.2283,1.5,"20 km SSW of Mentone, Texas",1764201865842
124.9099,1.0384,120.915,4.5,"29 km S of Tondano, Indonesia",1764201625952
-148.7522430419922,61.50160217285156,26.017215728759766,1.7650893667008898,"9 km ENE of Knik River, Alaska",1764201581323
-167.74826049804688,52.80205535888672,19.83172607421875,2.0231375953641484,"76 km ESE of Nikolski, Alaska",1764201296956
-120.41016666666667,48.0615,9.98,0.6,"24 km NW of Granite Falls, Washington",1764201188610
-104.274,31.649,7.1252,1.6,"58 km NW of Toyah, Texas",1764200829536
-117.004,33.6686666666667,12.98,0.6,"9 km ESE of Winchester, CA",1764200334870
-167.60125732421875,52.53232955932617,13.662760734558105,2.588007282258397,"96 km ESE of Nikolski, Alaska",1764199962925
-153.098833333333,60.0206666666667,0.91,-0.61,"62 km ENE of Pedro Bay, Alaska",1764199849520
-66.8389,-23.413,216.526,4.3,"103 km NNW of San Antonio de los Cobres, Argentina",1764199515606
-146.5871124267578,61.41570663452148,19.883901596069336,1.8899690730290426,"34 km NNW of Valdez, Alaska",1764199483808
-110.691666666667,44.704,5.78,0.08,"30 km S of Mammoth, Wyoming",1764199214790
-110.684833333333,44.6955,6.47,0.13,"31 km S of Mammoth, Wyoming",1764199207310
-166.854833333333,53.8535,4.82,-0.52,"20 km W of Dutch Harbor, Alaska",1764199078830
-114.986,37.4295,17.5285,1.98,"17 km ENE of Alamo, Nevada",1764198928503
-147.69216918945312,60.68926239013672,3.7990434169769287,1.8861249315936381,"55 km E of Whittier, Alaska",1764198896782
-158.167333333333,56.8685,0.49,0.3,"65 km NNE of Chignik, Alaska",1764198589700
122.6927,4.2021,9.424,4.6,"220 km SSE of Tabiauan, Philippines",1764198042304
-147.09210205078125,60.28416061401367,12.339311599731445,2.065040419617889,"56 km ENE of Chenega, Alaska",1764197948355
-164.5436553955078,53.56554794311523,18.71681785583496,2.6082704385473106,"102 km SE of Akutan, Alaska",1764197613928
-97.5835,34.27816667,13.05,1.65,"10 km WNW of Healdton, Oklahoma",1764197429129
-122.794334411621,38.8238334655762,2.77999997138977,0.76,"6 km NNW of The Geysers, CA",1764196475230
-118.338666666667,35.9786666666667,2.37,0.73,"26 km NNE of Kernville, CA",1764196070120
-67.0015,17.9621666666667,13.19,2.45,"4 km ESE of La Parguera, Puerto Rico",1764196040410
-167.87046813964844,52.85578536987305,17.002193450927734,2.6895390902189544,"67 km E of Nikolski, Alaska",1764195891709
-101.71,31.706,8.8135,2.1,"27 km SW of Garden City, Texas",1764195553207
-120.51766666666667,49.38433333333333,-0.37,2.15,"8 km S of Princeton, Canada",1764195422820
-160.3578338623047,54.49436569213867,9.612936019897461,2.4207343822664424,"94 km S of Sand Point, Alaska",1764195368768
-122.818000793457,38.8341674804688,1.92999994754791,1.03,"8 km NW of The Geysers, CA",1764195249500
-168.86788940429688,52.55097579956055,45.14249420166016,2.6793797960498713,"43 km S of Nikolski, Alaska",1764195175245
124.7328,25.5946,136.231,4.3,"102 km N of Tarama, Japan",1764194809293
-152.2472686767578,61.33372497558594,90.00923156738281,1.9659255610958113,"66 km WNW of Beluga, Alaska",1764194663452
-122.764663696289,38.8173332214355,1.75,0.75,"4 km W of Cobb, CA",1764194410770
-163.55926513671875,54.07777404785156,47.98395156860352,2.4851031728603594,"86 km S of False Pass, Alaska",1764194300799
-160.08450317382812,54.53636932373047,23.176782608032227,2.3629180004602497,"92 km SSE of Sand Point, Alaska",1764194287769
-122.766998291016,38.8175010681152,1.32000005245209,2.04,"4 km W of Cobb, CA",1764194183250
-177.0450897216797,51.48155212402344,34.45664596557617,2.501586297989582,"52 km SSW of Adak, Alaska",1764194094336
-149.02499389648438,64.8310775756836,15.76444911956787,1.998194796733347,"25 km N of Four Mile Road, Alaska",1764193393158
-122.765502929688,38.8181648254395,1.29999995231628,2.05,"4 km W of Cobb, CA",1764193243830
-150.65211486816406,61.31225204467773,59.49650573730469,2.4319810263310933,"26 km SSW of Susitna, Alaska",1764192587926
-155.4998016357422,56.90432357788086,69.65071105957031,2.3302463024937534,"80 km W of Akhiok, Alaska",1764192324957
-166.857333333333,53.845,6.87,0.04,"21 km WSW of Dutch Harbor, Alaska",1764192312780
-155.475,19.2406666666667,28.76,1.65,"4 km N of Pāhala, Hawaii",1764192022150
-123.17383333333333,45.112833333333334,-0.18,1.7,"2 km E of Amity, Oregon",1764191115420
-104.33,31.667,6.0999,1.7,"56 km S of Whites City, New Mexico",1764190317631
-169.896666666667,52.788,2.97,0.75,"71 km WSW of Nikolski, Alaska",1764190311080
-117.0888,38.7275,13.8909,1.59,"53 km S of Kingston, Nevada",1764190036742
-117.111666666667,34.6333333333333,-1.29,1.38,"16 km NNE of Apple Valley, CA",1764189890700
-178.371,-17.9244,565.297,4.6,"245 km E of Levuka, Fiji",1764189673525
-117.520833333333,35.6723333333333,4.48,0.65,"15 km SW of Searles Valley, CA",1764189260540
-144.1393585205078,61.90892028808594,5.0,1.7997975933937458,"46 km NNE of Chitina, Alaska",1764189255060
-146.78518676757812,64.48065185546875,5.242325305938721,1.2988379843147777,"7 km SE of Salcha, Alaska",1764188913191
-118.185666666667,34.9901666666667,-0.89,0.95,"7 km S of Mojave, CA",1764188455820
-153.109666666667,60.0008333333333,-2.54,-0.66,"60 km ENE of Pedro Bay, Alaska",1764188394650
-122.645,49.297,-0.5,1.44,"9 km NNE of Pitt Meadows, Canada",1764188205770
-171.33705139160156,52.01404190063477,13.228876113891602,3.4788713824324944,"197 km WSW of Nikolski, Alaska",1764188199065
-117.812833333333,35.3405,8.26,1.13,"17 km WSW of Johannesburg, CA",1764188196860
-121.477,37.0173333333333,5.27,1.58,"8 km E of Gilroy, CA",1764188177330
-155.404166666667,19.2538333333333,30.98,1.41,"9 km NE of Pāhala, Hawaii",1764187942260
-149.6165313720703,61.22100067138672,28.679601669311523,1.7741352780492865,"4 km S of Elmendorf Air Force Base, Alaska",1764187899390
-149.93392944335938,62.78705978393555,70.66358947753906,2.332763456213649,"38 km NNE of Chase, Alaska",1764187599935
-153.037333333333,60.0305,0.25,-0.53,"65 km ENE of Pedro Bay, Alaska",1764187435810
96.7871,0.725,10.0,5.0,"111 km SW of Gunungsitoli, Indonesia",1764186863495
-155.10809326171875,58.2282943725586,5.0,0.731294106929609,"83 km NNW of Karluk, Alaska",1764186389102
-152.2445,61.168,6.53,-0.44,"60 km W of Tyonek, Alaska",1764185800720
-97.901,29.019,6.9919,1.2,"12 km ENE of Falls City, Texas",1764185713417
-117.6835,35.0373333333333,-0.82,1.54,"5 km NW of Boron, CA",1764185306430
-122.797996520996,38.828498840332,0.200000002980232,0.76,"7 km W of Cobb, CA",1764185213590
-117.45433333333334,44.531333333333336,-1.58,1.56,"24 km NW of Huntington, Oregon",1764184676700
-163.14913940429688,54.60891342163086,68.0163345336914,2.18062785950925,"32 km SSE of False Pass, Alaska",1764184600024
-121.7895,47.18083333333333,-1.23,1.29,"10 km WNW of Greenwater, Washington",1764184124750
-122.854164123535,38.8221664428711,2.59999990463257,0.77,"10 km WNW of The Geysers, CA",1764184123210
-164.94110107421875,53.72978591918945,20.558168411254883,2.7010618699807334,"70 km SE of Akutan, Alaska",1764183992087
-122.853164672852,38.8221664428711,2.79999995231628,1.52,"10 km WNW of The Geysers, CA",1764183670910
-122.500666666667,38.6873333333333,6.38,1.02,"12 km SE of Middletown, CA",1764183566000
-155.5105,58.263,4.41,-0.27,"82 km SE of King Salmon, Alaska",1764183415290
-122.783,38.8343333333333,3.48,0.58,"5 km WNW of Cobb, CA",1764183221080
-122.174333333333,38.1268333333333,-0.07,1.61,"6 km ENE of Vallejo, CA",1764182972370
-117.804,35.3428333333333,7.21,0.98,"16 km WSW of Johannesburg, CA",1764182863750
-155.56698608398438,56.85189056396484,16.2418155670166,2.277372139097543,"85 km W of Akhiok, Alaska",1764182807461
-95.80633333,36.20866667,0.0,1.18,"5 km WNW of Catoosa, Oklahoma",1764182605829
-117.8095,35.342,10.0,1.19,"16 km WSW of Johannesburg, CA",1764182484700
-144.135,62.0056666666667,8.17,0.18,"53 km NE of Kenny Lake, Alaska",1764182186830
-104.414,31.672,6.4331,1.5,"55 km S of Whites City, New Mexico",1764182048468
-122.797164916992,38.8338317871094,-0.930000007152557,0.42,"7 km WNW of Cobb, CA",1764182046590
-122.369,38.0906666666667,7.43,0.98,"11 km NNW of Bayview-Montalvin, CA",1764181634570
-152.0185546875,60.35953140258789,78.09574890136719,2.00410190787264,"37 km WNW of Clam Gulch, Alaska",1764181152791
158.5529,52.618,91.826,4.4,"36 km SSE of Vilyuchinsk, Russia",1764181019691
-155.526666666667,58.2756666666667,2.22,0.36,"80 km SE of King Salmon, Alaska",1764180991760
170.6542,-22.7306,10.0,5.2,southeast of the Loyalty Islands,1764180232288
-123.23816666666667,46.8425,-0.38,0.96,"0 km WNW of Oakville, Washington",1764179998470
-117.879166666667,36.1088333333333,4.76,0.76,"9 km NE of Coso Junction, CA",1764178995390
-154.903666666667,58.457,7.78,-0.29,"102 km NNW of Karluk, Alaska",1764178885950
-117.807166666667,35.3446666666667,7.48,1.24,"16 km WSW of Johannesburg, CA",1764178389360
-160.64698791503906,54.70438766479492,18.948184967041016,2.347698722422747,"70 km S of Sand Point, Alaska",1764178093059
-122.800163269043,38.8274993896484,2.04999995231628,0.76,"7 km W of Cobb, CA",1764178030670
-155.897994995117,20.5071659088135,5.03999996185303,1.94,"29 km SSE of Hana, Hawaii",1764177992460
-165.2117919921875,53.51890182495117,47.72903060913086,2.165613458533403,"77 km SSE of Akutan, Alaska",1764177694577
-96.37116667,34.294,0.0,1.56,"10 km SSE of Wapanucka, Oklahoma",1764177503120
-120.604833333333,36.0413333333333,3.47,1.35,"22 km NW of Parkfield, CA",1764177278010
-101.712,31.706,9.1553,1.0,"28 km SW of Garden City, Texas",1764176814652
-101.714,31.706,8.4229,3.1,"28 km SW of Garden City, Texas",1764176480656
-141.328857421875,60.24762344360352,0.0,1.680546900571823,"118 km NW of Yakutat, Alaska",1764176227321
-150.66986083984375,61.42002868652344,52.86470031738281,1.8371907635395766,"16 km SSW of Susitna, Alaska",1764176106785
-121.466166666667,36.9945,4.85,1.62,"9 km E of Gilroy, CA",1764176088520
-155.7968292236328,57.60240173339844,6.260963439941406,2.655839859431391,"80 km W of Karluk, Alaska",1764175843432
-157.969970703125,65.25736236572266,2.6042654514312744,1.5570802679109625,"43 km NNW of Koyukuk, Alaska",1764175441068
144.2369,42.4681,79.145,4.9,"56 km SSE of Shiranuka, Japan",1764175437472
-121.956,37.7705,7.93,0.65,"2 km ESE of San Ramon, CA",1764175407370
-152.46435546875,57.77201461791992,32.56815719604492,2.3965550071211283,"3 km WSW of Kodiak, Alaska",1764175387396
-116.4872,38.4564,0.0,1.66,"78 km ENE of Tonopah, Nevada",1764175138996
-152.3317413330078,61.02122116088867,113.7650375366211,1.7599965533643163,"64 km W of Tyonek, Alaska",1764174779550
-152.322833333333,61.1288333333333,6.57,-0.24,"64 km W of Tyonek, Alaska",1764174715750
-121.466666666667,37.0041666666667,5.64,1.37,"9 km E of Gilroy, CA",1764174631360
-160.05422973632812,54.55725860595703,20.041425704956055,2.6094963750260756,"91 km SSE of Sand Point, Alaska",1764174516867
175.7469024658203,51.8432731628418,15.656649589538574,3.3098139691159427,"207 km ESE of Attu Station, Alaska",1764174331262
-139.49386596679688,60.19831848144531,5.0,1.921232115260038,"73 km N of Yakutat, Alaska",1764174222692
-104.329,31.665,6.4331,1.5,"56 km S of Whites City, New Mexico",1764174106445
-122.786499023438,38.8274993896484,1.8400000333786,0.69,"6 km W of Cobb, CA",1764173951800
-122.764833333333,38.7903333333333,2.07,0.2,"2 km NNW of The Geysers, CA",1764173681650
-155.8328399658203,57.57670593261719,12.758099555969238,1.5293820371590974,"82 km W of Karluk, Alaska",1764173577579
-122.817832946777,38.8296661376953,1.55999994277954,0.78,"8 km NW of The Geysers, CA",1764173481030
-121.489166666667,37.0536666666667,9.5,0.85,"9 km NE of Gilroy, CA",1764173474120
-120.666,36.091,6.16,1.01,"23 km ENE of San Ardo, CA",1764173353510
-148.4850616455078,60.01121520996094,12.55701732635498,2.1802784001618973,"27 km WSW of Chenega, Alaska",1764173166861
-121.84633333333333,47.611333333333334,4.42,-0.01,"5 km NNE of Fall City, Washington",1764172112490
-103.807,32.005,7.3303,1.1,"34 km SE of Malaga, New Mexico",1764171799726
-121.4685,37.0073333333333,4.92,1.19,"9 km E of Gilroy, CA",1764171407320
-147.29627990722656,60.98732376098633,12.279701232910156,2.1463435647975277,"36 km WNW of Tatitlek, Alaska",1764171130502
-122.804000854492,38.8211669921875,2.63000011444092,1.04,"6 km NW of The Geysers, CA",1764170977850
-117.598,35.6408333333333,7.41,0.99,"7 km ENE of Ridgecrest, CA",1764170831180
-150.13827514648438,61.19478607177734,44.69426345825195,1.7526044022836162,"13 km WSW of Anchorage, Alaska",1764169786187
-179.27220153808594,50.89970016479492,18.387239456176758,3.3886278413898094,"213 km WSW of Adak, Alaska",1764169704258
-147.49327087402344,61.17174911499023,0.0,2.4364060799960416,"55 km NW of Tatitlek, Alaska",1764169658949
-152.2737579345703,59.96185302734375,81.4024887084961,1.8713964277309607,"30 km W of Happy Valley, Alaska",1764168916495
-170.9512481689453,53.09875106811523,7.34767484664917,2.84265008281223,"141 km W of Nikolski, Alaska",1764168575143
-115.597,32.6196666666667,8.34,1.59,"5 km NNW of Progreso, B.C., MX",1764168359020
-155.84616088867188,57.66533660888672,5.542622566223145,2.101443261506235,"83 km W of Karluk, Alaska",1764168318741
-104.33,31.66,8.1506,2.4,"57 km S of Whites City, New Mexico",1764168132562
-119.085333333333,34.4101666666667,8.32,1.44,"7 km NNW of Santa Paula, CA",1764167909850
-122.722503662109,38.7583351135254,2.71000003814697,1.03,"3 km SW of Anderson Springs, CA",1764167889620
-141.0894775390625,60.3094596862793,13.961928367614746,1.5859476069409866,"114 km NW of Yakutat, Alaska",1764167886999
-97.5895,34.26716667,11.76,1.48,"9 km N of Ringling, Oklahoma",1764167782050
-117.912666666667,36.1291666666667,5.72,1.03,"10 km NNE of Coso Junction, CA",1764167708500
-170.40530395507812,52.20364379882812,40.13214874267578,2.9412952835443553,"132 km SW of Nikolski, Alaska",1764167568210
-121.158,36.5298333333333,5.96,1.05,"1 km W of Pinnacles, CA",1764167184790
-149.96090698242188,63.39437484741211,3.754929780960083,1.8469182451669945,"50 km W of Cantwell, Alaska",1764167117112
-155.572333333333,20.3613333333333,4.49,3.43,"25 km ENE of Hala‘ula, Hawaii",1764167059660
-121.473,37.0038333333333,3.42,1.79,"8 km E of Gilroy, CA",1764166964240
-149.37557983398438,59.95038223266602,10.069903373718262,2.1851921321331194,"14 km SSE of Lowell Point, Alaska",1764166853724
-121.470333333333,36.9993333333333,3.89,3.63,"9 km E of Gilroy, CA",1764166801590
-121.471166666667,37.0016666666667,3.6,2.69,"9 km E of Gilroy, CA",1764166715650
-103.135,31.956,3.9795,1.6,"11 km NNW of Kermit, Texas",1764166625629
-121.475666666667,36.9973333333333,2.92,3.98,"8 km E of Gilroy, CA",1764166602430
-155.74307250976562,57.57894134521484,4.365168571472168,1.8476263356452,"77 km W of Karluk, Alaska",1764166408778
-142.51797485351562,60.01131057739258,17.62752342224121,1.8613926383447732,"159 km S of McCarthy, Alaska",1764165679837
-122.877502441406,38.8344993591309,2.76999998092651,0.75,"12 km WNW of The Geysers, CA",1764165629060
-149.36587524414062,62.46943664550781,58.76555252075195,1.847161491188724,"38 km E of Chase, Alaska",1764165468475
-117.8075,35.3408333333333,8.11,1.25,"16 km WSW of Johannesburg, CA",1764164383460
-155.413833618164,19.2889995574951,30.2600002288818,1.8,"11 km NE of Pāhala, Hawaii",1764164117440
-155.506332397461,19.144832611084,36.7700004577637,1.71,"7 km SSW of Pāhala, Hawaii",1764163781830
-122.813163757324,38.8306655883789,-0.740000009536743,1.52,"8 km NW of The Geysers, CA",1764163612480
-151.60948181152344,60.1760482788086,54.34156799316406,2.086319169125091,"13 km WSW of Clam Gulch, Alaska",1764163471885
-156.13963317871094,57.86260986328125,127.03868103027344,1.6949319884753216,"82 km ESE of Egegik, Alaska",1764163099646
-82.6618333333333,39.0518333333333,20.25,2.29,"2 km W of Jackson, Ohio",1764162443500
-122.818336486816,38.8460006713867,1.22000002861023,0.71,"9 km WNW of Cobb, CA",1764162331720
-121.77083333333333,47.438,23.96,1.74,"1 km S of Wilderness Rim, Washington",1764161831190
-116.711833333333,33.642,12.98,0.58,"10 km NNW of Anza, CA",1764161630770
-149.8359375,61.84975051879883,16.43950080871582,1.9464633089386256,"15 km NE of Willow, Alaska",1764161591755
-151.10549926757812,61.21810150146484,62.0006332397461,1.2839851549588672,"8 km N of Beluga, Alaska",1764161449195
-157.3572540283203,66.23927307128906,9.202106475830078,1.7023106220427804,"73 km S of Shungnak, Alaska",1764161435255
-120.776833333333,35.5545,4.63,1.0,"6 km W of Templeton, CA",1764160991270
-117.190666666667,34.0073333333333,11.13,0.54,"5 km S of Redlands, CA",1764160392300
-104.335,31.671,4.4849,1.6,"56 km S of Whites City, New Mexico",1764159934114
-155.601333333333,58.2541666666667,8.51,-0.34,"78 km SE of King Salmon, Alaska",1764159360090
-162.01390075683594,54.80786514282227,55.92030334472656,2.0385098832152684,"34 km SE of King Cove, Alaska",1764159354766
-97.57933333,34.27833333,10.13,1.95,"9 km WNW of Healdton, Oklahoma",1764159343560
-149.49705505371094,61.72997283935547,38.320411682128906,1.6317874911114625,"12 km NNW of Tanaina, Alaska",1764159313592
-112.889166666667,38.5096666666667,2.09,1.14,"16 km NE of Milford, Utah",1764159161060
-149.94154357910156,61.52507781982422,36.8460807800293,2.0043847046796843,"0 km ENE of Big Lake, Alaska",1764158544115
-104.265,31.66,6.3306,1.9,"58 km S of Whites City, New Mexico",1764158340989
-150.13778686523438,61.1829719543457,40.94120788574219,2.1207816847207814,"13 km WSW of Anchorage, Alaska",1764158296047
125.3536,27.0273,262.421,4.5,"246 km N of Hirara, Japan",1764158131807
-152.50543212890625,60.7884521484375,114.87374114990234,1.9507325997072467,"67 km W of Nikiski, Alaska",1764158093938
-102.031,32.398,8.6182,1.1,"32 km WSW of Ackerly, Texas",1764157744002
-104.299,31.687,6.7151,2.4,"54 km S of Whites City, New Mexico",1764157669298
-164.0095,54.7488333333333,5.67,1.02,"40 km WSW of False Pass, Alaska",1764157521990
-146.30572509765625,61.04938125610352,12.653894424438477,1.7142510409051952,"9 km SSE of Valdez, Alaska",1764157430094
-166.76687622070312,53.09030151367188,24.38528633117676,2.4430187322687544,"88 km S of Unalaska, Alaska",1764157209516
-122.900833333333,38.7008333333333,8.19,1.47,"10 km NNW of Healdsburg, CA",1764157152450
-154.9865,58.2948333333333,2.93,0.37,"86 km NNW of Karluk, Alaska",1764157122570
-122.17933333333333,46.2075,2.0,0.3,"38 km NNE of Amboy, Washington",1764156764130
-112.894,38.5086666666667,2.13,0.62,"16 km NE of Milford, Utah",1764156568390
-168.92379760742188,52.59751510620117,23.442651748657227,3.452732887505386,"38 km S of Nikolski, Alaska",1764156378961
-122.877998352051,38.8328323364258,2.90000009536743,1.06,"12 km WNW of The Geysers, CA",1764155782590
-112.887166666667,38.5063333333333,1.94,1.23,"16 km NE of Milford, Utah",1764155423910
-122.7555,38.7863333333333,2.27,0.27,"1 km N of The Geysers, CA",1764155310410
-122.726165771484,38.7750015258789,1.77999997138977,1.04,"3 km E of The Geysers, CA",1764155143130
-122.726333618164,38.7756652832031,1.77999997138977,0.76,"3 km E of The Geysers, CA",1764155130480
-160.46469116210938,54.42919921875,34.72780990600586,2.570859450789669,"100 km S of Sand Point, Alaska",1764154925492
-116.7395,33.671,14.58,0.43,"8 km SSW of Idyllwild, CA",1764154866370
-152.64157104492188,59.8948860168457,84.71820831298828,1.7473638019988456,"47 km WNW of Anchor Point, Alaska",1764154768534
129.8327,-7.1188,145.208,4.6,"Kepulauan Babar, Indonesia",1764154767185
-146.9329071044922,61.1930046081543,0.0,1.6272676460104867,"32 km WNW of Valdez, Alaska",1764154671601
-153.068666666667,60.0346666666667,5.14,-0.32,"64 km ENE of Pedro Bay, Alaska",1764154599940
-122.730834960938,38.7599983215332,1.48000001907349,1.15,"3 km SE of The Geysers, CA",1764154543190
-67.8569,-23.899,123.399,4.4,"114 km SSE of San Pedro de Atacama, Chile",1764154424987
-73.9802,-37.9203,24.237,4.5,"45 km SW of Lebu, Chile",1764154154348
-89.0828,13.5445,143.324,4.3,"4 km SE of Olocuilta, El Salvador",1764154142731
-115.343833333333,32.278,1.44,1.4,"17 km WSW of Delta, B.C., MX",1764153797010
-122.731330871582,38.7601661682129,1.54999995231628,1.19,"3 km SE of The Geysers, CA",1764153684220
-112.8935,38.5095,1.83,0.52,"16 km NE of Milford, Utah",1764153229650
-93.4039,14.3668,10.0,4.2,"112 km WSW of Puerto Madero, Mexico",1764153124528
-153.105,60.0173333333333,-2.78,-0.72,"61 km ENE of Pedro Bay, Alaska",1764153071010
-113.196833333333,37.7503333333333,10.65,0.89,"14 km NW of Cedar City, Utah",1764153033380
-100.3003333,36.9465,2.01,2.38,"12 km NW of Knowles, Oklahoma",1764152885730
-160.31163024902344,54.57602310180664,9.225687026977539,2.5159072759008567,"85 km S of Sand Point, Alaska",1764152277052
-104.304,31.692,7.0355,2.3,"54 km S of Whites City, New Mexico",1764152187082
-148.13002014160156,61.6125373840332,13.014724731445312,1.1552859148067602,"27 km SE of Chickaloon, Alaska",1764151867075
-155.069666666667,19.354,1.42,0.82,"14 km SSE of Fern Forest, Hawaii",1764151595740
-117.807166666667,35.3445,8.11,1.02,"16 km WSW of Johannesburg, CA",1764151528490
-149.77162170410156,61.58290481567383,54.06723785400391,1.815653418937166,"5 km SSE of Houston, Alaska",1764151407119
-101.487,32.097,8.9111,1.3,"11 km W of Forsan, Texas",1764151380233
-117.230333333333,34.0403333333333,15.3,1.11,"3 km ESE of Loma Linda, CA",1764151182630
-160.007568359375,54.5566291809082,15.762821197509766,2.8263828708588856,"92 km SSE of Sand Point, Alaska",1764151174263
-117.793333333333,35.3521666666667,5.87,1.3,"15 km W of Johannesburg, CA",1764151075850
-152.251333333333,61.1806666666667,4.05,-0.48,"61 km WNW of Tyonek, Alaska",1764150976110
-117.81,35.343,7.23,1.17,"16 km WSW of Johannesburg, CA",1764150894540
-97.938,35.32266667,7.87,0.79,"1 km NNE of Minco, Oklahoma",1764150786969
-112.8905,38.5086666666667,2.09,0.33,"16 km NE of Milford, Utah",1764150612970
-155.075333333333,19.3361666666667,5.84,4.61,"15 km SSE of Fern Forest, Hawaii",1764150585770
-112.888333333333,38.5078333333333,1.6,0.83,"16 km NE of Milford, Utah",1764150367090
-155.404495239258,18.9861660003662,37.2099990844727,1.79,"20 km ESE of Naalehu, Hawaii",1764150158890
168.4392,-19.458,10.0,4.9,"88 km W of Isangel, Vanuatu",1764150125395
-155.379166666667,19.1236666666667,6.29,2.48,"13 km SE of Pāhala, Hawaii",1764149904750
-67.0823333333333,18.385,20.5,3.0,"3 km ESE of Moca, Puerto Rico",1764149771830
-122.817169189453,38.8450012207031,1.48000001907349,0.23,"9 km WNW of Cobb, CA",1764149484170
-149.91256713867188,64.35486602783203,16.78600311279297,1.8906712022994918,"35 km W of Anderson, Alaska",1764149428087
-122.23066666666666,46.303666666666665,4.99,0.68,"28 km S of Morton, Washington",1764149424390
-122.819666666667,38.8128333333333,2.3,0.39,"7 km NW of The Geysers, CA",1764149364030
-122.23316666666666,46.306333333333335,5.63,1.37,"28 km S of Morton, Washington",1764149320520
-121.92383333333333,46.848,11.05,0.66,"12 km NE of Ashford, Washington",1764149020600
-123.2325,39.2978333333333,6.46,1.44,"4 km NW of Redwood Valley, CA",1764148867920
-97.58383333,34.287,6.27,1.87,"10 km ESE of Loco, Oklahoma",1764148852200
-155.374328613281,19.162166595459,-0.569999992847443,1.85,"11 km ESE of Pāhala, Hawaii",1764148591630
-97.9285,35.32616667,6.92,1.43,"2 km NE of Minco, Oklahoma",1764148491479
-153.050833333333,60.0115,0.42,-0.59,"64 km ENE of Pedro Bay, Alaska",1764148404710
-121.939333333333,37.7533333333333,5.44,0.99,"5 km SE of San Ramon, CA",1764148341740
-122.726666666667,38.7645,1.73,0.32,"3 km ESE of The Geysers, CA",1764147074650
-122.766502380371,38.8245010375977,2.21000003814697,1.03,"4 km W of Cobb, CA",1764146768120
-104.117,31.729,7.6508,1.5,"49 km W of Mentone, Texas",1764145807023
127.1882,5.2892,126.989,4.8,"163 km SE of Pondaguitan, Philippines",1764145467678
-121.794833333333,37.0385,8.23,2.1,"6 km N of Corralitos, CA",1764145401170
-146.90721130371094,61.220947265625,0.0,1.58171142857685,"31 km WNW of Valdez, Alaska",1764145237448
-161.4600067138672,54.80562210083008,48.33209991455078,2.2222278514964167,"61 km ESE of King Cove, Alaska",1764144817188
-116.293666666667,32.9895,7.16,0.45,"23 km SW of Ocotillo Wells, CA",1764144708570
-154.80813598632812,57.78570556640625,67.55366516113281,1.8861826077193324,"32 km NW of Karluk, Alaska",1764144648210
-149.8898162841797,61.52569580078125,44.92028045654297,1.6209205099523707,"3 km E of Big Lake, Alaska",1764144510466
-155.393661499023,19.00950050354,32.060001373291,1.71,"20 km ESE of Naalehu, Hawaii",1764143686650
-144.7027587890625,65.37644958496094,0.9480953216552734,1.9449916057093504,"22 km SSE of Central, Alaska",1764142547133
-122.819664001465,38.8520011901855,2.92000007629395,0.26,"9 km WNW of Cobb, CA",1764142340070
-122.815170288086,38.8456649780273,1.41999995708466,0.22,"8 km WNW of Cobb, CA",1764142231480
-117.5865,34.0171666666667,6.0,1.16,"6 km SE of Ontario, CA",1764141855010
-122.843170166016,38.8214988708496,1.95000004768372,0.92,"9 km WNW of The Geysers, CA",1764141840980
-68.723,-21.8419,150.752,4.5,"71 km NNE of Calama, Chile",1764141095302
161.9946,-51.0362,10.0,4.7,north of Macquarie Island,1764140840878
168.3629,-19.7337,54.402,4.6,"98 km WSW of Isangel, Vanuatu",1764140131349
-155.499664306641,19.1940002441406,29.2000007629395,1.72,"2 km WSW of Pāhala, Hawaii",1764140088270
-168.4321,52.4878,35.0,2.8,"57 km SSE of Nikolski, Alaska",1764140055384
-117.4765,35.6716666666667,8.84,1.42,"13 km SSW of Searles Valley, CA",1764139593920
-147.5228729248047,61.1320915222168,0.0,1.4807866840358577,"54 km WNW of Tatitlek, Alaska",1764139529041
-122.723999023438,38.7605018615723,1.23000001907349,0.99,"3 km WSW of Anderson Springs, CA",1764139431620
179.4159393310547,51.51239013671875,61.43595123291016,2.7734748251788033,"276 km W of Adak, Alaska",1764139098585
-121.790333333333,37.0465,8.53,0.84,"7 km E of Day Valley, CA",1764138840150
-104.165,31.704,7.7917,1.6,"53 km W of Mentone, Texas",1764138814007
-151.09078979492188,62.56017303466797,85.8486099243164,2.7787587245842804,"18 km WNW of Petersville, Alaska",1764138738882
-103.391,31.938,6.1511,1.1,"26 km SW of Jal, New Mexico",1764138477715
-151.9105,61.4658333333333,0.15,0.08,"57 km NW of Beluga, Alaska",1764138410540
-150.49269104003906,61.48181533813477,49.1202278137207,1.8874582909865658,"6 km S of Susitna, Alaska",1764137952915
-177.01,51.3823,35.0,2.7,"60 km SSW of Adak, Alaska",1764137394967
-155.2875,58.1776666666667,0.63,0.16,"83 km NW of Karluk, Alaska",1764137303580
-121.789,37.044,8.08,0.89,"6 km NNE of Corralitos, CA",1764137222110
-121.790333333333,37.044,8.52,0.87,"6 km NNE of Corralitos, CA",1764137126930
-117.8025,35.3465,7.89,0.87,"15 km W of Johannesburg, CA",1764137000800
-121.793,37.0388333333333,8.95,1.72,"6 km NNE of Corralitos, CA",1764136537220
-161.7066,54.6838,38.348,2.5,"57 km SE of King Cove, Alaska",1764135883886
-117.729666666667,35.9168333333333,3.21,0.63,"16 km E of Little Lake, CA",1764135096520
98.9235,2.4703,156.19,4.9,"21 km SSE of Tomok Bolon, Indonesia",1764134918547
-116.724,34.0143333333333,17.24,0.9,"12 km NNE of Cabazon, CA",1764134852820
-153.4091339111328,59.92188262939453,131.54779052734375,2.1354969189962256,"41 km ENE of Pedro Bay, Alaska",1764134590801
-122.802,38.8186666666667,3.31,0.38,"6 km NW of The Geysers, CA",1764134589560
-122.813331604004,38.8266677856445,1.07000005245209,0.65,"7 km NW of The Geysers, CA",1764134558970
-122.812,38.8323333333333,2.23,0.33,"8 km W of Cobb, CA",1764134204860
-122.813833333333,38.8356666666667,2.27,0.23,"8 km W of Cobb, CA",1764133845750
-122.814666748047,38.837833404541,0.850000023841858,0.71,"8 km WNW of Cobb, CA",1764133833950
178.4532470703125,51.19302368164062,11.125412940979004,3.1398099842810883,"Rat Islands, Aleutian Islands, Alaska",1764133770208
-117.791,35.35,5.08,0.79,"14 km W of Johannesburg, CA",1764133673390
-155.495834350586,19.1720008850098,30.3099994659424,1.89,"3 km SSW of Pāhala, Hawaii",1764133666260
-122.857833862305,38.8311653137207,2.15000009536743,0.74,"11 km NW of The Geysers, CA",1764133117170
-122.857833862305,38.8303337097168,2.35999989509583,1.09,"11 km NW of The Geysers, CA",1764133103030
-150.691650390625,61.41848754882812,54.40023803710938,1.6434650160772384,"16 km SW of Susitna, Alaska",1764132073752
-152.60003662109375,64.53800201416016,0.9484472870826721,1.6099363455408844,"74 km N of Lake Minchumina, Alaska",1764131760091
-155.401168823242,18.9861660003662,30.6200008392334,1.79,"20 km ESE of Naalehu, Hawaii",1764131691130
-150.2249298095703,61.9059066772461,67.51067352294922,1.727935662026054,"20 km NNW of Willow, Alaska",1764131362598
-122.732833862305,38.7690010070801,1.98000001907349,0.9,"2 km ESE of The Geysers, CA",1764130794710
-122.813331604004,38.826000213623,1.74000000953674,0.96,"7 km NW of The Geysers, CA",1764129862940
179.7232666015625,51.4596061706543,62.54307556152344,2.7466128495059987,"256 km WSW of Adak, Alaska",1764128647657
-116.0715,33.227,9.89,1.14,"11 km NNE of Ocotillo Wells, CA",1764128592990
-118.348833333333,34.0185,5.93,0.94,"3 km N of View Park-Windsor Hills, CA",1764128479900
-122.765335083008,38.8250007629395,1.96000003814697,0.69,"4 km W of Cobb, CA",1764128370490
-151.5859832763672,60.73515319824219,71.71269989013672,1.990056194673529,"16 km WNW of Nikiski, Alaska",1764128328407
-178.7411,-17.4078,565.578,4.2,"218 km ENE of Levuka, Fiji",1764128240998
-117.806166666667,35.3456666666667,8.34,0.88,"16 km W of Johannesburg, CA",1764128208560
-122.497333333333,38.6888333333333,6.14,0.69,"12 km SE of Middletown, CA",1764127995110
-167.96507263183594,52.97808837890625,54.85998153686523,1.8914290169519532,"60 km E of Nikolski, Alaska",1764127989207
138.7205,30.3918,413.121,4.2,"Izu Islands, Japan region",1764127564445
-96.74283333,35.5545,5.83,1.37,"9 km NW of Prague, Oklahoma",1764126974390
-122.8195,38.6953333333333,6.55,1.23,"10 km NNE of Healdsburg, CA",1764126755540
-96.74466667,35.55366667,5.78,1.37,"9 km NW of Prague, Oklahoma",1764126543980
-96.74416667,35.55533333,5.65,2.76,"9 km SE of Sparks, Oklahoma",1764126222990
-162.5316162109375,62.7811050415039,2.583303213119507,2.3080665159151414,"59 km ESE of Kotlik, Alaska",1764126041021
-173.5422,-15.0031,10.0,5.0,"108 km NNE of Hihifo, Tonga",1764125952113
-155.133666666667,58.262,32.43,0.29,"87 km NNW of Karluk, Alaska",1764125514640
-157.43666076660156,66.21723937988281,7.788448810577393,1.762019797086689,"74 km NW of Huslia, Alaska",1764124873547
-104.305,31.693,7.074,1.5,"53 km S of Whites City, New Mexico",1764124801959
-179.21932983398438,51.49444580078125,75.34786224365234,3.1849879604646794,"183 km WSW of Adak, Alaska",1764124636650
-97.59566667,34.3105,7.14,1.26,"8 km ESE of Loco, Oklahoma",1764124602960
-154.79473876953125,57.6614990234375,12.891613006591797,2.1151554654514197,"22 km WNW of Karluk, Alaska",1764124204245
-157.41383361816406,66.2184066772461,8.642524719238281,2.457040710386445,"74 km NW of Huslia, Alaska",1764124135895
-141.7225341796875,59.99714279174805,18.20246124267578,1.711773262306132,"122 km WNW of Yakutat, Alaska",1764124033399
-117.809333333333,35.3453333333333,7.59,2.06,"16 km W of Johannesburg, CA",1764123446870
-153.09388732910156,59.97118377685547,130.55026245117188,1.622704522745795,"60 km ENE of Pedro Bay, Alaska",1764123421718
-97.5895,34.30666667,6.16,1.22,"8 km ESE of Loco, Oklahoma",1764122874929
-152.657,60.4536666666667,0.11,-0.53,"70 km NW of Ninilchik, Alaska",1764122720860
-66.8355,17.9975,12.43,2.3,"1 km WNW of Indios, Puerto Rico",1764122650140
-155.262,19.332,31.77,1.81,"12 km SSW of Volcano, Hawaii",1764122639860
177.5406494140625,52.01199722290039,10.0,3.055069590997917,"Rat Islands, Aleutian Islands, Alaska",1764122255307
-104.306,31.687,7.356,2.1,"54 km S of Whites City, New Mexico",1764122135679
-104.3,31.688,7.3303,2.5,"54 km S of Whites City, New Mexico",1764121509815
-97.5725,34.29666667,6.19,1.72,"10 km NW of Healdton, Oklahoma",1764121048190
-142.4973,58.7701,39.882,2.5,"180 km WSW of Yakutat, Alaska",1764120940564
-116.717666666667,33.6673333333333,15.17,0.55,"8 km S of Idyllwild, CA",1764120890710
-112.897833333333,38.511,2.13,0.84,"16 km NE of Milford, Utah",1764120851300
-150.18190002441406,62.81900024414062,78.35698699951172,1.7652477690241586,"41 km N of Chase, Alaska",1764120572177
-150.45159912109375,63.27746200561523,113.7574462890625,1.6382645844711685,"70 km ESE of Denali National Park, Alaska",1764120444058
-101.279,32.22,6.1279,0.9,"8 km SSE of Coahoma, Texas",1764120159875
-152.267666666667,61.3256666666667,3.57,-0.66,"66 km WNW of Beluga, Alaska",1764119872910
-152.2645,61.3306666666667,1.45,-0.92,"66 km WNW of Beluga, Alaska",1764119859970
-151.19569396972656,63.87841796875,16.342952728271484,1.515461407533932,"45 km NE of Denali National Park, Alaska",1764119701938
-152.2665,61.3328333333333,1.26,-0.02,"67 km WNW of Beluga, Alaska",1764119544590
-122.761166666667,38.7836666666667,3.69,0.13,"1 km NNW of The Geysers, CA",1764119432850
-112.9095,38.5078333333333,2.75,0.58,"15 km NE of Milford, Utah",1764119040130
-160.43609619140625,54.47177886962891,20.09068489074707,2.8663561707141683,"96 km S of Sand Point, Alaska",1764119002693
-168.037841796875,52.99280548095703,38.910526275634766,2.365954323424166,"55 km E of Nikolski, Alaska",1764119000265
178.665283203125,51.5431022644043,7.73516035079956,2.700561654277571,"Rat Islands, Aleutian Islands, Alaska",1764118978681
-153.30169677734375,59.73150253295898,113.62313842773438,2.05977944927634,"45 km E of Pedro Bay, Alaska",1764118894280
-104.028,31.971,7.4329,1.2,"28 km S of Malaga, New Mexico",1764118760572
-154.625333333333,58.337,4.86,-0.04,"86 km N of Karluk, Alaska",1764118451920
-103.473,30.872,6.1768,1.8,"28 km ESE of Balmorhea, Texas",1764118322222
-150.70143127441406,61.04345321655273,66.1643295288086,1.6241593481235972,"13 km N of Point Possession, Alaska",1764118258075
-103.395,31.936,7.2278,1.1,"27 km SW of Jal, New Mexico",1764118049553
-152.894333333333,60.3435,8.41,-0.32,"75 km WNW of Ninilchik, Alaska",1764117976290
-154.809,58.6236666666667,0.43,0.35,"90 km S of Kokhanok, Alaska",1764117368220
-167.59336853027344,52.81282424926758,0.3781892955303192,2.7120512307985933,"86 km E of Nikolski, Alaska",1764117354076
-151.7212371826172,60.76726150512695,76.22242736816406,2.7300626051740533,"25 km WNW of Nikiski, Alaska",1764117331949
-121.3815,46.533,4.0,1.35,"23 km ESE of Packwood, Washington",1764117197250
-122.821502685547,38.8385009765625,2.0,1.05,"9 km WNW of Cobb, CA",1764116630270
-101.604,32.049,8.9355,1.3,"19 km ESE of Stanton, Texas",1764116335668
-139.5622100830078,59.89476776123047,0.0,1.815286795581848,"39 km NNE of Yakutat, Alaska",1764115967773
-123.52983333333333,48.58083333333333,-0.21,0.88,"8 km WSW of Saanichton, Canada",1764115861770
-122.758,38.793,1.97,0.24,"2 km N of The Geysers, CA",1764115830750
-151.4550323486328,62.44292449951172,83.30123901367188,1.6036620913428143,"36 km W of Petersville, Alaska",1764115817270
149.1679,-5.8495,146.029,4.8,"57 km NW of Kandrian, Papua New Guinea",1764115647127
-122.816833333333,38.8361666666667,1.92,0.2,"8 km W of Cobb, CA",1764115510310
-147.3695831298828,64.99126434326172,0.0,1.469195825876121,"12 km ENE of Fox, Alaska",1764115501310
-116.955833333333,33.6873333333333,13.97,0.59,"7 km SSE of Hemet, CA",1764115220450
-151.06417846679688,60.56954574584961,55.17385101318359,2.7385940552406116,"4 km NNE of Ridgeway, Alaska",1764114736738
-151.85035705566406,60.31492614746094,69.94412231445312,1.6176630184674075,"26 km WNW of Clam Gulch, Alaska",1764114292141
-155.847166666667,19.2795,-0.19,2.67,"19 km S of Honaunau-Napoopoo, Hawaii",1764114125680
-116.623333333333,33.4566666666667,8.87,0.53,"12 km SSE of Anza, CA",1764113493040
-117.1091,38.7808,13.8804,1.58,"47 km S of Kingston, Nevada",1764113465247
-97.5785,34.28783333,5.52,1.59,"10 km NW of Healdton, Oklahoma",1764113104769
-154.6935,58.3586666666667,6.99,0.17,"89 km N of Karluk, Alaska",1764112741100
-122.774833679199,38.8019981384277,3.14000010490417,1.08,"3 km NNW of The Geysers, CA",1764112558030
-104.168,31.712,7.3303,2.6,"53 km W of Mentone, Texas",1764112300165
68.9517,36.4355,61.425,4.4,"31 km SSW of Khanabad, Afghanistan",1764112187908
-150.11740112304688,62.9415168762207,86.9850082397461,1.7129386154748707,"54 km N of Chase, Alaska",1764111956403
-122.260666666667,37.0956666666667,13.58,1.39,"11 km WNW of Bonny Doon, CA",1764111829960
-122.77766418457,38.8021659851074,3.21000003814697,1.15,"3 km NNW of The Geysers, CA",1764110846100
-122.778831481934,38.8025016784668,3.09999990463257,0.79,"3 km NW of The Geysers, CA",1764110837960
-117.681333333333,35.9501666666667,4.62,0.46,"20 km E of Little Lake, CA",1764110442820
-97.569,34.31166667,6.31,1.31,"10 km E of Loco, Oklahoma",1764110402069
-146.2041473388672,61.6039924621582,11.929707527160645,1.9980916664553812,"52 km SE of Nelchina, Alaska",1764109873417
159.2173,50.3437,10.0,4.9,"222 km E of Severo-Kuril’sk, Russia",1764109613748
-123.205,47.095666666666666,-0.22,1.42,"6 km NE of McCleary, Washington",1764109558220
-112.200166666667,38.261,2.82,1.3,"3 km NNE of Junction, Utah",1764109269660
-89.4941666666667,36.209,5.58,1.67,"6 km S of Ridgely, Tennessee",1764108806520
-89.4908333333333,36.2068333333333,5.79,1.18,"6 km S of Ridgely, Tennessee",1764108800090
-121.380166666667,36.7038333333333,0.35,1.21,"11 km SSW of Tres Pinos, CA",1764108265490
-122.798835754395,38.8358345031738,2.05999994277954,0.98,"7 km WNW of Cobb, CA",1764108245690
-152.988333333333,60.0476666666667,1.27,-0.23,"68 km ENE of Pedro Bay, Alaska",1764108219020
-117.649333333333,35.7508333333333,4.68,0.31,"15 km N of Ridgecrest, CA",1764108085670
-123.06183333333334,47.1255,-0.07,1.1,"10 km SSE of Shelton, Washington",1764107999230
-101.637,32.13,6.5186,0.8,"14 km E of Stanton, Texas",1764107169743
-116.754833333333,33.4806666666667,9.18,1.54733333820276,"11 km ENE of Aguanga, CA",1764106939360
-117.339666666667,33.7075,-0.52,0.99,"5 km NNW of Lake Elsinore, CA",1764106726470
-155.259666666667,58.1981666666667,2.33,-0.26,"84 km NW of Karluk, Alaska",1764106558720
-152.366333333333,61.0223333333333,10.07,0.0,"66 km W of Tyonek, Alaska",1764106448960
-117.8085,35.3431666666667,7.75,1.09,"16 km WSW of Johannesburg, CA",1764106397050
-117.8045,35.3451666666667,7.63,0.45,"16 km W of Johannesburg, CA",1764106376370
-97.25866667,34.4985,0.0,1.31,"12 km SE of Katie, Oklahoma",1764106333630
-110.842666666667,44.7991666666667,3.97,0.43,"22 km SSW of Mammoth, Wyoming",1764105924070
-122.804832458496,38.8118324279785,2.13000011444092,1.0,"6 km NW of The Geysers, CA",1764105603620
-110.8465,44.7951666666667,4.68,0.9,"23 km SSW of Mammoth, Wyoming",1764105343850
-169.884333333333,52.811,1.31,0.83,"70 km WSW of Nikolski, Alaska",1764105160080
-153.047666666667,60.0485,1.87,-0.74,"65 km ENE of Pedro Bay, Alaska",1764105115730
-122.787170410156,38.8385009765625,1.72000002861023,0.75,"6 km WNW of Cobb, CA",1764104709340
-117.808,35.3433333333333,7.66,1.93911101103697,"16 km WSW of Johannesburg, CA",1764104577910
-103.997,31.525,6.9714,1.6,"30 km NW of Toyah, Texas",1764104554128
-122.852333068848,38.826831817627,1.4099999666214,0.61,"10 km WNW of The Geysers, CA",1764104506110
-117.811666666667,35.3455,7.76,0.97,"16 km W of Johannesburg, CA",1764104239670
-122.85066986084,38.8276672363281,1.23000001907349,0.67,"10 km NW of The Geysers, CA",1764104127750
-103.133,31.949,4.0283,2.2,"10 km NNW of Kermit, Texas",1764103739476
-110.665833333333,44.675,5.85,0.58,"33 km S of Mammoth, Wyoming",1764103497810
-117.810166666667,35.3485,7.82,1.09,"16 km W of Johannesburg, CA",1764103395160
121.5158,0.6525,89.982,4.5,"172 km W of Gorontalo, Indonesia",1764103240963
-120.7805,35.5508333333333,4.98,1.17,"7 km W of Templeton, CA",1764103199190
-152.212666666667,61.3281666666667,5.01,-0.49,"64 km WNW of Beluga, Alaska",1764102968560
-117.809666666667,35.3473333333333,7.59,1.54,"16 km W of Johannesburg, CA",1764102957710
-95.16633333,35.92216667,0.0,1.67,"2 km WSW of Hulbert, Oklahoma",1764102395390
-167.8963,52.8475,39.355,2.8,"65 km E of Nikolski, Alaska",1764102307078
-167.8778,52.8457,33.846,2.5,"67 km E of Nikolski, Alaska",1764102216277
-165.2776,53.8705,64.997,2.8,"43 km SE of Akutan, Alaska",1764101853489
-117.811166666667,35.3476666666667,6.88,1.88490303435522,"16 km W of Johannesburg, CA",1764101599020
-101.761,32.345,5.3467,0.9,"20 km SSW of Ackerly, Texas",1764101555486
-167.8551788330078,52.87136459350586,39.029354095458984,2.2484725275979898,"68 km E of Nikolski, Alaska",1764100807714
-117.5955,35.609,9.47,0.54,"7 km E of Ridgecrest, CA",1764100660710
-118.852666666667,37.5493333333333,7.02,0.64,"15 km SE of Mammoth Lakes, CA",1764100479000
-117.7225,35.9093333333333,6.8,0.37,"17 km E of Little Lake, CA",1764099855850
-102.179,32.361,7.0557,0.9,"33 km E of McKinney Acres, Texas",1764099739725
-152.100833333333,61.3371666666667,-2.7,-0.21,"58 km WNW of Beluga, Alaska",1764099446070
-149.181396484375,61.93952941894531,2.5565385818481445,1.765448694638102,"21 km N of Fishhook, Alaska",1764099304432
-122.801498413086,38.8253326416016,3.29999995231628,0.61,"7 km NW of The Geysers, CA",1764099252590
-139.1038818359375,60.51461791992188,14.19887351989746,1.9810069526889214,"113 km NNE of Yakutat, Alaska",1764098608324
23.3558,34.9111,45.152,4.4,"46 km SW of Palaióchora, Greece",1764098502870
-122.806167602539,38.8361663818359,2.26999998092651,0.97,"7 km WNW of Cobb, CA",1764098305010
-122.7175,38.7756666666667,1.86,0.3,"2 km W of Anderson Springs, CA",1764098198500
-117.779,46.39216666666667,-0.58,1.3900000000000001,"16 km SW of Pomeroy, Washington",1764098151820
-122.815498352051,38.8286666870117,1.55999994277954,0.76,"8 km NW of The Geysers, CA",1764097979000
-121.1015,36.5681666666667,9.85,1.5,"6 km NE of Pinnacles, CA",1764097518340
-117.451333333333,35.6453333333333,4.79,1.18,"14 km SSW of Searles Valley, CA",1764097280790
-177.0054168701172,51.36638641357422,42.05002212524414,2.3823314086630325,"62 km SSW of Adak, Alaska",1764096933723
-122.7865,38.8283333333333,1.82,0.34,"6 km W of Cobb, CA",1764096087760
-122.818496704102,38.8325004577637,1.42999994754791,1.09,"8 km NW of The Geysers, CA",1764095008430
-122.813163757324,38.832332611084,1.61000001430511,0.71,"8 km NW of The Geysers, CA",1764094828000
-110.668833333333,44.6636666666667,5.26,0.52,"34 km E of West Yellowstone, Montana",1764094084470
-110.6765,44.6633333333333,5.44,0.29,"33 km E of West Yellowstone, Montana",1764094069830
-110.679833333333,44.6716666666667,7.74,1.68,"33 km E of West Yellowstone, Montana",1764093856470
-152.713,60.4908333333333,0.93,-0.75,"75 km NW of Ninilchik, Alaska",1764093694860
-155.3456573486328,58.16729736328125,1.546386480331421,1.313073634108478,"85 km NW of Karluk, Alaska",1764093050059
-149.97434997558594,61.93804168701172,42.07466506958008,1.7078815696024332,"21 km N of Willow, Alaska",1764092903707
-110.666833333333,44.6526666666667,4.98,0.43,"34 km E of West Yellowstone, Montana",1764092870620
-104.404,31.648,3.9978,2.2,"58 km S of Whites City, New Mexico",1764091806299
-168.1424,53.1821,68.756,4.9,"55 km ENE of Nikolski, Alaska",1764090981082
-140.7202606201172,60.0425910949707,62.52361297607422,1.5851922197939334,"78 km NW of Yakutat, Alaska",1764090849391
-116.457166666667,32.9513333333333,7.97,0.99,"16 km NNE of Pine Valley, CA",1764090327090
-121.69716666666666,45.371833333333335,0.89,0.75,"8 km NNE of Government Camp, Oregon",1764089856000
-117.8065,35.3433333333333,7.75,1.74,"16 km WSW of Johannesburg, CA",1764089799530
-155.364669799805,18.9769992828369,36.0200004577637,1.79,"24 km ESE of Naalehu, Hawaii",1764089683030
-149.72467041015625,63.00705337524414,70.10662078857422,1.7538032557249206,"57 km SW of Cantwell, Alaska",1764089525445
-149.68092346191406,63.53491592407227,103.0074691772461,2.219752600493216,"39 km WNW of Cantwell, Alaska",1764089128848
-118.0361,39.3882,6.6145,2.1,"58 km N of Gabbs, Nevada",1764089126061
-97.93516667,35.32716667,8.25,0.63,"1 km NNE of Minco, Oklahoma",1764088899689
-155.417327880859,19.5378341674805,10.6700000762939,1.75,"21 km WNW of Volcano, Hawaii",1764088408370
-155.504165649414,19.2596664428711,-0.28999999165535,1.83,"6 km NNW of Pāhala, Hawaii",1764088187090
-101.634,32.122,7.5684,1.0,"14 km E of Stanton, Texas",1764087455789
-149.46095275878906,62.09000015258789,22.773754119873047,2.388191219899484,"21 km ESE of Susitna North, Alaska",1764087105807
-120.40133333333333,48.04666666666667,10.02,0.71,"22 km NW of Granite Falls, Washington",1764086688920
-152.26683044433594,60.61492156982422,103.48686218261719,2.169670198152098,"51 km W of Salamatof, Alaska",1764086102627
173.0881,-22.9276,10.0,4.9,southeast of the Loyalty Islands,1764085924678
-151.3203582763672,61.20689392089844,75.05065155029297,1.959015853798259,"14 km WNW of Beluga, Alaska",1764085846426
-121.705333333333,37.3455,8.43,1.19,"11 km ESE of Alum Rock, CA",1764085415520
-120.40466666666667,48.055,9.89,0.8300000000000001,"23 km NW of Granite Falls, Washington",1764085140090
-122.844497680664,38.8240013122559,1.52999997138977,0.62,"9 km NW of The Geysers, CA",1764085012450
-154.520166666667,58.3625,1.51,-0.11,"88 km N of Karluk, Alaska",1764084302230
123.6184,-48.925,10.0,4.7,western Indian-Antarctic Ridge,1764083964858
-157.79490661621094,55.07917785644531,4.995208740234375,3.155049732371138,"125 km SE of Perryville, Alaska",1764083964001
-71.0841,42.9202,5.0,1.8,"3 km SW of Kingston, New Hampshire",1764083631129
-122.879333496094,38.839168548584,2.55999994277954,0.73,"13 km ENE of Cloverdale, CA",1764083450240
-122.773002624512,38.800666809082,3.89000010490417,0.39,"3 km NNW of The Geysers, CA",1764083046310
-151.37022399902344,61.5804672241211,67.22911834716797,1.7468601052304056,"45 km S of Skwentna, Alaska",1764082509234
-122.837333679199,38.8388328552246,0.720000028610229,0.88,"10 km NW of The Geysers, CA",1764082391570
-122.791168212891,38.8366661071777,1.96000003814697,1.24,"6 km WNW of Cobb, CA",1764081643850
-122.836166666667,38.8393333333333,0.84,0.22,"10 km NW of The Geysers, CA",1764081382220
-122.48233333333333,47.831,20.58,0.8200000000000001,"3 km NNE of Kingston, Washington",1764081264650
-101.607,32.044,8.4229,0.9,"19 km ESE of Stanton, Texas",1764081062730
-117.809,35.3428333333333,7.91,1.55,"16 km WSW of Johannesburg, CA",1764080557390
-164.2373,53.4165,10.0,4.0,"129 km SE of Akutan, Alaska",1764080422119
-122.832,38.8338333333333,2.56,0.31,"9 km NW of The Geysers, CA",1764080245520
-148.32716369628906,61.53239822387695,2.2119719982147217,1.1120680353601646,"30 km SSE of Chickaloon, Alaska",1764080083271
-120.40483333333333,48.05266666666667,9.97,0.58,"23 km NW of Granite Falls, Washington",1764080073900
172.9751,-23.009,10.0,4.8,southeast of the Loyalty Islands,1764079941329
-153.116,60.014,6.61,-0.59,"60 km ENE of Pedro Bay, Alaska",1764079415330
-141.2139129638672,60.2369499206543,17.940074920654297,1.5639998398732553,"113 km NW of Yakutat, Alaska",1764079258714
-148.39830017089844,62.44135284423828,44.43115234375,2.093301400815186,"71 km N of Chickaloon, Alaska",1764079018918
-150.4481201171875,61.63310241699219,44.33213806152344,2.5769612404397813,"10 km NNE of Susitna, Alaska",1764078585153
-152.8164520263672,60.10686874389648,115.0738525390625,1.4798489810441755,"63 km WNW of Happy Valley, Alaska",1764077909097
-117.809,35.3451666666667,7.12,1.64,"16 km W of Johannesburg, CA",1764077402410
-122.805999755859,38.8240013122559,2.46000003814697,1.08,"7 km NW of The Geysers, CA",1764077111690
-148.81150817871094,63.96865844726562,111.4743423461914,1.348913079637991,"14 km NNE of Healy, Alaska",1764077075092
-104.112,31.6,6.1511,1.5,"43 km NW of Toyah, Texas",1764076986236
-122.840835571289,38.8230018615723,1.86000001430511,1.9,"9 km NW of The Geysers, CA",1764076807180
-117.205666666667,34.0258333333333,13.7,1.05,"4 km SSW of Redlands, CA",1764075822680
-117.207166666667,34.0258333333333,13.93,1.51,"4 km SW of Redlands, CA",1764075807100
-117.218333333333,34.032,15.82,0.89,"4 km SW of Redlands, CA",1764075798780
-101.633,32.123,7.2998,0.8,"14 km E of Stanton, Texas",1764075746501
-103.178,31.602,4.6643,1.4,"8 km NNW of Pyote, Texas",1764075745869
-117.808666666667,35.3463333333333,7.37,1.12,"16 km W of Johannesburg, CA",1764075170830
-150.54930114746094,63.34477996826172,5.0,1.69324178730529,"62 km ESE of Denali National Park, Alaska",1764074920538
-117.808,35.3436666666667,8.13,0.98,"16 km WSW of Johannesburg, CA",1764074705350
-117.9023,37.3369,6.4093,1.73,"39 km ENE of Big Pine, California",1764074696838
-122.747666666667,38.796,0.59,0.27,"2 km NNE of The Geysers, CA",1764074364200
-142.74093627929688,60.78702545166016,5.254295349121094,0.8316910496893719,"72 km S of McCarthy, Alaska",1764074195848
-121.9545,46.884,2.82,0.38,"15 km NNE of Ashford, Washington",1764073497240
-117.805333333333,35.3451666666667,8.34,0.66,"16 km W of Johannesburg, CA",1764073114960
-117.807,35.3476666666667,8.39,1.18,"16 km W of Johannesburg, CA",1764073084130
-117.819,35.3493333333333,7.14,0.72,"17 km W of Johannesburg, CA",1764073078510
-117.809166666667,35.3458333333333,7.67,1.69,"16 km W of Johannesburg, CA",1764072742190
-122.49166666666666,47.81966666666667,19.7,1.1500000000000001,"2 km NNE of Kingston, Washington",1764072675260
-122.7865,38.8411666666667,6.03,0.5,"6 km WNW of Cobb, CA",1764072607700
126.5241,2.415,72.042,4.6,"181 km WNW of Tobelo, Indonesia",1764072420062
-117.809666666667,35.3445,7.9,2.44,"16 km W of Johannesburg, CA",1764072218510
-117.806333333333,35.3446666666667,7.86,1.25,"16 km WSW of Johannesburg, CA",1764072079940
-149.49952697753906,62.09402847290039,16.734270095825195,3.0449140704766564,"19 km ESE of Susitna North, Alaska",1764072043587
-102.029,32.412,8.2275,1.7,"32 km WSW of Ackerly, Texas",1764071528647
-110.676833333333,44.666,4.84,0.32,"33 km E of West Yellowstone, Montana",1764071398450
-110.679166666667,44.6628333333333,5.11,0.31,"33 km E of West Yellowstone, Montana",1764071390580
-122.248666666667,37.7815,6.61,1.69,"2 km NNW of Alameda, CA",1764070939490
-101.209,32.181,4.9316,1.0,"15 km SE of Coahoma, Texas",1764070229964
-153.066,60.0386666666667,-0.27,-0.42,"64 km ENE of Pedro Bay, Alaska",1764069226910
-117.628,36.0818333333333,2.21,1.56,"29 km E of Coso Junction, CA",1764069224690
-103.164,31.626,6.0999,1.3,"10 km NNW of Pyote, Texas",1764068788389
-121.583833333333,37.4723333333333,6.54,0.97,"25 km ENE of Alum Rock, CA",1764068780000
-152.09307861328125,59.17794799804688,51.07317733764648,2.7357002436169906,"22 km SSW of Nanwalek, Alaska",1764068218138
-122.814834594727,38.8446655273438,1.42999994754791,1.11,"8 km WNW of Cobb, CA",1764067897810
126.1644,6.2836,73.622,5.4,"8 km S of Pondaguitan, Philippines",1764067518837
-110.821833333333,39.6993333333333,-3.39,1.4,"1 km NW of Kenilworth, Utah",1764067113640
-89.3603333333333,36.7325,5.73,1.3,"4 km W of Pinhook, Missouri",1764066872890
-122.84349822998,38.8235015869141,2.01999998092651,0.74,"9 km NW of The Geysers, CA",1764066517540
-127.048666666667,40.4173333333333,10.0,2.95,"234 km W of Petrolia, CA",1764066490700
-146.87086486816406,64.50350952148438,10.030192375183105,1.2732234097679946,"2 km SSE of Salcha, Alaska",1764066427030
-122.815170288086,38.832332611084,1.57000005245209,0.69,"8 km NW of The Geysers, CA",1764066243760
-146.3719482421875,64.66896057128906,15.096611976623535,1.0578813706836039,"30 km ENE of Salcha, Alaska",1764066135226
-152.95716857910156,59.89978790283203,124.3789520263672,2.9274593495676964,"64 km WNW of Anchor Point, Alaska",1764065799977
-103.394,31.936,6.3434,1.1,"27 km SW of Jal, New Mexico",1764065159837
-176.222333333333,51.9691666666667,27.93,0.35,"30 km ENE of Adak, Alaska",1764064768280
-73.7804,-15.955,80.528,4.9,"25 km SE of Achanizo, Peru",1764064624702
-149.2124481201172,60.89044189453125,25.994909286499023,1.7924205126156645,"6 km SSW of Girdwood, Alaska",1764063734904
-117.8125,35.3483333333333,8.33,1.09,"16 km W of Johannesburg, CA",1764063623090
-151.20382690429688,58.49149703979492,19.84159278869629,2.6704888940632014,"99 km NE of Ouzinkie, Alaska",1764063499746
-152.187666666667,61.2363333333333,22.3,-0.36,"59 km WNW of Tyonek, Alaska",1764062160000
-110.8345,44.8078333333333,5.76,0.41,"21 km SSW of Mammoth, Wyoming",1764061514740
-121.607333333333,35.7793333333333,9.42,1.88,"27 km S of Lopez Point, CA",1764061501450
-102.151,32.4,7.3486,0.5,"37 km ENE of McKinney Acres, Texas",1764061294453
131.1067,33.0542,10.0,5.4,"13 km N of Aso, Japan",1764061278227
-151.28489685058594,61.62932968139648,5.0,1.592139943751297,"40 km S of Skwentna, Alaska",1764060763565
-122.842002868652,38.8203315734863,1.75999999046326,0.94,"9 km WNW of The Geysers, CA",1764060628090
-122.754833333333,38.7801666666667,1.5,0.11,"0 km NNE of The Geysers, CA",1764060549470
-116.721166666667,33.6893333333333,15.55,0.41,"6 km S of Idyllwild, CA",1764060014170
-101.672,32.441,6.5918,0.7,"10 km SSE of Ackerly, Texas",1764059505344
-101.92,32.127,7.9346,0.6,"12 km W of Stanton, Texas",1764059386565
-116.451166666667,34.3231666666667,9.16,0.89,"23 km N of Yucca Valley, CA",1764059084820
-122.837,38.8383333333333,1.76,0.25,"10 km NW of The Geysers, CA",1764058883040
142.1723,36.3494,10.0,4.7,"136 km ESE of Kitaibaraki, Japan",1764057568907
-166.848666666667,53.8475,6.13,0.95,"20 km WSW of Dutch Harbor, Alaska",1764057554090
-66.9128333333333,17.9283333333333,11.27,2.43,"4 km S of Guánica, Puerto Rico",1764057169340
-104.29,31.689,7.7917,1.6,"54 km S of Whites City, New Mexico",1764057137084
-155.48649597168,18.7945003509521,11.9799995422363,1.9,"31 km SSE of Naalehu, Hawaii",1764056831450
-116.752166666667,33.476,8.51,0.34,"11 km ENE of Aguanga, CA",1764056780090
-150.1880645751953,61.25344848632812,20.261404037475586,2.9831236195458186,"15 km WNW of Anchorage, Alaska",1764056640542
-122.3755,37.6151666666667,12.4,1.43,"2 km NNE of Millbrae, CA",1764056388330
-151.07164001464844,60.17618560791016,62.18795776367188,1.9739685678389531,"18 km ESE of Clam Gulch, Alaska",1764056353374
-119.021333333333,37.6135,0.23,0.07,"5 km SW of Mammoth Lakes, CA",1764054832730
-144.70130920410156,63.24554061889648,0.9423789978027344,1.650858228302443,"45 km S of Dry Creek, Alaska",1764054770259
-122.726666666667,38.7595,2.28,0.29,"3 km SE of The Geysers, CA",1764054494340
-148.0281982421875,63.51843643188477,5.903628349304199,1.3875889852081456,"48 km ENE of Cantwell, Alaska",1764053298551
-117.2075,34.0235,12.43,0.75,"4 km SSW of Redlands, CA",1764052697290
-115.884166666667,32.9721666666667,11.48,1.04,"26 km WSW of Westmorland, CA",1764052248780
-118.501833333333,35.3571666666667,3.7,1.15,"25 km N of Tehachapi, CA",1764051952370
-97.60466667,34.27933333,18.0,0.87,"8 km SE of Loco, Oklahoma",1764051770899
-155.98635864257812,57.22505950927734,13.93136215209961,1.8278860287149463,"90 km ESE of Ugashik, Alaska",1764051395344
-101.065,32.13,5.542,1.3,"25 km S of Westbrook, Texas",1764051270006
-166.851166666667,53.8388333333333,7.0,-0.15,"21 km WSW of Dutch Harbor, Alaska",1764051038570
-66.817,17.996,15.96,1.84,"0 km NE of Indios, Puerto Rico",1764051019330
-155.373166666667,19.1973333333333,29.91,2.17,"11 km E of Pāhala, Hawaii",1764050185060
-148.3756866455078,60.1028823852539,14.755128860473633,2.0983833114773476,"20 km W of Chenega, Alaska",1764049874408
-155.335833333333,58.1711666666667,1.87,0.28,"85 km NW of Karluk, Alaska",1764049753170
-122.758666992188,38.7938346862793,-0.00999999977648258,1.28,"2 km N of The Geysers, CA",1764048993160
-148.82952880859375,63.9627571105957,113.5233154296875,1.7862251958534863,"13 km NNE of Healy, Alaska",1764048972859
-154.986328125,19.3053340911865,35.5200004577637,1.8,"19 km SSW of Leilani Estates, Hawaii",1764048645640
-155.963166666667,20.182,38.51,2.07,"15 km WSW of Hāwī, Hawaii",1764048498400
-101.583,31.709,3.5889,0.7,"19 km SSW of Garden City, Texas",1764048438232
-121.302166666667,36.8615,3.58,1.15,"8 km NE of Ridgemark, CA",1764048161150
-110.866333333333,44.7361666666667,7.24,0.3,"20 km ENE of West Yellowstone, Montana",1764047821300
-140.72671508789062,60.01858901977539,5.0,2.0750069948261145,"76 km NW of Yakutat, Alaska",1764047804664
-104.527,31.638,7.3816,2.1,"61 km SSW of Whites City, New Mexico",1764047744561
-97.571,34.27166667,10.28,1.32,"8 km WNW of Healdton, Oklahoma",1764047648480
-89.518,36.272,7.79,1.24,"2 km WNW of Ridgely, Tennessee",1764047457990
-116.7512,41.1671,6.0893,2.12,"52 km NE of Valmy, Nevada",1764047436326
-118.4755,35.0148333333333,4.96,1.12,"13 km S of Tehachapi, CA",1764046665040
159.5456,52.1672,57.433,4.9,"114 km SE of Vilyuchinsk, Russia",1764046400724
-116.7547,41.1655,6.0495,2.09,"51 km NE of Valmy, Nevada",1764046356385
159.6723,52.1557,45.919,5.0,"121 km SE of Vilyuchinsk, Russia",1764046050499
-122.816333333333,38.8296666666667,1.91,0.33,"8 km NW of The Geysers, CA",1764045952440
-116.4215,33.265,4.63,0.94,"4 km WNW of Borrego Springs, CA",1764045213340
-122.19716666666666,46.184666666666665,8.04,-0.06,"36 km NNE of Amboy, Washington",1764044347790
-146.97564697265625,60.77256393432617,14.678675651550293,3.2256546246418587,"19 km WSW of Tatitlek, Alaska",1764044075611
-122.458166666667,37.5946666666667,8.44,0.55,"3 km SE of Pacifica, CA",1764043758640
-150.4805450439453,63.27450561523438,123.98204803466797,2.0196341626452283,"68 km ESE of Denali National Park, Alaska",1764043062926
-122.50333333333333,45.7315,16.59,1.02,"1 km WSW of Hockinson, Washington",1764042914500
-104.8061,36.8055,4.777,2.6,"34 km NNE of Cimarron, New Mexico",1764041936186
-123.607,39.7513333333333,-0.63,1.34,"13 km WNW of Laytonville, CA",1764041440880
-116.9298,37.4335,9.3318,1.66,"40 km SE of Goldfield, Nevada",1764041348062
-122.856666666667,38.8253333333333,3.41,,"10 km WNW of The Geysers, CA",1764040904120
-122.80233001709,38.8190002441406,2.48000001907349,0.79,"6 km NW of The Geysers, CA",1764039534810
-150.85958862304688,65.24100494384766,5.644896984100342,1.4070523461346813,"28 km NNW of Manley Hot Springs, Alaska",1764039229607
-84.1156,8.7765,10.0,4.4,"68 km WSW of Puerto Cortés, Costa Rica",1764038937627
-122.459833333333,37.5956666666667,8.69,0.5,"3 km SE of Pacifica, CA",1764038573800
-155.475997924805,19.0564994812012,43.5200004577637,1.8,"10 km E of Naalehu, Hawaii",1764038363240
-155.470840454102,19.0653324127197,25.6599998474121,1.89,"11 km E of Naalehu, Hawaii",1764037832460
-104.419,31.678,6.0999,2.2,"55 km S of Whites City, New Mexico",1764037335721
-122.797332763672,38.8276672363281,2.91000008583069,0.76,"6 km W of Cobb, CA",1764037230500
-150.27345275878906,61.68095016479492,26.15713691711426,1.663869802680552,"14 km WSW of Willow, Alaska",1764036933544
-120.985333333333,35.9956666666667,11.86,0.99,"8 km WSW of San Ardo, CA",1764036837290
-66.7674,-23.1364,199.776,4.4,"111 km W of El Aguilar, Argentina",1764036791048
-104.182,31.587,6.6638,1.6,"47 km NW of Toyah, Texas",1764036691560
-148.47413635253906,64.24846649169922,5.0,1.2350416672694549,"34 km E of Clear, Alaska",1764036392209
-155.2515,19.3923333333333,1.47,2.08,"5 km SSW of Volcano, Hawaii",1764035972540
-121.634166666667,37.2551666666667,4.65,1.07,"14 km N of Morgan Hill, CA",1764035929320
-123.234333333333,39.3003333333333,6.55,1.25,"5 km NNW of Redwood Valley, CA",1764035912610
-155.251666666667,19.3926666666667,1.39,1.89,"5 km SSW of Volcano, Hawaii",1764035875680
-166.314666666667,53.8991666666667,8.57,0.41,"14 km E of Unalaska, Alaska",1764035591050
-104.414,31.653,5.0745,1.9,"58 km S of Whites City, New Mexico",1764035462962
-155.5,19.1761666666667,32.84,2.33,"3 km SW of Pāhala, Hawaii",1764034835350
-110.691666666667,44.6778333333333,5.53,0.33,"32 km E of West Yellowstone, Montana",1764034650810
-151.8981170654297,59.66888427734375,49.64007949829102,2.0154774501531802,"12 km SSW of Anchor Point, Alaska",1764034335521
-122.461833333333,37.5931666666667,8.37,0.55,"3 km SE of Pacifica, CA",1764034001850
-155.371666666667,58.1626666666667,-0.2,-0.71,"85 km NW of Karluk, Alaska",1764033888100
-140.7416229248047,60.03047943115234,19.575590133666992,1.785579029046889,"78 km NW of Yakutat, Alaska",1764033673377
-122.810666666667,38.8203333333333,2.55,0.42,"7 km NW of The Geysers, CA",1764033025790
-121.361,36.6841666666667,2.25,2.24,"12 km SSW of Tres Pinos, CA",1764032153320
-122.463833333333,37.5951666666667,9.17,0.57,"3 km SE of Pacifica, CA",1764031792350
-112.296833333333,41.9576666666667,7.24,0.98,"5 km WSW of Portage, Utah",1764031179720
122.3207,23.9143,10.0,4.4,"73 km E of Hualien City, Taiwan",1764031007183
-122.716835021973,38.7798347473145,1.8400000333786,1.31,"2 km WNW of Anderson Springs, CA",1764030682910
-155.3835,19.2278333333333,30.84,2.37,"10 km ENE of Pāhala, Hawaii",1764030672220
-122.010166666667,40.2875,9.24,2.12,"19 km SW of Manton, CA",1764030617370
-147.54209899902344,60.60297393798828,19.74652099609375,1.9405790346125842,"55 km WSW of Tatitlek, Alaska",1764030081436
-120.2345,36.1851666666667,8.88,2.5,"12 km W of Huron, CA",1764030071100
-152.7135,60.4851666666667,-0.06,-0.17,"75 km NW of Ninilchik, Alaska",1764029990310
-122.938,42.9695,-1.12,1.37,"19 km E of Days Creek, Oregon",1764029881210
-141.35426330566406,60.2073745727539,1.3947173357009888,1.765692666534229,"117 km NW of Yakutat, Alaska",1764029822704
-169.929333333333,52.7833333333333,3.83,1.06,"73 km WSW of Nikolski, Alaska",1764029786940
-120.233833333333,36.183,8.66,2.39,"12 km W of Huron, CA",1764029766990
-121.8435,47.156666666666666,16.37,0.67,"12 km ESE of Enumclaw, Washington",1764029604880
-121.941166666667,37.7583333333333,7.26,0.82,"4 km SE of San Ramon, CA",1764029243360
-121.311333333333,36.862,4.14,1.6,"7 km NE of Ridgemark, CA",1764029177450
-147.3391571044922,65.00074005126953,2.93477725982666,1.3822066818159697,"14 km ENE of Fox, Alaska",1764029084296
-116.715,33.6988333333333,15.49,0.58,"5 km S of Idyllwild, CA",1764028665170
-148.7547149658203,64.06107330322266,5.0,2.4399157392236765,"18 km ENE of Ferry, Alaska",1764028641090
-148.7523193359375,64.00785827636719,5.0,2.234529788298509,"17 km E of Ferry, Alaska",1764028640185
-120.3715,36.2448333333333,8.97,1.86,"12 km N of Coalinga, CA",1764027759860
-153.076,60.0233333333333,3.35,-0.47,"63 km ENE of Pedro Bay, Alaska",1764027744290
-150.82452392578125,65.26947021484375,7.851749420166016,1.25427505730665,"31 km NNW of Manley Hot Springs, Alaska",1764027726343
-150.86074829101562,65.2206802368164,9.951862335205078,2.0775134092063916,"26 km NNW of Manley Hot Springs, Alaska",1764027544405
-117.0636,38.6628,6.7123,1.63,"60 km S of Kingston, Nevada",1764027503513
-67.282,18.223,73.52,2.74,"11 km SSW of Stella, Puerto Rico",1764027441170
-177.7437,-18.6868,478.175,4.5,Fiji region,1764027072120
-117.792666666667,35.3593333333333,5.52,0.8,"14 km W of Johannesburg, CA",1764026791570
-122.84349822998,38.8224983215332,1.72000002861023,0.82,"9 km WNW of The Geysers, CA",1764026789330
-122.461333333333,37.5956666666667,8.58,0.59,"3 km SE of Pacifica, CA",1764026509490
-104.431,31.652,6.0999,1.6,"58 km S of Whites City, New Mexico",1764026033269
-152.9625,60.1823333333333,5.62,0.04,"73 km WNW of Happy Valley, Alaska",1764025933330
-169.871666666667,52.8133333333333,5.35,1.65,"69 km WSW of Nikolski, Alaska",1764025585280
-103.142,31.954,6.4075,1.4,"11 km NNW of Kermit, Texas",1764025572259
-116.4519,38.4813,9.8992,1.52,"82 km NE of Tonopah, Nevada",1764025429657
-124.456333333333,40.2718333333333,13.99,2.34,"16 km WSW of Petrolia, CA",1764024884980
-96.81733333,34.45483333,0.0,1.43,"5 km N of Mill Creek, Oklahoma",1764024878189
-152.5706024169922,59.99203491210938,101.74339294433594,2.7514413291038946,"47 km W of Happy Valley, Alaska",1764024754932
-164.004333333333,54.7538333333333,-0.65,1.19,"39 km WSW of False Pass, Alaska",1764024406270
-177.6194,-18.7756,625.613,4.7,Fiji region,1764023351813
-164.009833333333,54.7295,2.63,1.41,"40 km WSW of False Pass, Alaska",1764022703390
-120.51266666666666,49.33833333333333,-0.37,1.53,"13 km S of Princeton, Canada",1764022640420
-122.65616666666666,42.56,-1.52,1.6,"7 km WNW of Butte Falls, Oregon",1764022370380
-122.770166666667,38.7851666666667,-0.01,0.62,"1 km NW of The Geysers, CA",1764021840410
-118.337,35.0575,-0.93,0.99,"13 km SE of Tehachapi, CA",1764021273500
-116.881833333333,34.3461666666667,-1.6,1.1,"10 km NNW of Big Bear City, CA",1764021207110
-119.8132,41.739,1.0458,1.52,"31 km ESE of Fort Bidwell, California",1764020948660
-155.452,19.4153333333333,7.17,1.45,"23 km W of Volcano, Hawaii",1764020218700
-116.721166666667,33.6503333333333,13.68,1.0,"10 km S of Idyllwild, CA",1764020142070
-68.5779,-21.9882,122.452,4.2,"62 km NE of Calama, Chile",1764019560266
-148.9447479248047,64.95304107666016,10.756016731262207,0.9533612120608904,"29 km SE of Minto, Alaska",1764018830331
154.3926,47.6005,35.0,4.5,Kuril Islands,1764018670313
-96.80866667,34.38383333,0.0,1.49,"2 km SE of Mill Creek, Oklahoma",1764018391589
-97.48016667,36.28066667,5.94,0.98,"2 km WNW of Lucien, Oklahoma",1764018304750
-155.265833333333,19.3406666666667,30.46,1.83,"11 km SSW of Volcano, Hawaii",1764018117370
-152.322666666667,61.1661666666667,4.63,-0.35,"64 km W of Tyonek, Alaska",1764017582880
-116.990666666667,32.6093333333333,-0.43,1.29,"6 km ESE of Chula Vista, CA",1764017135830
-116.9285,37.4365,8.1328,1.84,"40 km SE of Goldfield, Nevada",1764016713753
-102.083,32.35,7.9834,0.6,"37 km NW of Stanton, Texas",1764016289399
-152.48883056640625,59.18497467041016,64.0772933959961,2.902654161547543,"37 km WSW of Nanwalek, Alaska",1764016277342
-122.798164367676,38.8248329162598,2.51999998092651,0.69,"6 km NW of The Geysers, CA",1764016156160
-122.724666666667,38.7575,2.95,0.27,"3 km SW of Anderson Springs, CA",1764016067980
-122.772499084473,38.7845001220703,2.27999997138977,1.08,"2 km WNW of The Geysers, CA",1764015994450
-155.551330566406,19.4366664886475,53.060001373291,1.92,"26 km NNW of Pāhala, Hawaii",1764014918330
-118.1935,34.9873333333333,-0.91,1.53,"7 km SSW of Mojave, CA",1764014431080
-155.504333333333,19.1763333333333,33.64,1.82,"4 km SW of Pāhala, Hawaii",1764014049340
-122.832168579102,38.8334999084473,0.769999980926514,0.85,"9 km NW of The Geysers, CA",1764013698550
-122.799163818359,38.8250007629395,1.73000001907349,0.69,"6 km NW of The Geysers, CA",1764013640810
-164.066666666667,54.6798333333333,9.93,1.46,"46 km WSW of False Pass, Alaska",1764013492530
-163.939333333333,54.7893333333333,11.92,1.23,"34 km WSW of False Pass, Alaska",1764013445810
-153.066666666667,60.0416666666667,-2.32,-0.68,"64 km ENE of Pedro Bay, Alaska",1764013244470
-122.832496643066,38.8338317871094,0.980000019073486,0.73,"9 km NW of The Geysers, CA",1764013127640
-153.036666666667,60.0486666666667,1.48,-0.89,"66 km ENE of Pedro Bay, Alaska",1764012599950
-177.812666666667,51.8645,5.95,0.89,"81 km W of Adak, Alaska",1764012455950
-122.876502990723,38.8421669006348,2.73000001907349,0.74,"13 km NW of The Geysers, CA",1764012329190
-164.063166666667,54.729,14.15,1.53,"44 km WSW of False Pass, Alaska",1764011888450
-156.206666666667,19.6285,15.01,2.31,"21 km W of Kailua-Kona, Hawaii",1764011465440
-155.495,19.1698333333333,33.48,2.49,"4 km SSW of Pāhala, Hawaii",1764011267110
-155.488666666667,19.1676666666667,31.49,1.6,"4 km SSW of Pāhala, Hawaii",1764011243570
-153.072166666667,60.0511666666667,0.63,-0.71,"64 km ENE of Pedro Bay, Alaska",1764011066340
-103.997,31.739,6.0229,1.6,"37 km W of Mentone, Texas",1764011041251
-116.764833333333,33.6761666666667,15.94,0.63,"8 km SSW of Idyllwild, CA",1764010936640
-155.498,19.1788333333333,32.93,2.65,"3 km SW of Pāhala, Hawaii",1764010863490
-155.497166666667,19.1748333333333,32.72,2.94,"3 km SSW of Pāhala, Hawaii",1764010672130
-122.756332397461,38.7784996032715,1.44000005722046,0.91,"0 km N of The Geysers, CA",1764010232240
-122.755,38.7926666666667,0.58,0.19,"2 km N of The Geysers, CA",1764009991550
-122.726997375488,38.763500213623,2.23000001907349,1.08,"3 km ESE of The Geysers, CA",1764009869600
-149.67674255371094,62.23648071289062,47.74999618530273,1.8887522559485368,"12 km NE of Susitna North, Alaska",1764009762240
-152.13658142089844,58.58797454833984,29.246509552001953,2.154501840297007,"74 km NE of Aleneva, Alaska",1764009462651
-122.792663574219,38.7903327941895,-0.910000026226044,0.8,"3 km WNW of The Geysers, CA",1764008784300
-122.817337036133,38.813835144043,1.60000002384186,1.35,"7 km NW of The Geysers, CA",1764008717660
-122.758666666667,38.7906666666667,1.19,0.36,"1 km N of The Geysers, CA",1764008690920
-119.7854,41.7713,0.0,1.94,"31 km ESE of Fort Bidwell, California",1764008393786
-122.840667724609,38.8211669921875,2.01999998092651,0.4,"9 km NW of The Geysers, CA",1764007904030
-151.0000457763672,61.8746109008789,72.92630004882812,1.971915610807531,"24 km ESE of Skwentna, Alaska",1764007700965
-122.752166666667,38.794,1.06,-0.02,"2 km N of The Geysers, CA",1764007683230
-101.26,32.292,6.5186,1.7,"4 km E of Coahoma, Texas",1764007438097
-102.111,32.37,8.1299,0.7,"40 km E of McKinney Acres, Texas",1764007156227
-116.733666666667,33.6778333333333,15.59,1.28,"7 km S of Idyllwild, CA",1764007097020
-149.0299530029297,63.47970199584961,5.0,1.3888109136442433,"10 km NNW of Cantwell, Alaska",1764006634757
-122.838165283203,38.84033203125,1.91999995708466,0.85,"10 km NW of The Geysers, CA",1764006223980
-116.35,33.3473333333333,10.81,0.77,"10 km NNE of Borrego Springs, CA",1764005383940
-116.193,32.0273333333333,12.45,2.43,"44 km ENE of Ensenada, B.C., MX",1764005198960
-121.177,36.5543333333333,2.42,2.3,"4 km NW of Pinnacles, CA",1764005186180
-119.813,41.746,2.7366,2.04,"30 km ESE of Fort Bidwell, California",1764005117725
-152.319833333333,61.1683333333333,4.57,-0.15,"64 km W of Tyonek, Alaska",1764004885620
-156.6621551513672,67.9151611328125,29.2257080078125,2.6361765357905855,"105 km NNE of Ambler, Alaska",1764004851349
-151.4541015625,59.22426223754883,36.1158332824707,3.331838771342664,"25 km ESE of Port Graham, Alaska",1764004693331
-122.784164428711,38.8344993591309,1.60000002384186,0.83,"5 km WNW of Cobb, CA",1764004364620
-152.26690673828125,61.12601089477539,0.088039830327034,2.1859279155235676,"61 km W of Tyonek, Alaska",1764004067199
-116.427333333333,33.2655,4.94,1.57,"5 km WNW of Borrego Springs, CA",1764003263760
-118.2995,36.208,4.12,1.93,"28 km WSW of Olancha, CA",1764003066680
-151.44129943847656,59.24347305297852,42.029823303222656,2.6491878368710156,"25 km ESE of Port Graham, Alaska",1764002921606
-122.790496826172,38.8305015563965,1.62000000476837,0.83,"6 km W of Cobb, CA",1764002852450
-122.765666666667,38.7876666666667,0.86,0.09,"1 km NW of The Geysers, CA",1764002574260
-110.837833333333,44.7928333333333,4.39,0.7,"23 km SSW of Mammoth, Wyoming",1764002223810
-154.32791137695312,59.36930465698242,5.814852237701416,2.127750360992219,"23 km SSE of Pope-Vannoy Landing, Alaska",1764002160502
-147.2967529296875,60.01960754394531,12.98642921447754,2.0842687801051873,"40 km E of Chenega, Alaska",1764001819065
-80.162,18.3607,10.0,4.1,"144 km SE of East End, Cayman Islands",1764001801893
-110.8745,44.8291666666667,8.07,0.57,"21 km SW of Mammoth, Wyoming",1764001701100
-122.15616666666666,46.192,8.95,0.0,"38 km NE of Amboy, Washington",1764001455780
-122.769668579102,38.7768325805664,0.639999985694885,0.76,"1 km W of The Geysers, CA",1764001118070
-152.79641723632812,60.06901550292969,114.69662475585938,2.186814052006632,"60 km WNW of Happy Valley, Alaska",1764000924786
-122.764167785645,38.7886657714844,1.38999998569489,0.71,"1 km NNW of The Geysers, CA",1764000830850
-154.8485,58.1438333333333,7.22,0.03,"68 km NNW of Karluk, Alaska",1764000700790
-146.74205017089844,60.7186393737793,20.670442581176758,1.754694370503877,"16 km SSW of Tatitlek, Alaska",1764000683080
-123.588833333333,39.149,-0.4,1.63,"16 km ESE of Navarro Head, CA",1764000643820
-155.129333333333,58.2546666666667,4.7,0.37,"86 km NNW of Karluk, Alaska",1764000434180
179.9072,-23.5411,547.13,4.5,south of the Fiji Islands,1764000208425
-120.794833333333,35.5565,4.14,2.2,"8 km W of Templeton, CA",1763999972490
-101.622,32.09,8.1787,0.9,"16 km ESE of Stanton, Texas",1763999814019
-122.793167114258,38.8026657104492,3.82999992370605,0.81,"4 km NW of The Geysers, CA",1763999530930
-154.723333333333,58.365,5.07,-0.29,"90 km N of Karluk, Alaska",1763998769180
-118.5065,34.117,6.53,1.43,"5 km S of Encino, CA",1763998699570
-118.791,37.6078333333333,7.03,0.58,"11 km WNW of Toms Place, CA",1763998493890
-101.633,32.14,8.5693,2.3,"14 km E of Stanton, Texas",1763998457108
-122.775833129883,38.7888336181641,0.28999999165535,1.12,"2 km NW of The Geysers, CA",1763998415680
-104.296,31.685,7.3816,1.5,"54 km S of Whites City, New Mexico",1763998067237
-122.769836425781,38.8016662597656,-0.100000001490116,0.75,"3 km NNW of The Geysers, CA",1763998067200
-122.765335083008,38.7883338928223,1.44000005722046,1.06,"1 km NNW of The Geysers, CA",1763997862480
-118.792166666667,37.6073333333333,6.77,0.52,"11 km WNW of Toms Place, CA",1763997797670
-122.78450012207,38.8136672973633,-0.100000001490116,0.75,"5 km NNW of The Geysers, CA",1763997468120
-110.980333333333,44.5241666666667,14.56,0.65,"18 km SSE of West Yellowstone, Montana",1763997242550
-122.721832275391,38.7594985961914,0.980000019073486,0.96,"3 km WSW of Anderson Springs, CA",1763997230250
-122.706,38.768,4.57,0.39,"1 km WSW of Anderson Springs, CA",1763997194740
-122.698333740234,38.7464981079102,2.22000002861023,1.72,"3 km S of Anderson Springs, CA",1763997164880
-122.766166687012,38.7801666259766,1.3400000333786,0.71,"1 km WNW of The Geysers, CA",1763997152070
-122.768836975098,38.7898330688477,5.30000019073486,1.38,"2 km NW of The Geysers, CA",1763997140800
-122.698829650879,38.7476654052734,2.4300000667572,1.18,"3 km S of Anderson Springs, CA",1763997122230
-122.694664001465,38.7456665039062,1.00999999046326,0.97,"3 km S of Anderson Springs, CA",1763997109890
-122.783996582031,38.8125,-0.870000004768372,1.07,"5 km NNW of The Geysers, CA",1763997063120
-122.772834777832,38.7980003356934,1.24000000953674,0.84,"3 km NNW of The Geysers, CA",1763997016870
-122.764666666667,38.7811666666667,0.75,2.86,"1 km WNW of The Geysers, CA",1763996969700
-122.7625,38.7855,1.98,3.93,"1 km NNW of The Geysers, CA",1763996938060
-122.782997131348,38.8363342285156,1.82000005245209,0.72,"5 km WNW of Cobb, CA",1763996738790
-155.379666666667,58.161,0.36,-0.31,"85 km NW of Karluk, Alaska",1763996260370
-100.998,32.096,4.3213,1.3,"28 km S of Westbrook, Texas",1763995687195
-65.8253333333333,17.8915,42.4,2.84,"13 km SSE of Emajagua, Puerto Rico",1763994459500
-122.81566619873,38.8186683654785,2.33999991416931,1.08,"7 km NW of The Geysers, CA",1763994379130
-122.814002990723,38.8313331604004,1.47000002861023,0.22,"8 km NW of The Geysers, CA",1763993929050
-122.818496704102,38.832332611084,1.77999997138977,1.05,"8 km NW of The Geysers, CA",1763993923140
-69.0311,-30.9374,115.034,4.1,"57 km NE of Calingasta, Argentina",1763993898217
-149.8863983154297,61.51165008544922,28.74923324584961,2.4871434550758025,"3 km ESE of Big Lake, Alaska",1763993671731
-122.733329772949,38.7901649475098,1.75999999046326,0.67,"2 km NE of The Geysers, CA",1763993575940
-172.886,51.9202,10.0,3.4,"95 km ESE of Atka, Alaska",1763993564767
-112.908,38.5056666666667,2.55,1.15,"15 km NE of Milford, Utah",1763993469260
-111.638,40.7635,10.77,0.68,"2 km NW of Summit Park, Utah",1763993293120
-116.472166666667,32.0896666666667,14.16,1.91,"28 km NNE of Ensenada, B.C., MX",1763993097470
-122.723,38.7703333333333,1.56,0.06,"3 km W of Anderson Springs, CA",1763992845870
-150.81228637695312,59.80612182617188,51.99649047851562,1.5497686236703876,"10 km SE of Fox River, Alaska",1763992836716
-158.282,56.86,-0.32,-0.57,"63 km NNE of Chignik Lagoon, Alaska",1763992469600
-111.551166666667,39.6991666666667,6.47,1.63,"10 km NE of Fountain Green, Utah",1763991933700
-153.0609588623047,59.84990692138672,102.03272247314453,1.0808551205185544,"59 km E of Pedro Bay, Alaska",1763991857017
-122.815666666667,38.8343333333333,1.9,0.38,"8 km W of Cobb, CA",1763991316820
-67.1513,-24.1233,194.305,4.5,"85 km W of San Antonio de los Cobres, Argentina",1763991197922
-116.412,32.9333333333333,4.84,0.96,"17 km NE of Pine Valley, CA",1763991137070
-153.86199951171875,58.6450424194336,74.243408203125,1.9172873072095304,"85 km NW of Aleneva, Alaska",1763991077572
-118.732666666667,33.8971666666667,9.89,1.44,"14 km SSE of Malibu, CA",1763991058790
-66.8626,19.642,55.0,3.65,"127 km N of Isabela, Puerto Rico",1763991030200
-122.806503295898,38.820499420166,3.21000003814697,0.25,"6 km NW of The Geysers, CA",1763991022530
-122.828163146973,38.8400001525879,2.11999988555908,0.74,"9 km WNW of Cobb, CA",1763990843800
-152.7675,60.4906666666667,1.81,-0.98,"78 km NW of Ninilchik, Alaska",1763990289010
-101.927,32.278,8.7891,1.5,"21 km NW of Stanton, Texas",1763990042599
-155.3625,19.1408333333333,28.78,2.52,"14 km ESE of Pāhala, Hawaii",1763989910490
-122.764167785645,38.791332244873,2.10999989509583,0.73,"2 km NNW of The Geysers, CA",1763989581420
-104.301,31.683,7.5867,1.8,"55 km S of Whites City, New Mexico",1763989580910
-116.839666666667,34.1381666666667,7.71,1.62,"13 km SSE of Big Bear Lake, CA",1763989426520
-119.016666666667,37.5448333333333,3.65,0.54,"11 km SSW of Mammoth Lakes, CA",1763988567200
-164.698333333333,54.529,2.01,1.46,"82 km ENE of Akutan, Alaska",1763988354230
-101.48,32.103,6.1279,1.1,"10 km W of Forsan, Texas",1763987887528
-117.214833333333,33.8901666666667,14.17,0.68,"4 km SSE of Moreno Valley, CA",1763987848360
-101.906,32.106,8.6914,1.2,"11 km WSW of Stanton, Texas",1763987573990
28.643,-2.6363,10.0,4.6,"22 km SW of Kabare, Democratic Republic of the Congo",1763986930954
-121.3615,36.7948333333333,5.41,0.8,"2 km S of Ridgemark, CA",1763986575420
-116.911666666667,33.9763333333333,16.59,0.79,"7 km NNW of Banning, CA",1763986238870
-73.5153,-8.0938,10.0,4.6,"86 km SW of Mâncio Lima, Brazil",1763985836329
-104.067,31.743,5.1001,1.3,"44 km W of Mentone, Texas",1763985678086
-122.78466796875,38.8221664428711,1.78999996185303,0.78,"5 km W of Cobb, CA",1763985652340
-104.043,31.748,1.9086,1.6,"42 km W of Mentone, Texas",1763985528057
-155.498001098633,19.8508338928223,32.4199981689453,1.77,"25 km SSW of Pa‘auilo, Hawaii",1763985160730
-155.070833333333,18.954,11.1,2.24,"51 km ESE of Pāhala, Hawaii",1763984644680
-150.82955932617188,65.25502014160156,0.38520172238349915,1.932442596655623,"29 km NNW of Manley Hot Springs, Alaska",1763984341053
-117.595666666667,35.6386666666667,6.94,1.31,"8 km ENE of Ridgecrest, CA",1763984091390
-153.081833333333,60.0521666666667,2.98,-0.54,"64 km ENE of Pedro Bay, Alaska",1763984079890
-121.936,37.7616666666667,7.62,0.59,"4 km ESE of San Ramon, CA",1763983668800
-66.8378333333333,17.9928333333333,15.49,2.44,"1 km W of Indios, Puerto Rico",1763983152060
-163.9955,54.7545,-0.22,0.96,"39 km WSW of False Pass, Alaska",1763983061590
-110.678333333333,44.6605,4.58,0.31,"33 km E of West Yellowstone, Montana",1763982788120
-117.793,35.3545,4.93,1.07,"14 km W of Johannesburg, CA",1763982495210
-116.539,33.1571666666667,15.99,1.08,"11 km NE of Julian, CA",1763982420410
-122.704333333333,38.75,1.72,0.36,"3 km SSW of Anderson Springs, CA",1763981651390
-163.9935,54.7556666666667,-0.75,0.88,"39 km WSW of False Pass, Alaska",1763981406120
-122.776168823242,38.8009986877441,3.1800000667572,2.17,"3 km NNW of The Geysers, CA",1763981370320
-147.7627410888672,60.36987686157227,17.254886627197266,2.180581279760475,"36 km NNE of Chenega, Alaska",1763981106708
-97.57783333,34.273,11.21,1.85,"9 km WNW of Healdton, Oklahoma",1763980716570
-150.1343231201172,63.08066177368164,84.8068618774414,2.5266758452208906,"68 km WSW of Cantwell, Alaska",1763980601482
-151.179931640625,62.54198837280273,92.37669372558594,1.543636435532611,"21 km WNW of Petersville, Alaska",1763980367985
-153.09423828125,59.58089065551758,95.6094970703125,1.8373923353990316,"61 km ESE of Pedro Bay, Alaska",1763979822898
-116.6368,41.2055,9.7276,1.72,"61 km NE of Valmy, Nevada",1763979265839
-101.993,32.143,8.8623,2.1,"18 km NNE of Midland, Texas",1763979120233
-146.7929229736328,60.98770904541016,8.180463790893555,2.4956737404402847,"15 km NNW of Tatitlek, Alaska",1763978245286
-116.5495,33.1581666666667,15.71,1.13,"10 km NNE of Julian, CA",1763977741550
-178.8476,-33.0183,10.0,4.9,south of the Kermadec Islands,1763977554070
-112.8955,37.0476666666667,11.07,1.43,"8 km NE of Hildale, Utah",1763977507390
-122.843833333333,38.821,2.23,0.66,"9 km WNW of The Geysers, CA",1763976954740
-110.372666666667,44.6436666666667,5.82,0.36,"45 km SE of Mammoth, Wyoming",1763976924360
-152.47525024414062,60.10144805908203,94.4264144897461,1.4844467364347758,"44 km WNW of Happy Valley, Alaska",1763976446365
-110.850666666667,44.7986666666667,5.0,0.32,"23 km SSW of Mammoth, Wyoming",1763976144920
-89.6025,36.5776666666667,5.62,1.79,"1 km N of Howardville, Missouri",1763976110660
-147.31993103027344,64.84625244140625,1.2253105640411377,1.4519595258495652,"10 km N of North Pole, Alaska",1763975748437
-116.992333333333,33.8183333333333,13.33,0.6,"5 km NW of San Jacinto, CA",1763975737400
-176.137666666667,52.0683333333333,-1.77,1.38,"40 km ENE of Adak, Alaska",1763975438780
-154.977333333333,58.2875,3.0,-0.48,"85 km NNW of Karluk, Alaska",1763974922120
-122.842166666667,38.8248333333333,1.87,0.01,"9 km NW of The Geysers, CA",1763974848150
-122.778503417969,38.7946662902832,3.10999989509583,0.84,"3 km NW of The Geysers, CA",1763974795520
-116.737,33.645,12.46,0.43,"11 km S of Idyllwild, CA",1763974758060
-121.641333333333,37.2673333333333,3.98,1.07,"15 km N of Morgan Hill, CA",1763974663100
21.7889,39.4144,10.0,4.5,"4 km SSW of Magoúla, Greece",1763974306037
-122.813003540039,38.7978324890137,3.11999988555908,1.38,"5 km WNW of The Geysers, CA",1763974118090
-177.1249,51.3546,35.0,2.3,"67 km SSW of Adak, Alaska",1763973793010
-153.00326538085938,59.99516296386719,116.60345458984375,1.2192466669506654,"65 km ENE of Pedro Bay, Alaska",1763973650814
-110.668,44.6563333333333,7.69,0.48,"34 km E of West Yellowstone, Montana",1763973420040
-149.00784301757812,64.00897216796875,124.432373046875,1.8059726016871178,"5 km E of Ferry, Alaska",1763973328178
-97.93233333,35.33766667,7.6,1.04,"2 km NNE of Minco, Oklahoma",1763973188380
-153.105166666667,60.0565,2.47,-1.08,"63 km ENE of Pedro Bay, Alaska",1763973055430
-117.627333333333,36.0768333333333,3.06,0.59,"29 km E of Coso Junction, CA",1763972851770
-122.4445,38.8381666666667,8.65,1.9,"10 km ENE of Hidden Valley Lake, CA",1763972664800
-116.815833333333,34.4815,7.14,1.65,"15 km ENE of Lucerne Valley, CA",1763972576080
-104.3,31.69,7.4329,2.3,"54 km S of Whites City, New Mexico",1763972504988
-116.814333333333,34.4825,8.12,1.42,"15 km ENE of Lucerne Valley, CA",1763972378040
-122.731,38.7586666666667,1.35,0.18,"3 km SE of The Geysers, CA",1763972368690
-122.4175,38.7525,1.58,1.21,"14 km ESE of Hidden Valley Lake, CA",1763972271360
-101.926,32.281,7.7393,0.8,"21 km NW of Stanton, Texas",1763972260731
-102.03,32.41,8.3984,1.0,"32 km WSW of Ackerly, Texas",1763971845955
-149.98243713378906,65.4188003540039,2.306264877319336,1.312769478290658,"12 km SE of Rampart, Alaska",1763971758813
-144.085166666667,61.9171666666667,5.39,-0.15,"48 km NNE of Chitina, Alaska",1763971625160
-110.837666666667,44.7923333333333,4.89,0.44,"23 km SSW of Mammoth, Wyoming",1763971271780
-101.398,32.181,8.4473,1.8,"8 km NNW of Forsan, Texas",1763970727892
-121.477333333333,37.0373333333333,4.38,0.88,"9 km ENE of Gilroy, CA",1763970601040
-158.196166666667,56.8998333333333,3.0,-0.16,"68 km N of Chignik, Alaska",1763969523930
-116.874833333333,34.336,2.08,0.8,"9 km NNW of Big Bear City, CA",1763968961880
-122.873666666667,39.5163333333333,5.52,2.45,"14 km NNE of Lake Pillsbury, CA",1763968721030
-154.998992919922,19.3008327484131,34.6800003051758,1.81,"20 km SSW of Leilani Estates, Hawaii",1763968678740
-121.201833333333,36.5916666666667,7.29,3.19,"8 km NW of Pinnacles, CA",1763968162600
-117.206166666667,34.0233333333333,12.69,0.7,"4 km SSW of Redlands, CA",1763967737520
-121.1955,36.5955,6.55,1.4,"8 km NNW of Pinnacles, CA",1763967666490
-103.978,31.61,7.5739,2.1,"37 km NNW of Toyah, Texas",1763967544789
-117.214833333333,34.0865,3.94,1.0,"5 km NW of Redlands, CA",1763967455590
-118.951333333333,34.8321666666667,11.84,1.39,"1 km NNW of Frazier Park, CA",1763967400790
-152.17237854003906,60.06404113769531,5.0,1.3298292754002405,"27 km WNW of Happy Valley, Alaska",1763967226899
-122.77799987793,38.7948341369629,3.21000003814697,1.27,"3 km NW of The Geysers, CA",1763967187750
-121.649333333333,37.2768333333333,5.63,1.64,"16 km N of Morgan Hill, CA",1763966165130
-164.000833333333,54.7593333333333,0.83,1.01,"39 km WSW of False Pass, Alaska",1763966095870
-120.180833333333,36.4955,21.82,2.29,"12 km E of Cantua Creek, CA",1763965643450
-147.6080780029297,61.19634628295898,5.0,1.4192681654253478,"62 km NW of Tatitlek, Alaska",1763965473026
-149.88389587402344,61.50581741333008,33.58837127685547,1.8175837259306702,"4 km ESE of Big Lake, Alaska",1763965182130
-151.57107543945312,59.33176040649414,5.897992610931396,2.068902936723276,"14 km SE of Seldovia, Alaska",1763964739165
-148.55789184570312,61.84573364257812,22.34661102294922,1.324659169851178,"7 km NW of Chickaloon, Alaska",1763964436101
-149.90805053710938,61.49458694458008,11.968374252319336,3.054907121847002,"3 km SE of Big Lake, Alaska",1763964090762
-155.275833333333,19.3841666666667,1.25,1.91,"7 km SW of Volcano, Hawaii",1763964002010
-150.64163208007812,61.0157699584961,11.44682216644287,1.6246979112940785,"10 km NNE of Point Possession, Alaska",1763963454721
-148.14114379882812,61.14508819580078,5.0,1.2125699660363694,"50 km NE of Whittier, Alaska",1763963259034
-96.74316667,35.55466667,5.91,2.37,"9 km NW of Prague, Oklahoma",1763963061179
-148.47885131835938,61.01841354370117,5.0,0.7756362156721264,"29 km NNE of Whittier, Alaska",1763962574769
-153.04,60.071,4.99,-0.48,"67 km ENE of Pedro Bay, Alaska",1763962466000
-103.979,31.613,7.8815,1.7,"37 km WSW of Mentone, Texas",1763962433496
-120.6535,36.2371666666667,16.97,1.19,"20 km S of New Idria, CA",1763962139510
-67.192,18.2003333333333,28.05,2.37,"5 km W of Mayagüez, Puerto Rico",1763961698300
-122.770668029785,38.7996673583984,3.97000002861023,0.91,"3 km NNW of The Geysers, CA",1763960827040
-97.62,34.3025,11.39,1.58,"6 km ESE of Loco, Oklahoma",1763960649439
-153.8659210205078,58.51865005493164,83.00020599365234,2.4063344473281343,"75 km NW of Aleneva, Alaska",1763960211445
-116.390333333333,34.6695,6.57,1.14,"22 km WSW of Ludlow, CA",1763960087370
-66.2085,19.3761666666667,22.06,3.4,"101 km N of San Juan, Puerto Rico",1763960010060
-116.842166666667,34.2121666666667,3.91,1.34,"5 km S of Big Bear City, CA",1763959879000
-122.8193359375,38.8308334350586,1.82000005245209,0.89,"8 km NW of The Geysers, CA",1763959777200
-152.6571502685547,60.04718399047852,107.6208267211914,1.7722260121946387,"52 km WNW of Happy Valley, Alaska",1763959772973
-117.214166666667,34.0836666666667,3.5,0.75,"4 km NW of Redlands, CA",1763958755090
-85.7343333333333,35.1483333333333,9.74,2.41,"12 km S of Tracy City, Tennessee",1763958531710
-122.816497802734,38.8356666564941,1.86000001430511,1.06,"8 km W of Cobb, CA",1763958188810
-151.3176727294922,61.1975326538086,78.49154663085938,3.282068536071242,"14 km WNW of Beluga, Alaska",1763957652387
-118.504666666667,35.3475,5.39,1.49,"24 km NNW of Tehachapi, CA",1763957607780
-117.214166666667,34.0858333333333,4.97,1.96,"4 km NW of Redlands, CA",1763957307240
-122.7305,38.762,1.49,0.25,"3 km SE of The Geysers, CA",1763957215990
-117.213666666667,34.0858333333333,4.58,1.33,"4 km NW of Redlands, CA",1763957193670
-122.856002807617,38.8236656188965,2.26999998092651,0.87,"10 km WNW of The Geysers, CA",1763956992220
-122.75016784668,38.771167755127,-0.509999990463257,0.95,"1 km SE of The Geysers, CA",1763956922500
-122.855667114258,38.8240013122559,2.27999997138977,1.29,"10 km WNW of The Geysers, CA",1763956855490
-150.04502868652344,61.57592010498047,34.3787956237793,1.5493636401069295,"7 km NW of Big Lake, Alaska",1763955876775
-152.32484436035156,61.69862747192383,202.1131134033203,1.5973167427260446,"58 km SW of Skwentna, Alaska",1763955173910
-125.228,40.3925,10.0,2.49,"80 km W of Petrolia, CA",1763954785640
-152.3045,60.956,10.01,-0.03,"62 km WNW of Nikiski, Alaska",1763954267010
-155.1425,58.242,2.26,-0.82,"85 km NNW of Karluk, Alaska",1763954060460
-121.563833333333,36.3185,9.98,0.95,"23 km SSW of Gonzales, CA",1763954021170
-154.975,58.2965,3.19,-0.27,"86 km NNW of Karluk, Alaska",1763952871110
-150.79879760742188,60.77132034301758,29.928022384643555,1.634785932249952,"17 km SSW of Point Possession, Alaska",1763952820858
-122.785003662109,38.824333190918,0.490000009536743,0.69,"5 km W of Cobb, CA",1763952502480
-117.213833333333,34.0871666666667,5.03,1.6,"5 km NW of Redlands, CA",1763951518230
-141.39312744140625,60.26480484008789,5.0,1.5045472942749818,"122 km NW of Yakutat, Alaska",1763951144806
-122.842330932617,38.8223342895508,2.02999997138977,1.08,"9 km NW of The Geysers, CA",1763951135220
-116.293833333333,33.0288333333333,7.32,0.63,"20 km SW of Ocotillo Wells, CA",1763950967610
-37.0268,7.4819,10.0,5.4,central Mid-Atlantic Ridge,1763950862756
-153.063,60.0576666666667,0.73,-1.13,"65 km ENE of Pedro Bay, Alaska",1763950767850
-122.817001342773,38.814998626709,1.0900000333786,0.79,"7 km NW of The Geysers, CA",1763950687900
-102.213,32.126,8.3496,1.1,"19 km NW of Midland, Texas",1763950487812
-102.217,32.133,6.2988,0.7,"19 km NE of Gardendale, Texas",1763950434097
-154.9775,58.2946666666667,2.97,-0.29,"86 km NNW of Karluk, Alaska",1763950066620
-147.30824279785156,61.31916427612305,13.275936126708984,1.8358661288863498,"55 km WNW of Valdez, Alaska",1763949558736
-166.63900756835938,53.59542083740234,76.71431732177734,1.595984541209779,"31 km SSW of Unalaska, Alaska",1763949430767
-116.4595,32.9481666666667,8.25,0.63,"16 km NNE of Pine Valley, CA",1763949069610
-64.538,19.1501,43.0,3.6,"94 km NNE of Cruz Bay, U.S. Virgin Islands",1763949011350
-154.88729858398438,57.37680435180664,9.170114517211914,2.1328620625307617,"33 km SW of Karluk, Alaska",1763948875918
-111.838666666667,38.5488333333333,7.67,1.88,"5 km NE of Koosharem, Utah",1763948808160
-70.4025,-28.6014,88.298,4.0,"35 km E of Vallenar, Chile",1763947970396
-64.5788333333333,19.1951666666667,36.57,3.31,"98 km NNE of Cruz Bay, U.S. Virgin Islands",1763947968130
-64.5886,19.1624,35.0,2.8,"94 km NNE of Cruz Bay, U.S. Virgin Islands",1763947936710
-111.836666666667,38.5395,9.22,1.45,"5 km NE of Koosharem, Utah",1763947814560
128.426,2.4226,230.204,4.6,"89 km NNE of Tobelo, Indonesia",1763947732814
-122.799666666667,38.8373333333333,2.16,0.64,"7 km WNW of Cobb, CA",1763947470570
68.2746,-3.4155,10.0,4.8,Chagos Archipelago region,1763947357015
-117.803,35.3518333333333,6.04,0.99,"15 km W of Johannesburg, CA",1763947348120
-121.971833333333,37.8185,13.67,1.37,"2 km SSW of Diablo, CA",1763946929420
-66.0893,-22.7929,268.445,4.5,"41 km W of Abra Pampa, Argentina",1763946656087
-153.312255859375,58.82735061645508,74.56543731689453,2.242648282022788,"88 km NNW of Aleneva, Alaska",1763946566378
-122.512666666667,37.6663333333333,10.98,0.85,"5 km WSW of Colma, CA",1763946340500
-117.215333333333,34.0848333333333,3.57,0.79,"4 km NW of Redlands, CA",1763946190330
-116.786666666667,33.6816666666667,16.76,0.77,"9 km SW of Idyllwild, CA",1763945639650
-120.784833333333,35.5498333333333,5.31,1.3,"7 km W of Templeton, CA",1763945488510
-110.8375,44.804,5.09,0.32,"21 km SSW of Mammoth, Wyoming",1763944856220
-117.151333333333,32.212,15.52,2.14,"17 km SW of Rosarito, B.C., MX",1763943662800
-110.827833333333,44.799,4.33,0.61,"22 km SSW of Mammoth, Wyoming",1763943591980
-153.0505,60.0316666666667,0.93,-0.84,"65 km ENE of Pedro Bay, Alaska",1763943426710
-126.099,41.876,10.0,2.9,"147 km WSW of Pistol River, Oregon",1763943143386
54.8902,27.4601,10.0,4.2,"78 km ESE of Gerāsh, Iran",1763943010094
-117.215166666667,34.0825,2.26,0.79,"4 km NW of Redlands, CA",1763942915300
-147.45086669921875,64.9754409790039,5.301816940307617,1.2110911888756088,"8 km ENE of Fox, Alaska",1763942842766
-121.938333333333,37.7601666666667,4.98,1.02,"4 km ESE of San Ramon, CA",1763942714790
-110.673166666667,44.6618333333333,4.87,0.49,"34 km E of West Yellowstone, Montana",1763942564500
-117.214,34.0856666666667,3.58,0.79,"4 km NW of Redlands, CA",1763942341700
-117.216,34.0858333333333,3.35,1.01,"5 km NW of Redlands, CA",1763942183810
-117.210166666667,34.0878333333333,4.78,1.61,"4 km NW of Redlands, CA",1763942126740
-117.21,34.0886666666667,4.72,1.43,"4 km S of Highland, CA",1763942121170
-117.217166666667,34.0868333333333,5.77,1.5,"5 km S of Highland, CA",1763942116120
-117.2155,34.0875,5.21,2.58,"5 km S of Highland, CA",1763942083460
-122.751502990723,38.8014984130859,1.94000005722046,0.39,"3 km N of The Geysers, CA",1763941594260
-121.937,37.762,5.51,0.98,"4 km ESE of San Ramon, CA",1763941526310
-64.557,19.2421,21.0,4.33,"103 km NNE of Cruz Bay, U.S. Virgin Islands",1763941477190
-104.564,31.714,6.0999,1.4,"54 km SSW of Whites City, New Mexico",1763941311101
-122.324166666667,37.6026666666667,8.41,1.98,"4 km ENE of Burlingame, CA",1763941128030
-147.65231323242188,63.18400573730469,1.0570732355117798,1.879535629778147,"69 km ESE of Cantwell, Alaska",1763941027812
-110.823666666667,44.8056666666667,3.47,0.46,"21 km SSW of Mammoth, Wyoming",1763940418700
-154.516333333333,58.362,6.14,0.01,"88 km N of Karluk, Alaska",1763940151990
126.3067,-7.4581,434.888,4.3,"113 km N of Baukau, Timor Leste",1763940003408
-123.274166666667,39.2801666666667,3.32,1.29,"6 km WNW of Redwood Valley, CA",1763939684190
-122.716833333333,38.7543333333333,1.47,0.4,"3 km SW of Anderson Springs, CA",1763939524910
-163.9785,54.6248333333333,15.33,1.83,"44 km SW of False Pass, Alaska",1763939120500
-151.2405242919922,62.4769172668457,87.1183853149414,1.6099086377580942,"24 km W of Petersville, Alaska",1763938874853
-153.0215,60.0485,4.18,-0.67,"67 km ENE of Pedro Bay, Alaska",1763938233060
-117.2155,34.0851666666667,3.75,0.89,"4 km NW of Redlands, CA",1763938132380
-145.50131225585938,65.54449462890625,5.0,1.5786819940805685,"32 km W of Central, Alaska",1763937892033
-166.539333333333,53.9561666666667,10.0,0.49,"7 km N of Dutch Harbor, Alaska",1763937626620
97.3552,34.7638,10.0,4.0,"Southern Qinghai, China",1763936876728
-118.9575,34.8303333333333,13.37,0.84,"1 km NW of Frazier Park, CA",1763936867450
-152.246166666667,61.3185,-2.63,-0.71,"65 km WNW of Beluga, Alaska",1763936856290
-121.982,46.80166666666667,7.95,0.61,"6 km NE of Ashford, Washington",1763936804460
-112.913,38.5061666666667,2.23,1.81,"14 km NE of Milford, Utah",1763936526240
-151.80526733398438,60.92143249511719,76.54837799072266,1.9902892012185764,"38 km NW of Nikiski, Alaska",1763936464087
-110.677166666667,44.6591666666667,5.0,0.03,"33 km E of West Yellowstone, Montana",1763936094600
-151.3750762939453,60.0857162475586,28.31651306152344,3.440290900509031,"16 km S of Clam Gulch, Alaska",1763935765522
-155.487167358398,19.1813335418701,30.8999996185303,1.7,"2 km SSW of Pāhala, Hawaii",1763935192110
-112.9125,38.5046666666667,2.47,1.92,"14 km NE of Milford, Utah",1763935151010
-118.952166666667,34.8363333333333,11.99,1.06,"2 km NNW of Frazier Park, CA",1763934827240
-117.015166666667,33.6426666666667,12.95,0.82,"10 km SE of Winchester, CA",1763934134260
-152.352166666667,61.2715,4.47,-0.19,"69 km WNW of Tyonek, Alaska",1763934046050
-163.966166666667,54.7453333333333,3.37,0.69,"37 km WSW of False Pass, Alaska",1763933896530
-122.818168640137,38.8308334350586,1.82000005245209,0.65,"8 km NW of The Geysers, CA",1763933734070
-115.862,32.9178333333333,6.83,0.91,"24 km NNE of Ocotillo, CA",1763933325730
143.36,39.2384,10.0,4.2,"124 km ESE of Yamada, Japan",1763933138772
-117.214333333333,34.0823333333333,3.43,0.86,"4 km NW of Redlands, CA",1763933014540
-153.0174560546875,58.53527450561523,69.68244171142578,2.323604618719513,"53 km N of Aleneva, Alaska",1763932752913
-122.818000793457,38.8316650390625,1.44000005722046,0.7,"8 km NW of The Geysers, CA",1763931675840
-112.907833333333,38.5058333333333,2.78,0.58,"15 km NE of Milford, Utah",1763931529160
-117.590166666667,35.7636666666667,7.03,0.77,"17 km W of Searles Valley, CA",1763931050090
-151.20120239257812,62.16025161743164,73.48380279541016,1.8660623832062742,"21 km NNE of Skwentna, Alaska",1763930995429
-150.0731201171875,61.48827743530273,52.41323471069336,1.443291984434526,"7 km WSW of Big Lake, Alaska",1763930524210
111.836,-9.0854,65.772,4.9,"107 km S of Boyolangu, Indonesia",1763930424131
-152.754666666667,60.4871666666667,0.73,-1.16,"77 km NW of Ninilchik, Alaska",1763930392790
-154.50315856933594,59.3034439086914,142.97781372070312,4.085859618828804,"21 km SE of Kokhanok, Alaska",1763929818875
-122.743833333333,38.7875,1.65,0.26,"2 km NE of The Geysers, CA",1763929681380
-148.26295471191406,61.09965133666992,31.41853332519531,1.0901657929742532,"42 km NNE of Whittier, Alaska",1763929418563
-112.91,38.5076666666667,2.65,0.5,"15 km NE of Milford, Utah",1763929340910
-149.89938354492188,61.88078308105469,28.34226417541504,2.1839593520280336,"16 km NNE of Willow, Alaska",1763929113707
-153.107666666667,60.011,-2.1,-0.9,"61 km ENE of Pedro Bay, Alaska",1763928652120
-110.673333333333,44.6591666666667,5.54,0.66,"34 km E of West Yellowstone, Montana",1763927954750
-153.133166666667,60.0058333333333,0.07,-0.84,"59 km ENE of Pedro Bay, Alaska",1763927874120
-89.4706666666667,36.2878333333333,5.76,1.65,"3 km NNE of Ridgely, Tennessee",1763927381850
-66.7226666666667,18.0421666666667,10.69,2.03,"1 km S of Peñuelas, Puerto Rico",1763926411360
-118.808666666667,37.481,8.79,0.8,"14 km SW of Toms Place, CA",1763926139920
-153.114166666667,60.0118333333333,-0.16,-1.42,"60 km ENE of Pedro Bay, Alaska",1763925877790
-155.7852020263672,57.71090316772461,114.56788635253906,1.6608366963618892,"80 km W of Karluk, Alaska",1763925692909
-112.907333333333,38.5111666666667,2.81,0.97,"15 km NE of Milford, Utah",1763925525610
-120.773833333333,35.555,5.3,1.07,"6 km W of Templeton, CA",1763925322260
-120.779666666667,35.5571666666667,4.34,1.08,"7 km W of Templeton, CA",1763925052290
-120.776166666667,35.5553333333333,4.46,1.81,"6 km W of Templeton, CA",1763924730230
-110.673166666667,44.6588333333333,5.91,1.28,"34 km E of West Yellowstone, Montana",1763923789840
-146.31039428710938,61.26538848876953,11.316636085510254,1.8575435465843044,"15 km N of Valdez, Alaska",1763923562803
-110.676166666667,44.6725,6.86,0.57,"33 km S of Mammoth, Wyoming",1763923489300
-112.908333333333,38.5038333333333,2.42,0.71,"14 km NE of Milford, Utah",1763923300880
-102.023,32.409,7.9834,0.7,"31 km WSW of Ackerly, Texas",1763923259329
-102.03,32.41,8.7891,1.9,"32 km WSW of Ackerly, Texas",1763922999956
-152.174333333333,61.3216666666667,-3.03,-0.67,"61 km WNW of Beluga, Alaska",1763922710960
-144.31240844726562,63.09845733642578,0.869659423828125,1.885890301925459,"33 km NW of Mentasta Lake, Alaska",1763922432204
-104.361,31.681,6.0999,2.2,"54 km S of Whites City, New Mexico",1763922335830
-116.396166666667,33.3405,10.06,0.81,"10 km NNW of Borrego Springs, CA",1763921990870
-146.92007446289062,60.9526596069336,19.062725067138672,2.4655325447401224,"16 km NW of Tatitlek, Alaska",1763921753732
160.6478,52.6855,10.0,4.7,"142 km ESE of Petropavlovsk-Kamchatsky, Russia",1763921220767
-155.1026611328125,57.74502563476562,66.13969421386719,1.957102066061943,"43 km WNW of Karluk, Alaska",1763920803528
-110.664,44.6621666666667,6.26,0.06,"34 km E of West Yellowstone, Montana",1763920216050
-159.35682678222656,56.15862655639648,5.0,1.2329948863818507,"29 km NNE of Ivanof Bay, Alaska",1763920126559
-122.765830993652,38.8238334655762,2.13000011444092,0.72,"4 km W of Cobb, CA",1763919909040
-155.265333333333,19.4128333333333,3.32,1.76,"4 km SW of Volcano, Hawaii",1763919826300
160.3656,52.4234,10.0,4.2,"137 km ESE of Petropavlovsk-Kamchatsky, Russia",1763919603979
-122.19366666666667,46.1935,-1.46,-0.23,"37 km NNE of Amboy, Washington",1763919325510
-122.813003540039,38.824333190918,2.0,0.76,"7 km NW of The Geysers, CA",1763919318640
-155.485336303711,19.2018337249756,30.4400005340576,1.86,"0 km W of Pāhala, Hawaii",1763919083590
-153.053833333333,60.0458333333333,3.6,-0.9,"65 km ENE of Pedro Bay, Alaska",1763918526370
-122.779167175293,38.7956657409668,3.75,0.74,"3 km NW of The Geysers, CA",1763918155520
-116.786666666667,33.7205,15.78,0.73,"7 km WSW of Idyllwild, CA",1763918087460
-117.5975,34.0243333333333,3.19,1.15,"4 km SE of Ontario, CA",1763917442190
-152.77757263183594,59.50923156738281,82.3342056274414,2.446329160809586,"51 km WNW of Nanwalek, Alaska",1763917311850
-121.651,37.277,5.24,1.82,"16 km N of Morgan Hill, CA",1763917243430
-112.896,37.0541666666667,11.3,1.31,"8 km NE of Hildale, Utah",1763917209290
-121.474666666667,37.0181666666667,4.83,1.2,"8 km E of Gilroy, CA",1763916558290
-116.531333333333,33.4995,8.55,0.63,"15 km ESE of Anza, CA",1763916398260
-119.52866666666667,48.821333333333335,13.95,0.96,"7 km E of Loomis, Washington",1763916043610
-153.13461303710938,59.68743515014648,111.73202514648438,3.1293164414379553,"55 km ESE of Pedro Bay, Alaska",1763915334723
-122.805000305176,38.8248329162598,2.55999994277954,1.11,"7 km NW of The Geysers, CA",1763915023920
-68.6274,-21.1296,143.101,4.7,"40 km WNW of Ollagüe, Chile",1763915021599
-123.464333333333,39.248,3.83,1.75,"20 km SSW of Willits, CA",1763914869490
-97.57183333,34.28383333,13.55,2.33,"9 km NW of Healdton, Oklahoma",1763914811089
-123.495,42.48833333333334,12.02,1.35,"6 km WSW of Merlin, Oregon",1763914642910
145.8479,42.6901,53.005,4.2,"73 km SSE of Nemuro, Japan",1763914564071
-122.842163085938,38.8214988708496,2.21000003814697,0.77,"9 km WNW of The Geysers, CA",1763914397070
-154.859619140625,58.3426399230957,5.0,0.5276419782103972,"89 km NNW of Karluk, Alaska",1763914214842
-123.1575,45.07533333333333,15.1,3.18,"5 km SE of Amity, Oregon",1763913506000
-123.06916666666666,47.4735,15.15,1.45,"9 km NE of Hoodsport, Washington",1763913031840
-121.480666666667,37.0173333333333,4.16,1.97,"8 km E of Gilroy, CA",1763912835830
126.467,1.7425,47.494,4.9,"146 km NW of Ternate, Indonesia",1763912263294
-123.50283333333333,42.48416666666667,10.41,0.67,"7 km WSW of Merlin, Oregon",1763911906820
-123.50666666666666,42.489333333333335,10.67,1.42,"7 km WSW of Merlin, Oregon",1763911683030
-110.679333333333,44.6696666666667,7.13,1.61,"33 km E of West Yellowstone, Montana",1763911394880
-152.364333333333,61.0193333333333,11.26,-0.01,"66 km W of Tyonek, Alaska",1763911049180
-102.173,32.42,5.835,0.7,"35 km ENE of McKinney Acres, Texas",1763910994219
-122.763833333333,38.7856666666667,0.64,0.24,"1 km NW of The Geysers, CA",1763910939880
-154.900666666667,58.326,4.78,-0.07,"88 km NNW of Karluk, Alaska",1763910872720
-116.016666666667,33.0476666666667,10.05,0.81,"15 km SE of Ocotillo Wells, CA",1763910666460
-151.0651397705078,60.46285247802734,1.7656673192977905,2.0252240668262185,"2 km S of Soldotna, Alaska",1763910462688
-122.765663146973,38.7874984741211,2.28999996185303,1.06,"1 km NW of The Geysers, CA",1763910013210
-122.2535,46.49066666666667,12.97,0.78,"7 km SSE of Morton, Washington",1763909704600
-101.11,32.129,8.1787,1.6,"24 km E of Forsan, Texas",1763909607962
-122.238,37.3561666666667,5.05,1.45,"3 km S of Portola Valley, CA",1763908104640
-122.792333333333,38.8198333333333,3.69,0.33,"6 km NNW of The Geysers, CA",1763907808430
-102.139,32.4,6.958,0.8,"38 km ENE of McKinney Acres, Texas",1763907289117
140.0804,27.138,494.854,4.1,"Bonin Islands, Japan region",1763906380433
-44.885,23.7873,10.0,4.7,northern Mid-Atlantic Ridge,1763906200731
-122.8445,38.8215,2.01,0.69,"9 km WNW of The Geysers, CA",1763905546950
-101.996,32.146,8.0078,0.8,"18 km NNE of Midland, Texas",1763905314616
-152.953333333333,60.0193333333333,13.77,-0.62,"68 km WNW of Anchor Point, Alaska",1763904947240
-122.027166666667,37.629,2.83,1.16,"4 km N of Union City, CA",1763904917290
-112.802666666667,38.4481666666667,5.3,0.32,"19 km ENE of Milford, Utah",1763904627460
-111.077,39.6935,4.85,0.57,"7 km ESE of Scofield, Utah",1763904531230
-122.810501098633,38.8214988708496,3.28999996185303,0.7,"7 km NW of The Geysers, CA",1763904515680
-122.810501098633,38.8208351135254,3.05999994277954,1.31,"7 km NW of The Geysers, CA",1763904441230
-149.5602,63.1946,86.2,2.6,"37 km SW of Cantwell, Alaska",1763904129061
160.2278,53.6838,73.474,4.4,"126 km ENE of Petropavlovsk-Kamchatsky, Russia",1763903506037
-122.802166666667,38.8253333333333,2.34,0.42,"7 km NW of The Geysers, CA",1763903345480
160.3064,53.7155,62.745,4.4,"133 km ENE of Petropavlovsk-Kamchatsky, Russia",1763903341483
-102.22,32.13,8.2275,1.3,"19 km NE of Gardendale, Texas",1763903254619
-156.4427032470703,56.26991271972656,63.16020965576172,4.268714082391111,"121 km E of Chignik, Alaska",1763902434040
40.672,13.588,3.0,5.4,"116 km WSW of Edd, Eritrea",1763902433450
-122.818664550781,38.8160018920898,2.42000007629395,1.6,"7 km NW of The Geysers, CA",1763901640660
-159.5652,54.4561,29.256,3.2,"114 km SSE of Sand Point, Alaska",1763900920184
40.672,13.588,3.0,5.5,"116 km WSW of Edd, Eritrea",1763900477620
-112.146333333333,40.698,8.66,0.42,"3 km WSW of Magna, Utah",1763900144390
-163.983,54.7461666666667,1.74,0.86,"38 km WSW of False Pass, Alaska",1763899583720
-122.1935,46.20166666666667,5.96,-0.23,"37 km NNE of Amboy, Washington",1763899426640
-153.67929077148438,58.1209831237793,56.92819213867188,2.283834332993064,"45 km W of Aleneva, Alaska",1763898924998
-85.3198333333333,34.679,5.48,2.39,"4 km SW of LaFayette, Georgia",1763897865900
-101.976,32.405,5.249,0.5,"27 km WSW of Ackerly, Texas",1763897377424
-153.092,60.0183333333333,-2.94,-0.82,"62 km ENE of Pedro Bay, Alaska",1763897189310
-122.562,37.7088333333333,7.96,1.03,"6 km WSW of San Francisco Zoo, CA",1763896993170
-152.251166666667,61.3031666666667,1.74,-1.03,"65 km WNW of Beluga, Alaska",1763896710010
-152.281833333333,61.3333333333333,2.0,-0.42,"67 km WNW of Beluga, Alaska",1763896528070
-150.53392028808594,62.91367721557617,89.48377227783203,1.6387477015361505,"47 km NNE of Petersville, Alaska",1763896047277
-121.5975,37.2036666666667,2.99,0.89,"10 km NNE of Morgan Hill, CA",1763895312570
-152.336333333333,61.2918333333333,-3.16,-0.85,"69 km WNW of Tyonek, Alaska",1763895297120
-120.6895,36.5305,6.7,1.61,"13 km N of New Idria, CA",1763895012880
-177.0025,51.4138,47.07,4.0,"57 km SSW of Adak, Alaska",1763894653178
-121.939333333333,37.7573333333333,7.73,1.02,"4 km SE of San Ramon, CA",1763894302220
-149.89816284179688,62.0979232788086,31.01405715942383,2.070388404110536,"7 km SSW of Susitna North, Alaska",1763894183854
-121.76666666666667,46.852,0.84,1.02,"22 km ENE of Ashford, Washington",1763893350540
-121.939166666667,37.7578333333333,7.49,1.1,"4 km SE of San Ramon, CA",1763893231780
-122.769500732422,38.787166595459,2.45000004768372,0.73,"2 km NW of The Geysers, CA",1763893084420
-149.5238800048828,61.81891632080078,44.225345611572266,1.4293696970849088,"17 km WNW of Fishhook, Alaska",1763893016999
-152.2642059326172,61.03676223754883,115.56726837158203,1.9888603663051372,"60 km W of Tyonek, Alaska",1763892845281
-155.362,58.1741666666667,2.3,-0.37,"86 km NW of Karluk, Alaska",1763892774920
-152.738333333333,60.5001666666667,0.41,-1.23,"77 km NW of Ninilchik, Alaska",1763892292950
-119.0905,37.4136666666667,18.36,1.16,"27 km SSW of Mammoth Lakes, CA",1763891557660
-122.722666666667,38.76,2.24,0.35,"3 km WSW of Anderson Springs, CA",1763891272270
-117.808166666667,35.3566666666667,7.19,2.52,"16 km W of Johannesburg, CA",1763891204330
-156.24142456054688,57.18334197998047,16.104772567749023,2.0592384206648937,"78 km ESE of Ugashik, Alaska",1763890951297
-150.63128662109375,61.16844177246094,53.94790267944336,2.006151002427293,"24 km E of Beluga, Alaska",1763890880122
-115.8475,32.7766666666667,4.64,2.67,"14 km ENE of Ocotillo, CA",1763890843070
-122.788833618164,38.8250007629395,1.41999995708466,0.99,"6 km W of Cobb, CA",1763890785720
-117.098333333333,34.0415,14.94,1.28,"5 km SE of Mentone, CA",1763890368230
-122.739166666667,38.811,0.99,0.4,"2 km SW of Cobb, CA",1763890118840
-122.809669494629,38.7960014343262,3.28999996185303,1.06,"5 km WNW of The Geysers, CA",1763890070060
-152.772833333333,60.4911666666667,0.91,-0.86,"78 km NW of Ninilchik, Alaska",1763889918780
-152.51553344726562,59.13901138305664,68.61973571777344,2.284334198195079,"41 km SW of Nanwalek, Alaska",1763889430724
-122.876831054688,38.8409996032715,2.36999988555908,0.86,"13 km NW of The Geysers, CA",1763889158290
-66.2233333333333,18.281,68.83,3.33,"3 km SE of Naranjito, Puerto Rico",1763888853580
-23.2281,-58.2041,10.0,4.8,South Sandwich Islands region,1763888677650
-102.044,32.407,6.2256,0.5,"33 km WSW of Ackerly, Texas",1763888373482
-122.794830322266,38.8178329467773,3.17000007629395,0.33,"6 km NW of The Geysers, CA",1763888332360
-152.26080322265625,61.05353546142578,112.1893539428711,2.0678559277305415,"60 km W of Tyonek, Alaska",1763888296315
-150.89666748046875,60.43320083618164,53.03225326538086,3.0850850354849926,"10 km SW of Funny River, Alaska",1763887934910
-116.658333333333,33.4208333333333,4.53,0.54,"15 km S of Anza, CA",1763887678610
-112.898833333333,38.5056666666667,2.43,0.84,"15 km NE of Milford, Utah",1763887394760
-117.215666666667,34.0853333333333,3.18,0.72,"5 km NW of Redlands, CA",1763887136030
-151.8832244873047,61.48018264770508,0.12119459360837936,1.28656161351232,"57 km NW of Beluga, Alaska",1763886915800
-122.81600189209,38.8313331604004,1.62999999523163,0.23,"8 km NW of The Geysers, CA",1763886590590
-140.81524658203125,60.02089309692383,19.004152297973633,1.6905519562171676,"80 km NW of Yakutat, Alaska",1763886576397
-112.425,41.8381666666667,0.55,0.46,"4 km NNE of Howell, Utah",1763886400200
-116.2915,32.4331666666667,20.16,1.63,"25 km SE of Campo, CA",1763886111920
-177.0684,51.4112,54.82,5.5,"59 km SSW of Adak, Alaska",1763886106286
-112.904333333333,38.5068333333333,2.55,0.97,"15 km NE of Milford, Utah",1763885989530
-104.461,31.664,3.3313,1.9,"57 km S of Whites City, New Mexico",1763885915425
-163.976833333333,54.7263333333333,10.76,1.16,"39 km WSW of False Pass, Alaska",1763885368700
-165.928166666667,54.1203333333333,3.14,0.0,"10 km W of Akutan, Alaska",1763885034200
-117.2135,34.0875,5.38,1.38,"5 km NW of Redlands, CA",1763884975090
-122.758003234863,38.7806663513184,1.37000000476837,0.6,"0 km NNW of The Geysers, CA",1763884855440
-150.1620330810547,64.01210021972656,5.0,1.1761797852127787,"51 km W of Ferry, Alaska",1763884627391
-117.415166666667,34.1426666666667,6.5,0.75,"6 km NW of Rialto, CA",1763884607200
-121.479166666667,37.0181666666667,4.35,1.59,"8 km E of Gilroy, CA",1763883481570
-121.47,37.0176666666667,4.83,0.97,"9 km E of Gilroy, CA",1763883396800
128.5722,1.3162,10.0,4.6,"74 km NNE of Maba, Indonesia",1763883380215
-122.729331970215,38.7599983215332,1.50999999046326,1.02,"3 km SE of The Geysers, CA",1763883273470
-101.161,32.487,4.8584,1.2,"20 km NW of Westbrook, Texas",1763883179107
161.0624,53.2059,55.444,4.4,"163 km E of Petropavlovsk-Kamchatsky, Russia",1763882830578
-117.532,35.6911666666667,4.26,1.07,"14 km SW of Searles Valley, CA",1763882652580
-122.75,38.789665222168,0.670000016689301,0.76,"1 km NNE of The Geysers, CA",1763882603290
-120.7945,35.5563333333333,4.3,1.53,"8 km W of Templeton, CA",1763882306040
-122.770500183105,38.7878341674805,0.5,1.2,"2 km NW of The Geysers, CA",1763881816580
-125.248333333333,40.4423333333333,10.0,2.89,"83 km W of Petrolia, CA",1763881813080
-122.770332336426,38.7869987487793,0.620000004768372,1.28,"2 km NW of The Geysers, CA",1763881714820
-122.806503295898,38.8251647949219,2.58999991416931,0.97,"7 km NW of The Geysers, CA",1763880840040
-153.0924835205078,60.31087875366211,10.908984184265137,0.7342473071289538,"68 km E of Port Alsworth, Alaska",1763880773581
-117.807666666667,35.349,8.93,0.99,"16 km W of Johannesburg, CA",1763880564000
-122.816497802734,38.8306655883789,2.05999994277954,1.04,"8 km NW of The Geysers, CA",1763880473650
-116.298833333333,32.9845,8.22,1.14,"24 km SW of Ocotillo Wells, CA",1763880228550
-153.31277465820312,59.66575622558594,108.7232666015625,1.9914092149622424,"46 km ESE of Pedro Bay, Alaska",1763879903665
-121.484166666667,37.3178333333333,7.96,0.69,"26 km NE of Morgan Hill, CA",1763879721890
-122.770666666667,38.7871666666667,0.98,0.34,"2 km NW of The Geysers, CA",1763878690740
-142.68138122558594,60.73939514160156,5.0,0.8717195926656989,"78 km S of McCarthy, Alaska",1763878637867
125.209,-49.235,10.0,4.7,western Indian-Antarctic Ridge,1763878616989
-104.441,31.653,5.0745,1.7,"58 km S of Whites City, New Mexico",1763878059668
-149.1999969482422,62.6366081237793,52.19866180419922,1.7203376166271147,"50 km ENE of Chase, Alaska",1763877676070
-112.904666666667,38.5071666666667,2.56,0.92,"15 km NE of Milford, Utah",1763877597110
-150.27520751953125,61.1729736328125,14.650445938110352,1.9089085056143726,"20 km WSW of Anchorage, Alaska",1763877500574
-102.259,32.431,8.4717,1.2,"29 km ENE of McKinney Acres, Texas",1763877296345
-122.779502868652,38.8033332824707,2.75,1.5,"4 km NW of The Geysers, CA",1763877116420
-116.722,34.1553333333333,8.32,1.15,"16 km SE of Big Bear City, CA",1763876745770
-152.83184814453125,59.86661911010742,91.87881469726562,2.1656064773021497,"57 km W of Anchor Point, Alaska",1763876660173
159.1223,52.1978,81.397,4.6,"95 km SSE of Vilyuchinsk, Russia",1763876301965
-119.6135,34.9106666666667,7.76,1.07,"25 km SW of Maricopa, CA",1763875471360
-116.613666666667,33.1066666666667,12.84,0.91,"3 km NNW of Julian, CA",1763875087760
-155.3655,19.2016666666667,30.22,1.89,"11 km E of Pāhala, Hawaii",1763874744210
-153.107833333333,60.06,1.56,-0.48,"63 km ENE of Pedro Bay, Alaska",1763874452190
-110.816833333333,39.7023333333333,-3.28,1.75,"1 km NNW of Kenilworth, Utah",1763873721790
95.8348,13.3402,10.0,5.3,"267 km WSW of Dawei, Burma (Myanmar)",1763872762232
-122.8193359375,38.8001670837402,3.0699999332428,0.78,"6 km WNW of The Geysers, CA",1763871814110
-151.2714385986328,59.58866882324219,11.069076538085938,1.8452024366319257,"2 km WSW of Halibut Cove, Alaska",1763871255081
-152.232,61.3188333333333,-2.27,-0.46,"64 km WNW of Beluga, Alaska",1763870906510
-154.8735,58.4058333333333,2.96,0.22,"96 km NNW of Karluk, Alaska",1763870573630
-122.764833333333,38.8208333333333,2.48,0.34,"4 km W of Cobb, CA",1763870145090
-152.921666666667,60.1201666666667,14.63,0.14,"69 km WNW of Happy Valley, Alaska",1763869437370
-163.995,54.6765,5.94,1.6,"42 km WSW of False Pass, Alaska",1763868923480
-155.29217529296875,57.88280868530273,17.582189559936523,1.5192059019710562,"60 km NW of Karluk, Alaska",1763868748151
-154.1546173095703,58.63772964477539,87.76302337646484,2.2429068429699215,"96 km SSE of Kokhanok, Alaska",1763868368222
-122.1885,46.196,5.08,0.09,"37 km NNE of Amboy, Washington",1763868350630
128.5695,1.2749,10.0,5.4,"70 km NNE of Maba, Indonesia",1763867995726
-37.7653,65.7675,10.0,4.8,"18 km NNW of Tasiilaq, Greenland",1763867006405
-120.665166666667,36.4275,8.34,1.55,"1 km NNE of New Idria, CA",1763866826710
-152.268166666667,61.3346666666667,7.81,-0.1,"67 km WNW of Beluga, Alaska",1763865782860
-164.055166666667,54.7328333333333,5.39,1.47,"43 km WSW of False Pass, Alaska",1763865776840
-122.768333435059,38.7905006408691,1.72000002861023,0.93,"2 km NW of The Geysers, CA",1763865234330
-152.110333333333,61.3261666666667,3.32,-0.39,"58 km WNW of Beluga, Alaska",1763864773070
-155.393333333333,19.2655,31.92,1.62,"11 km NE of Pāhala, Hawaii",1763863690380
-122.786333333333,38.8258333333333,1.42,-0.23,"5 km W of Cobb, CA",1763863157940
-152.1250762939453,61.26191329956055,19.87778663635254,0.8959857530629917,"57 km WNW of Tyonek, Alaska",1763863135081
-154.87831115722656,58.32104873657227,15.83226490020752,0.9391231597212085,"87 km NNW of Karluk, Alaska",1763862482381
-122.855166666667,38.823,3.08,0.32,"10 km WNW of The Geysers, CA",1763862429770
-152.245833333333,61.3303333333333,2.02,-0.43,"65 km WNW of Beluga, Alaska",1763862222710
-150.69515991210938,62.82219314575195,77.95614624023438,1.7239828542089082,"36 km N of Petersville, Alaska",1763861944135
-154.878333333333,58.3116666666667,16.6,0.64,"86 km NNW of Karluk, Alaska",1763861670800
-102.431,31.906,3.2715,0.9,"8 km NW of Odessa, Texas",1763861230895
-163.974,54.7315,5.92,0.78,"38 km WSW of False Pass, Alaska",1763860897130
-152.831298828125,59.53425979614258,77.4861831665039,1.834173148987963,"55 km WNW of Nanwalek, Alaska",1763860661652
-102.411,31.898,6.1768,0.8,"7 km NW of Odessa, Texas",1763860278981
-122.851165771484,38.8308334350586,0.699999988079071,1.67,"10 km NW of The Geysers, CA",1763859835770
-122.784333333333,38.8255,1.85,0.22,"5 km W of Cobb, CA",1763859484960
-150.89825439453125,60.64929962158203,48.61362457275391,1.4805329295993006,"14 km NNW of Sterling, Alaska",1763859357776
-142.43453979492188,61.63147354125977,0.5486066937446594,1.6464224073544902,"34 km NE of McCarthy, Alaska",1763859083396
-122.7455,38.7888333333333,1.45,0.2,"2 km NE of The Geysers, CA",1763859080700
-152.201166666667,61.2926666666667,3.02,-0.42,"62 km WNW of Beluga, Alaska",1763859029590
-103.478,31.277,5.3308,1.7,"11 km SSE of Lindsay, Texas",1763858800255
-102.411,31.902,8.96,1.2,"7 km NNW of Odessa, Texas",1763858395819
-110.6775,44.6741666666667,6.36,-0.05,"33 km S of Mammoth, Wyoming",1763858216870
-102.177,32.105,5.9326,0.8,"15 km NW of Midland, Texas",1763857872306
-122.808502197266,38.8321647644043,2.20000004768372,1.01,"7 km W of Cobb, CA",1763857493430
-153.088166666667,59.9985,0.87,-1.06,"61 km ENE of Pedro Bay, Alaska",1763857393300
-154.98117065429688,58.28454208374023,5.0,0.8801225277085435,"85 km NNW of Karluk, Alaska",1763857291188
-116.440333333333,33.267,2.92,0.91,"6 km WNW of Borrego Springs, CA",1763857220190
-163.975,54.76,0.85,0.97,"37 km WSW of False Pass, Alaska",1763857218370
-149.24655151367188,62.45701599121094,52.62602615356445,1.546603291138914,"44 km E of Chase, Alaska",1763857169520
-110.675333333333,44.6583333333333,4.75,0.46,"34 km E of West Yellowstone, Montana",1763857095870
-147.4101104736328,64.97494506835938,0.0,1.6464764427632355,"10 km E of Fox, Alaska",1763856491224
-122.19733333333333,46.19016666666667,7.37,-0.22,"36 km NNE of Amboy, Washington",1763854718990
-163.972166666667,54.7556666666667,-0.56,1.08,"37 km WSW of False Pass, Alaska",1763854556260
-118.559166666667,37.4346666666667,10.93,1.21,"4 km ENE of Round Valley, CA",1763854550600
-101.909,32.105,8.7158,1.2,"11 km WSW of Stanton, Texas",1763854132889
-147.59814453125,60.9654312133789,22.54245376586914,1.5580556948248703,"51 km WNW of Tatitlek, Alaska",1763854019329
-154.771666666667,58.395,4.26,-0.05,"93 km NNW of Karluk, Alaska",1763853526220
-101.401,32.184,7.6904,1.9,"8 km NNW of Forsan, Texas",1763853422586
-116.431666666667,33.4623333333333,4.77,0.66,"24 km NNW of Borrego Springs, CA",1763853098540
-122.792333333333,38.8315,2.03,0.25,"6 km W of Cobb, CA",1763852628700
-101.05,32.147,6.665,1.4,"23 km S of Westbrook, Texas",1763852022422
-152.222333333333,61.1648333333333,5.26,-0.81,"59 km W of Tyonek, Alaska",1763851007120
-101.103,32.127,8.0811,1.4,"24 km E of Forsan, Texas",1763850204974
-117.195666666667,33.9358333333333,13.9,1.03,"3 km ENE of Moreno Valley, CA",1763849997800
-101.402,32.181,6.3965,1.1,"8 km NNW of Forsan, Texas",1763849732646
-122.779167175293,38.8025016784668,1.85000002384186,0.95,"3 km NW of The Geysers, CA",1763849635430
-150.28456115722656,62.04805755615234,49.21157073974609,1.7157947819134687,"25 km WSW of Susitna North, Alaska",1763849115595
-122.816497802734,38.8278350830078,1.73000001907349,1.06,"8 km NW of The Geysers, CA",1763848870780
-147.40211486816406,61.14445877075195,5.0,1.502029469431747,"50 km NW of Tatitlek, Alaska",1763848549017
-176.7761,-23.0608,185.972,4.8,"258 km SW of Houma, Tonga",1763848236183
-122.810668945312,38.8279991149902,1.52999997138977,0.31,"7 km NW of The Geysers, CA",1763847310920
-117.735833333333,35.3486666666667,5.75,0.96,"10 km WSW of Johannesburg, CA",1763846772140
-122.903,38.6981666666667,8.65,1.24,"10 km NNW of Healdsburg, CA",1763845909960
-124.187666666667,40.5491666666667,12.95,1.48,"6 km SSW of Fortuna, CA",1763845658580
-116.7545,33.6511666666667,12.32,0.8,"10 km SSW of Idyllwild, CA",1763845156960
-142.92724609375,60.40026092529297,5.0,1.6211662870230175,"115 km S of McCarthy, Alaska",1763844041420
-142.9325408935547,60.41306686401367,3.3936750888824463,1.9583854907103027,"113 km S of McCarthy, Alaska",1763843761989
-142.94956970214844,60.39777374267578,16.96124839782715,1.3239462541232567,"115 km S of McCarthy, Alaska",1763843703946
-124.5705,40.2858333333333,7.62,1.95,"25 km W of Petrolia, CA",1763843291330
-152.21730041503906,60.5464096069336,15.27613639831543,0.6182127080115666,"49 km W of Salamatof, Alaska",1763843198784
-110.682,44.6738333333333,6.92,1.11,"33 km E of West Yellowstone, Montana",1763842077130
-110.676833333333,44.6638333333333,4.95,1.18,"33 km E of West Yellowstone, Montana",1763841986080
-151.8204345703125,61.49961853027344,77.87156677246094,1.399794543724437,"56 km NW of Beluga, Alaska",1763841609257
-151.4945,61.64,5.19,0.63,"39 km S of Skwentna, Alaska",1763841089990
-112.904666666667,38.5051666666667,2.73,0.91,"15 km NE of Milford, Utah",1763840967060
-122.824668884277,38.8395004272461,1.94000005722046,1.04,"9 km WNW of Cobb, CA",1763840781680
-124.6015,40.2878333333333,16.68,1.84,"27 km W of Petrolia, CA",1763840752670
-116.944833333333,33.7366666666667,16.38,0.91,"3 km ESE of Hemet, CA",1763840358080
-122.53183333333334,45.97533333333333,16.74,0.48,"9 km NW of Amboy, Washington",1763840069380
-120.586833333333,36.024,0.65,0.52,"20 km NW of Parkfield, CA",1763839728430
-122.759833333333,38.8216666666667,2.05,0.24,"3 km W of Cobb, CA",1763839178180
-120.40316666666666,48.06033333333333,9.44,0.5700000000000001,"23 km NW of Granite Falls, Washington",1763839078560
-155.115666666667,58.233,4.29,-0.61,"83 km NNW of Karluk, Alaska",1763838868620
150.0519,-9.3937,9.288,4.8,"111 km NNW of Alotau, Papua New Guinea",1763838717322
-104.419,31.659,6.0999,1.5,"57 km S of Whites City, New Mexico",1763838039670
-148.0740966796875,61.66229629516602,14.764304161071777,1.7484090669806143,"25 km SE of Chickaloon, Alaska",1763838033948
-84.0634,8.8309,12.172,5.1,"60 km WSW of Puerto Cortés, Costa Rica",1763836880144
-166.549833333333,53.9511666666667,7.59,0.14,"6 km N of Dutch Harbor, Alaska",1763836337800
-149.5810089111328,62.34333801269531,53.55024337768555,1.809902101792617,"24 km NE of Susitna North, Alaska",1763835856968
-112.906833333333,38.5103333333333,2.54,0.31,"15 km NE of Milford, Utah",1763835782770
-104.416,31.659,4.7668,2.0,"57 km S of Whites City, New Mexico",1763834449742
-155.295,58.2043333333333,3.24,-0.61,"86 km NW of Karluk, Alaska",1763834020840
-122.766830444336,38.8046684265137,3.26999998092651,1.14,"3 km NNW of The Geysers, CA",1763833985960
-148.1818389892578,62.5057258605957,25.645612716674805,1.928158378971201,"80 km N of Chickaloon, Alaska",1763833305848
-143.0302734375,60.42171478271484,17.626495361328125,1.4049091984206397,"112 km S of McCarthy, Alaska",1763832039629
-154.961837768555,19.3050003051758,36.2599983215332,1.85,"18 km SSW of Leilani Estates, Hawaii",1763831996480
-155.948833333333,19.9655,9.26,2.7,"11 km W of Puako, Hawaii",1763831804090
-148.2962646484375,65.63572692871094,14.739041328430176,2.0035004230610722,"16 km NE of Livengood, Alaska",1763831403566
-151.33828735351562,61.20610046386719,77.05496978759766,2.0235030588915834,"15 km WNW of Beluga, Alaska",1763831245166
-121.9395,37.7576666666667,7.81,1.57,"4 km SE of San Ramon, CA",1763831206110
-140.64598083496094,60.07605743408203,11.17718505859375,1.7072123243679702,"78 km NW of Yakutat, Alaska",1763830952588
-117.460166666667,35.6593333333333,9.2,1.68,"13 km SSW of Searles Valley, CA",1763830800260
-146.54721069335938,61.1983642578125,10.279688835144043,1.4934063496223675,"13 km NW of Valdez, Alaska",1763830744430
-155.23,19.3586666666667,29.97,1.4,"9 km S of Volcano, Hawaii",1763830550780
-155.091166666667,58.238,25.71,-0.13,"83 km NNW of Karluk, Alaska",1763830473420
127.8092,-7.542,167.319,4.6,"140 km NE of Lospalos, Timor Leste",1763829059059
43.8538,35.075,10.0,4.6,"37 km ENE of Bayjī, Iraq",1763828951212
-122.797164916992,38.8228340148926,1.13999998569489,0.89,"6 km NW of The Geysers, CA",1763828680010
-121.4865,37.3181666666667,8.39,0.69,"26 km NE of Morgan Hill, CA",1763828331760
-117.722,40.5636,6.6672,2.6,"37 km ESE of Imlay, Nevada",1763828302253
-166.558166666667,53.9435,8.36,0.32,"6 km N of Dutch Harbor, Alaska",1763827391440
-155.360666666667,19.2738333333333,30.24,1.76,"14 km ENE of Pāhala, Hawaii",1763826119630
-135.718666666667,57.0643333333333,8.44,0.72,"23 km W of Sitka, Alaska",1763826058090
-112.472166666667,36.8963333333333,14.78,1.54,"7 km SE of Fredonia, Arizona",1763825981450
-151.2418975830078,61.19461822509766,61.73199081420898,4.857113952380471,"10 km NW of Beluga, Alaska",1763825936062
-155.521833333333,19.9771666666667,42.17,2.18,"12 km SSW of Honoka‘a, Hawaii",1763825844020
-150.3357391357422,61.37310028076172,42.165855407714844,2.1719417207404024,"19 km W of Point MacKenzie, Alaska",1763825819877
-148.08279418945312,61.57176971435547,6.95019006729126,1.1867049844081607,"32 km SE of Chickaloon, Alaska",1763824759581
-155.473831176758,19.2561664581299,29.8899993896484,1.91,"5 km N of Pāhala, Hawaii",1763824108680
-122.760498046875,38.7910003662109,1.02999997138977,1.0,"2 km NNW of The Geysers, CA",1763822696180
-101.618,32.096,8.9111,2.3,"16 km ESE of Stanton, Texas",1763822455358
-112.909666666667,38.5076666666667,2.4,0.42,"15 km NE of Milford, Utah",1763821928630
-152.7244415283203,59.87626647949219,98.49617004394531,2.0183080629283667,"51 km WNW of Anchor Point, Alaska",1763821790043
-119.56583333333333,48.61483333333334,6.26,1.77,"13 km NNW of Riverside, Washington",1763819289550
-154.4844970703125,57.38665390014648,49.2829475402832,3.0097876984987213,"20 km S of Karluk, Alaska",1763818999280
-102.021,32.129,8.374,1.1,"15 km NNE of Midland, Texas",1763818847121
-124.819,40.3348333333333,12.65,2.64,"45 km W of Petrolia, CA",1763818423310
144.5361,-4.5114,175.365,4.8,"72 km SE of Angoram, Papua New Guinea",1763818417250
-100.649,32.76,7.7393,1.3,"17 km NE of Hermleigh, Texas",1763818369557
-122.816665649414,38.8338317871094,1.54999995231628,0.75,"8 km NW of The Geysers, CA",1763817705840
-143.975666666667,62.0791666666667,4.61,0.68,"59 km WSW of Nabesna, Alaska",1763817680540
-122.817001342773,38.8338317871094,1.50999999046326,0.66,"8 km NW of The Geysers, CA",1763817614820
-100.653,32.762,7.0068,1.0,"17 km NE of Hermleigh, Texas",1763817279121
-152.91453552246094,59.68920135498047,83.73363494873047,1.9678788355819408,"61 km W of Anchor Point, Alaska",1763817222868
-120.421833333333,36.346,11.56,1.94,"20 km SSW of Cantua Creek, CA",1763817108810
-152.6680145263672,59.95301055908203,102.8902587890625,1.7838575647459753,"50 km WNW of Anchor Point, Alaska",1763816667549
130.1385,-6.8933,92.512,4.3,Banda Sea,1763816506460
-155.472333333333,19.2376666666667,31.47,1.98,"3 km N of Pāhala, Hawaii",1763816383970
-97.56883333,34.28066667,11.81,1.98,"9 km NW of Healdton, Oklahoma",1763816221459
-104.387,31.669,6.9202,1.6,"56 km S of Whites City, New Mexico",1763816062531
-154.98,58.2561666666667,1.49,-0.43,"82 km NNW of Karluk, Alaska",1763815815410
151.5574,-5.0015,143.636,4.6,"107 km SW of Kokopo, Papua New Guinea",1763815666861
-110.632166666667,44.2706666666667,8.04,1.34,"57 km SE of West Yellowstone, Montana",1763815039840
-101.279,32.22,7.2998,1.1,"8 km SSE of Coahoma, Texas",1763814734682
-100.653,32.762,6.4209,1.9,"17 km NE of Hermleigh, Texas",1763814533777
-66.9308333333333,17.9786666666667,13.44,2.29,"1 km WSW of Fuig, Puerto Rico",1763814385790
-145.33380126953125,62.0470962524414,11.290230751037598,1.9823288588499575,"3 km N of Silver Springs, Alaska",1763814295987
-104.447,31.641,7.6636,2.0,"59 km S of Whites City, New Mexico",1763813962735
-123.328166666667,39.009,3.85,1.09,"3 km E of Boonville, CA",1763813889240
-110.635333333333,44.2803333333333,6.36,0.7,"56 km SE of West Yellowstone, Montana",1763813721680
-100.653,32.76,6.6162,0.8,"17 km NE of Hermleigh, Texas",1763813624370
-117.249833333333,34.0433333333333,15.99,1.09,"1 km ESE of Loma Linda, CA",1763813525440
90.6053,23.9327,10.0,4.3,"11 km W of Narsingdi, Bangladesh",1763813165145
-104.003,31.613,7.7277,1.5,"38 km NNW of Toyah, Texas",1763813022508
125.6532,5.6109,112.939,4.4,"21 km SE of Kalbay, Philippines",1763812632098
-154.767166666667,58.4095,7.02,-0.39,"95 km NNW of Karluk, Alaska",1763812363470
-110.628166666667,44.2713333333333,8.44,0.95,"57 km SE of West Yellowstone, Montana",1763812301910
-152.2225799560547,61.46260833740234,120.81149291992188,1.66887862574577,"70 km WNW of Beluga, Alaska",1763812024021
-110.624333333333,44.2683333333333,9.57,1.12,"58 km SE of West Yellowstone, Montana",1763811771870
-110.625166666667,44.2758333333333,9.56,0.72,"57 km SE of West Yellowstone, Montana",1763811688680
126.54,4.7703,61.198,4.7,"138 km ESE of Sarangani, Philippines",1763809210368
-148.54583740234375,63.27164840698242,60.36616897583008,1.7891518745253012,"24 km ESE of Cantwell, Alaska",1763809067560
-118.1811,37.2271,3.9174,1.71,"11 km NE of Big Pine, California",1763808702479
-104.428,31.655,6.0999,1.8,"57 km S of Whites City, New Mexico",1763808655657
-122.814666748047,38.8346672058105,1.67999994754791,0.64,"8 km W of Cobb, CA",1763808505190
-85.2184,11.0187,221.975,4.5,"11 km NW of San José, Costa Rica",1763807341558
-122.71900177002,38.77783203125,1.38999998569489,1.42,"2 km W of Anderson Springs, CA",1763806965100
-101.165,32.268,7.8857,0.9,"13 km ESE of Coahoma, Texas",1763806649673
-122.690833333333,38.96,2.26,1.48,"6 km W of Clearlake, CA",1763805392120
-152.53390502929688,60.04667282104492,81.85604095458984,1.3586556363418463,"46 km WNW of Happy Valley, Alaska",1763804635667
-153.043166666667,60.0523333333333,1.21,-0.67,"66 km ENE of Pedro Bay, Alaska",1763804235390
-122.851333618164,38.8214988708496,2.5,0.72,"10 km WNW of The Geysers, CA",1763803949240
-141.37460327148438,60.24083709716797,5.0,1.7455382807886142,"120 km NW of Yakutat, Alaska",1763803472211
-155.45474243164062,57.7201919555664,78.89869689941406,1.5039917926576283,"62 km WNW of Karluk, Alaska",1763803420541
-153.00375366210938,60.0147590637207,0.6837549209594727,0.6086694691983906,"66 km ENE of Pedro Bay, Alaska",1763803031768
-110.8465,44.7968333333333,4.54,0.31,"23 km SSW of Mammoth, Wyoming",1763802964320
-112.053666666667,40.7315,7.04,0.14,"4 km ENE of Magna, Utah",1763802410870
141.9903,31.6437,10.0,4.9,"Izu Islands, Japan region",1763802388753
-122.801166666667,38.8115,0.51,0.24,"5 km NW of The Geysers, CA",1763802314430
-150.80426025390625,60.20504760742188,50.42425537109375,2.037666024388819,"29 km ESE of Kasilof, Alaska",1763800992108
-66.8443333333333,17.9908333333333,17.13,2.44,"2 km W of Indios, Puerto Rico",1763800780830
-66.8416666666667,17.9908333333333,16.06,2.66,"2 km W of Indios, Puerto Rico",1763800697070
-122.789833068848,38.829833984375,5.09000015258789,0.67,"6 km W of Cobb, CA",1763800633120
-122.8,38.8355,2.0,0.64,"7 km WNW of Cobb, CA",1763800617370
-117.097333333333,33.972,12.2,1.05,"4 km WSW of Calimesa, CA",1763800505130
-101.928,32.279,6.665,0.7,"21 km NW of Stanton, Texas",1763800323330
-146.68310546875,61.29501342773438,13.972073554992676,2.1248402660062795,"25 km NW of Valdez, Alaska",1763799594965
-148.29635620117188,62.89963912963867,5.0,2.000147782503463,"64 km SSE of Cantwell, Alaska",1763799238802
-150.2661895751953,61.18628311157227,19.533781051635742,2.402245529837613,"19 km W of Anchorage, Alaska",1763798811312
-122.727996826172,38.763500213623,1.62000000476837,1.2,"3 km ESE of The Geysers, CA",1763798577850
-101.918,32.103,8.1787,0.9,"12 km WSW of Stanton, Texas",1763798361056
-66.5928333333333,17.9093333333333,16.88,2.3,"11 km SSE of Ponce, Puerto Rico",1763798239130
-122.813499450684,38.848331451416,1.78999996185303,0.77,"8 km WNW of Cobb, CA",1763797965410
-150.61459350585938,60.5771713256836,41.51774597167969,2.1279589018661973,"9 km ENE of Sterling, Alaska",1763797806966
-122.765998840332,38.8233337402344,1.89999997615814,1.52,"4 km W of Cobb, CA",1763797342150
-150.1663818359375,62.2138442993164,2.0572221279144287,1.7290819000759827,"11 km SSE of Trapper Creek, Alaska",1763797184412
-122.782669067383,38.8386650085449,1.91999995708466,0.82,"5 km WNW of Cobb, CA",1763797117090
-102.038,32.022,4.6143,0.9,"4 km NE of Midland, Texas",1763797070543
-122.679333333333,38.7988333333333,0.63,0.94,"3 km NNE of Anderson Springs, CA",1763797011940
-64.817,19.4591,57.0,3.77,"124 km N of Charlotte Amalie, U.S. Virgin Islands",1763796795330
-151.17088317871094,63.9297981262207,1.0697340965270996,2.1334266376756363,"51 km NNE of Denali National Park, Alaska",1763796461840
-150.24966430664062,61.79753494262695,24.3710880279541,1.8673525611379127,"12 km WNW of Willow, Alaska",1763795896589
-104.418,31.674,7.6636,2.4,"55 km S of Whites City, New Mexico",1763795875032
-122.806999206543,38.8131675720215,2.66000008583069,1.68,"6 km NW of The Geysers, CA",1763795456430
-77.3303,41.8512,9.326,1.8,"11 km NNW of Wellsboro, Pennsylvania",1763794653185
-65.8235,18.1243333333333,13.02,2.34,"2 km S of Humacao, Puerto Rico",1763794391930
-177.9795,51.8741666666667,3.36,0.39,"92 km W of Adak, Alaska",1763794369290
-145.2328338623047,65.6282730102539,5.0,1.9120720145794095,"20 km WNW of Central, Alaska",1763794184028
-121.76616666666666,46.85166666666667,0.7,0.37,"22 km ENE of Ashford, Washington",1763793991500
-150.8234405517578,61.99755859375,68.66503143310547,1.9653444680508865,"30 km E of Skwentna, Alaska",1763793634777
-120.87466666666667,46.5705,9.16,0.9400000000000001,"3 km N of Tampico, Washington",1763793497740
-143.85057067871094,61.00603485107422,35.59346008300781,2.256643071406328,"64 km SSE of Chitina, Alaska",1763793479899
-157.71286010742188,57.00037002563477,5.0,2.355493807716885,"60 km SSW of Ugashik, Alaska",1763792888332
-116.114833333333,33.2565,10.97,0.83,"13 km N of Ocotillo Wells, CA",1763792851780
-179.8568,-23.3544,588.614,4.6,south of the Fiji Islands,1763792831604
169.7496,-12.7558,660.76,4.3,"268 km ENE of Sola, Vanuatu",1763792675403
-111.396166666667,39.002,-1.72,1.18,"15 km NW of Emery, Utah",1763792419300
-121.198833333333,36.5938333333333,8.66,1.58,"9 km NW of Pinnacles, CA",1763791938300
-151.14065551757812,63.14605712890625,5.0,1.5889553560446632,"52 km SSE of Denali National Park, Alaska",1763791759302
-122.849998474121,38.8289985656738,2.34999990463257,1.06,"10 km NW of The Geysers, CA",1763791121590
-152.19480895996094,59.48746871948242,80.5138931274414,1.5434136398874843,"21 km NW of Nanwalek, Alaska",1763790525881
-149.85794067382812,62.80155944824219,65.32513427734375,2.195836703793918,"41 km NNE of Chase, Alaska",1763789726651
-121.639,37.2673333333333,5.89,1.09,"15 km N of Morgan Hill, CA",1763789070770
-150.94378662109375,61.7620620727539,60.94650650024414,1.511107381468081,"33 km NW of Susitna, Alaska",1763789032988
-122.877670288086,38.8443336486816,2.42000007629395,0.96,"13 km ENE of Cloverdale, CA",1763788569690
-151.62770080566406,60.63835525512695,67.54690551757812,1.54238180894897,"17 km W of Salamatof, Alaska",1763788379643
-152.7243,60.0274,126.635,2.7,"56 km W of Happy Valley, Alaska",1763787813578
-153.65794372558594,58.47096633911133,67.01860809326172,2.093480838561557,"63 km NW of Aleneva, Alaska",1763787576613
-70.0559,47.5705,17.597,2.0,"11 km SE of La Malbaie, Canada",1763787550089
-98.38533333,36.4575,8.0,2.08,"7 km NE of Cleo Springs, Oklahoma",1763787467560
-122.789001464844,38.8269996643066,1.70000004768372,1.07,"6 km W of Cobb, CA",1763787430460
-104.334,31.681,2.1906,2.1,"55 km S of Whites City, New Mexico",1763787375880
-150.39015197753906,63.25546646118164,118.0140380859375,2.2612138936175987,"73 km WSW of Cantwell, Alaska",1763785590998
-124.508166666667,40.4618333333333,23.78,2.63,"24 km WSW of Ferndale, CA",1763785479720
-112.896166666667,38.5025,1.82,0.55,"15 km NE of Milford, Utah",1763785447740
-74.7265,40.6998,7.197,1.8,"5 km WSW of Gladstone, New Jersey",1763785359332
-101.923,32.274,8.1055,0.9,"20 km NW of Stanton, Texas",1763784847751
-149.47398376464844,62.57206726074219,0.7112910151481628,1.893287014702306,"35 km ENE of Chase, Alaska",1763784657938
-116.835,33.6928333333333,14.51,0.31,"8 km SE of Valle Vista, CA",1763784061090
-155.72828674316406,56.24556350708008,41.79209518432617,3.8760828962816247,"123 km SW of Akhiok, Alaska",1763783913662
-178.589833333333,51.621,13.84,1.75,"137 km WSW of Adak, Alaska",1763783890580
-154.29197692871094,57.86634063720703,55.8790397644043,2.2318838002488817,"34 km NNE of Karluk, Alaska",1763783602572
-154.931833333333,58.4398333333333,4.63,-0.22,"101 km NNW of Karluk, Alaska",1763783356600
-121.1455,36.5251666666667,2.78,0.67,"1 km SSW of Pinnacles, CA",1763783256390
-155.5068359375,19.4144992828369,9.60000038146973,1.87,"23 km N of Pāhala, Hawaii",1763783194110
-122.817169189453,38.8338317871094,1.95000004768372,0.76,"8 km NW of The Geysers, CA",1763782111360
-122.818496704102,38.8301658630371,1.96000003814697,1.08,"8 km NW of The Geysers, CA",1763781349370
-110.851333333333,44.7963333333333,4.86,0.38,"23 km SSW of Mammoth, Wyoming",1763781003380
-104.022,31.53,7.5867,1.5,"32 km NW of Toyah, Texas",1763780532118
-121.165666666667,36.5733333333333,3.11,1.88,"5 km NNW of Pinnacles, CA",1763780372740
-110.687,44.6738333333333,5.67,0.39,"33 km E of West Yellowstone, Montana",1763780340830
-145.43814086914062,62.06571960449219,20.489513397216797,1.9895985810433883,"0 km NNW of Tazlina, Alaska",1763780155510
-122.198,46.191,7.13,0.12,"36 km NNE of Amboy, Washington",1763778941860
-115.4425,32.498,17.83,2.41,"11 km SW of Puebla, B.C., MX",1763778737640
-147.7633514404297,61.00911712646484,21.821121215820312,1.8652772319139155,"56 km ENE of Whittier, Alaska",1763778679983
-122.803337097168,38.8216667175293,2.38000011444092,0.83,"6 km NW of The Geysers, CA",1763778569810
-122.761166666667,38.8265,2.75,0.41,"3 km W of Cobb, CA",1763778151670
-169.862833333333,52.8011666666667,-0.95,1.1,"69 km WSW of Nikolski, Alaska",1763777978800
-122.725833333333,38.7875,2.31,0.5,"3 km ENE of The Geysers, CA",1763776817870
-150.37376403808594,61.7757339477539,10.364827156066895,1.967459527656738,"18 km W of Willow, Alaska",1763776422429
-100.653,32.76,7.0557,2.5,"17 km NE of Hermleigh, Texas",1763776359243
-122.19066666666667,46.195,-1.78,-0.16,"37 km NNE of Amboy, Washington",1763775971280
-152.183,61.2516666666667,29.13,0.14,"59 km WNW of Tyonek, Alaska",1763775778610
-150.66249084472656,60.53535079956055,41.670711517333984,2.302091248662499,"5 km E of Sterling, Alaska",1763775488898
-153.084,60.0375,-1.35,-0.41,"63 km ENE of Pedro Bay, Alaska",1763775397870
-155.372833333333,19.1905,30.55,1.73,"11 km E of Pāhala, Hawaii",1763774614290
-121.9385,37.7536666666667,4.39,0.93,"5 km SE of San Ramon, CA",1763774483360
-150.67117309570312,63.63391876220703,4.442163944244385,3.0839928338686327,"53 km E of Denali National Park, Alaska",1763774174765
-122.796836853027,38.8320007324219,1.42999994754791,0.69,"6 km W of Cobb, CA",1763774111270
-90.3125,35.6858333333333,7.74,1.16,"8 km S of Caraway, Arkansas",1763773977770
-101.95,32.108,6.3232,1.4,"15 km W of Stanton, Texas",1763773957068
-121.3375,36.6803333333333,2.12,1.28,"12 km S of Tres Pinos, CA",1763773465100
-104.024,31.535,7.6379,1.9,"32 km NW of Toyah, Texas",1763773311541
-147.71505737304688,63.55399322509766,3.152811050415039,2.024215635141361,"62 km ESE of Denali Park, Alaska",1763773295575
-122.880996704102,38.8358345031738,2.59999990463257,0.81,"12 km ENE of Cloverdale, CA",1763773238550
-104.427,31.663,6.0486,1.5,"57 km S of Whites City, New Mexico",1763773137344
-101.163,32.477,5.3955,1.1,"19 km NW of Westbrook, Texas",1763772789149
-100.651,32.76,8.374,2.1,"17 km NE of Hermleigh, Texas",1763772202178
-100.652,32.763,7.2754,1.7,"17 km NE of Hermleigh, Texas",1763772177894
-152.688833333333,60.4973333333333,7.11,-1.12,"75 km NW of Ninilchik, Alaska",1763771955740
-100.651,32.76,7.9346,2.7,"17 km NE of Hermleigh, Texas",1763771426449
-149.62730407714844,62.33209991455078,42.08264923095703,2.771745056999374,"22 km NNE of Susitna North, Alaska",1763770578007
-147.37765502929688,64.97834014892578,0.0,1.4488685270757689,"11 km E of Fox, Alaska",1763770380989
-153.072166666667,59.9966666666667,1.15,-0.63,"62 km ENE of Pedro Bay, Alaska",1763769698410
125.4264,6.5729,214.07,4.8,"0 km NE of Bulacan, Philippines",1763769627693
-122.727333333333,38.7718333333333,1.22,0.3,"3 km ESE of The Geysers, CA",1763769556890
-122.4495,38.8348333333333,8.97,2.39,"10 km ENE of Hidden Valley Lake, CA",1763769486080
-151.1845703125,59.99526596069336,39.882266998291016,2.638628484648048,"19 km NW of Fox River, Alaska",1763769244451
-122.816,38.832,1.89,0.67,"8 km NW of The Geysers, CA",1763769074070
-151.2493133544922,62.41001510620117,76.0995864868164,2.1266985317524973,"26 km WSW of Petersville, Alaska",1763768926412
-141.3650665283203,61.56880187988281,8.515458106994629,2.0922517170963517,"84 km E of McCarthy, Alaska",1763768838246
-66.7353333333333,18.0083333333333,14.32,2.43,"2 km NW of Tallaboa, Puerto Rico",1763768697420
-121.76633333333334,46.8505,0.41,0.5,"22 km ENE of Ashford, Washington",1763768488110
-101.942,32.104,8.8379,1.8,"14 km W of Stanton, Texas",1763768152620
-110.840666666667,44.7955,4.76,0.95,"22 km SSW of Mammoth, Wyoming",1763767875060
-116.2925,33.0276666666667,7.03,1.1,"20 km SW of Ocotillo Wells, CA",1763767857980
-152.5296630859375,59.8612174987793,80.05709838867188,1.4569541096400953,"40 km WNW of Anchor Point, Alaska",1763767766555
-121.480666666667,37.3201666666667,7.41,0.81,"26 km NE of Morgan Hill, CA",1763767660710
-66.5701666666667,19.0793333333333,18.27,3.02,"68 km N of Tierras Nuevas Poniente, Puerto Rico",1763767656030
-121.484333333333,37.3191666666667,7.78,1.56,"26 km NE of Morgan Hill, CA",1763767301500
-152.16677856445312,59.75091934204102,61.9777717590332,1.9518977964980668,"19 km W of Anchor Point, Alaska",1763767204685
-104.166,31.616,2.2034,1.7,"48 km NW of Toyah, Texas",1763767047780
-103.394,31.51,2.9211,1.6,"5 km N of Barstow, Texas",1763766583751
-122.760833333333,38.7943333333333,1.99,0.24,"2 km NNW of The Geysers, CA",1763765524750
-147.26483154296875,63.28254699707031,2.610614061355591,1.9809320010070293,"85 km E of Cantwell, Alaska",1763765249161
-140.73101806640625,60.1524772644043,1.4516289234161377,2.5410324851922987,"87 km NW of Yakutat, Alaska",1763765121038
-117.163666666667,34.0418333333333,10.09,0.83,"2 km SE of Redlands, CA",1763764977070
158.6388,49.6155,10.0,5.7,"214 km SE of Severo-Kuril’sk, Russia",1763764689124
-161.325,52.6544,10.0,4.1,"275 km SSE of King Cove, Alaska",1763764405055
-122.846168518066,38.8206672668457,2.29999995231628,1.07,"9 km WNW of The Geysers, CA",1763764385660
-119.091666666667,37.5806666666667,4.48,1.0,"12 km WSW of Mammoth Lakes, CA",1763764332490
-119.6871,39.5227,12.0897,1.53,"5 km ESE of Sparks, Nevada",1763764239907
-120.473666666667,35.9268333333333,4.36,1.55,"5 km NW of Parkfield, CA",1763764090150
-121.76416666666667,46.8505,1.65,1.19,"22 km ENE of Ashford, Washington",1763763736470
-176.5258331298828,51.44248199462891,24.503320693969727,2.535781821892267,"48 km S of Adak, Alaska",1763763710235
-147.776123046875,62.04868698120117,30.54300880432129,2.0983481499181105,"27 km NNW of Glacier View, Alaska",1763763509234
-148.55801391601562,62.04480743408203,15.227862358093262,2.26520572441668,"28 km N of Chickaloon, Alaska",1763763328555
-122.806663513184,38.813835144043,2.34999990463257,0.78,"6 km NW of The Geysers, CA",1763763016960
-150.2228240966797,64.90048217773438,5.173766613006592,1.5923189291045605,"22 km ESE of Manley Hot Springs, Alaska",1763762920177
-101.811,32.14,8.7158,0.8,"2 km WNW of Stanton, Texas",1763762738458
-154.9885,58.3011666666667,3.54,0.95,"87 km NNW of Karluk, Alaska",1763762686310
-153.066666666667,60.0676666666667,0.76,-0.81,"65 km ENE of Pedro Bay, Alaska",1763762586420
-145.4446258544922,63.36093139648438,8.13625717163086,2.1400325093682877,"31 km NNE of Paxson, Alaska",1763762560139
-102.216,32.118,7.6416,0.9,"18 km NW of Midland, Texas",1763762518751
-121.945333333333,37.7631666666667,7.56,0.95,"3 km ESE of San Ramon, CA",1763762359290
-124.1825,40.2403333333333,10.82,1.56,"13 km SE of Petrolia, CA",1763761972190
-122.679666666667,38.799,0.67,1.65,"3 km NNE of Anderson Springs, CA",1763761939320
-97.57683333,34.2915,11.52,1.96,Oklahoma,1763761823050
-121.76733333333334,46.852333333333334,1.1,0.77,"22 km ENE of Ashford, Washington",1763761282740
-122.80549621582,38.8214988708496,2.60999989509583,0.95,"7 km NW of The Geysers, CA",1763760527580
-122.797332763672,38.8310012817383,1.69000005722046,1.29,"7 km W of Cobb, CA",1763760464890
-121.445833333333,35.9681666666667,5.13,1.44,"12 km ESE of Lopez Point, CA",1763759671750
-121.955666666667,37.9198333333333,-0.19,1.83,"3 km SW of Clayton, CA",1763759228880
-122.19116666666666,46.2025,1.19,-0.09,"38 km NNE of Amboy, Washington",1763759010590
-121.766,46.85066666666667,1.55,0.79,"22 km ENE of Ashford, Washington",1763758944770
-122.1845,46.20166666666667,0.35,-0.18,"38 km NNE of Amboy, Washington",1763758658560
-122.782501220703,38.7901649475098,4.6100001335144,0.74,"3 km WNW of The Geysers, CA",1763757449480
-149.7003173828125,60.96646118164062,31.67576217651367,2.0533088988808696,"6 km NNW of Hope, Alaska",1763757252962
-122.776832580566,38.795166015625,3.14000010490417,0.96,"3 km NW of The Geysers, CA",1763757034690
-121.76766666666667,46.853833333333334,1.32,0.35000000000000003,"22 km ENE of Ashford, Washington",1763756988800
-122.778999328613,38.7941665649414,3.17000007629395,1.08,"3 km NW of The Geysers, CA",1763756745290
-141.71603393554688,60.60889053344727,15.402222633361816,1.7551639452778887,"112 km SE of McCarthy, Alaska",1763756129059
-123.139166666667,39.451,6.0,1.89,"16 km WNW of Lake Pillsbury, CA",1763755225850
-96.6545,35.7975,7.09,2.35,"5 km N of Stroud, Oklahoma",1763755140190
-147.2365264892578,65.77079010009766,7.778319835662842,2.0229410032488735,"66 km S of Beaver, Alaska",1763754968047
-100.874,32.965,7.8857,1.8,"27 km N of Snyder, Texas",1763754889003
-84.1944,9.3031,39.92,4.5,"14 km SSW of Quepos, Costa Rica",1763754426659
-122.467333333333,37.5966666666667,9.74,1.79,"3 km SE of Pacifica, CA",1763754414780
-121.76616666666666,46.852,0.65,1.5,"22 km ENE of Ashford, Washington",1763754260120
-116.952,33.9718333333333,18.23,0.98,"5 km NNE of Beaumont, CA",1763753801410
-122.2105,46.9745,-0.4,1.06,"1 km SE of Kapowsin, Washington",1763753768970
-122.10433333333333,46.777,15.63,0.9500000000000001,"5 km WNW of Ashford, Washington",1763753442950
-120.393,39.205,-2.18,1.59,"21 km WNW of Sunnyside-Tahoe City, CA",1763752861200
-122.459,38.841,6.2,1.26,"9 km ENE of Hidden Valley Lake, CA",1763752514230
-122.818664550781,38.8344993591309,1.05999994277954,1.05,"8 km NW of The Geysers, CA",1763752345950
-152.974333333333,59.948,4.76,-0.59,"65 km ENE of Pedro Bay, Alaska",1763752274650
-121.76516666666667,46.8535,1.33,0.42,"22 km ENE of Ashford, Washington",1763751836100
-151.91310119628906,60.65770721435547,95.48165130615234,1.540757128447194,"32 km W of Salamatof, Alaska",1763751299284
-121.76433333333334,46.852333333333334,-0.07,1.99,"22 km ENE of Ashford, Washington",1763751250230
-148.56768798828125,63.0030632019043,71.51338195800781,2.0259768117540067,"47 km SSE of Cantwell, Alaska",1763751161816
-178.2032,51.1927,44.004,4.3,"132 km SW of Adak, Alaska",1763750979482
-96.39316667,34.29266667,0.0,1.5,"9 km SSE of Wapanucka, Oklahoma",1763749879120
-146.38340759277344,61.57186889648438,22.337162017822266,2.441751116870417,"49 km N of Valdez, Alaska",1763749471854
-116.8775,33.9306666666667,14.71,0.94,"1 km N of Banning, CA",1763748737530
-112.715666666667,41.8681666666667,5.73,1.24,"10 km S of Snowville, Utah",1763748715530
-150.80484008789062,63.45896911621094,11.600543022155762,2.0352469820199106,"46 km ESE of Denali National Park, Alaska",1763748182464
-112.054833333333,40.7276666666667,8.19,0.99,"4 km ENE of Magna, Utah",1763747770790
-122.744834899902,38.7866668701172,1.72000002861023,0.79,"1 km NE of The Geysers, CA",1763747620940
-116.441666666667,33.2811666666667,4.98,0.88,"7 km WNW of Borrego Springs, CA",1763747528860
124.9862,-6.9334,561.114,4.4,"187 km NNW of Likisá, Timor Leste",1763747018012
-101.401,32.182,6.7139,2.3,"8 km NNW of Forsan, Texas",1763747002861
-122.842498779297,38.8214988708496,2.09999990463257,1.29,"9 km WNW of The Geysers, CA",1763746841610
-96.6715,35.2165,8.21,1.37,"0 km S of Seminole, Oklahoma",1763746727939
157.9535,51.2207,73.942,4.9,"105 km ESE of Ozernovskiy, Russia",1763746670890
-97.6175,34.31616667,11.27,1.29,"6 km ESE of Loco, Oklahoma",1763746428549
-104.382,31.672,6.0999,2.0,"55 km S of Whites City, New Mexico",1763746163299
-150.53526306152344,62.79474639892578,78.42784118652344,1.9632406898934311,"35 km NNE of Petersville, Alaska",1763745927759
-97.57333333,34.282,14.54,1.76,"9 km NW of Healdton, Oklahoma",1763745920949
-121.220333333333,36.8138333333333,8.42,0.81,"9 km ENE of Tres Pinos, CA",1763745879040
-121.86183333333334,47.09316666666667,8.64,0.56,"14 km E of Wilkeson, Washington",1763745761810
-101.941,32.107,6.6162,0.9,"14 km W of Stanton, Texas",1763745011377
-149.7644805908203,61.10262680053711,36.52143859863281,2.108915566416981,"14 km SSE of Anchorage, Alaska",1763743763905
-147.1956787109375,61.32927703857422,12.906269073486328,2.0448280615736745,"50 km WNW of Valdez, Alaska",1763742324377
-66.8631666666667,18.0176666666667,13.67,2.17,"1 km ENE of Palomas, Puerto Rico",1763741226150
-152.05648803710938,59.98285293579102,79.15788269042969,1.9169399967881822,"18 km WNW of Happy Valley, Alaska",1763740998724
-95.09633333,35.60966667,0.0,1.59,"3 km SW of Paradise Hill, Oklahoma",1763740837310
-122.7155,38.7768333333333,2.26,0.78,"2 km W of Anderson Springs, CA",1763740584980
-122.813499450684,38.8330001831055,1.79999995231628,1.06,"8 km W of Cobb, CA",1763740336420
-122.739833333333,38.7771666666667,1.51,0.21,"1 km E of The Geysers, CA",1763739807440
-148.12326049804688,61.66535186767578,13.679147720336914,1.5585385588125547,"23 km SE of Chickaloon, Alaska",1763739310701
-121.932166666667,37.7616666666667,7.98,1.32,"5 km ESE of San Ramon, CA",1763738908620
-150.772216796875,61.33530044555664,56.54824829101562,1.8939881651928365,"27 km SSW of Susitna, Alaska",1763738578412
-122.789,38.8261666666667,2.07,0.52,"6 km W of Cobb, CA",1763738066690
-140.69578552246094,60.02916717529297,6.35770320892334,2.341024321801069,"76 km NW of Yakutat, Alaska",1763737794707
-167.3996124267578,53.44975280761719,17.27558135986328,2.109901823620159,"74 km SW of Unalaska, Alaska",1763737751047
-167.44427490234375,53.47835159301758,13.391773223876953,2.631425245347308,"74 km SW of Unalaska, Alaska",1763737556889
-151.3039093017578,62.94371032714844,106.51335144042969,2.0784732458848136,"56 km NNW of Petersville, Alaska",1763735828821
-122.815333333333,38.8301666666667,2.47,1.06,"8 km NW of The Geysers, CA",1763735290750
-122.803,38.831,1.97,-0.03,"7 km W of Cobb, CA",1763734837180
-122.789329528809,38.8231658935547,1.4099999666214,1.07,"6 km W of Cobb, CA",1763734730960
-122.809166666667,38.8245,3.52,0.31,"7 km NW of The Geysers, CA",1763734222060
-153.067833333333,60.0161666666667,1.88,-0.97,"63 km ENE of Pedro Bay, Alaska",1763734104400
-118.995833333333,37.4961666666667,4.07,0.81,"16 km S of Mammoth Lakes, CA",1763733600370
-117.678333333333,35.9493333333333,4.35,1.93,"21 km E of Little Lake, CA",1763733321150
-122.785163879395,38.8371658325195,1.62000000476837,0.81,"6 km WNW of Cobb, CA",1763733023150
-145.42747497558594,63.3470573425293,6.813380241394043,2.068554155610707,"30 km NNE of Paxson, Alaska",1763733017408
-122.724502563477,38.7610015869141,2.0699999332428,1.19,"3 km WSW of Anderson Springs, CA",1763732879740
-118.508,35.4888333333333,3.36,2.67,"11 km S of Bodfish, CA",1763732455350
-104.354,31.686,7.0227,1.6,"54 km S of Whites City, New Mexico",1763732198879
-166.61277770996094,53.61643981933594,73.39588165283203,3.6754698449365577,"29 km S of Unalaska, Alaska",1763731810338
-123.403833333333,38.9231666666667,-0.49,1.47,"10 km SSW of Boonville, CA",1763731608720
-122.765167236328,38.7873344421387,1.9099999666214,1.23,"1 km NW of The Geysers, CA",1763731399450
-122.752830505371,38.7939987182617,1.44000005722046,0.82,"2 km N of The Geysers, CA",1763731324150
-117.596833333333,34.0263333333333,4.27,1.03,"4 km SE of Ontario, CA",1763731167210
-102.076,32.411,8.96,1.0,"36 km WSW of Ackerly, Texas",1763730872975
-155.608,19.4218333333333,-1.26,1.85,"27 km E of Honaunau-Napoopoo, Hawaii",1763730858460
-122.464333333333,38.8516666666667,8.59,1.54,"9 km ENE of Hidden Valley Lake, CA",1763730404160
-117.4705,34.1595,6.75,1.01,"7 km N of Fontana, CA",1763730358870
-121.7635,47.61366666666667,14.38,1.3900000000000001,"10 km NNE of Snoqualmie, Washington",1763730170800
-116.4225,33.3323333333333,10.63,1.16,"10 km NNW of Borrego Springs, CA",1763729237370
-122.287666666667,38.0006666666667,6.32,1.32,"1 km ESE of Pinole, CA",1763728895470
179.9218,-24.236,519.151,5.6,south of the Fiji Islands,1763728679558
-117.0755,34.3035,1.22,1.04,"11 km NNE of Running Springs, CA",1763728523500
-121.261,36.7776666666667,9.02,1.0,"5 km ESE of Tres Pinos, CA",1763728453820
-101.737,31.877,7.0801,1.2,"24 km W of Garden City, Texas",1763727884009
143.5446,39.6282,10.0,5.5,"137 km E of Miyako, Japan",1763727723648
-120.785833333333,35.5535,4.46,1.0,"7 km W of Templeton, CA",1763727497560
-117.218833333333,33.9701666666667,12.42,0.75,"5 km N of Moreno Valley, CA",1763727487110
-111.512833333333,39.7703333333333,8.07,1.95,"17 km NNW of Fairview, Utah",1763727124390
-121.316,36.9026666666667,9.09,1.19,"10 km NE of Hollister, CA",1763726050950
-110.680666666667,44.6708333333333,6.03,1.0,"33 km E of West Yellowstone, Montana",1763725213510
-153.55694580078125,59.72756958007812,124.7388916015625,2.1028149481812237,"31 km ESE of Pedro Bay, Alaska",1763724896698
-155.373333333333,58.1716666666667,1.95,0.33,"86 km NW of Karluk, Alaska",1763724861390
-121.929,37.7588333333333,6.89,1.57,"5 km ESE of San Ramon, CA",1763724476870
-101.06,32.145,8.6182,1.6,"23 km S of Westbrook, Texas",1763724282185
-122.856002807617,38.8293342590332,2.34999990463257,0.95,"10 km NW of The Geysers, CA",1763724023820
-104.434,31.652,5.3308,1.6,"58 km S of Whites City, New Mexico",1763723928604
-122.853332519531,38.8269996643066,2.38000011444092,1.85,"10 km WNW of The Geysers, CA",1763723876900
151.2695,-5.0653,137.768,4.5,"136 km ENE of Kimbe, Papua New Guinea",1763723750025
-122.808334350586,38.8173332214355,3.63000011444092,0.4,"6 km NW of The Geysers, CA",1763723178400
-120.792666666667,35.5556666666667,4.15,1.5,"8 km W of Templeton, CA",1763722906960
-151.4461212158203,62.52840805053711,85.4693832397461,2.481415946485761,"35 km W of Petersville, Alaska",1763722719658
-122.845333333333,38.8213333333333,2.11,0.26,"9 km WNW of The Geysers, CA",1763722291000
-155.48649597168,19.1743335723877,30.1299991607666,1.78,"3 km SSW of Pāhala, Hawaii",1763722233450
-80.136,32.9303333333333,5.18,1.93,"6 km SSW of Ladson, South Carolina",1763722161380
-122.855834960938,38.8278350830078,2.35999989509583,1.1,"10 km WNW of The Geysers, CA",1763721949060
-158.071833333333,56.9046666666667,10.07,1.07,"70 km NNE of Chignik, Alaska",1763721894620
-157.976833333333,56.952,11.79,1.38,"71 km SSW of Ugashik, Alaska",1763721742840
-164.164666666667,54.7741666666667,8.59,1.77,"49 km W of False Pass, Alaska",1763721090640
-117.646,34.1668333333333,10.9,1.0,"8 km N of Upland, CA",1763720946420
-101.125,32.544,2.9541,1.0,"23 km NNW of Westbrook, Texas",1763720931899
168.4441,-21.1948,10.0,4.9,"70 km NE of Tadine, New Caledonia",1763720690057
-103.674,30.974,1.6138,1.7,"6 km E of Balmorhea, Texas",1763720487963
-122.8145,38.828,1.19,0.82,"8 km NW of The Geysers, CA",1763720406350
-116.022,33.0503333333333,10.1,0.7,"15 km SE of Ocotillo Wells, CA",1763720354620
-122.831,47.789833333333334,20.77,1.25,"4 km SE of Quilcene, Washington",1763719782470
-69.6516,-17.6269,176.785,4.3,"36 km ENE of Palca, Peru",1763719742431
-101.401,32.18,8.8623,1.9,"8 km NNW of Forsan, Texas",1763719457503
-122.809501647949,38.8326683044434,1.99000000953674,0.25,"8 km W of Cobb, CA",1763719134970
-122.241,46.36116666666667,14.28,0.14,"22 km S of Morton, Washington",1763719075880
-122.80899810791,38.8325004577637,1.98000001907349,1.48,"8 km W of Cobb, CA",1763718687180
-175.42588806152344,50.11545562744141,5.848132133483887,3.5726259432685743,"213 km SSE of Adak, Alaska",1763718268623
-155.3505,19.2555,30.08,2.2,"14 km ENE of Pāhala, Hawaii",1763717949690
-122.81266784668,38.8206672668457,2.88000011444092,1.09,"7 km NW of The Geysers, CA",1763717799330
-101.403,32.184,6.5674,2.5,"8 km NNW of Forsan, Texas",1763717080472
-141.3553924560547,60.26699829101562,0.0,1.8859016085571418,"121 km NW of Yakutat, Alaska",1763717076726
-101.401,32.182,8.1299,1.9,"8 km NNW of Forsan, Texas",1763716836949
-104.346,31.679,7.2791,1.6,"55 km S of Whites City, New Mexico",1763716805803
-120.786333333333,35.554,4.36,2.77,"7 km W of Templeton, CA",1763716706180
-101.401,32.184,6.1279,1.5,"8 km NNW of Forsan, Texas",1763716514195
-119.5663,41.9024,4.5738,2.28,"48 km E of Fort Bidwell, California",1763715894145
-115.8775,33.5606666666667,8.72,1.06,"7 km NE of North Shore, CA",1763715616340
-91.6265,35.4475,1.52,2.03,"11 km S of Pleasant Plains, Arkansas",1763715475930
-166.534333333333,53.957,9.67,1.76,"7 km N of Dutch Harbor, Alaska",1763715326340
-110.668333333333,44.6778333333333,7.76,-0.07,"33 km S of Mammoth, Wyoming",1763714830980
-117.220833333333,33.9678333333333,11.71,1.08,"5 km N of Moreno Valley, CA",1763714426220
-89.5723333333333,36.5268333333333,7.75,2.0,"3 km ENE of Marston, Missouri",1763713231220
-122.093666666667,37.8698333333333,13.03,0.72,"3 km SE of Lafayette, CA",1763713002880
-122.796666666667,38.8245,3.14,0.39,"6 km NNW of The Geysers, CA",1763712590060
-116.608833333333,33.4356666666667,11.48,0.12,"15 km SSE of Anza, CA",1763712534380
-89.4793333333333,36.7555,12.32,1.43,"8 km WSW of East Prairie, Missouri",1763712497660
-164.0175,54.7453333333333,9.43,1.3,"40 km WSW of False Pass, Alaska",1763712270580
-122.805168151855,38.8178329467773,3.02999997138977,1.53,"6 km NW of The Geysers, CA",1763712215840
-166.5325,53.9535,6.6,0.28,"7 km N of Dutch Harbor, Alaska",1763712138340
-122.824996948242,38.8408317565918,1.51999998092651,0.76,"9 km WNW of Cobb, CA",1763711705550
-151.16748046875,60.8343391418457,62.02230453491211,2.1493964298759414,"17 km NNE of Nikiski, Alaska",1763711412598
-150.66075134277344,63.02949523925781,105.1331787109375,2.3958432555283666,"59 km N of Petersville, Alaska",1763710904525
-112.338,36.8861666666667,19.51,1.21,"18 km ESE of Fredonia, Arizona",1763710615720
-122.815498352051,38.833667755127,1.89999997615814,0.69,"8 km NW of The Geysers, CA",1763710561380
-153.076333333333,60.0303333333333,-2.21,-0.05,"63 km ENE of Pedro Bay, Alaska",1763710498960
-121.097666666667,35.7133333333333,10.59,1.14,"11 km NE of San Simeon, CA",1763709691360
-122.777336120605,38.7901649475098,1.05999994277954,2.16,"2 km NW of The Geysers, CA",1763709664380
-146.33236694335938,61.00529861450195,11.841960906982422,2.0981055590575464,"14 km S of Valdez, Alaska",1763709386896
-155.480666666667,19.1761666666667,32.29,1.5,"2 km S of Pāhala, Hawaii",1763709350710
-155.461166381836,19.1123332977295,40.3199996948242,1.7,"10 km S of Pāhala, Hawaii",1763709214670
57.0394,10.5698,10.0,4.7,Carlsberg Ridge,1763709158146
-111.508166666667,39.77,5.39,1.15,"16 km NNW of Fairview, Utah",1763708602700
-118.665,35.442,7.03,1.33,"23 km SW of Bodfish, CA",1763708593160
172.216,-44.0688,10.0,3.6,"34 km SSW of Leeston, New Zealand",1763707849753
-102.072,32.414,8.5205,0.6,"35 km WSW of Ackerly, Texas",1763707584860
-122.779998779297,38.8021659851074,3.15000009536743,1.08,"3 km NW of The Geysers, CA",1763707519070
-110.6795,44.6663333333333,6.69,1.38,"33 km E of West Yellowstone, Montana",1763707459030
-110.6775,44.6718333333333,7.18,1.23,"33 km E of West Yellowstone, Montana",1763707445830
-111.508833333333,39.7745,2.01,1.17,"17 km NNW of Fairview, Utah",1763707386270
-102.075,32.415,8.8379,1.0,"35 km WSW of Ackerly, Texas",1763707299220
-163.982333333333,54.7501666666667,-2.27,1.23,"38 km WSW of False Pass, Alaska",1763706788390
-122.814833333333,38.8341666666667,1.65,0.04,"8 km W of Cobb, CA",1763706129130
-68.025,17.9931666666667,33.63,3.23,"75 km SE of Boca de Yuma, Dominican Republic",1763705977630
-149.763427734375,62.72124099731445,66.38525390625,2.182833930170672,"34 km NNE of Chase, Alaska",1763705601382
-110.679,44.6658333333333,5.35,0.17,"33 km E of West Yellowstone, Montana",1763705421650
-110.683166666667,44.671,7.46,1.4,"33 km E of West Yellowstone, Montana",1763705346530
-120.7855,35.5561666666667,4.22,1.7,"7 km W of Templeton, CA",1763705270940
-97.576,34.31316667,5.91,1.66,"9 km E of Loco, Oklahoma",1763704601000
-122.896666666667,38.907,3.94,1.03,"9 km SSW of Kelseyville, CA",1763704575350
-116.0805,33.7971666666667,2.15,1.15,"15 km NE of Indio, CA",1763704551680
-122.853332519531,38.8256683349609,2.11999988555908,0.6,"10 km WNW of The Geysers, CA",1763704393310
-117.789666666667,35.3546666666667,5.73,1.65,"14 km W of Johannesburg, CA",1763704392760
-122.856666564941,38.826831817627,1.92999994754791,1.17,"10 km WNW of The Geysers, CA",1763704385040
-153.440333333333,59.363,-0.16,-0.36,"60 km SE of Pedro Bay, Alaska",1763704250800
-142.94410705566406,60.42652893066406,4.310666084289551,1.7366594830969413,"112 km S of McCarthy, Alaska",1763703868237
-116.081666666667,33.7975,1.36,0.91,"15 km NE of Indio, CA",1763703852740
-110.678,44.6635,5.46,0.17,"33 km E of West Yellowstone, Montana",1763703307530
-122.855,38.8255,2.28,0.27,"10 km WNW of The Geysers, CA",1763703152860
-122.814002990723,38.8310012817383,2.20000004768372,0.93,"8 km NW of The Geysers, CA",1763703141670
-122.723831176758,38.7623329162598,1.87000000476837,1.08,"3 km WSW of Anderson Springs, CA",1763702882890
-117.7905,35.3523333333333,5.82,1.04,"14 km W of Johannesburg, CA",1763702583950
-110.675166666667,44.6615,5.01,1.26,"34 km E of West Yellowstone, Montana",1763702566300
-118.826,37.5436666666667,4.03,0.81,"13 km W of Toms Place, CA",1763702519350
-97.5875,34.28383333,9.1,2.61,"9 km ESE of Loco, Oklahoma",1763702434630
-155.441497802734,19.7818336486816,35.25,1.74,"29 km SSW of Pa‘auilo, Hawaii",1763702234390
-117.796833333333,35.3613333333333,2.24,0.9,"15 km W of Johannesburg, CA",1763702103470
-149.65103149414062,62.54603576660156,8.101481437683105,2.0029470472093744,"25 km ENE of Chase, Alaska",1763701556117
-111.304833333333,39.3933333333333,15.76,0.92,"19 km ESE of Spring City, Utah",1763701516890
-123.3365,41.038,37.96,2.61,"27 km ENE of Willow Creek, CA",1763701380820
-122.817169189453,38.8358345031738,4.92999982833862,0.44,"8 km W of Cobb, CA",1763701233800
-120.525666666667,35.9631666666667,9.41,0.44,"11 km NW of Parkfield, CA",1763701216220
-117.545166666667,35.6818333333333,4.45,0.52,"14 km ENE of Ridgecrest, CA",1763701125590
-122.843170166016,38.8171653747559,0.709999978542328,0.79,"9 km WNW of The Geysers, CA",1763700790910
-165.3409,53.3163,15.31,2.1,"95 km SSE of Akutan, Alaska",1763700656190
-126.1636,40.3974,10.0,2.9,"162 km W of Ferndale, California",1763700176159
-122.818496704102,38.8305015563965,2.00999999046326,0.89,"8 km NW of The Geysers, CA",1763700036490
90.5723,23.8564,27.0,5.4,"16 km WSW of Narsingdi, Bangladesh",1763699908880
-155.155333333333,58.2448333333333,3.61,0.54,"85 km NNW of Karluk, Alaska",1763699605810
-121.936666666667,37.7648333333333,7.08,0.63,"4 km ESE of San Ramon, CA",1763699425310
-122.770500183105,38.7895011901855,2.0,0.73,"2 km NW of The Geysers, CA",1763699096190
-122.853164672852,38.8261680603027,1.95000004768372,0.67,"10 km WNW of The Geysers, CA",1763699019910
149.1587,44.4282,35.0,4.4,"134 km SE of Kuril’sk, Russia",1763698899539
-117.620833333333,36.081,1.79,1.48,"30 km E of Coso Junction, CA",1763698795530
-64.2985,18.9155,10.38,3.24,"83 km NE of Cruz Bay, U.S. Virgin Islands",1763698622790
-152.763833333333,60.293,14.83,0.17,"66 km WNW of Ninilchik, Alaska",1763698477840
-122.796997070312,38.8343315124512,2.17000007629395,1.96,"7 km WNW of Cobb, CA",1763698013410
-122.756332397461,38.8106651306152,4.86999988555908,0.84,"3 km WSW of Cobb, CA",1763697978100
-151.74827575683594,56.20597839355469,17.018924713134766,3.2944557850016256,"146 km SE of Old Harbor, Alaska",1763697817466
-156.112166666667,19.5375,39.12,2.3,"16 km WSW of Kahaluu-Keauhou, Hawaii",1763696916650
-97.576,34.28483333,9.63,1.42,"9 km NW of Healdton, Oklahoma",1763696556700
-121.76066666666667,45.3115,7.56,0.16,"0 km NNW of Government Camp, Oregon",1763696252530
-66.8056,-32.5658,162.116,4.4,"35 km WNW of Villa General Roca, Argentina",1763696023707
-120.479166666667,35.9291666666667,3.97,0.66,"5 km NW of Parkfield, CA",1763695917020
-153.7292022705078,57.82850646972656,47.4744758605957,2.690335205084849,"35 km NNE of Larsen Bay, Alaska",1763695819356
-155.063833333333,19.353,-0.55,1.86,"14 km SSE of Fern Forest, Hawaii",1763695813330
-122.18783333333333,46.19383333333333,6.03,0.0,"37 km NNE of Amboy, Washington",1763695491880
-102.051,31.936,8.5205,0.8,"7 km SSE of Midland, Texas",1763695479721
146.5987,44.1537,102.72,4.4,"40 km NNW of Shikotan, Russia",1763695032358
-116.529166666667,33.502,8.51,0.26,"15 km ESE of Anza, CA",1763694942210
-121.928666666667,37.7565,6.35,0.58,"5 km ESE of San Ramon, CA",1763694695680
-155.076333333333,19.3455,5.89,2.34,"14 km SSE of Fern Forest, Hawaii",1763694604360
69.7281,36.2597,158.58,4.1,"36 km SSW of Farkhār, Afghanistan",1763694525664
-121.9305,37.758,6.72,1.57,"5 km ESE of San Ramon, CA",1763694388610
-122.837829589844,38.8385009765625,1.0,0.67,"10 km NW of The Geysers, CA",1763694311310
-122.855499267578,38.824333190918,2.30999994277954,1.29,"10 km WNW of The Geysers, CA",1763693823030
-143.40478515625,60.30194473266602,3.796804428100586,2.974592988134477,"128 km SSW of McCarthy, Alaska",1763693784531
-151.63980102539062,59.78344345092773,52.02825927734375,2.1384807367193512,"3 km SSW of Nikolaevsk, Alaska",1763693757379
-71.5198,-30.7382,47.008,4.5,"34 km WSW of Ovalle, Chile",1763692769737
-155.371333333333,58.1753333333333,2.49,-0.01,"86 km NW of Karluk, Alaska",1763692630560
-151.90054321289062,61.76055526733398,106.02330017089844,2.2593473147046463,"36 km SW of Skwentna, Alaska",1763692244280
-120.527,35.9628333333333,10.11,1.82,"11 km NW of Parkfield, CA",1763692043520
-103.812,31.92,7.8046,1.1,"31 km NW of Mentone, Texas",1763691748998
-155.149,58.2411666666667,2.74,-0.2,"85 km NNW of Karluk, Alaska",1763691431560
-66.5711666666667,17.9686666666667,14.69,2.15,"6 km SW of Capitanejo, Puerto Rico",1763691218490
-120.31216666666667,47.64116666666666,2.58,0.5700000000000001,"8 km WSW of Entiat, Washington",1763690408140
-97.60966667,34.31583333,4.8,1.1,"6 km ESE of Loco, Oklahoma",1763690259270
-97.5745,34.28233333,11.84,1.87,"9 km NW of Healdton, Oklahoma",1763690168589
-122.78150177002,38.8376655578613,2.16000008583069,1.09,"5 km WNW of Cobb, CA",1763689585850
-155.666833333333,19.8621666666667,30.04,3.24,"15 km ESE of Waikoloa, Hawaii",1763689425770
-155.496673583984,19.158166885376,32.310001373291,1.93,"5 km SSW of Pāhala, Hawaii",1763689352590
-166.5395,53.9591666666667,9.4,0.75,"7 km N of Dutch Harbor, Alaska",1763688955020
-122.463,37.5965,9.17,1.27,"3 km SE of Pacifica, CA",1763688874370
-122.786331176758,38.7956657409668,3.97000002861023,0.76,"3 km NW of The Geysers, CA",1763688801460
-151.10328674316406,61.46183776855469,63.37336730957031,2.1058427642998945,"32 km WSW of Susitna, Alaska",1763688530069
-104.044,31.555,7.5995,1.8,"35 km NW of Toyah, Texas",1763688406253
-122.810668945312,38.8230018615723,2.72000002861023,0.26,"7 km NW of The Geysers, CA",1763688144260
-151.3209228515625,63.26194381713867,4.581011772155762,1.765337933025184,"37 km SSE of Denali National Park, Alaska",1763687709223
-112.902,38.5071666666667,1.89,0.04,"15 km NE of Milford, Utah",1763687216340
-122.400166666667,38.6626666666667,9.94,0.91,"11 km NNE of Angwin, CA",1763686634730
-116.564666666667,33.4548333333333,12.56,0.39,"15 km SE of Anza, CA",1763686600120
-116.292166666667,33.03,7.0,1.08,"20 km SW of Ocotillo Wells, CA",1763685816050
-66.7251,-24.0367,198.88,4.6,"45 km WNW of San Antonio de los Cobres, Argentina",1763685758433
-146.43490600585938,61.59820556640625,21.615734100341797,1.94780493123406,"47 km SSE of Nelchina, Alaska",1763685610828
-101.086,32.345,8.7646,1.1,"6 km W of Westbrook, Texas",1763685466538
-165.28076171875,53.04771423339844,3.563693046569824,2.6465635335592683,"124 km SE of Unalaska, Alaska",1763685326534
-121.936833333333,37.7641666666667,7.34,1.25,"4 km ESE of San Ramon, CA",1763684822870
-178.24864196777344,51.26655960083008,23.738019943237305,2.8614758716787287,"130 km WSW of Adak, Alaska",1763684721399
-154.30909729003906,57.39984512329102,11.295659065246582,2.436610307773509,"20 km SSE of Karluk, Alaska",1763684599988
-122.698669433594,38.7639999389648,2.25999999046326,1.5,"1 km SSW of Anderson Springs, CA",1763684577620
-155.222,19.3026666666667,28.63,1.21,"15 km S of Volcano, Hawaii",1763684557090
-122.819666666667,38.8318333333333,1.9,0.32,"8 km NW of The Geysers, CA",1763684398310
-116.888166666667,33.8505,17.46,1.22,"8 km S of Banning, CA",1763683927770
-110.845166666667,44.798,5.02,0.48,"22 km SSW of Mammoth, Wyoming",1763683547580
-119.505,48.79683333333333,16.05,3.31,"9 km ESE of Loomis, Washington",1763683525830
-117.7935,35.353,7.0,2.77,"15 km W of Johannesburg, CA",1763683407810
-116.818666666667,33.4221666666667,10.77,0.6,"5 km ESE of Aguanga, CA",1763683313070
-120.793833333333,35.5591666666667,4.21,2.75,"8 km W of Templeton, CA",1763682897990
-84.0664,8.8646,14.423,4.4,"60 km W of Puerto Cortés, Costa Rica",1763682501887
-169.59532165527344,52.37290573120117,37.839073181152344,3.732450447530641,"80 km SW of Nikolski, Alaska",1763682396982
-163.89027404785156,54.64732360839844,108.48714447021484,2.5152703645087957,"38 km SW of False Pass, Alaska",1763681986245
-149.65077209472656,61.47909927368164,53.01194763183594,2.827683699249704,"4 km SW of Knik-Fairview, Alaska",1763681844245
-122.772003173828,38.7854995727539,2.50999999046326,0.72,"2 km NW of The Geysers, CA",1763681769170
124.8355,25.6353,120.25,5.1,"103 km NNW of Hirara, Japan",1763681767248
-177.894,-17.9456,621.063,4.3,"295 km E of Levuka, Fiji",1763681501809
-140.9788818359375,60.30002212524414,8.070345878601074,1.7665046321352373,"109 km NW of Yakutat, Alaska",1763681421832
-162.25572204589844,55.45122528076172,160.78466796875,2.008795432476665,"41 km NE of Cold Bay, Alaska",1763681191083
-118.679833333333,35.1746666666667,9.67,0.15,"14 km ESE of Arvin, CA",1763680388090
-122.807502746582,38.8248329162598,2.51999998092651,1.31,"7 km NW of The Geysers, CA",1763679716730
-115.5602,35.4225,7.0615,1.5,"44 km S of Sandy Valley, Nevada",1763679687579
-149.45677185058594,61.77814483642578,10.178264617919922,2.1275751827094327,"12 km WNW of Fishhook, Alaska",1763679462626
-155.0821533203125,58.70207595825195,135.9177703857422,2.2358968364896823,"83 km SSE of Igiugig, Alaska",1763679318018
-155.01063537597656,57.9517822265625,84.99456024169922,1.5269676949301803,"53 km NW of Karluk, Alaska",1763679246535
-101.075,32.339,6.9092,2.8,"6 km WSW of Westbrook, Texas",1763679231317
-122.711669921875,38.7588348388672,1.32000005245209,1.33,"2 km SW of Anderson Springs, CA",1763679144930
-150.32594299316406,62.69897079467773,16.342113494873047,1.9034437032235967,"30 km NNW of Chase, Alaska",1763678964654
-122.44266666666667,45.86866666666667,-0.65,1.46,"2 km W of Yacolt, Washington",1763678755020
-151.42332458496094,63.07456970214844,0.0,2.0229644530658906,"54 km SSE of Denali National Park, Alaska",1763678580163
-150.83413696289062,63.01138305664062,108.43238067626953,2.2756245196239266,"57 km N of Petersville, Alaska",1763678353739
-151.48182678222656,64.91394805908203,8.379968643188477,1.644984646802173,"40 km SE of Tanana, Alaska",1763677901081
-120.794666666667,35.559,3.98,2.22,"8 km W of Templeton, CA",1763677643960
-102.01,32.473,5.8838,0.8,"28 km WSW of Ackerly, Texas",1763677461245
-122.843,38.823,2.29,0.26,"9 km NW of The Geysers, CA",1763677236830
-114.998,33.0568333333333,-0.2,1.41,"45 km NE of Holtville, CA",1763676842930
-118.739,33.9436666666667,15.56,0.72,"9 km SE of Malibu, CA",1763676432920
-140.70082092285156,59.94538497924805,13.33126163482666,1.8897728645206253,"70 km NW of Yakutat, Alaska",1763675404375
-121.126333333333,36.553,0.73,0.96,"3 km NNE of Pinnacles, CA",1763675307700
-116.232833333333,33.2633333333333,10.43,0.92,"13 km E of Borrego Springs, CA",1763675130140
-122.841835021973,38.8226661682129,1.49000000953674,0.54,"9 km NW of The Geysers, CA",1763675104180
71.2594,36.2315,110.698,4.9,"55 km SSW of Ashkāsham, Afghanistan",1763674753355
-122.525,38.9896666666667,0.35,1.89,"9 km ENE of Clearlake, CA",1763674044280
-122.780833333333,38.8363333333333,1.71,0.02,"5 km WNW of Cobb, CA",1763673671470
-122.381,46.36116666666667,-1.02,1.3,"20 km SSE of Mossyrock, Washington",1763673356000
95.6013,2.8494,31.622,4.7,"95 km WNW of Sinabang, Indonesia",1763673083479
-155.70123291015625,57.6131477355957,5.5946044921875,2.155667406625325,"74 km W of Karluk, Alaska",1763672938544
129.7224,-6.8192,166.757,4.5,Banda Sea,1763672611909
-122.854331970215,38.8301658630371,2.22000002861023,0.26,"10 km NW of The Geysers, CA",1763672348310
-118.735833333333,33.9528333333333,12.61,2.46,"9 km SE of Malibu, CA",1763671837450
-97.58216667,34.27083333,11.13,2.29,"9 km WNW of Healdton, Oklahoma",1763671681639
-121.86666666666666,47.097166666666666,9.51,0.65,"13 km E of Wilkeson, Washington",1763671581440
-101.076,32.338,7.0801,3.1,"6 km WSW of Westbrook, Texas",1763671288352
122.1622,15.6666,35.007,4.9,"66 km E of Suklayin, Philippines",1763671076644
-110.681166666667,44.67,3.49,0.1,"33 km E of West Yellowstone, Montana",1763671024560
-122.549833333333,37.7126666666667,7.28,2.26,"5 km WSW of San Francisco Zoo, CA",1763669361170
-118.675666666667,34.5426666666667,14.47,1.76,"8 km NW of Castaic, CA",1763669319210
-116.970833333333,32.6343333333333,-0.43,0.98,"6 km ESE of Bonita, CA",1763669250060
-151.44337463378906,61.37165451049805,74.50983428955078,2.282916301315657,"32 km NW of Beluga, Alaska",1763668249544
-123.5745,44.89183333333333,-0.58,1.2,"11 km WNW of Falls City, Oregon",1763668224680
-68.9146,-31.2464,109.774,4.7,"37 km NNW of Villa Basilio Nievas, Argentina",1763667923111
120.69,23.5837,18.809,4.2,"19 km SSW of Lugu, Taiwan",1763667837822
-122.794830322266,38.824333190918,2.80999994277954,1.09,"6 km NNW of The Geysers, CA",1763666814770
-145.4277801513672,63.34839248657227,11.512418746948242,2.0049169946092626,"30 km NNE of Paxson, Alaska",1763666418343
-144.025166666667,61.9328333333333,4.9,-0.03,"51 km NNE of Chitina, Alaska",1763665762620
124.1683,-8.9857,105.938,4.4,"33 km NW of Pante Makasar, Timor Leste",1763665716316
-121.506166666667,35.947,4.08,1.76,"10 km SE of Lopez Point, CA",1763665258310
-121.693666666667,37.413,8.06,0.85,"13 km ENE of Alum Rock, CA",1763664671090
-117.536,35.8005,-0.83,1.18,"12 km WNW of Searles Valley, CA",1763663682780
-122.792335510254,38.8181648254395,3.42000007629395,0.82,"6 km NW of The Geysers, CA",1763663375820
-104.001,31.525,6.7151,1.6,"30 km NW of Toyah, Texas",1763662892645
-146.09304809570312,61.77349090576172,17.037336349487305,2.3109596261135015,"34 km S of Tolsona, Alaska",1763662544851
-154.2535858154297,59.19083404541016,144.2484130859375,3.0366156910627455,"40 km SE of Kokhanok, Alaska",1763662346668
-149.11874389648438,61.8542251586914,12.51806640625,2.198382898600354,"13 km NNE of Fishhook, Alaska",1763662039841
-156.0985,19.9188333333333,42.02,2.92,"24 km NNW of Kalaoa, Hawaii",1763661858090
-110.8,39.7095,-2.11,1.99,"2 km NNE of Kenilworth, Utah",1763661845970
-155.119666666667,58.5773333333333,5.62,0.07,"90 km E of King Salmon, Alaska",1763661606970
-149.47225952148438,61.86279678344727,23.286943435668945,2.5440518995315973,"18 km NW of Fishhook, Alaska",1763661403474
-103.998,31.516,7.5867,1.6,"29 km NW of Toyah, Texas",1763661333586
-110.786666666667,44.2453333333333,3.47,1.0,"45 km ENE of Warm River, Idaho",1763661326250
-103.998,31.517,7.2791,1.5,"29 km NW of Toyah, Texas",1763660986031
-121.944666666667,37.7511666666667,8.78,0.78,"4 km SE of San Ramon, CA",1763660595450
-122.794502258301,38.8296661376953,1.19000005722046,1.62,"6 km W of Cobb, CA",1763660280240
-119.791833333333,34.716,1.98,0.96,"29 km ENE of Santa Ynez, CA",1763659875720
-167.470947265625,53.52558517456055,11.183126449584961,2.2704768099019814,"73 km WSW of Unalaska, Alaska",1763659731523
-122.806999206543,38.8248329162598,2.9300000667572,1.19,"7 km NW of The Geysers, CA",1763659689890
-119.788166666667,34.715,6.35,2.2,"29 km ENE of Santa Ynez, CA",1763659633230
-116.484666666667,33.5165,14.55,0.41,"18 km ESE of Anza, CA",1763659626990
-150.81787109375,62.9296646118164,97.89913177490234,2.4119917007729943,"48 km N of Petersville, Alaska",1763659535786
-118.3619,38.3286,4.9054,1.61,"23 km WSW of Mina, Nevada",1763659243867
-122.841333333333,38.8193333333333,2.11,0.47,"9 km WNW of The Geysers, CA",1763658424730
-166.529833333333,53.9576666666667,9.06,0.49,"7 km N of Dutch Harbor, Alaska",1763658045580
-149.6681365966797,62.22584533691406,47.53890991210938,2.1105235510099933,"11 km NE of Susitna North, Alaska",1763657256903
-101.408,32.178,6.2744,1.1,"8 km NNW of Forsan, Texas",1763656898456
-121.939833333333,37.7551666666667,7.15,1.39,"4 km SE of San Ramon, CA",1763656528130
-110.678,44.6618333333333,5.32,0.68,"33 km E of West Yellowstone, Montana",1763656079180
-151.36846923828125,63.27522277832031,10.438895225524902,2.737993188615159,"34 km SSE of Denali National Park, Alaska",1763655158539
164.5887,-11.5975,44.81,5.0,"163 km SW of Lata, Solomon Islands",1763654145358
-151.86045837402344,60.220703125,64.0274887084961,2.4041024164449087,"21 km NNW of Ninilchik, Alaska",1763654140255
-120.795833333333,35.5593333333333,3.53,1.36,"8 km W of Templeton, CA",1763653759030
-97.58633333,34.28466667,10.06,2.36,"10 km ESE of Loco, Oklahoma",1763653175820
-110.843833333333,44.7945,4.88,0.78,"23 km SSW of Mammoth, Wyoming",1763653110070
-121.933666666667,37.7516666666667,6.13,0.94,"5 km SE of San Ramon, CA",1763652986940
-147.2027130126953,61.80379486083984,30.540489196777344,2.3690759327553574,"15 km S of Eureka Roadhouse, Alaska",1763652951260
-166.547166666667,53.9493333333333,8.23,-0.05,"6 km N of Dutch Harbor, Alaska",1763652784660
-104.433,31.647,6.0999,1.7,"58 km S of Whites City, New Mexico",1763652693293
-122.810165405273,38.8238334655762,2.3199999332428,1.08,"7 km NW of The Geysers, CA",1763652646920
-104.446,31.64,6.7151,1.6,"59 km S of Whites City, New Mexico",1763652582416
-121.944666666667,37.758,10.15,3.18,"4 km SE of San Ramon, CA",1763652475380
-143.42543029785156,60.31263732910156,6.06229305267334,1.910205230527764,"127 km SSW of McCarthy, Alaska",1763651843113
-110.850666666667,44.7971666666667,4.78,0.72,"23 km SSW of Mammoth, Wyoming",1763651835730
-116.443333333333,33.4605,3.17,1.43,"24 km NNW of Borrego Springs, CA",1763651561710
-122.788833333333,38.8356666666667,2.35,0.38,"6 km WNW of Cobb, CA",1763651487630
-155.8701171875,57.78134155273438,3.75350546836853,2.0417268307770127,"87 km WNW of Karluk, Alaska",1763651444756
-122.843170166016,38.8235015869141,2.14000010490417,1.45,"9 km NW of The Geysers, CA",1763651298160
-143.40228271484375,60.34170150756836,4.918501853942871,1.9897932484530894,"124 km SSW of McCarthy, Alaska",1763651228816
-119.2475,34.3368333333333,2.19,1.13,"7 km NNW of Ventura, CA",1763650834510
-15.9921,-35.5998,10.0,4.6,Tristan da Cunha region,1763650771969
-150.3993377685547,63.06821060180664,88.93324279785156,2.4532015838900727,"66 km NNE of Petersville, Alaska",1763650698012
-120.509833333333,35.885,11.92,-0.46,"7 km WSW of Parkfield, CA",1763649730920
-120.40516666666667,48.05683333333333,10.73,0.76,"23 km NW of Granite Falls, Washington",1763649347140
-175.6189727783203,51.80593109130859,64.79717254638672,2.7277204307828793,"70 km E of Adak, Alaska",1763648499593
-122.77449798584,38.8084983825684,1.26999998092651,0.75,"4 km NNW of The Geysers, CA",1763648244000
-122.739334106445,38.7680015563965,1.22000002861023,0.77,"2 km SE of The Geysers, CA",1763648036860
-110.679166666667,44.6596666666667,4.01,0.39,"33 km E of West Yellowstone, Montana",1763647961880
178.7427215576172,51.30766296386719,2.1713361740112305,3.27465726631017,"Rat Islands, Aleutian Islands, Alaska",1763647556984
-117.679333333333,35.9498333333333,4.79,0.74,"21 km E of Little Lake, CA",1763647207570
-155.153333333333,58.2458333333333,3.38,0.58,"86 km NNW of Karluk, Alaska",1763646378750
-96.524,34.8675,10.39,1.62,"6 km E of Francis, Oklahoma",1763646047520
-110.8375,44.7951666666667,4.98,0.42,"22 km SSW of Mammoth, Wyoming",1763646041520
-145.4021453857422,63.35544967651367,4.801074981689453,2.1121154510437274,"31 km NNE of Paxson, Alaska",1763645867848
-176.15457153320312,52.23623657226562,185.81671142578125,2.2010179293849657,"52 km NE of Adak, Alaska",1763645817542
-123.2695,39.4113333333333,6.15,1.47,"7 km E of Willits, CA",1763645692010
-122.814666748047,38.8286666870117,2.15000009536743,1.19,"8 km NW of The Geysers, CA",1763645645480
-160.3739471435547,54.56718826293945,8.406318664550781,3.7091521863447965,"85 km S of Sand Point, Alaska",1763644877301
-148.0497589111328,61.56598281860352,3.6914563179016113,2.097091842530723,"33 km SE of Chickaloon, Alaska",1763644863847
-75.8242,-11.4213,97.251,4.5,"13 km NE of La Oroya, Peru",1763644718921
-122.465333333333,37.5966666666667,9.77,1.51,"3 km SE of Pacifica, CA",1763644382860
178.39871215820312,51.81454467773438,101.16200256347656,3.4006386643026394,"Rat Islands, Aleutian Islands, Alaska",1763644174181
-122.782997131348,38.8173332214355,1.6599999666214,0.79,"5 km NNW of The Geysers, CA",1763643886800
-122.465,37.5961666666667,9.3,1.18,"3 km SE of Pacifica, CA",1763643740630
-120.475666666667,35.9243333333333,4.08,0.66,"5 km NW of Parkfield, CA",1763643527150
-121.760666666667,37.3735,2.58,2.06,"6 km E of Alum Rock, CA",1763643389370
-122.737167358398,38.7623329162598,1.62000000476837,0.96,"2 km SE of The Geysers, CA",1763643289260
-176.5576,-25.351,96.408,5.4,south of the Fiji Islands,1763643002013
-118.8385,37.5673333333333,5.59,0.55,"14 km W of Toms Place, CA",1763642636250
-145.40296936035156,63.36067962646484,5.628591537475586,2.0796902914489785,"31 km NNE of Paxson, Alaska",1763642228807
-110.675,44.6638333333333,7.68,1.77,"34 km E of West Yellowstone, Montana",1763641861220
-110.679333333333,44.67,5.68,1.62,"33 km E of West Yellowstone, Montana",1763641497500
-110.6745,44.6633333333333,5.37,1.26,"34 km E of West Yellowstone, Montana",1763641491930
-97.57983333,34.2965,6.75,1.93,"10 km ESE of Loco, Oklahoma",1763641284010
-122.833503723145,38.8334999084473,0.819999992847443,0.68,"9 km NW of The Geysers, CA",1763640608380
-104.518,31.592,7.1509,1.6,"66 km SSW of Whites City, New Mexico",1763640541943
-26.6615,-57.1783,128.522,4.9,South Sandwich Islands region,1763640526269
-147.6612091064453,63.42673110961914,4.691682815551758,1.7093179453812486,"64 km E of Cantwell, Alaska",1763640372777
-116.82,33.3625,8.26,0.46,"4 km E of Palomar Observatory, CA",1763640026230
-116.930166666667,33.1765,16.48,0.15,"10 km NNE of San Pasqual, CA",1763640014020
-122.790168762207,38.8358345031738,2.02999997138977,0.99,"6 km WNW of Cobb, CA",1763639918350
-120.772166666667,35.5481666666667,5.17,0.99,"6 km W of Templeton, CA",1763639578530
-152.22256469726562,58.96944046020508,61.89543151855469,2.842287777161985,"46 km SSW of Nanwalek, Alaska",1763638590546
-117.529666666667,35.6863333333333,6.68,0.75,"14 km SW of Searles Valley, CA",1763638044490
-117.775833333333,36.0261666666667,1.83,1.66,"15 km NE of Little Lake, CA",1763637775470
-151.41331481933594,62.00317001342773,81.18724822998047,2.3544215834013706,"1 km NNW of Skwentna, Alaska",1763637602543
-115.5275,32.9288333333333,15.29,1.9,"6 km S of Brawley, CA",1763637538230
-117.538166666667,35.7271666666667,7.0,0.53,"13 km WSW of Searles Valley, CA",1763637060070
-115.8872,38.0801,12.9939,1.64,"49 km NNW of Rachel, Nevada",1763637023606
-119.017833333333,37.5555,3.03,0.08,"10 km SSW of Mammoth Lakes, CA",1763636806480
-122.62216666666667,47.70333333333333,26.43,0.6,"0 km NNW of Keyport, Washington",1763636762830
-155.495833333333,19.1755,33.22,1.67,"3 km SSW of Pāhala, Hawaii",1763636379420
-121.925833333333,37.7628333333333,7.51,1.07,"5 km ESE of San Ramon, CA",1763636048040
-122.786833333333,38.8215,2.54,0.73,"6 km W of Cobb, CA",1763635927660
-118.6545,37.4263333333333,12.03,1.53,"5 km WNW of Round Valley, CA",1763635801770
-150.10435485839844,62.88990020751953,71.14231872558594,2.383771759216993,"49 km N of Chase, Alaska",1763635362358
-110.844666666667,44.795,4.78,0.54,"23 km SSW of Mammoth, Wyoming",1763635200530
-155.443328857422,19.1603336334229,30.9799995422363,1.8,"6 km SE of Pāhala, Hawaii",1763635193530
-121.763,47.61233333333333,13.4,0.52,"10 km NNE of Snoqualmie, Washington",1763634373470
-117.794666666667,36.0323333333333,1.14,0.66,"14 km E of Coso Junction, CA",1763634280110
-150.92514038085938,61.13994598388672,60.61997985839844,1.6476175955810526,"8 km E of Beluga, Alaska",1763634115631
-122.816497802734,38.8004989624023,2.94000005722046,0.79,"6 km WNW of The Geysers, CA",1763633639080
-122.876831054688,38.8414993286133,2.48000001907349,1.1,"13 km NW of The Geysers, CA",1763633154610
160.0327,51.7974,10.0,4.5,"167 km SE of Vilyuchinsk, Russia",1763632270204
-142.9122772216797,60.4076919555664,4.656202793121338,1.502966948595344,"114 km S of McCarthy, Alaska",1763632123203
-142.9291534423828,60.4051628112793,5.173595905303955,1.6512562945020235,"114 km S of McCarthy, Alaska",1763632066874
160.0095,52.3047,64.158,4.6,"125 km SE of Petropavlovsk-Kamchatsky, Russia",1763631701893
-120.783833333333,35.5546666666667,4.26,0.99,"7 km W of Templeton, CA",1763630832040
-100.553,32.869,6.9824,1.5,"8 km WNW of Rotan, Texas",1763630699853
-122.17983333333333,46.19716666666667,-1.84,0.16,"37 km NNE of Amboy, Washington",1763630641370
-122.840833333333,38.8216666666667,2.03,0.3,"9 km NW of The Geysers, CA",1763630520540
-153.90158081054688,61.71782302856445,4.529107093811035,2.2109256724250077,"90 km ENE of Lime Village, Alaska",1763630261354
36.7485,37.2239,10.0,4.6,"6 km N of Nurdağı, Turkey",1763629750066
-151.69052124023438,60.99824523925781,76.36180877685547,2.1356500176179427,"30 km WSW of Tyonek, Alaska",1763629242174
-142.9263153076172,60.452880859375,2.697749137878418,1.654861794511795,"109 km S of McCarthy, Alaska",1763628906768
-110.836333333333,44.807,5.18,0.46,"21 km SSW of Mammoth, Wyoming",1763628875100
-122.815170288086,38.829833984375,1.69000005722046,0.84,"8 km NW of The Geysers, CA",1763628403430
-152.97682189941406,60.03881072998047,117.73491668701172,2.3141305263986234,"69 km ENE of Pedro Bay, Alaska",1763628296690
-122.0465,37.9835,14.92,1.09,"3 km E of Pacheco, CA",1763628267050
-155.148666381836,19.5201663970947,22.2399997711182,1.9,"5 km SW of Mountain View, Hawaii",1763628116540
-116.642333333333,33.4098333333333,6.27,0.71,"14 km N of Warner Springs, CA",1763627878980
-153.38137817382812,59.8959732055664,147.674560546875,1.9540481819523012,"42 km ENE of Pedro Bay, Alaska",1763627809965
-122.795333862305,38.8160018920898,2.4300000667572,1.64,"5 km NW of The Geysers, CA",1763627716120
-150.0267333984375,61.62080764770508,38.50757598876953,2.233409120702387,"11 km W of Houston, Alaska",1763627655470
165.6247,55.1096,10.0,4.2,"233 km ESE of Ust’-Kamchatsk Staryy, Russia",1763627408984
-110.673666666667,44.6595,6.65,1.16,"34 km E of West Yellowstone, Montana",1763626984460
-122.765830993652,38.8245010375977,2.35999989509583,0.72,"4 km W of Cobb, CA",1763626902870
-122.803833007812,38.8241653442383,2.52999997138977,1.06,"7 km NW of The Geysers, CA",1763626840540
-104.197,31.76,6.1383,1.8,"49 km SSE of Whites City, New Mexico",1763626499887
-120.569,36.0086666666667,4.23,0.21,"17 km NW of Parkfield, CA",1763626356330
-142.94552612304688,60.41805648803711,5.14971399307251,1.7037870274266684,"113 km S of McCarthy, Alaska",1763626133319
-122.761833190918,38.8230018615723,1.39999997615814,0.97,"3 km W of Cobb, CA",1763625909750
-147.01014709472656,60.91668319702148,20.220745086669922,1.8435365962173302,"18 km WNW of Tatitlek, Alaska",1763625252282
-168.082833333333,53.4565,8.8,0.37,"77 km NE of Nikolski, Alaska",1763625157360
-122.743667602539,38.7803344726562,0.709999978542328,1.12,"1 km ENE of The Geysers, CA",1763624914730
-120.779166666667,35.5513333333333,4.84,1.1,"7 km W of Templeton, CA",1763624446230
-155.470672607422,19.0043334960938,35.8800010681152,1.84,"13 km ESE of Naalehu, Hawaii",1763624258530
-151.6448516845703,61.50018692016602,89.64266967773438,2.015539367028983,"50 km NW of Beluga, Alaska",1763624205123
-154.783833333333,58.4185,5.86,0.42,"96 km NNW of Karluk, Alaska",1763623871820
-87.7745,13.207,196.976,4.6,"14 km SE of Conchagua, El Salvador",1763623564140
-160.3687,54.5045,6.194,3.0,"92 km S of Sand Point, Alaska",1763623525159
-154.97438049316406,58.2924575805664,4.379469871520996,1.840005422660328,"86 km NNW of Karluk, Alaska",1763623344169
-122.806166666667,38.8361666666667,2.21,0.39,"7 km WNW of Cobb, CA",1763623158330
-122.806166666667,38.836,2.22,0.33,"7 km WNW of Cobb, CA",1763623145400
-122.6215,38.5465,4.53,1.46,"5 km SW of Calistoga, CA",1763623143560
-169.682,52.8721666666667,8.98,1.46,"55 km W of Nikolski, Alaska",1763622137440
128.4005,-3.7152,130.856,5.8,"24 km E of Ambon, Indonesia",1763621984526
-117.848166666667,36.0818333333333,2.12,1.06,"10 km ENE of Coso Junction, CA",1763621956300
-139.550537109375,59.9494400024414,0.0,2.346787415391228,"45 km NNE of Yakutat, Alaska",1763621831844
-176.127,52.0568333333333,9.69,1.13,"40 km ENE of Adak, Alaska",1763621761690
-110.2235,44.2593333333333,7.15,1.45,"77 km NNE of Kelly, Wyoming",1763621582650
145.0286,14.0683,125.511,4.6,"60 km NNE of Yigo Village, Guam",1763621485009
-149.66329956054688,60.62945556640625,27.635698318481445,2.0936416198355845,"17 km NNE of Cooper Landing, Alaska",1763621314585
-118.822333333333,37.5448333333333,4.68,0.44,"13 km W of Toms Place, CA",1763621058270
-174.124166666667,52.3448333333333,3.5,0.8,"17 km NNE of Atka, Alaska",1763620842080
-122.80883026123,38.8316650390625,2.38000011444092,1.31,"8 km W of Cobb, CA",1763620702950
-100.662,32.751,6.4697,0.9,"15 km NE of Hermleigh, Texas",1763619825926
-101.941,32.101,7.8857,0.7,"14 km WSW of Stanton, Texas",1763619550417
-121.927166666667,37.7633333333333,7.68,1.57,"5 km ESE of San Ramon, CA",1763619029540
-121.925666666667,37.7608333333333,6.62,0.64,"5 km ESE of San Ramon, CA",1763618139230
-116.601166666667,33.0785,12.03,0.73,"0 km ESE of Julian, CA",1763618041900
-179.7382,51.123,13.702,2.6,"231 km WSW of Adak, Alaska",1763618031371
-119.088666666667,37.4098333333333,18.72,1.4,"27 km SSW of Mammoth Lakes, CA",1763617966820
-121.9275,37.7638333333333,7.64,1.7,"5 km ESE of San Ramon, CA",1763617913440
-119.5022,39.7806,5.8824,1.51,"13 km WSW of Nixon, Nevada",1763617673895
-121.936333333333,37.7516666666667,6.58,0.83,"5 km SE of San Ramon, CA",1763617569340
-142.96388244628906,60.39700317382812,9.387995719909668,1.5434282345337287,"115 km S of McCarthy, Alaska",1763617131327
-101.217,32.008,8.5693,1.3,"18 km SE of Forsan, Texas",1763617069087
-122.8345,38.8336666666667,1.74,0.7,"9 km NW of The Geysers, CA",1763616908470
-123.05183333333333,48.62566666666667,12.74,1.06,"8 km WNW of Orcas, Washington",1763616741680
-122.7185,38.7715,1.5,0.35,"2 km W of Anderson Springs, CA",1763616522790
-117.582666666667,34.0233333333333,5.99,0.58,"5 km SE of Ontario, CA",1763615475730
-121.672166666667,37.5641666666667,11.09,0.77,"16 km SSE of Livermore, CA",1763615416810
-175.5635,51.768,26.674,2.9,"74 km E of Adak, Alaska",1763615396674
-123.05183333333333,48.626666666666665,12.78,1.01,"8 km WNW of Orcas, Washington",1763615317730
-142.96755981445312,60.42154693603516,7.206437110900879,2.5675938683572945,"112 km S of McCarthy, Alaska",1763615009629
-122.800834655762,38.8228340148926,3.15000009536743,0.29,"6 km NW of The Geysers, CA",1763614960120
-142.9247589111328,60.42205429077148,0.2448340505361557,1.5422493610726637,"112 km S of McCarthy, Alaska",1763614946954
-110.831,44.8023333333333,4.56,0.7,"21 km SSW of Mammoth, Wyoming",1763614908080
-70.1968,47.6485,18.322,1.5,"3 km W of La Malbaie, Canada",1763614310868
-102.177,32.431,7.251,0.5,"36 km ENE of McKinney Acres, Texas",1763614110072
-116.343833333333,33.3355,12.12,0.58,"9 km NNE of Borrego Springs, CA",1763613689340
-120.786,35.553,4.38,0.84,"7 km W of Templeton, CA",1763613358680
-122.858169555664,38.8228340148926,2.20000004768372,0.93,"10 km WNW of The Geysers, CA",1763612882320
-117.7765,36.0253333333333,1.92,0.7,"15 km NE of Little Lake, CA",1763612709860
-66.8215,17.9758333333333,14.47,2.19,"2 km S of Indios, Puerto Rico",1763612540700
-156.8704376220703,61.47953414916992,6.48649263381958,1.927028158174659,"29 km SSE of Sleetmute, Alaska",1763612507918
127.1375,1.5789,136.935,5.4,"91 km NNW of Ternate, Indonesia",1763612394753
-110.828166666667,44.8281666666667,6.42,0.59,"19 km SSW of Mammoth, Wyoming",1763612219590
-122.817169189453,38.8328323364258,2.17000007629395,0.36,"8 km NW of The Geysers, CA",1763612192840
-122.770164489746,38.7881660461426,1.8400000333786,0.77,"2 km NW of The Geysers, CA",1763612182820
-176.172666666667,52.0853333333333,8.66,1.57,"39 km NE of Adak, Alaska",1763612108430
-122.758666992188,38.7793350219727,1.49000000953674,0.74,"0 km NW of The Geysers, CA",1763611652140
-122.818496704102,38.8330001831055,1.33000004291534,1.14,"8 km NW of The Geysers, CA",1763611225100
-122.758003234863,38.7801666259766,1.73000001907349,0.93,"0 km NNW of The Geysers, CA",1763611061940
-150.3256072998047,61.8534049987793,38.54838943481445,1.996530370911941,"19 km NW of Willow, Alaska",1763611056713
-122.755996704102,38.7799987792969,1.33000004291534,1.56,"0 km N of The Geysers, CA",1763611051280
-104.378,31.671,6.1383,1.5,"55 km S of Whites City, New Mexico",1763611026420
-122.815170288086,38.832332611084,1.71000003814697,1.71,"8 km NW of The Geysers, CA",1763610947830
-83.0083,8.9069,10.0,4.4,"10 km NNW of San Vito, Costa Rica",1763610551414
-91.7998,13.7603,15.2,4.7,"60 km SSE of Champerico, Guatemala",1763610275704
-116.2145,32.8863333333333,10.35,0.83,"27 km NW of Ocotillo, CA",1763610060700
-102.164,32.429,6.3721,0.7,"37 km ENE of McKinney Acres, Texas",1763609752195
-147.40321350097656,62.16950988769531,30.134096145629883,1.9957799114552373,"28 km NNW of Eureka Roadhouse, Alaska",1763609430480
-162.8482208251953,54.42965316772461,51.81078720092773,3.1200473113984426,"59 km SE of False Pass, Alaska",1763609055900
-122.727668762207,38.7583351135254,2.26999998092651,1.13,"3 km SE of The Geysers, CA",1763609034700
-121.762833333333,37.3743333333333,1.9,1.13,"6 km E of Alum Rock, CA",1763608824910
-142.95033264160156,60.40995407104492,3.5897789001464844,1.6291845535912797,"114 km S of McCarthy, Alaska",1763608463862
-122.815,38.8321666666667,1.76,-0.21,"8 km NW of The Geysers, CA",1763608419710
-142.9788055419922,60.42044067382812,5.992980003356934,2.237373769717153,"112 km S of McCarthy, Alaska",1763608273684
-142.97314453125,60.40735244750977,9.342730522155762,1.8786719592963614,"114 km S of McCarthy, Alaska",1763608229703
-122.734833333333,38.803,2.29,0.3,"2 km SSW of Cobb, CA",1763607786950
-120.791666666667,35.5498333333333,4.69,2.43,"8 km W of Templeton, CA",1763607496920
-120.793166666667,35.5515,4.76,2.31,"8 km W of Templeton, CA",1763607375700
-122.832496643066,38.8338317871094,1.19000005722046,0.31,"9 km NW of The Geysers, CA",1763607346710
-59.614,16.3093,10.0,4.5,"156 km E of Beauséjour, Guadeloupe",1763607320364
-146.70547485351562,60.9491081237793,15.212539672851562,2.277849496969848,"9 km N of Tatitlek, Alaska",1763607310011
-110.6785,44.6606666666667,5.15,0.52,"33 km E of West Yellowstone, Montana",1763606415530
-147.35670471191406,63.56462478637695,6.906045913696289,1.602691817855188,"79 km ESE of Denali Park, Alaska",1763606332137
-150.86288452148438,62.06595230102539,64.27216339111328,2.1637919762149727,"29 km ENE of Skwentna, Alaska",1763606201865
-149.7785186767578,62.60161972045898,9.017156600952148,2.1282001389165135,"23 km NE of Chase, Alaska",1763606007399
-104.017,31.572,6.6125,1.5,"35 km NW of Toyah, Texas",1763605390113
-120.786166666667,35.5531666666667,4.48,1.0,"7 km W of Templeton, CA",1763605249070
-141.4942169189453,59.97222137451172,0.0,1.8299920402948997,"110 km WNW of Yakutat, Alaska",1763604961682
-122.816497802734,38.8308334350586,1.79999995231628,0.68,"8 km NW of The Geysers, CA",1763604851830
-122.735333333333,38.776,0.71,0.24,"2 km E of The Geysers, CA",1763604344780
-97.576,34.294,7.18,1.67,"10 km ESE of Loco, Oklahoma",1763604180090
-97.5865,34.2805,10.9,1.67,"10 km ESE of Loco, Oklahoma",1763603923200
-163.862666666667,54.735,24.8,1.37,"31 km WSW of False Pass, Alaska",1763603684570
-144.1454315185547,60.68676376342773,1.151322603225708,1.9688951217636526,"89 km E of Cordova, Alaska",1763603542828
-120.784,35.553,4.51,1.31,"7 km W of Templeton, CA",1763603238550
-104.273,31.651,7.0099,1.6,"58 km NW of Toyah, Texas",1763603035760
-160.29302978515625,54.48604583740234,24.087461471557617,2.8169434346234574,"95 km S of Sand Point, Alaska",1763603018101
-153.079166666667,60.0583333333333,1.99,-0.32,"64 km ENE of Pedro Bay, Alaska",1763602702510
-160.2892608642578,54.50358581542969,19.026853561401367,2.8385109144931664,"93 km S of Sand Point, Alaska",1763602537141
-150.90940856933594,61.72259140014648,67.62260437011719,2.2866889423764083,"28 km NW of Susitna, Alaska",1763602187260
-153.84796142578125,59.16008758544922,113.06771850585938,2.583670482912876,"57 km SE of Pope-Vannoy Landing, Alaska",1763602161736
-117.8674,38.1824,11.769,1.5,"31 km SE of Mina, Nevada",1763601815155
121.3256,21.8906,10.0,4.3,"61 km ESE of Hengchun, Taiwan",1763601567240
-146.54515075683594,61.62534713745117,14.58416748046875,2.0098270530801914,"42 km SSE of Nelchina, Alaska",1763601473720
-116.447,33.4645,7.71,0.85,"23 km ESE of Anza, CA",1763601417630
-153.10986328125,59.9248046875,118.22405242919922,2.0629970042078245,"57 km ENE of Pedro Bay, Alaska",1763601313539
-178.7643,-31.5946,114.275,5.1,Kermadec Islands region,1763600809304
-163.983,54.7501666666667,-0.71,1.15,"38 km WSW of False Pass, Alaska",1763600635060
-121.8135,46.58566666666667,8.03,0.8,"11 km WSW of Packwood, Washington",1763600593150
-122.836502075195,38.8385009765625,1.27999997138977,0.32,"10 km NW of The Geysers, CA",1763600585070
-121.807833333333,37.476,2.1,1.02,"10 km ENE of Milpitas, CA",1763600187370
-152.60504150390625,59.91655731201172,77.86946868896484,1.8349163044189225,"46 km WNW of Anchor Point, Alaska",1763600127920
-151.73516845703125,61.35214233398438,87.88795471191406,2.0333170084597563,"42 km WNW of Beluga, Alaska",1763600036100
-122.8,38.823,2.83,0.42,"6 km NW of The Geysers, CA",1763599935310
-101.399,32.182,8.374,1.5,"8 km NNW of Forsan, Texas",1763599286206
-148.63323974609375,62.17074966430664,14.748990058898926,2.318159316461226,"42 km NNW of Chickaloon, Alaska",1763599178610
-119.0565,39.1465,11.4724,2.35,"20 km NNE of Yerington, Nevada",1763598788179
-147.8077392578125,60.53428649902344,7.184337615966797,2.08637508848962,"53 km NNE of Chenega, Alaska",1763598389694
-147.34671020507812,63.52738952636719,18.2059268951416,1.9013029277560942,"81 km ESE of Denali Park, Alaska",1763598308306
-117.687666666667,35.0333333333333,-0.81,1.13,"5 km NW of Boron, CA",1763597967280
120.4607,0.6368,17.247,4.8,"183 km NNE of Palu, Indonesia",1763597735929
-152.2535,61.2273333333333,5.76,0.1,"62 km WNW of Tyonek, Alaska",1763597499390
-116.817,33.7108333333333,16.58,0.67,"8 km ESE of Valle Vista, CA",1763597464270
-120.1415,35.9935,15.72,2.3,"2 km SW of Avenal, CA",1763597428670
-110.684833333333,44.6831666666667,7.23,1.45,"32 km S of Mammoth, Wyoming",1763597258460
-110.677,44.6675,7.07,1.3,"33 km E of West Yellowstone, Montana",1763597250770
-147.39117431640625,64.97737884521484,0.0,1.51438307943719,"10 km E of Fox, Alaska",1763596954828
-151.42002868652344,63.31770324707031,7.870229721069336,1.5781096434174302,"29 km SSE of Denali National Park, Alaska",1763596887121
-122.836,38.8403333333333,1.87,0.28,"10 km NW of The Geysers, CA",1763596872050
-122.10666666666667,47.9135,23.52,1.52,"0 km W of Snohomish, Washington",1763596860970
-122.797332763672,38.8346672058105,2.11999988555908,0.98,"7 km WNW of Cobb, CA",1763596630090
-122.786499023438,38.8151664733887,1.10000002384186,0.56,"5 km NNW of The Geysers, CA",1763596388340
-120.48966666666666,49.327333333333335,-0.37,2.07,"14 km S of Princeton, Canada",1763596384520
-122.785666666667,38.814,1.28,0.35,"5 km NNW of The Geysers, CA",1763596378080
-122.835998535156,38.8396682739258,1.74000000953674,0.82,"10 km NW of The Geysers, CA",1763596343350
-117.669,35.849,4.07,1.29,"24 km ESE of Little Lake, CA",1763596036640
-110.8345,44.8071666666667,5.37,0.73,"21 km SSW of Mammoth, Wyoming",1763595992090
-67.7896,19.653,12.0,3.78,"135 km NNE of Punta Cana, Dominican Republic",1763595414350
-119.381833333333,37.6421666666667,16.72,1.59,"20 km ESE of Yosemite Valley, CA",1763595024190
178.51254272460938,51.26798629760742,9.823610305786133,3.465644971915777,"Rat Islands, Aleutian Islands, Alaska",1763594754803
-118.797166666667,37.7063333333333,5.98,0.66,"18 km ENE of Mammoth Lakes, CA",1763594672850
-122.842834472656,38.8201675415039,1.86000001430511,0.75,"9 km WNW of The Geysers, CA",1763594366730
-118.188,34.988,-0.91,1.42,"7 km S of Mojave, CA",1763593799810
-150.0320587158203,61.83157348632812,9.67514419555664,1.9006983491652325,"9 km N of Willow, Alaska",1763593682197
-122.83366394043,38.8375015258789,2.0,1.68,"9 km NW of The Geysers, CA",1763593364460
-122.46233333333333,44.360166666666665,-0.73,1.51,"4 km SSE of Cascadia, Oregon",1763593115720
-102.17,32.415,7.7637,0.8,"36 km ENE of McKinney Acres, Texas",1763592390512
167.8391,-15.7885,192.081,4.7,"56 km ENE of Norsup, Vanuatu",1763591955981
-116.934833333333,32.9083333333333,-0.19,1.26,"6 km NNW of Lakeside, CA",1763591650410
-120.791666666667,35.5528333333333,5.69,1.19,"8 km W of Templeton, CA",1763591624830
-117.669833333333,35.8495,4.78,0.52,"23 km ESE of Little Lake, CA",1763591005430
-149.09024047851562,56.58979415893555,9.578055381774902,3.3803879445547036,"224 km ESE of Chiniak, Alaska",1763590670496
-177.6134796142578,51.51872634887695,17.038658142089844,2.383346636552391,"78 km WSW of Adak, Alaska",1763590668820
-116.721666666667,33.6248333333333,16.52,0.68,"9 km NNW of Anza, CA",1763590618090
-147.7052001953125,60.35791397094727,9.694477081298828,2.0077697554000107,"36 km NNE of Chenega, Alaska",1763590464046
-117.0359,38.7341,11.5659,1.77,"52 km S of Kingston, Nevada",1763590172845
-121.9335,48.111,-0.55,0.72,"3 km NE of Granite Falls, Washington",1763590138220
-115.1723,44.2481,14.207,2.5,"18 km W of Stanley, Idaho",1763589977254
-121.08,36.471,5.98,1.19,"9 km SE of Pinnacles, CA",1763589951260
-122.3065,40.7421666666667,-0.53,1.62,"9 km NE of Shasta Lake, CA",1763589911200
-169.6301,51.9578,28.73,4.2,"121 km SSW of Nikolski, Alaska",1763589823291
-163.980166666667,54.7508333333333,-2.92,0.5,"38 km WSW of False Pass, Alaska",1763589634230
-25.1924,-57.9631,39.527,5.0,South Sandwich Islands region,1763588722218
-116.658166666667,33.9465,11.47,1.75,"12 km WNW of Garnet, CA",1763587834570
-116.57,33.038,16.21,0.57,"5 km SSE of Julian, CA",1763587632100
-117.671833333333,35.8496666666667,4.8,1.93,"23 km ESE of Little Lake, CA",1763587355050
-121.85333333333334,48.23533333333334,11.2,0.89,"6 km SE of Oso, Washington",1763587021780
-122.731163024902,38.759334564209,1.71000003814697,1.41,"3 km SE of The Geysers, CA",1763586586570
-122.112,49.08266666666667,-0.84,1.0,"10 km ENE of Abbotsford, Canada",1763586581990
-155.304000854492,19.1206665039062,41.0,1.75,"20 km ESE of Pāhala, Hawaii",1763586581020
-161.64344787597656,54.37652206420898,8.403971672058105,2.7287345459275785,"87 km SSE of King Cove, Alaska",1763586179591
-148.09312438964844,62.10631561279297,41.0738410949707,1.63731483314875,"39 km NNE of Chickaloon, Alaska",1763586000790
-177.9361572265625,51.28445053100586,21.52747344970703,3.19799232432161,"111 km SW of Adak, Alaska",1763585858845
-164.003166666667,54.7636666666667,0.47,0.89,"39 km WSW of False Pass, Alaska",1763585791630
-122.501333333333,38.6875,6.31,1.08,"12 km SE of Middletown, CA",1763585711660
-145.4043731689453,63.35588073730469,6.545569896697998,1.9003710558877351,"31 km NNE of Paxson, Alaska",1763585533531
-122.834833333333,38.838,1.8,0.84,"10 km NW of The Geysers, CA",1763585344520
-123.615666666667,39.8141666666667,-0.9,1.91,"18 km NW of Laytonville, CA",1763585322840
-122.836,38.838,1.64,0.42,"10 km NW of The Geysers, CA",1763585246220
-122.834999084473,38.8361663818359,1.6599999666214,1.04,"9 km NW of The Geysers, CA",1763584969640
-154.381166666667,58.439,4.24,1.16,"96 km WNW of Aleneva, Alaska",1763584726760
-110.681666666667,44.6936666666667,7.36,0.79,"31 km S of Mammoth, Wyoming",1763584555940
-110.680166666667,44.671,6.03,1.3,"33 km E of West Yellowstone, Montana",1763584547630
-122.734001159668,38.7853317260742,1.58000004291534,1.07,"2 km ENE of The Geysers, CA",1763584400860
-122.835,38.8371666666667,1.64,-0.4,"10 km NW of The Geysers, CA",1763584380120
-122.835670471191,38.8366661071777,1.89999997615814,0.42,"10 km NW of The Geysers, CA",1763584332000
-122.832832336426,38.8344993591309,1.86000001430511,2.19,"9 km NW of The Geysers, CA",1763584272510
-145.40811157226562,63.35208892822266,7.247524738311768,2.3799548792536807,"31 km NNE of Paxson, Alaska",1763583788366
-123.35016666666667,47.32,-0.67,1.12,"14 km W of Skokomish, Washington",1763583580940
-102.022,32.124,7.4219,1.1,"15 km NNE of Midland, Texas",1763583331078
-147.74928283691406,60.42178344726562,11.023677825927734,2.0790675409668604,"42 km NNE of Chenega, Alaska",1763582755408
-122.91916666666667,42.236333333333334,-1.23,1.5,"9 km WSW of Phoenix, Oregon",1763582418800
-122.876335144043,38.837833404541,2.92000007629395,0.65,"12 km WNW of The Geysers, CA",1763582376110
-122.801834106445,38.8214988708496,2.50999999046326,1.03,"6 km NW of The Geysers, CA",1763582151590
-154.992666666667,58.2988333333333,3.67,-0.36,"87 km NNW of Karluk, Alaska",1763582013950
-116.93166666666667,48.23833333333334,-0.9,1.93,"6 km NNW of Priest River, Idaho",1763581854760
-104.417,31.655,5.946,2.1,"57 km S of Whites City, New Mexico",1763581780185
-121.991,39.7221666666667,14.13,2.23,"3 km SE of Hamilton City, CA",1763581505970
-100.67,32.76,8.7646,1.8,"16 km NNE of Hermleigh, Texas",1763581223860
-100.668,32.762,8.1787,1.5,"16 km NNE of Hermleigh, Texas",1763581092433
-169.5845947265625,52.39054107666016,36.6375617980957,3.0408864815291867,"78 km SW of Nikolski, Alaska",1763580915306
-155.1435,58.2421666666667,3.49,0.48,"85 km NNW of Karluk, Alaska",1763580692380
-147.44822692871094,64.97734069824219,6.545519828796387,1.4700202337698727,"8 km ENE of Fox, Alaska",1763580489781
-123.0705,45.158166666666666,-0.33,1.57,"6 km S of Dayton, Oregon",1763580449020
-155.4015,19.247,31.71,1.24,"9 km ENE of Pāhala, Hawaii",1763580326560
-104.414,31.661,5.741,3.4,"57 km S of Whites City, New Mexico",1763580142464
-104.414,31.658,5.8435,2.0,"57 km S of Whites City, New Mexico",1763580026797
-122.84716796875,38.8206672668457,2.14000010490417,0.71,"9 km WNW of The Geysers, CA",1763579983040
-151.14276123046875,60.17068481445312,64.9811019897461,2.0799868096497636,"15 km ESE of Clam Gulch, Alaska",1763579667128
126.7528,1.959,10.0,4.8,"142 km W of Tobelo, Indonesia",1763579163764
-164.45755004882812,53.654541015625,37.99067306518555,2.791036180121756,"101 km ESE of Akutan, Alaska",1763579127933
-149.3427734375,63.83481979370117,119.46253204345703,2.6596622110626837,"18 km W of Healy, Alaska",1763578756774
-149.13414001464844,64.68257141113281,16.384946823120117,1.451443308353432,"8 km N of Four Mile Road, Alaska",1763578713348
-148.52586364746094,63.86041641235352,97.16734313964844,2.5043308555223027,"21 km E of Healy, Alaska",1763578221484
-155.460494995117,19.0863342285156,27.8799991607666,1.75,"12 km E of Naalehu, Hawaii",1763578022500
-72.027,-20.7815,10.0,4.4,"205 km WSW of Puerto, Chile",1763577981174
89.1601,43.7021,10.0,4.5,"83 km N of Turpan, China",1763577939151
-110.678166666667,44.6591666666667,4.86,0.0,"33 km E of West Yellowstone, Montana",1763577907450
-122.763168334961,38.7765007019043,3.70000004768372,0.78,"1 km W of The Geysers, CA",1763577589370
-119.057,37.6316666666667,0.2,0.65,"7 km W of Mammoth Lakes, CA",1763577082390
-122.821166992188,38.8066673278809,4.05999994277954,0.43,"6 km WNW of The Geysers, CA",1763576948220
-119.755333333333,37.1846666666667,19.82,2.04,"2 km ESE of Yosemite Lakes, CA",1763576493880
-155.499496459961,19.1515007019043,32.9599990844727,1.91,"6 km SSW of Pāhala, Hawaii",1763576377750
-110.677,44.666,5.55,0.55,"33 km E of West Yellowstone, Montana",1763575989260
-101.942,32.104,8.7402,1.1,"14 km W of Stanton, Texas",1763575425000
-110.677666666667,44.6685,5.52,-0.26,"33 km E of West Yellowstone, Montana",1763575213160
-148.8841552734375,62.87478637695312,16.88553810119629,1.8252169009546193,"57 km S of Cantwell, Alaska",1763574232856
-101.815,32.325,6.4209,0.6,"21 km N of Stanton, Texas",1763574090366
-117.279,34.0525,14.65,1.09,"2 km WNW of Loma Linda, CA",1763574055520
-176.82357788085938,51.70853805541992,68.86067962646484,2.9514690918067337,"22 km SW of Adak, Alaska",1763573894791
-122.797332763672,38.8359985351562,2.01999998092651,1.12,"7 km WNW of Cobb, CA",1763573718430
-121.088,36.5423333333333,0.48,0.7,"5 km ENE of Pinnacles, CA",1763573705410
-153.1113739013672,59.72659301757812,99.88456726074219,2.3604135685557877,"56 km E of Pedro Bay, Alaska",1763573633583
-169.4965,52.6806666666667,8.77,1.56,"51 km SW of Nikolski, Alaska",1763573056920
-116.903,33.7823333333333,5.63,0.74,"4 km NNW of Valle Vista, CA",1763572633730
-116.393333333333,33.4585,7.47,0.62,"23 km N of Borrego Springs, CA",1763572613030
161.181,-10.2833,56.272,4.1,"83 km WNW of Kirakira, Solomon Islands",1763572510573
-117.220166666667,33.9711666666667,12.99,0.88,"5 km N of Moreno Valley, CA",1763572370360
-120.784166666667,35.5535,4.37,1.31,"7 km W of Templeton, CA",1763571721920
-102.162,32.425,6.1768,1.0,"37 km ENE of McKinney Acres, Texas",1763571525093
-147.4460906982422,60.72100830078125,0.9239097833633423,1.621755100888737,"44 km WSW of Tatitlek, Alaska",1763571419357
-119.024333333333,37.6385,-0.23,0.65,"4 km W of Mammoth Lakes, CA",1763570734110
-122.879669189453,38.8338317871094,2.5,1.54,"12 km ENE of Cloverdale, CA",1763570599180
-122.762333333333,38.7778333333333,0.15,0.24,"1 km W of The Geysers, CA",1763570377220
-145.41090393066406,63.3515510559082,5.945679187774658,1.7651875745633203,"30 km NNE of Paxson, Alaska",1763570323754
-155.49333190918,19.4845008850098,1.11000001430511,1.86,"27 km W of Volcano, Hawaii",1763569746020
-155.458666666667,19.415,6.23,1.09,"23 km N of Pāhala, Hawaii",1763569735610
-177.5310821533203,51.48830413818359,30.62453842163086,2.945265743812355,"75 km SW of Adak, Alaska",1763569661797
-147.38975524902344,60.6874885559082,12.466472625732422,2.907985976083444,"43 km WSW of Tatitlek, Alaska",1763569412885
171.571,-22.8411,10.0,4.9,southeast of the Loyalty Islands,1763569377950
-154.453666666667,58.3926666666667,4.21,0.43,"91 km N of Karluk, Alaska",1763569335600
-121.519833333333,37.1148333333333,1.23,1.15,"9 km ENE of San Martin, CA",1763569312750
-110.6835,44.6763333333333,5.9,0.26,"33 km E of West Yellowstone, Montana",1763568750600
-122.855834960938,38.8233337402344,2.26999998092651,1.09,"10 km WNW of The Geysers, CA",1763568574780
-147.53176879882812,61.11098861694336,9.629133224487305,1.841409689858568,"53 km WNW of Tatitlek, Alaska",1763568449505
-155.7588653564453,57.11553955078125,13.450411796569824,3.33110535629038,"93 km WSW of Karluk, Alaska",1763568442292
-101.922,32.105,8.7646,2.0,"12 km WSW of Stanton, Texas",1763568289427
-145.43165588378906,63.35243606567383,4.725229740142822,1.9134717136032402,"30 km NNE of Paxson, Alaska",1763568274650
-110.677166666667,44.6621666666667,5.53,1.29,"33 km E of West Yellowstone, Montana",1763568242600
-122.784833333333,38.8291666666667,1.44,0.33,"5 km W of Cobb, CA",1763568114720
-163.86424255371094,53.84181213378906,25.49917221069336,2.911643181488201,"116 km SSW of False Pass, Alaska",1763568111298
-122.786666870117,38.8288345336914,1.03999996185303,0.56,"6 km W of Cobb, CA",1763568109890
-145.41571044921875,63.3878173828125,5.006574630737305,3.804382257052208,"34 km NNE of Paxson, Alaska",1763567839835
-151.14352416992188,60.98207092285156,73.14032745361328,1.673464478973486,"9 km S of Tyonek, Alaska",1763567770824
-151.00607299804688,61.41037368774414,65.4500503540039,1.6553642254115293,"30 km WSW of Susitna, Alaska",1763567677697
-151.28330993652344,62.53147506713867,84.24813079833984,2.0085100623721144,"26 km W of Petersville, Alaska",1763567443139
-122.856330871582,38.8300018310547,2.08999991416931,0.81,"10 km NW of The Geysers, CA",1763566682390
-122.809501647949,38.8400001525879,1.51999998092651,0.48,"8 km WNW of Cobb, CA",1763566635560
-69.1641,45.2043,7.931,2.0,"5 km ENE of Dover-Foxcroft, Maine",1763566290897
-149.32315063476562,64.63790130615234,16.4777774810791,1.2417653116280194,"10 km WNW of Four Mile Road, Alaska",1763566217387
-117.669166666667,35.8456666666667,3.49,1.56,"24 km ESE of Little Lake, CA",1763566141320
-122.746002197266,38.7806663513184,0.899999976158142,1.17,"1 km ENE of The Geysers, CA",1763566068810
-117.311666666667,34.0938333333333,16.32,1.51,"2 km N of Colton, CA",1763565925690
-115.3235,32.2655,9.53,2.86,"15 km WNW of Alberto Oviedo Mota, B.C., MX",1763565856360
-116.611166666667,33.4338333333333,8.67,0.33,"15 km SSE of Anza, CA",1763565838200
-122.816666666667,38.8343333333333,1.03,-0.1,"8 km NW of The Geysers, CA",1763564907680
-97.5865,34.7965,10.86,1.35,"2 km SE of Erin Springs, Oklahoma",1763564783260
-122.816329956055,38.8338317871094,1.37999999523163,0.8,"8 km NW of The Geysers, CA",1763564708700
-104.472,31.663,4.2542,1.6,"57 km S of Whites City, New Mexico",1763564485543
-117.670166666667,35.8498333333333,4.81,1.63,"23 km ESE of Little Lake, CA",1763564474020
-122.753666666667,38.7943333333333,1.37,0.21,"2 km N of The Geysers, CA",1763564120210
-151.1474151611328,59.08797454833984,28.838449478149414,2.3642071623958145,"48 km SE of Port Graham, Alaska",1763563906817
-97.58416667,34.278,7.21,1.42,"10 km WNW of Healdton, Oklahoma",1763563823010
-117.478333333333,34.194,2.89,0.59,"7 km SSE of Lytle Creek, CA",1763563803770
-64.4515,18.8348333333333,45.43,3.04,"66 km NNE of Cruz Bay, U.S. Virgin Islands",1763563389810
-178.1983,-30.5689,83.057,4.8,"Kermadec Islands, New Zealand",1763563230146
159.7755,51.8418,46.898,4.9,"152 km SE of Vilyuchinsk, Russia",1763563198323
-122.765998840332,38.8168334960938,-0.0599999986588955,0.73,"4 km W of Cobb, CA",1763562414500
-122.763000488281,38.813835144043,1.6599999666214,1.32,"4 km WSW of Cobb, CA",1763562351160
-120.775,35.5481666666667,5.13,0.92,"6 km W of Templeton, CA",1763562103340
-163.974,54.7515,-1.02,0.93,"37 km WSW of False Pass, Alaska",1763561953640
26.0513,35.0261,10.0,4.3,"20 km SSW of Sitia, Greece",1763561697561
-150.05633544921875,61.45768737792969,40.98347854614258,1.738803081619405,"8 km SW of Big Lake, Alaska",1763561476078
151.1839,-9.589,10.0,4.6,"113 km NE of Alotau, Papua New Guinea",1763560842572
-155.415283203125,64.84149932861328,2.062319040298462,1.6884102887732835,"11 km NNE of Ruby, Alaska",1763560553252
-115.695666666667,33.293,7.4,0.97,"7 km SSE of Bombay Beach, CA",1763560416180
-118.848666666667,37.4711666666667,6.97,1.28,"18 km SW of Toms Place, CA",1763560220920
-116.340666666667,33.5316666666667,11.02,0.64,"15 km S of La Quinta, CA",1763560141780
-116.924166666667,33.4806666666667,5.3,0.35,"7 km NW of Aguanga, CA",1763560081280
-116.944333333333,33.6585,11.5,0.64,"10 km SSE of Hemet, CA",1763560061410
-117.22,34.0153333333333,13.93,0.78,"5 km SE of Loma Linda, CA",1763560016110
-121.935666666667,37.76,6.43,0.61,"4 km ESE of San Ramon, CA",1763559808700
-116.714333333333,33.638,13.87,1.06,"10 km NNW of Anza, CA",1763559154840
-122.793167114258,38.8183326721191,3.27999997138977,1.05,"6 km NW of The Geysers, CA",1763558675470
-117.09,34.0196666666667,16.5,1.17,"5 km WSW of Yucaipa, CA",1763558504470
-122.816166666667,38.8311666666667,1.96,0.4,"8 km NW of The Geysers, CA",1763558227550
-119.0735,34.1301666666667,20.19,1.78,"10 km SSW of Camarillo, CA",1763557877080
-112.879,37.0968333333333,19.98,1.18,"12 km NE of Hildale, Utah",1763557788210
-152.0963897705078,60.28630447387695,88.32588195800781,2.564228854978742,"35 km NW of Ninilchik, Alaska",1763557753479
-149.44276428222656,67.59662628173828,10.0,2.09869664368531,"35 km NE of Wiseman, Alaska",1763557588047
-115.349,32.2711666666667,2.02,2.32,"17 km WSW of Delta, B.C., MX",1763557531110
-119.52283333333334,48.81,15.91,2.85,"8 km E of Loomis, Washington",1763557010280
-122.743667602539,38.7786674499512,0.800000011920929,0.69,"1 km E of The Geysers, CA",1763556962130
-177.9878,51.4204,35.0,2.3,"106 km WSW of Adak, Alaska",1763556634574
-116.2875,33.0286666666667,7.41,0.38,"19 km SW of Ocotillo Wells, CA",1763556584310
-120.788333333333,35.5531666666667,5.44,0.99,"7 km W of Templeton, CA",1763556433880
121.8314,24.0837,14.989,4.5,"25 km ENE of Hualien City, Taiwan",1763555936216
-139.48336791992188,59.95572662353516,2.184138536453247,2.054407249277577,"47 km NNE of Yakutat, Alaska",1763555755774
-151.8416748046875,63.36355972290039,16.10409927368164,1.8434235195890056,"20 km SSW of Denali National Park, Alaska",1763555544496
-97.77916667,36.842,6.25,1.33,"5 km NW of Medford, Oklahoma",1763555444479
121.8513,24.0622,13.298,4.6,"26 km ENE of Hualien City, Taiwan",1763555113395
-115.350333333333,32.2791666666667,9.97,3.73,"17 km WSW of Delta, B.C., MX",1763554764890
-116.420333333333,33.2656666666667,4.92,0.8,"4 km WNW of Borrego Springs, CA",1763554658350
-169.894833333333,52.7988333333333,4.18,1.04,"71 km WSW of Nikolski, Alaska",1763554480000
-122.782165527344,38.8121681213379,0.689999997615814,1.24,"4 km NNW of The Geysers, CA",1763553886210
-97.56716667,34.26366667,12.81,1.46,"8 km WNW of Healdton, Oklahoma",1763553851960
-110.670333333333,44.6628333333333,7.73,2.07,"34 km E of West Yellowstone, Montana",1763553558800
-150.56106567382812,62.81783676147461,78.87432861328125,2.3090134172079653,"37 km NNE of Petersville, Alaska",1763553443543
-116.285,33.0283333333333,6.8,0.52,"19 km SW of Ocotillo Wells, CA",1763553059900
-120.791,35.5535,4.55,1.79,"8 km W of Templeton, CA",1763552687340
-118.1958,38.9119,6.3724,2.29,"24 km WNW of Gabbs, Nevada",1763552619119
-153.02957153320312,60.35183715820312,126.8338165283203,2.6128937917028567,"73 km ENE of Port Alsworth, Alaska",1763552427856
-122.793830871582,38.8181648254395,3.10999989509583,1.5,"6 km NW of The Geysers, CA",1763551975370
-116.797666666667,33.575,10.93,0.55,"12 km W of Anza, CA",1763551249510
-122.8165,38.8495,1.67,0.16,"9 km WNW of Cobb, CA",1763551230070
-101.487,32.11,7.7881,0.9,"11 km W of Forsan, Texas",1763551218007
-122.787166666667,38.791,0.24,0.38,"3 km WNW of The Geysers, CA",1763551062360
-122.788497924805,38.7916679382324,0.469999998807907,0.76,"3 km WNW of The Geysers, CA",1763551041980
-112.899833333333,38.503,1.95,0.82,"15 km NE of Milford, Utah",1763550834200
-122.808670043945,38.8040008544922,1.51999998092651,0.75,"5 km WNW of The Geysers, CA",1763550793000
-177.3339,-23.988,212.569,4.8,south of the Fiji Islands,1763550417476
-110.677833333333,44.6681666666667,7.74,1.55,"33 km E of West Yellowstone, Montana",1763550193880
-120.1395,35.999,15.72,1.07,"1 km WSW of Avenal, CA",1763550112190
-120.163166666667,35.9826666666667,13.7,1.54,"4 km SW of Avenal, CA",1763550076100
-110.675,44.6565,5.18,0.29,"34 km E of West Yellowstone, Montana",1763550006790
-121.148333333333,40.626,11.34,1.54,"36 km N of Chester, CA",1763549518630
-122.77,38.8245,2.96,0.33,"4 km W of Cobb, CA",1763549361820
-116.254166666667,32.9026666666667,8.71,0.86,"27 km ENE of Pine Valley, CA",1763549180320
-101.369,32.01,7.251,1.2,"11 km S of Forsan, Texas",1763549092239
-110.6795,44.6648333333333,7.53,1.6,"33 km E of West Yellowstone, Montana",1763549084760
-116.472833333333,33.4778333333333,13.87,0.63,"20 km ESE of Anza, CA",1763548950230
-122.808502197266,38.8283348083496,0.509999990463257,0.91,"7 km NW of The Geysers, CA",1763548932470
-122.808334350586,38.8279991149902,0.670000016689301,1.19,"7 km NW of The Geysers, CA",1763548926870
-97.598,34.28516667,11.1,1.36,"9 km ESE of Loco, Oklahoma",1763548689000
-116.727,33.201,8.92,0.61,"6 km SE of Lake Henshaw, CA",1763548684180
-146.84117126464844,61.18215942382812,0.0,1.6572009406835277,"27 km WNW of Valdez, Alaska",1763548490819
-149.8858642578125,62.84165954589844,69.85416412353516,2.0957025189693383,"45 km NNE of Chase, Alaska",1763547914653
-122.727333333333,38.7613333333333,2.6,0.4,"3 km SE of The Geysers, CA",1763547797970
-150.77890014648438,63.11085891723633,5.598382472991943,1.7138212671316244,"67 km SE of Denali National Park, Alaska",1763547570870
-116.766833333333,33.71,15.66,1.01,"6 km SW of Idyllwild, CA",1763546787360
-122.796669006348,38.8351669311523,2.46000003814697,0.93,"7 km WNW of Cobb, CA",1763546699940
-66.824,17.954,17.37,2.24,"4 km S of Indios, Puerto Rico",1763546189820
-66.8223333333333,17.9543333333333,15.15,2.34,"4 km S of Indios, Puerto Rico",1763545897980
20.9645,37.9542,66.039,4.2,"16 km W of Kyllíni, Greece",1763545825462
-159.7493,54.3542,30.806,2.8,"119 km SSE of Sand Point, Alaska",1763545642498
-120.786333333333,35.5568333333333,4.46,0.92,"7 km W of Templeton, CA",1763545399860
-122.817169189453,38.8316650390625,1.72000002861023,1.0,"8 km NW of The Geysers, CA",1763545315970
-152.2405,61.1831666666667,6.58,-0.02,"60 km WNW of Tyonek, Alaska",1763545267760
-113.162166666667,37.7771666666667,10.87,1.49,"12 km W of Enoch, Utah",1763545067990
-152.383666666667,61.258,3.28,-0.13,"70 km WNW of Tyonek, Alaska",1763544982020
-122.821830749512,38.8173332214355,1.96000003814697,0.75,"7 km NW of The Geysers, CA",1763544659020
-115.970833333333,33.6328333333333,7.69,1.31,"12 km NE of Mecca, CA",1763544647080
-115.970666666667,33.6308333333333,9.53,0.83,"12 km ENE of Mecca, CA",1763544639610
-112.158666666667,41.5161666666667,2.07,0.58,"5 km SW of Corinne, Utah",1763544611620
-152.2532958984375,61.1679916381836,14.783303260803223,0.7628231208185514,"61 km W of Tyonek, Alaska",1763544547324
-122.211333333333,40.5541666666667,14.44,1.92,"2 km W of Millville, CA",1763544038780
-143.24627685546875,60.59806060791016,5.063473224639893,1.6305409346418638,"94 km S of McCarthy, Alaska",1763543908556
-101.227,32.004,7.4463,1.3,"17 km SE of Forsan, Texas",1763543885671
-122.781166666667,38.7931666666667,3.3,-0.39,"3 km NW of The Geysers, CA",1763543661770
-116.523,33.4628333333333,11.57,0.26,"17 km SE of Anza, CA",1763543561740
-150.5195770263672,59.8125,45.28217315673828,2.3560679455420623,"25 km ESE of Fox River, Alaska",1763543389061
-116.294166666667,33.0296666666667,9.27,0.65,"20 km SW of Ocotillo Wells, CA",1763543261900
-149.0762939453125,64.68161010742188,7.906249523162842,1.6219058984750334,"9 km NNE of Four Mile Road, Alaska",1763543098613
-120.791166666667,35.5573333333333,4.93,3.19,"8 km W of Templeton, CA",1763542812480
-122.821334838867,38.8269996643066,1.62000000476837,1.23,"8 km NW of The Geysers, CA",1763542556920
-120.7795,35.551,4.94,1.42,"7 km W of Templeton, CA",1763542535270
-116.3695,33.4188333333333,11.74,0.72,"18 km N of Borrego Springs, CA",1763542531430
-122.813499450684,38.833667755127,1.5,0.73,"8 km W of Cobb, CA",1763542207450
-142.9873046875,60.43060302734375,1.5045500993728638,1.697502301085554,"111 km S of McCarthy, Alaska",1763542104482
-116.375833333333,33.1931666666667,9.84,0.79,"7 km S of Borrego Springs, CA",1763541977610
-142.9701690673828,60.43385314941406,4.392341613769531,1.7190237672741413,"111 km S of McCarthy, Alaska",1763541883840
-154.0996856689453,58.2174072265625,70.85205841064453,2.292121063961907,"72 km WNW of Aleneva, Alaska",1763541711825
-157.5467529296875,66.33272552490234,7.06770133972168,1.262405886262992,"64 km SSW of Shungnak, Alaska",1763541493897
-148.130126953125,59.84735870361328,14.218420028686523,2.10647323322795,"25 km SSW of Chenega, Alaska",1763541297640
-122.824165344238,38.8291664123535,1.62000000476837,0.37,"8 km NW of The Geysers, CA",1763541201600
-151.84317016601562,60.16820907592773,65.9913330078125,1.3636930250976704,"16 km NW of Ninilchik, Alaska",1763541123289
-155.35243225097656,58.18444061279297,4.129218101501465,1.320149917303179,"86 km NW of Karluk, Alaska",1763540813290
-97.9939,16.3594,32.37,4.6,"3 km NW of Rancho Viejo, Mexico",1763539989788
-121.943,37.762,8.58,0.59,"4 km ESE of San Ramon, CA",1763539532120
-113.162333333333,37.7783333333333,5.44,1.01,"12 km W of Enoch, Utah",1763539339020
-122.32366666666667,46.506166666666665,15.95,0.88,"6 km SSW of Morton, Washington",1763539080620
-147.1568603515625,63.63521194458008,2.3225109577178955,1.9750794526841315,"83 km WSW of Delta Junction, Alaska",1763538771817
-122.754669189453,38.7933349609375,1.92999994754791,0.92,"2 km N of The Geysers, CA",1763538512660
-116.990166666667,34.0458333333333,10.15,1.31,"5 km ENE of Yucaipa, CA",1763538119590
-153.21112060546875,59.93213653564453,116.06907653808594,1.9066592726123162,"52 km ENE of Pedro Bay, Alaska",1763537755345
-103.986,31.615,7.702,1.8,"37 km NNW of Toyah, Texas",1763537147502
-150.9285888671875,62.28019714355469,74.88522338867188,2.352897458906432,"25 km SSW of Petersville, Alaska",1763536824961
-151.1587371826172,62.47422409057617,79.02351379394531,2.2140107599921013,"20 km W of Petersville, Alaska",1763536704906
-98.94,28.666,7.9622,1.6,"22 km E of Dilley, Texas",1763536681023
-116.288333333333,33.029,6.68,0.64,"19 km SW of Ocotillo Wells, CA",1763536657210
-122.713500976562,38.7760009765625,1.87000000476837,1.52,"2 km W of Anderson Springs, CA",1763536559060
-70.0114,47.6013,12.836,2.1,"12 km ESE of La Malbaie, Canada",1763536323812
-155.001166666667,58.2931666666667,2.65,-0.4,"86 km NNW of Karluk, Alaska",1763536237850
-116.767166666667,33.7126666666667,16.24,0.75,"5 km SW of Idyllwild, CA",1763535853110
-111.9365,39.53,9.56,1.13,"7 km WSW of Levan, Utah",1763535714360
-149.6041259765625,61.74746322631836,30.27433204650879,1.815040350473029,"13 km N of Meadow Lakes, Alaska",1763535616174
-116.2845,33.0245,7.77,0.64,"19 km SW of Ocotillo Wells, CA",1763535555700
-151.42323303222656,60.32978820800781,58.63871765136719,1.7287260752371632,"7 km SW of Cohoe, Alaska",1763535541055
-120.785833333333,35.554,4.99,0.84,"7 km W of Templeton, CA",1763535407770
-122.816665649414,38.829833984375,1.98000001907349,0.79,"8 km NW of The Geysers, CA",1763535011590
-110.423,44.7638333333333,2.17,0.24,"32 km SE of Mammoth, Wyoming",1763534929180
-125.860166666667,40.4061666666667,10.0,2.95,"134 km W of Petrolia, CA",1763534895060
-169.913,52.8021666666667,5.87,1.1,"72 km WSW of Nikolski, Alaska",1763534610380
-75.3162,-37.9342,10.0,5.0,"150 km WSW of Lebu, Chile",1763534340968
-116.8085,33.7095,16.11,0.61,"9 km ESE of Valle Vista, CA",1763533653190
-102.209,32.092,7.2021,0.6,"16 km NW of Midland, Texas",1763533543558
-152.32212829589844,59.07593536376953,35.84905242919922,2.1266072582285864,"38 km SW of Nanwalek, Alaska",1763533380598
-104.0,31.525,7.074,1.5,"30 km NW of Toyah, Texas",1763533305905
-116.713333333333,33.6833333333333,15.68,0.89,"6 km S of Idyllwild, CA",1763533173090
-103.997,31.52,7.4329,1.8,"29 km NW of Toyah, Texas",1763533134479
-122.81583404541,38.8303337097168,1.91999995708466,1.12,"8 km NW of The Geysers, CA",1763533118690
-118.337333333333,35.0106666666667,9.71,0.61,"16 km WSW of Mojave, CA",1763533013130
-112.164833333333,41.5196666666667,8.65,0.85,"5 km SW of Corinne, Utah",1763532718780
-112.158833333333,41.5151666666667,4.27,0.66,"5 km SW of Corinne, Utah",1763532616420
-101.596,32.321,3.5889,0.8,"13 km NW of Big Spring, Texas",1763532590755
-110.693,44.3961666666667,3.1,1.34,"44 km SE of West Yellowstone, Montana",1763532461690
-120.783166666667,35.5515,4.6,0.84,"7 km W of Templeton, CA",1763532349120
-100.659,32.753,7.1045,1.0,"16 km NE of Hermleigh, Texas",1763531840241
-153.0445,60.0491666666667,1.49,-0.57,"66 km ENE of Pedro Bay, Alaska",1763531834130
-151.01942443847656,60.06900787353516,58.94914245605469,2.125103316722917,"23 km N of Fox River, Alaska",1763531556764
-102.209,32.092,7.251,0.9,"16 km NW of Midland, Texas",1763531487696
-150.20030212402344,62.70041275024414,73.32747650146484,1.9343147033590697,"28 km N of Chase, Alaska",1763531421789
-117.222333333333,33.9723333333333,11.66,0.64,"5 km N of Moreno Valley, CA",1763531335780
-165.80386352539062,53.47664260864258,23.45600700378418,2.39982199582565,"65 km SE of Unalaska, Alaska",1763531206191
-98.5177,38.9029,5.0,2.7,"8 km NE of Dorrance, Kansas",1763531084644
-141.21510314941406,60.24335098266602,10.111620903015137,1.8256138241922732,"113 km NW of Yakutat, Alaska",1763530963448
-122.81566619873,38.8301658630371,1.94000005722046,0.76,"8 km NW of The Geysers, CA",1763530749030
-147.56214904785156,62.15523147583008,23.303808212280273,1.8299298718418455,"31 km NW of Eureka Roadhouse, Alaska",1763530546212
-159.6672,54.3754,34.853,3.0,"119 km SSE of Sand Point, Alaska",1763530528399
-97.397,34.008,18.37,1.36,"14 km NNE of Leon, Oklahoma",1763530309140
-117.687666666667,33.8355,6.66,0.83,"12 km WSW of Corona, CA",1763530122200
-117.796333333333,35.366,4.12,0.92,"15 km W of Johannesburg, CA",1763530078150
-118.784833333333,38.0451666666667,10.94,1.52,"27 km SE of Bodie, CA",1763530052280
-116.6415,33.4143333333333,5.3,0.23,"15 km N of Warner Springs, CA",1763529889450
-151.2157745361328,60.22415924072266,7.493794918060303,1.628377738938821,"9 km E of Clam Gulch, Alaska",1763529572381
-149.30462646484375,61.78935623168945,16.339153289794922,2.0852306737824815,"6 km NW of Fishhook, Alaska",1763529257539
-153.0865,60.0468333333333,0.16,-0.58,"63 km ENE of Pedro Bay, Alaska",1763529160170
-151.79049682617188,63.39250946044922,10.586800575256348,1.4768246506232392,"16 km SSW of Denali National Park, Alaska",1763529100614
-101.665,31.731,6.1768,0.8,"22 km SW of Garden City, Texas",1763528761220
-152.10618591308594,60.03383255004883,80.85084533691406,1.3355039946304035,"22 km WNW of Happy Valley, Alaska",1763528669614
-116.930333333333,33.4055,12.91,0.43,"7 km SW of Aguanga, CA",1763528429020
-151.71923828125,63.38138580322266,8.227740287780762,1.5396282277605737,"17 km S of Denali National Park, Alaska",1763528281036
-151.64732360839844,60.77000427246094,69.61873626708984,1.6722895110294778,"21 km WNW of Nikiski, Alaska",1763527639159
-97.58633333,34.28533333,6.86,1.31,"9 km ESE of Loco, Oklahoma",1763527597310
-152.28114318847656,60.27562713623047,82.42529296875,1.4591020107243997,"42 km NW of Ninilchik, Alaska",1763527465339
-150.19285583496094,60.70826721191406,33.81095886230469,2.2679926913322337,"31 km NW of Cooper Landing, Alaska",1763527182144
-153.100666666667,60.0281666666667,4.7,-0.5,"62 km ENE of Pedro Bay, Alaska",1763526969040
-112.155833333333,41.517,4.45,0.88,"5 km SW of Corinne, Utah",1763526965710
-122.798833333333,38.8355,2.55,0.39,"7 km WNW of Cobb, CA",1763526944660
-153.0865,60.0396666666667,-2.25,-0.83,"63 km ENE of Pedro Bay, Alaska",1763526908430
-122.796501159668,38.8380012512207,2.25999999046326,0.77,"7 km WNW of Cobb, CA",1763526843960
-122.796669006348,38.8368339538574,2.24000000953674,0.21,"7 km WNW of Cobb, CA",1763526817150
-122.798164367676,38.8359985351562,1.95000004768372,1.26,"7 km WNW of Cobb, CA",1763526792430
-112.1545,41.5191666666667,1.66,1.05,"5 km SW of Corinne, Utah",1763526774240
-122.796836853027,38.8373336791992,2.3199999332428,2.31,"7 km WNW of Cobb, CA",1763526760710
-112.157666666667,41.5156666666667,2.12,0.89,"5 km SW of Corinne, Utah",1763526733910
-117.008333333333,33.6473333333333,12.27,0.63,"10 km SE of Winchester, CA",1763526725020
-151.843017578125,62.3128890991211,93.81713104248047,1.955124376328767,"42 km NNW of Skwentna, Alaska",1763526708073
-151.36715698242188,62.94361877441406,106.68911743164062,1.8522638580715656,"58 km NNW of Petersville, Alaska",1763526668037
-151.37451171875,63.13821792602539,5.400632381439209,1.7649530377099514,"48 km SSE of Denali National Park, Alaska",1763526494189
-98.7625,36.46033333,7.99,1.87,"17 km SE of Waynoka, Oklahoma",1763526412679
-117.428166666667,34.219,14.9,0.69,"2 km W of Devore, CA",1763525855200
-122.7685,38.7881666666667,1.19,0.21,"2 km NW of The Geysers, CA",1763525502480
-122.727333068848,38.7573318481445,3.07999992370605,1.06,"3 km SE of The Geysers, CA",1763525012490
-101.808,32.138,7.251,0.7,"2 km WNW of Stanton, Texas",1763524978738
-153.2435302734375,60.13394546508789,136.44374084472656,1.9945833090389964,"60 km E of Port Alsworth, Alaska",1763524688538
-122.817832946777,38.8278350830078,1.35000002384186,0.72,"8 km NW of The Geysers, CA",1763524648490
-122.80899810791,38.8246650695801,2.75,1.36,"7 km NW of The Geysers, CA",1763524147670
-100.874,32.965,6.5186,1.0,"27 km N of Snyder, Texas",1763524081063
-142.97134399414062,60.43698501586914,14.20737361907959,1.607550552274745,"111 km S of McCarthy, Alaska",1763523984867
-122.48483333333333,47.746833333333335,28.5,1.1500000000000001,"3 km E of Indianola, Washington",1763523975090
-103.983,31.611,7.3688,2.1,"37 km NNW of Toyah, Texas",1763523743727
-122.736333333333,38.772,0.69,0.3,"2 km ESE of The Geysers, CA",1763523738660
-155.395333333333,19.25,30.83,1.76,"10 km ENE of Pāhala, Hawaii",1763523702130
-117.0125,33.6451666666667,12.75,0.87,"10 km SE of Winchester, CA",1763523593760
-150.29689025878906,60.7297477722168,35.7112922668457,1.446892656395097,"30 km SE of Point Possession, Alaska",1763523242317
-136.83192443847656,58.1354866027832,13.274391174316406,3.037691081008454,"29 km WSW of Elfin Cove, Alaska",1763522926900
-102.141,32.423,8.5693,2.3,"38 km ENE of McKinney Acres, Texas",1763522525129
-147.74383544921875,61.0051383972168,0.0,1.52553102297386,"57 km ENE of Whittier, Alaska",1763522476027
-122.818,38.835,2.0,0.3,"8 km W of Cobb, CA",1763522202140
-159.43572998046875,55.34043121337891,11.163310050964355,2.607742643272527,"62 km S of Ivanof Bay, Alaska",1763522190415
-119.024333333333,37.6223333333333,2.27,0.3,"4 km WSW of Mammoth Lakes, CA",1763521801270
-119.021,37.6211666666667,2.81,1.05,"4 km WSW of Mammoth Lakes, CA",1763521770850
-175.9774932861328,51.49199295043945,36.12995529174805,3.288193984103167,"62 km SE of Adak, Alaska",1763521626108
-122.807833333333,38.8353333333333,2.1,0.33,"7 km WNW of Cobb, CA",1763521345370
-155.499328613281,19.170166015625,32.7299995422363,1.9,"4 km SSW of Pāhala, Hawaii",1763521264200
-147.78759765625,60.38983154296875,4.196297645568848,2.036031636552958,"38 km NNE of Chenega, Alaska",1763521123370
-116.899,33.7776666666667,6.24,0.6,"3 km N of Valle Vista, CA",1763520659850
-160.00347900390625,54.55595016479492,20.729707717895508,2.7665417878725145,"92 km SSE of Sand Point, Alaska",1763520657722
-157.1432342529297,55.35142135620117,19.302719116210938,2.762555274112396,"131 km SE of Chignik, Alaska",1763520303471
-110.679166666667,44.6578333333333,5.05,0.09,"33 km E of West Yellowstone, Montana",1763520236480
143.4678,39.2352,10.0,5.0,"133 km ESE of Yamada, Japan",1763518999189
-138.7474822998047,59.36358642578125,14.529284477233887,2.48896701518115,"59 km ESE of Yakutat, Alaska",1763518475527
-150.48052978515625,62.94595336914062,100.90352630615234,2.2808244264205495,"52 km NNE of Petersville, Alaska",1763518097276
-153.21022033691406,59.97239685058594,130.87423706054688,1.4645850910757647,"54 km ENE of Pedro Bay, Alaska",1763517609180
-121.938,37.7638333333333,7.65,1.71,"4 km ESE of San Ramon, CA",1763517157440
-121.655666666667,37.2861666666667,6.76,2.95,"16 km E of Seven Trees, CA",1763516916280
-104.322,31.658,7.1509,1.7,"57 km S of Whites City, New Mexico",1763516334976
-62.7566,10.8709,122.975,5.0,"34 km NNE of Yaguaraparo, Venezuela",1763516333994
-102.023,32.458,8.5693,0.5,"29 km WSW of Ackerly, Texas",1763516058094
-66.9225,17.9386666666667,14.98,2.22,"3 km SSW of Guánica, Puerto Rico",1763515859820
-120.784833333333,35.5528333333333,4.7,1.74,"7 km W of Templeton, CA",1763515750110
-123.149333333333,39.3856666666667,7.14,1.4,"14 km NNE of Redwood Valley, CA",1763515584520
-152.42674255371094,60.38920211791992,85.60929107666016,1.438966169494666,"56 km NW of Ninilchik, Alaska",1763515352969
-155.2585,58.1893333333333,2.64,-0.44,"83 km NW of Karluk, Alaska",1763515091490
-122.739666666667,38.784,0.94,0.24,"2 km ENE of The Geysers, CA",1763514296080
-159.2198486328125,55.32278442382812,6.82376766204834,3.1081275675257287,"65 km S of Perryville, Alaska",1763514022965
-151.0235137939453,62.25641250610352,80.79100036621094,3.583607036597627,"29 km SSW of Petersville, Alaska",1763513987559
-159.59536743164062,55.17454528808594,4.129709243774414,2.3927822560012215,"60 km ESE of Sand Point, Alaska",1763513898624
-155.372,19.188,30.68,1.62,"11 km E of Pāhala, Hawaii",1763513838620
-175.2881,51.5787,34.401,3.1,"98 km ESE of Adak, Alaska",1763513479996
-151.7485809326172,60.65276718139648,76.49828338623047,1.526967053642907,"23 km W of Salamatof, Alaska",1763513346049
125.8645,3.9968,86.404,4.1,"161 km SSE of Sarangani, Philippines",1763513245482
-122.7835,38.8205,1.72,0.4,"5 km W of Cobb, CA",1763513117990
-123.150666666667,39.3861666666667,6.83,1.41,"14 km NNE of Redwood Valley, CA",1763513079010
-117.668833333333,35.0415,-0.79,1.76,"5 km NNW of Boron, CA",1763512954560
-110.441166666667,37.5145,6.05,2.12,"24 km ENE of Halls Crossing, Utah",1763512901860
-155.39190673828125,57.66984176635742,13.485960006713867,1.4010158207843568,"57 km W of Karluk, Alaska",1763511837568
-121.925,46.8655,7.88,0.23,"14 km NE of Ashford, Washington",1763511726220
-120.791,35.5548333333333,6.04,1.41,"8 km W of Templeton, CA",1763511392380
-149.68264770507812,64.36388397216797,4.387990474700928,1.3789822851979878,"24 km W of Anderson, Alaska",1763511053020
-147.36065673828125,64.97014617919922,0.0,1.3026887695020635,"12 km E of Fox, Alaska",1763510943035
-122.778167724609,38.7905006408691,1.0,1.0,"2 km NW of The Geysers, CA",1763510910900
-155.358333333333,58.1721666666667,1.44,-0.67,"85 km NW of Karluk, Alaska",1763510591260
-122.749664306641,38.7975006103516,1.42999994754791,1.08,"2 km NNE of The Geysers, CA",1763509536060
-124.37366666666667,42.3655,-0.53,1.51,"6 km SE of Gold Beach, Oregon",1763508770780
-120.78,35.552,4.71,1.33,"7 km W of Templeton, CA",1763508433930
-155.31695556640625,57.67912673950195,70.70936584472656,1.7351694824738226,"52 km WNW of Karluk, Alaska",1763507971501
-155.493333333333,19.3638333333333,8.94,1.49,"17 km N of Pāhala, Hawaii",1763507593550
-112.898,38.5035,2.16,0.47,"15 km NE of Milford, Utah",1763507311690
-153.0425,60.0275,0.76,-0.33,"65 km ENE of Pedro Bay, Alaska",1763507164700
-152.78517150878906,59.91636657714844,92.83997344970703,1.7107513736886666,"55 km WNW of Anchor Point, Alaska",1763506874655
-118.3765,34.1531666666667,16.39,0.98,"2 km ENE of Studio City, CA",1763506795640
-152.075927734375,62.16509628295898,104.650390625,2.1539445780789555,"40 km WNW of Skwentna, Alaska",1763506746366
-122.2635,47.522333333333336,13.84,1.5,"3 km NNW of Bryn Mawr-Skyway, Washington",1763506244410
-118.538,37.2935,9.82,1.34,"10 km SW of West Bishop, CA",1763506161870
-122.00466666666667,49.10066666666667,-0.71,1.77,"8 km SSW of Chilliwack, Canada",1763505803790
-118.37,34.1525,15.01,0.83,"2 km NW of Universal City, CA",1763505781910
-84.0146,8.8052,10.0,5.4,"56 km WSW of Puerto Cortés, Costa Rica",1763505392992
-147.49163818359375,68.61201477050781,5.50523853302002,3.085277853689987,"96 km WNW of Arctic Village, Alaska",1763505289303
-122.822830200195,38.8418350219727,1.85000002384186,0.71,"9 km WNW of Cobb, CA",1763504942610
-153.085,60.0446666666667,-0.86,-0.74,"63 km ENE of Pedro Bay, Alaska",1763504817350
-122.781166666667,38.8131666666667,1.49,0.31,"5 km NNW of The Geysers, CA",1763503541550
-152.82044982910156,59.89200210571289,89.05310821533203,3.041154473918687,"56 km WNW of Anchor Point, Alaska",1763503038667
-140.60305786132812,61.16704177856445,10.24374008178711,1.5383216890213536,"127 km ESE of McCarthy, Alaska",1763502934519
-121.94,37.7541666666667,7.37,1.31,"4 km SE of San Ramon, CA",1763502781240
-122.816833496094,38.8356666564941,1.75,0.71,"8 km W of Cobb, CA",1763502671930
-116.4275,33.4761666666667,13.0,1.41,"23 km SSW of La Quinta, CA",1763502597030
-121.9455,37.7631666666667,8.06,0.63,"3 km ESE of San Ramon, CA",1763502021150
-176.55584716796875,51.74199295043945,58.96525573730469,2.0120046262215143,"15 km SSE of Adak, Alaska",1763501924334
-91.5178,-40.3837,10.0,4.7,West Chile Rise,1763501150296
-161.14520263671875,54.90412902832031,55.28202819824219,2.2462581181952674,"63 km SW of Sand Point, Alaska",1763500827099
-122.2485,37.8606666666667,7.16,0.79,"3 km ESE of Berkeley, CA",1763500652720
-152.5960693359375,59.70827865600586,80.72974395751953,1.6317311863563337,"43 km W of Anchor Point, Alaska",1763500493487
-147.5200653076172,64.75537109375,11.869670867919922,1.4360989802231137,"5 km S of Badger, Alaska",1763499787508
-159.9297,54.7915,13.324,2.1,"70 km SSE of Sand Point, Alaska",1763499633443
-152.5349884033203,59.5618667602539,77.04219055175781,2.251656354465897,"41 km WNW of Nanwalek, Alaska",1763499426530
-122.772666666667,38.8003333333333,1.7,0.01,"3 km NNW of The Geysers, CA",1763499045910
-123.40583333333333,44.590666666666664,-0.51,1.6300000000000001,"6 km NNW of Philomath, Oregon",1763499029750
-122.765,38.7883333333333,2.42,0.58,"1 km NNW of The Geysers, CA",1763498864580
-120.7825,35.5511666666667,4.54,1.0,"7 km W of Templeton, CA",1763498609340
-120.790166666667,35.5588333333333,4.84,1.09,"8 km W of Templeton, CA",1763498526030
-110.846166666667,44.7948333333333,4.79,1.37,"23 km SSW of Mammoth, Wyoming",1763498492870
-147.63861083984375,63.17518615722656,5.023242950439453,1.3987539396593087,"70 km ESE of Cantwell, Alaska",1763498448837
-120.7845,35.5541666666667,4.44,1.13,"7 km W of Templeton, CA",1763498184230
-112.899666666667,38.5048333333333,1.97,1.61,"15 km NE of Milford, Utah",1763497939260
-155.639166666667,19.1868333333333,8.33,2.01,"13 km NNW of Wai‘ōhinu, Hawaii",1763497347230
-149.88677978515625,60.92066955566406,33.08329391479492,1.8307200790210192,"13 km W of Hope, Alaska",1763497303307
-179.863,-17.9896,573.704,4.1,"87 km E of Levuka, Fiji",1763496905183
-103.981,31.609,7.1765,1.6,"37 km NNW of Toyah, Texas",1763496891229
-122.13566666666667,46.547333333333334,-1.08,1.46,"10 km E of Morton, Washington",1763496041590
-155.353333333333,19.3911666666667,8.53,1.73,"13 km WSW of Volcano, Hawaii",1763495935910
-70.1341,-24.6314,56.42,4.1,"92 km NNE of Taltal, Chile",1763495882493
-122.843002319336,38.8236656188965,1.41999995708466,0.94,"9 km NW of The Geysers, CA",1763495867250
-120.774666666667,35.5481666666667,5.42,0.84,"6 km W of Templeton, CA",1763495585990
-148.83657836914062,63.23736953735352,68.58302307128906,2.248422800910647,"18 km SSE of Cantwell, Alaska",1763495578217
-121.809666666667,37.5023333333333,6.54,1.37,"12 km NE of Milpitas, CA",1763495393940
159.8714,51.4687,10.0,4.3,"191 km SSE of Vilyuchinsk, Russia",1763495266015
-140.65133666992188,61.1750717163086,9.534431457519531,1.761962260859611,"125 km ESE of McCarthy, Alaska",1763495144911
-101.51,32.14,6.3721,1.1,"12 km SSW of Big Spring, Texas",1763495012038
-118.366166666667,34.1521666666667,15.64,0.99,"2 km NW of Universal City, CA",1763494972310
-97.206,34.50033333,0.0,1.28,"7 km W of Davis, Oklahoma",1763494100359
-153.0905,60.0655,3.48,-0.7,"64 km ENE of Pedro Bay, Alaska",1763494082940
-122.16033333333333,49.095166666666664,-0.71,1.07,"7 km ENE of Abbotsford, Canada",1763494017710
-116.437,33.46,2.29,0.98,"23 km NNW of Borrego Springs, CA",1763494001620
-155.3615,58.1718333333333,1.67,-0.16,"86 km NW of Karluk, Alaska",1763493810910
-120.789,35.5566666666667,6.16,1.84,"8 km W of Templeton, CA",1763493261610
-120.7815,35.5553333333333,4.23,0.84,"7 km W of Templeton, CA",1763493234750
-121.948166666667,37.762,8.05,1.05,"3 km SE of San Ramon, CA",1763493232620
-120.787833333333,35.5515,6.19,1.06,"7 km W of Templeton, CA",1763493074310
-122.814834594727,38.8311653137207,2.16000008583069,0.96,"8 km NW of The Geysers, CA",1763492852690
-116.439666666667,33.4561666666667,4.56,1.48,"23 km NNW of Borrego Springs, CA",1763492666730
-117.484,34.2476666666667,6.82,1.46,"2 km SE of Lytle Creek, CA",1763492337710
-152.172833333333,61.2831666666667,26.6,-0.09,"60 km WNW of Tyonek, Alaska",1763491961760
-96.86816667,34.384,0.0,1.14,"4 km WSW of Mill Creek, Oklahoma",1763491751169
-122.842330932617,38.8235015869141,1.4099999666214,0.74,"9 km NW of The Geysers, CA",1763491343340
-160.3121,54.5468,11.214,2.5,"88 km S of Sand Point, Alaska",1763490720883
-103.733,31.117,5.7922,1.9,"14 km N of Balmorhea, Texas",1763490659965
-120.784333333333,35.5546666666667,4.38,1.06,"7 km W of Templeton, CA",1763490564370
-122.756500244141,38.7801666259766,1.37999999523163,0.88,"0 km N of The Geysers, CA",1763490484680
-142.26943969726562,66.06385803222656,4.722712516784668,2.754466970962197,"85 km ENE of Circle, Alaska",1763490334296
-153.410333333333,59.3631666666667,3.41,-0.27,"61 km SE of Pedro Bay, Alaska",1763490077580
-122.26333333333334,47.52633333333333,12.56,1.6500000000000001,"3 km NNW of Bryn Mawr-Skyway, Washington",1763490060820
-95.83066667,36.24683333,0.0,1.35,"3 km SE of Owasso, Oklahoma",1763490014660
-120.786666666667,35.5558333333333,5.45,0.8,"7 km W of Templeton, CA",1763489866180
-120.790333333333,35.5523333333333,4.75,2.3,"8 km W of Templeton, CA",1763489387540
-120.781833333333,35.5525,5.13,0.75,"7 km W of Templeton, CA",1763489260430
-120.7865,35.5518333333333,4.58,2.17,"7 km W of Templeton, CA",1763489178530
-120.785833333333,35.5533333333333,5.25,0.83,"7 km W of Templeton, CA",1763488962790
-120.784333333333,35.5528333333333,4.59,1.13,"7 km W of Templeton, CA",1763488849930
-99.055,28.634,9.2979,1.8,"11 km ESE of Dilley, Texas",1763488771070
-115.2316,37.2927,6.4637,1.82,"9 km SW of Alamo, Nevada",1763488749082
-120.787833333333,35.5528333333333,4.92,4.11,"7 km W of Templeton, CA",1763488470480
-147.59002685546875,61.12561798095703,0.0,1.7555908592229859,"57 km WNW of Tatitlek, Alaska",1763488316379
-122.736663818359,38.7724990844727,1.07000005245209,1.0,"2 km ESE of The Geysers, CA",1763488202390
-115.982,33.7698333333333,3.45,0.93,"20 km ENE of Coachella, CA",1763488167260
-101.076,32.137,8.7402,2.4,"24 km SSW of Westbrook, Texas",1763487388308
-160.06033325195312,54.58289337158203,12.562138557434082,2.4320476595282043,"88 km SSE of Sand Point, Alaska",1763487131222
-122.822333333333,38.818,2.7,0.11,"7 km NW of The Geysers, CA",1763487091920
-169.543166666667,52.9503333333333,-1.7,1.41,"45 km W of Nikolski, Alaska",1763486561240
-122.842666625977,38.8238334655762,1.30999994277954,0.73,"9 km NW of The Geysers, CA",1763486519550
-122.777168273926,38.7873344421387,3.90000009536743,0.58,"2 km WNW of The Geysers, CA",1763486146480
-103.983,31.61,7.4841,1.8,"37 km NNW of Toyah, Texas",1763485773230
-150.53233337402344,63.25068664550781,115.38170623779297,1.8295590224248166,"67 km ESE of Denali National Park, Alaska",1763485399189
-103.98,31.611,7.1765,1.5,"37 km NNW of Toyah, Texas",1763485341039
-153.16473388671875,60.16203308105469,141.58688354492188,2.180612389210613,"64 km E of Port Alsworth, Alaska",1763485229775
-150.50682067871094,62.30476379394531,7.790841579437256,2.2035767941592557,"14 km W of Trapper Creek, Alaska",1763485072412
-116.625166666667,33.454,9.24,1.36,"12 km SSE of Anza, CA",1763484916080
-155.282666666667,58.181,1.45,-0.27,"84 km NW of Karluk, Alaska",1763484900650
-110.834666666667,44.7923333333333,4.14,0.48,"23 km SSW of Mammoth, Wyoming",1763484607610
-101.806,32.295,5.2979,0.6,"18 km N of Stanton, Texas",1763483085787
-155.1375732421875,56.91948318481445,9.09234619140625,2.2104113835960884,"58 km W of Akhiok, Alaska",1763482987352
-116.729333333333,33.5316666666667,3.73,0.48,"6 km WSW of Anza, CA",1763482960950
-101.0,32.096,7.3486,1.6,"28 km S of Westbrook, Texas",1763482939830
-122.7205,38.7721666666667,1.1,-0.04,"2 km W of Anderson Springs, CA",1763481538460
-153.72412109375,56.99390029907227,16.375064849853516,2.3640902756218307,"27 km E of Akhiok, Alaska",1763480927720
50.0569,28.1992,10.0,4.4,"114 km SW of Bushehr, Iran",1763480794876
-103.73,31.119,3.6389,1.7,"14 km N of Balmorhea, Texas",1763480569657
-122.775833129883,38.8011665344238,1.21000003814697,1.07,"3 km NNW of The Geysers, CA",1763480529710
-107.473,39.6362,12.847,2.1,"7 km NNW of Chacra, Colorado",1763480476106
65.7397,-11.9799,10.0,5.3,Mid-Indian Ridge,1763480129949
-119.018666666667,37.6096666666667,0.6,1.09,"5 km SW of Mammoth Lakes, CA",1763479982140
-101.691,32.011,8.4717,1.2,"16 km SE of Stanton, Texas",1763478932429
-101.08,32.138,8.8135,2.0,"24 km SSW of Westbrook, Texas",1763478834872
130.1837,0.2821,20.713,4.3,"67 km NNW of Waisai, Indonesia",1763478657416
-121.544666666667,36.7976666666667,7.78,1.47,"5 km S of San Juan Bautista, CA",1763478536320
-101.191,32.182,8.8135,2.2,"16 km SE of Coahoma, Texas",1763478140853
-153.080666666667,60.051,-0.04,-0.6,"64 km ENE of Pedro Bay, Alaska",1763477211260
-179.8643,-23.2427,569.531,4.6,south of the Fiji Islands,1763476949465
-152.37213134765625,60.53828430175781,90.1236801147461,1.6591003263497979,"58 km W of Salamatof, Alaska",1763476735440
-169.877666666667,52.8063333333333,5.55,1.43,"70 km WSW of Nikolski, Alaska",1763476519450
-110.681666666667,44.6765,6.14,0.29,"33 km S of Mammoth, Wyoming",1763476260380
-160.1424,54.4404,35.0,2.9,"102 km SSE of Sand Point, Alaska",1763476163545
-62.4106,-60.1288,10.0,4.9,Drake Passage,1763475811480
-122.770668029785,38.7883338928223,4.71000003814697,0.74,"2 km NW of The Geysers, CA",1763475646230
168.5147,-13.0928,592.201,4.0,"135 km NE of Sola, Vanuatu",1763475548542
-116.8155,33.976,13.65,1.5,"7 km NNW of Cabazon, CA",1763475485730
-66.8283333333333,17.9966666666667,14.98,2.37,"0 km WNW of Indios, Puerto Rico",1763475469280
-121.940833333333,37.7565,7.53,1.72,"4 km SE of San Ramon, CA",1763475147170
-116.439833333333,33.4608333333333,1.97,1.01,"24 km NNW of Borrego Springs, CA",1763474859450
-153.4745,59.3523333333333,0.95,-0.45,"60 km SE of Pedro Bay, Alaska",1763474760810
-151.31597900390625,62.90007400512695,121.99517822265625,1.9771745289863427,"53 km NNW of Petersville, Alaska",1763474318473
150.4086,-6.3636,10.0,4.3,"94 km SSE of Kimbe, Papua New Guinea",1763474134286
-116.405,33.9861666666667,1.82,1.51,"9 km ENE of Desert Hot Springs, CA",1763474058250
-103.346,31.053,4.9207,1.6,"34 km SW of Coyanosa, Texas",1763473601184
-151.2921142578125,63.13571548461914,4.179422378540039,1.8919081412580656,"50 km SSE of Denali National Park, Alaska",1763473398377
-153.095666666667,60.0181666666667,1.46,-0.84,"62 km ENE of Pedro Bay, Alaska",1763472216500
-117.415166666667,34.1513333333333,6.57,0.43,"6 km NW of Rialto, CA",1763471916670
-122.816833496094,38.808666229248,2.85999989509583,1.09,"6 km WNW of The Geysers, CA",1763471749620
-102.083,32.354,7.7393,0.8,"37 km NW of Stanton, Texas",1763471613629
-102.094,32.01,6.3721,0.7,"2 km NW of Midland, Texas",1763471366364
-122.1915,46.20166666666667,4.55,1.29,"37 km NNE of Amboy, Washington",1763471124360
-121.939,37.7526666666667,8.11,1.09,"5 km SE of San Ramon, CA",1763469850930
178.00942993164062,51.67026138305664,52.67435073852539,3.703956940999132,"Rat Islands, Aleutian Islands, Alaska",1763469631892
13.6198,40.774,406.415,4.2,"16 km E of Ventotene, Italy",1763469365621
-116.061333333333,33.2333333333333,3.4,2.42,"12 km NNE of Ocotillo Wells, CA",1763468709810
-104.276,31.657,7.1765,1.9,"58 km S of Whites City, New Mexico",1763468378808
-101.913,32.37,6.5674,0.7,"25 km SW of Ackerly, Texas",1763468296891
-116.082166666667,33.7973333333333,0.67,0.97,"15 km NE of Indio, CA",1763468268940
-122.801330566406,38.7916679382324,0.600000023841858,1.06,"4 km WNW of The Geysers, CA",1763468084940
-110.841,44.7926666666667,5.01,1.03,"23 km SSW of Mammoth, Wyoming",1763467942360
-168.125666666667,53.3353333333333,7.67,0.63,"66 km NE of Nikolski, Alaska",1763467660760
-116.2905,33.0295,7.49,1.13,"19 km SW of Ocotillo Wells, CA",1763467340770
-121.942333333333,37.762,8.73,0.98,"4 km ESE of San Ramon, CA",1763467171280
-102.106,32.356,7.7393,0.6,"39 km NW of Stanton, Texas",1763466787129
-122.854499816895,38.8238334655762,2.65000009536743,0.88,"10 km WNW of The Geysers, CA",1763466503070
-122.781997680664,38.8173332214355,1.61000001430511,1.08,"5 km NNW of The Geysers, CA",1763465304140
-122.772003173828,38.7878341674805,1.77999997138977,0.82,"2 km NW of The Geysers, CA",1763465189850
-150.7230682373047,61.77953720092773,64.05815124511719,1.754524999717159,"28 km NNW of Susitna, Alaska",1763464841350
-121.943666666667,37.762,8.56,0.96,"4 km ESE of San Ramon, CA",1763464494910
-155.35466003418,19.2901668548584,30.0599994659424,1.86,"16 km NE of Pāhala, Hawaii",1763464414570
-112.900833333333,38.5056666666667,2.15,0.71,"15 km NE of Milford, Utah",1763464167110
-155.2645,58.1885,1.78,-0.39,"84 km NW of Karluk, Alaska",1763463808230
-116.0535,33.2356666666667,3.9,0.85,"11 km SW of Salton City, CA",1763463639770
129.7785,-6.0388,212.643,4.4,Banda Sea,1763463525197
-146.56597900390625,61.01358032226562,7.601637840270996,2.2856627145787054,"17 km SW of Valdez, Alaska",1763463365045
-117.6135,34.1705,10.45,1.07,"6 km NNW of Rancho Cucamonga, CA",1763462315630
-163.6043701171875,53.39582061767578,28.684770584106445,3.1187573899077807,"162 km S of False Pass, Alaska",1763461968142
-122.19683333333333,46.2015,4.64,0.24,"37 km NNE of Amboy, Washington",1763461496870
-103.983,31.614,7.1124,1.9,"37 km NNW of Toyah, Texas",1763461372220
-151.28565979003906,62.92930603027344,108.07781219482422,2.021143007472288,"55 km NNW of Petersville, Alaska",1763460660330
-123.373,39.5653333333333,7.82,1.71,"14 km N of Brooktrails, CA",1763460277580
-154.624666666667,58.3786666666667,5.54,0.06,"90 km N of Karluk, Alaska",1763460217320
-122.191,46.206,4.53,0.54,"38 km NNE of Amboy, Washington",1763459872940
-155.40283203125,19.007833480835,31.0100002288818,1.73,"19 km ESE of Naalehu, Hawaii",1763459571660
-117.391333333333,35.9645,1.48,1.29,"22 km N of Searles Valley, CA",1763459176730
-126.8597,43.3816,10.0,3.9,"201 km W of Bandon, Oregon",1763459078029
-103.981,31.612,7.4969,1.7,"37 km NNW of Toyah, Texas",1763458946510
-126.3506,40.4962,10.0,3.2,"177 km W of Ferndale, California",1763458932707
-118.851333333333,37.5466666666667,7.17,0.37,"15 km SE of Mammoth Lakes, CA",1763458814030
-122.18666666666667,46.20133333333333,6.09,0.31,"38 km NNE of Amboy, Washington",1763458614310
-122.19166666666666,46.20033333333333,5.11,1.05,"37 km NNE of Amboy, Washington",1763458491380
-154.987,58.2896666666667,2.6,-0.2,"86 km NNW of Karluk, Alaska",1763458376050
-121.9475,37.7526666666667,8.71,0.77,"4 km SE of San Ramon, CA",1763458374110
-103.982,31.611,7.1893,1.5,"37 km NNW of Toyah, Texas",1763458339692
-122.1915,46.202,5.1,0.01,"37 km NNE of Amboy, Washington",1763458120750
-154.981166666667,58.2953333333333,3.09,0.02,"86 km NNW of Karluk, Alaska",1763457904460
-104.0,31.521,7.0227,1.5,"30 km NW of Toyah, Texas",1763457787690
-121.941166666667,37.7578333333333,6.67,1.21,"4 km SE of San Ramon, CA",1763457751080
-104.418,31.662,6.0486,1.7,"57 km S of Whites City, New Mexico",1763457095112
-116.518,33.523,13.09,0.63,"15 km ESE of Anza, CA",1763456766580
-121.940666666667,37.7566666666667,6.26,0.59,"4 km SE of San Ramon, CA",1763456756820
-155.499496459961,19.1650009155273,32.1199989318848,1.82,"4 km SSW of Pāhala, Hawaii",1763456550020
-151.53829956054688,61.96270370483398,80.13262939453125,1.9753808367713612,"7 km WSW of Skwentna, Alaska",1763456519382
-101.931,31.768,8.3252,1.2,"28 km SSE of Midland, Texas",1763456095345
-160.1568,54.3324,10.0,2.6,"113 km S of Sand Point, Alaska",1763455941436
-122.755668640137,38.7916679382324,0.409999996423721,1.01,"2 km N of The Geysers, CA",1763455471130
-112.8985,38.5053333333333,2.07,0.64,"15 km NE of Milford, Utah",1763455191970
-146.2346954345703,65.82527923583984,11.248650550842285,2.108137504221125,"51 km SSW of Birch Creek, Alaska",1763455134417
-146.6043243408203,61.51179122924805,14.498291015625,1.998328373924976,"44 km NNW of Valdez, Alaska",1763454438382
-149.77626037597656,61.70706939697266,18.844284057617188,2.1409138151858165,"8 km NNE of Houston, Alaska",1763454273018
-103.982,31.61,7.2406,1.5,"37 km NNW of Toyah, Texas",1763454130569
142.7404,40.8514,44.206,4.9,"110 km NE of Kuji, Japan",1763454081100
-155.496170043945,19.1603336334229,31.5200004577637,1.7,"5 km SSW of Pāhala, Hawaii",1763453772390
-121.945333333333,37.7573333333333,9.0,2.58,"4 km SE of San Ramon, CA",1763453282230
-122.797,38.8078333333333,3.57,0.36,"5 km NW of The Geysers, CA",1763453136580
-151.36495971679688,60.47306442260742,61.49395751953125,1.9178957114053545,"7 km NW of Kalifornsky, Alaska",1763452642933
-117.666166666667,35.8413333333333,5.14,1.25,"24 km ESE of Little Lake, CA",1763452031680
-168.126833333333,53.3321666666667,7.45,1.04,"65 km NE of Nikolski, Alaska",1763451913350
-123.335833333333,39.3545,4.95,1.29,"6 km SSE of Willits, CA",1763451692460
-122.830169677734,38.8181648254395,3.84999990463257,0.72,"8 km NW of The Geysers, CA",1763451142060
-160.2659,54.4062,10.0,2.6,"104 km S of Sand Point, Alaska",1763451071216
-121.935166666667,37.756,6.86,1.35,"5 km SE of San Ramon, CA",1763450688020
-147.65402221679688,61.2315444946289,10.824017524719238,1.6405633740840881,"64 km S of Glacier View, Alaska",1763450548369
-116.309,33.3083333333333,10.94,1.25,"8 km NE of Borrego Springs, CA",1763450371290
-155.123166666667,58.235,4.13,-0.9,"84 km NNW of Karluk, Alaska",1763450128040
-66.9981,-24.0656,183.36,4.9,"71 km WNW of San Antonio de los Cobres, Argentina",1763449892343
-121.937333333333,37.757,7.2,1.25,"4 km SE of San Ramon, CA",1763449869210
-160.1035,54.3629,10.0,4.5,"111 km SSE of Sand Point, Alaska",1763449705709
-121.936166666667,37.7583333333333,6.98,0.85,"4 km ESE of San Ramon, CA",1763449572340
-165.59786987304688,53.74638748168945,55.00937271118164,2.3495112698710963,"44 km SSE of Akutan, Alaska",1763449514893
-121.940833333333,37.7541666666667,7.82,1.55,"4 km SE of San Ramon, CA",1763449231440
-153.089833333333,60.0158333333333,1.2,-0.63,"62 km ENE of Pedro Bay, Alaska",1763449230220
-121.943333333333,37.7561666666667,6.61,1.6,"4 km SE of San Ramon, CA",1763449019430
-121.940333333333,37.757,7.49,1.74,"4 km SE of San Ramon, CA",1763448985810
-121.937,37.7576666666667,7.15,1.13,"4 km SE of San Ramon, CA",1763448977950
-122.812164306641,38.8366661071777,1.99000000953674,0.66,"8 km WNW of Cobb, CA",1763448974850
-121.940166666667,37.7548333333333,6.62,1.17,"4 km SE of San Ramon, CA",1763448891370
-155.4825,19.1196666666667,34.23,1.86,"9 km S of Pāhala, Hawaii",1763448753810
-121.936666666667,37.7575,6.96,0.76,"4 km SE of San Ramon, CA",1763448739430
-152.3345489501953,60.39586639404297,86.99069213867188,1.8574301536405473,"53 km NW of Ninilchik, Alaska",1763448615596
-121.951666666667,37.7555,9.34,3.29,"4 km SE of San Ramon, CA",1763448454330
-176.154,51.3446,35.0,2.5,"67 km SSE of Adak, Alaska",1763447976312
-155.4785,19.898,28.27,1.91,"19 km SW of Pa‘auilo, Hawaii",1763447565540
-121.945166666667,37.7573333333333,7.13,1.09,"4 km SE of San Ramon, CA",1763446471070
-121.947166666667,37.759,6.98,0.68,"4 km SE of San Ramon, CA",1763446463700
-117.7715,36.0266666666667,1.29,1.19,"16 km NE of Little Lake, CA",1763445657980
-117.771666666667,36.0233333333333,1.45,1.13,"16 km NE of Little Lake, CA",1763445654620
-159.8706,54.8906,35.0,2.9,"63 km SE of Sand Point, Alaska",1763445544299
-102.16,31.576,8.7158,1.6,"26 km NE of Crane, Texas",1763445429773
-116.431833333333,33.4596666666667,10.74,1.34,"23 km NNW of Borrego Springs, CA",1763445141980
-116.4315,33.4626666666667,10.47,1.14,"24 km NNW of Borrego Springs, CA",1763445111430
-178.7406,-20.8634,598.757,4.3,Fiji region,1763444901440
-167.6474,52.5312,8.418,2.6,"93 km ESE of Nikolski, Alaska",1763442979624
-178.6674,51.2422,7.792,2.9,"157 km WSW of Adak, Alaska",1763442819603
-104.31,31.65,1.9086,1.6,"58 km S of Whites City, New Mexico",1763442603742
-177.9215,51.5988,60.59,3.1,"94 km WSW of Adak, Alaska",1763442531094
-115.842666666667,33.5228333333333,6.92,1.19,"9 km E of North Shore, CA",1763442380570
-104.416,31.68,6.4075,1.5,"55 km S of Whites City, New Mexico",1763441666211
-101.648,32.092,6.7627,0.8,"13 km ESE of Stanton, Texas",1763441577029
-163.996833333333,54.747,4.18,0.94,"39 km WSW of False Pass, Alaska",1763441401070
-152.002166666667,61.5301666666667,2.19,-0.21,"60 km SSW of Skwentna, Alaska",1763441333950
-123.786833333333,40.0291666666667,18.15,2.01,"11 km SSE of Redway, CA",1763441138940
-159.449666666667,56.1956666666667,22.44,1.38,"32 km N of Ivanof Bay, Alaska",1763440665540
-101.491,32.094,8.5205,1.1,"11 km W of Forsan, Texas",1763440593495
-104.419,31.686,6.3049,2.0,"54 km S of Whites City, New Mexico",1763440176410
84.5712,32.6106,10.0,4.2,western Xizang,1763439345183
-122.838666666667,38.8358333333333,2.4,0.29,"10 km NW of The Geysers, CA",1763438629590
-155.218505859375,19.3080005645752,0.189999997615814,1.75,"15 km S of Volcano, Hawaii",1763438355330
-146.89083862304688,61.18345260620117,0.0,1.7688505485966863,"29 km W of Valdez, Alaska",1763437854481
-149.6867218017578,62.24269104003906,56.4449691772461,1.9403863668374612,"12 km NE of Susitna North, Alaska",1763437221878
-122.796669006348,38.8343315124512,2.00999999046326,1.2,"7 km WNW of Cobb, CA",1763437040990
-163.982666666667,54.7386666666667,4.14,1.32,"38 km WSW of False Pass, Alaska",1763436871160
-112.8985,38.5088333333333,1.62,0.71,"15 km NE of Milford, Utah",1763436754480
-152.81304931640625,60.12004852294922,93.67727661132812,1.528700724061427,"63 km WNW of Happy Valley, Alaska",1763436753921
-104.376,31.651,6.0999,1.8,"58 km S of Whites City, New Mexico",1763436630828
-141.18023681640625,60.29012298583984,0.0,2.4049043836079367,"116 km NW of Yakutat, Alaska",1763435488638
-155.84124755859375,56.82737350463867,9.417473793029785,2.4445229311285597,"102 km W of Akhiok, Alaska",1763434526171
-151.4368896484375,63.33348083496094,11.068461418151855,2.210026824940257,"27 km SSE of Denali National Park, Alaska",1763434145572
-116.4735,33.4968333333333,15.05,0.22,"20 km ESE of Anza, CA",1763433276200
-122.756,38.778,0.94,0.36,"0 km NNE of The Geysers, CA",1763433175450
-116.419166666667,33.2646666666667,4.87,0.88,"4 km WNW of Borrego Springs, CA",1763433165500
-122.817169189453,38.8326683044434,1.80999994277954,1.0,"8 km NW of The Geysers, CA",1763433038550
-64.8383333333333,17.5693333333333,120.68,3.44,"20 km SSW of Saint Croix, U.S. Virgin Islands",1763432655370
-104.377,31.652,6.0999,1.9,"58 km S of Whites City, New Mexico",1763432566493
-122.744499206543,38.7866668701172,1.55999994277954,0.97,"1 km NE of The Geysers, CA",1763432145560
-154.53919982910156,58.9554557800293,128.17379760742188,2.0592382814221097,"55 km SSE of Kokhanok, Alaska",1763431982590
-122.785499572754,38.8246650695801,0.699999988079071,1.09,"5 km W of Cobb, CA",1763431899320
-121.93733333333333,46.866,8.93,0.22,"13 km NNE of Ashford, Washington",1763431753330
142.4373,39.3231,49.641,4.5,"44 km ESE of Yamada, Japan",1763431552928
-112.894,38.5021666666667,1.47,0.6,"15 km NE of Milford, Utah",1763430844180
-159.310333333333,56.263,4.52,0.25,"33 km W of Chignik Lake, Alaska",1763430766170
-141.35325622558594,61.21195602416992,12.86293888092041,2.0494458404399984,"87 km ESE of McCarthy, Alaska",1763430299843
-117.7095,34.173,6.71,1.0,"9 km N of Claremont, CA",1763430066230
-155.21549987793,19.3411674499512,3.21000003814697,1.7,"11 km S of Volcano, Hawaii",1763428518080
-122.766830444336,38.7931671142578,4.03999996185303,1.05,"2 km NNW of The Geysers, CA",1763428493390
-147.4263458251953,64.98759460449219,0.0,1.6948493145663892,"9 km ENE of Fox, Alaska",1763427892054
-111.804833333333,40.8441666666667,7.79,0.59,"7 km ESE of Woods Cross, Utah",1763427734510
-122.796836853027,38.8351669311523,2.09999990463257,1.06,"7 km WNW of Cobb, CA",1763427647940
-149.64593505859375,62.26131820678711,50.1187629699707,2.6662450268385984,"15 km NE of Susitna North, Alaska",1763427387613
-178.0857,-30.4458,46.19,4.9,"Kermadec Islands, New Zealand",1763427307880
-169.883,52.8038333333333,3.02,2.1,"70 km WSW of Nikolski, Alaska",1763427177770
-115.3033,36.2711,6.4605,1.7,"17 km N of Summerlin South, Nevada",1763426342628
-160.1475,54.3139,10.0,3.3,"116 km S of Sand Point, Alaska",1763426314264
-156.27981567382812,58.09731674194336,3.5196962356567383,1.530025036944865,"65 km ESE of Egegik, Alaska",1763426311276
-153.120666666667,60.018,-0.17,-0.82,"60 km ENE of Pedro Bay, Alaska",1763426087880
-104.381,31.65,5.3308,2.1,"58 km S of Whites City, New Mexico",1763425375573
167.1554,-12.4679,241.604,4.6,"161 km NNW of Sola, Vanuatu",1763425195038
-161.70803833007812,54.553955078125,5.118599891662598,2.0333397856795155,"68 km SE of King Cove, Alaska",1763425113188
-104.38,31.656,6.0999,3.0,"57 km S of Whites City, New Mexico",1763425095464
-67.0551,-24.0849,230.52,4.3,"76 km WNW of San Antonio de los Cobres, Argentina",1763424464741
-91.5237,-0.8068,10.0,4.4,"64 km WNW of Puerto Villamil, Ecuador",1763424139726
-117.847166666667,36.0923333333333,2.53,0.81,"11 km ENE of Coso Junction, CA",1763424072680
20.566,39.2865,10.0,4.3,"6 km NNW of Kanaláki, Greece",1763424060055
51.3579,29.4797,10.0,4.1,"26 km NNE of Borāzjān, Iran",1763423657441
142.4791,41.9591,61.265,4.2,"33 km SW of Urakawa, Japan",1763423175555
-122.81733333333334,46.340333333333334,-0.47,1.41,"10 km NE of Castle Rock, Washington",1763423034110
-116.717833333333,33.7048333333333,16.99,0.77,"4 km S of Idyllwild, CA",1763422985020
-109.895166666667,41.5773333333333,-2.39,3.67,"4 km NW of Little America, Wyoming",1763422779590
-101.918,32.123,7.8369,1.3,"12 km W of Stanton, Texas",1763422602396
-117.42133333333334,46.4925,-0.83,1.83,"14 km E of Pomeroy, Washington",1763422024920
-77.8568,-1.321,177.305,4.2,"24 km NE of Puyo, Ecuador",1763421231062
-96.86016667,34.48666667,0.0,1.35,"7 km S of Hickory, Oklahoma",1763421140609
-104.421,31.656,6.0999,2.0,"57 km S of Whites City, New Mexico",1763420738418
-115.2827,35.9968,2.9691,1.99,"4 km SW of Enterprise, Nevada",1763420545256
-122.4975,45.11966666666667,-0.75,1.6300000000000001,"6 km ESE of Molalla, Oregon",1763420145070
-122.786666870117,38.8235015869141,0.270000010728836,1.04,"6 km W of Cobb, CA",1763419724530
-102.206,32.12,3.6133,0.5,"18 km NW of Midland, Texas",1763419708646
-122.715833333333,38.7553333333333,1.88,0.82,"3 km SW of Anderson Springs, CA",1763419400040
-155.466833333333,19.1551666666667,40.61,1.59,"5 km SSE of Pāhala, Hawaii",1763419390470
-122.8,38.8361666666667,2.07,0.73,"7 km WNW of Cobb, CA",1763419354860
-102.196,32.118,6.7627,1.4,"17 km NW of Midland, Texas",1763419189802
-102.195,32.119,6.2988,1.0,"17 km NW of Midland, Texas",1763418980810
-121.90866666666666,48.0845,-0.55,1.41,"4 km E of Granite Falls, Washington",1763418621470
-115.519833333333,32.9518333333333,7.13,1.39,"3 km SSE of Brawley, CA",1763418473150
-126.6968,43.3992,10.0,3.2,"188 km W of Bandon, Oregon",1763418113191
-123.65183333333333,48.469833333333334,20.09,0.9400000000000001,"11 km WNW of Langford, Canada",1763417471650
-122.786003112793,38.8333320617676,2.26999998092651,0.58,"6 km WNW of Cobb, CA",1763417302250
-102.201,32.121,5.1514,1.1,"17 km NW of Midland, Texas",1763417154324
-122.808666666667,38.8041666666667,1.85,-0.08,"5 km WNW of The Geysers, CA",1763416830870
39.92,8.7933,10.0,4.5,"11 km S of Metahāra, Ethiopia",1763416764984
-152.693,60.4945,4.33,-0.13,"75 km NW of Ninilchik, Alaska",1763416445130
-122.735336303711,38.7683334350586,1.61000001430511,1.1,"2 km ESE of The Geysers, CA",1763416363030
-122.728,38.7913333333333,2.02,0.48,"3 km ENE of The Geysers, CA",1763415573590
-122.741833333333,38.7791666666667,0.69,0.25,"1 km E of The Geysers, CA",1763415406750
-66.7441666666667,17.9533333333333,16.7,2.11,"5 km SSW of Tallaboa, Puerto Rico",1763415363210
143.3574,39.6776,10.0,4.0,"121 km E of Miyako, Japan",1763415184637
-103.939,31.577,7.7405,1.6,"32 km NNW of Toyah, Texas",1763415048687
-117.587666666667,34.0226666666667,6.33,1.59,"5 km SE of Ontario, CA",1763414964960
-115.3396,37.5411,12.8355,1.57,"11 km WSW of Hiko, Nevada",1763414788358
24.2442,39.009,10.0,4.5,"29 km WNW of Skýros, Greece",1763413450091
-153.041,60.0138333333333,3.54,-1.29,"64 km ENE of Pedro Bay, Alaska",1763413408130
-163.965166666667,54.7148333333333,8.62,1.2,"38 km WSW of False Pass, Alaska",1763413110880
-154.530666666667,58.4798333333333,9.75,-0.35,"101 km N of Karluk, Alaska",1763412895500
-96.801,34.3695,0.0,1.38,"4 km SSE of Mill Creek, Oklahoma",1763412353259
-163.995666666667,54.748,0.89,0.97,"39 km WSW of False Pass, Alaska",1763412331190
-104.379,31.651,6.0999,2.9,"58 km S of Whites City, New Mexico",1763411853100
-104.381,31.645,6.8176,2.3,"58 km S of Whites City, New Mexico",1763411831129
-104.382,31.656,5.946,3.4,"57 km S of Whites City, New Mexico",1763411797759
-104.42,31.676,6.0999,1.6,"55 km S of Whites City, New Mexico",1763411260801
-67.4595,17.9485,10.97,2.76,"29 km W of Pole Ojea, Puerto Rico",1763411150870
-122.77116394043,38.783332824707,4.26999998092651,0.4,"1 km WNW of The Geysers, CA",1763410966190
-121.473833333333,37.2988333333333,7.03,0.89,"25 km NE of Morgan Hill, CA",1763410428180
-117.690333333333,35.0321666666667,-0.82,1.76,"5 km NW of Boron, CA",1763410179340
-122.785667419434,38.8228340148926,1.73000001907349,1.33,"5 km W of Cobb, CA",1763409883670
-122.774333333333,38.7841666666667,1.95,0.23,"2 km WNW of The Geysers, CA",1763409853170
-116.045166666667,33.0978333333333,9.42,0.78,"10 km ESE of Ocotillo Wells, CA",1763408806270
-115.915166666667,33.9476666666667,2.96,1.22,"26 km SE of Twentynine Palms, CA",1763408420620
-122.80116666666666,42.34583333333333,-1.37,1.83,"6 km ENE of Medford, Oregon",1763407916070
-122.0855,47.81666666666667,20.32,1.41,"2 km ENE of Maltby, Washington",1763407520120
-157.737,56.9001666666667,-0.28,0.29,"71 km SSW of Ugashik, Alaska",1763406951040
-104.294,31.69,7.3816,1.8,"54 km S of Whites City, New Mexico",1763406873111
-117.071333333333,33.8406666666667,14.39,0.87,"8 km ENE of Nuevo, CA",1763406689940
-117.0723333,33.8433333,15.04,0.98,"8 km NE of Nuevo, CA",1763406689860
143.2167,39.7639,17.622,5.2,"110 km E of Miyako, Japan",1763406393260
-155.497161865234,19.1735000610352,32.0900001525879,1.86,"3 km SSW of Pāhala, Hawaii",1763405551640
-118.64,35.3306667,3.64,1.38,"22 km NE of Arvin, CA",1763405024530
-118.6375,35.3305,2.42,1.26,"22 km NE of Arvin, CA",1763405024400
-101.691,31.726,9.1064,1.4,"25 km SW of Garden City, Texas",1763404796782
-122.783833333333,38.838,2.33,0.37,"6 km WNW of Cobb, CA",1763404793670
-83.97,8.8558,10.0,4.7,"50 km WSW of Puerto Cortés, Costa Rica",1763404220629
-101.688,31.724,7.8369,1.8,"24 km SW of Garden City, Texas",1763404040054
-151.1724,60.6189,55.5,2.0,"8 km E of Salamatof, Alaska",1763403856626
-116.2953333,32.9905,5.56,0.84,"23 km SW of Ocotillo Wells, CA",1763403620260
-116.290333333333,32.9881666666667,7.34,0.89,"23 km SW of Ocotillo Wells, CA",1763403620120
-115.9429,38.0915,6.8629,3.16,"52 km NNW of Rachel, Nevada",1763403577219
-116.413,33.5443333,4.02,1.79,"16 km SW of La Quinta, CA",1763403072140
-118.9011667,34.8493333,11.49,1.5,"3 km WNW of Lebec, CA",1763401955010
-112.491,36.8893333333333,18.72,1.61,"6 km SSE of Fredonia, Arizona",1763401599950
-150.6436,62.2194,42.1,2.2,"23 km WSW of Trapper Creek, Alaska",1763401193037
-104.39,31.656,6.0999,2.3,"57 km S of Whites City, New Mexico",1763400851618
-177.744833333333,51.8533333333333,5.78,1.58,"76 km W of Adak, Alaska",1763400575550
-177.7465,51.857,7.04,0.82,"76 km W of Adak, Alaska",1763400406820
-177.7385,51.8533333333333,5.77,0.92,"76 km W of Adak, Alaska",1763400393350
-177.7415,51.856,5.58,1.36,"76 km W of Adak, Alaska",1763400370030
-177.741333333333,51.8533333333333,5.5,1.0,"76 km W of Adak, Alaska",1763400340210
-177.743333333333,51.8551666666667,5.64,1.17,"76 km W of Adak, Alaska",1763400274330
-177.747,51.8525,5.66,0.88,"76 km W of Adak, Alaska",1763400193770
-86.5275,12.0939,124.311,5.2,"12 km N of Villa El Carmen, Nicaragua",1763400183435
-122.838666666667,38.8211666666667,1.96,0.41,"9 km NW of The Geysers, CA",1763399834640
-155.260666666667,58.1951666666667,1.81,-0.22,"84 km NW of Karluk, Alaska",1763398981630
-122.842163085938,38.8238334655762,1.85000002384186,0.68,"9 km NW of The Geysers, CA",1763398846630
-116.4373333,33.047,6.82,0.44,"16 km ESE of Julian, CA",1763398561370
-153.1889,59.8206,109.9,1.7,"51 km E of Pedro Bay, Alaska",1763398554955
-104.299,31.688,7.1252,1.6,"54 km S of Whites City, New Mexico",1763398372168
-104.27,31.691,6.651,1.6,"54 km S of Whites City, New Mexico",1763398260777
-116.2485,33.2665,5.25,0.45,"12 km E of Borrego Springs, CA",1763397872180
-155.477166666667,19.4151666666667,5.97,1.34,"23 km N of Pāhala, Hawaii",1763396678320
-103.733,32.065,7.0355,2.0,"36 km ESE of Malaga, New Mexico",1763395857756
-122.820335388184,38.8466682434082,1.37000000476837,1.11,"9 km WNW of Cobb, CA",1763395697300
-116.4468333,33.461,2.52,1.58,"24 km ESE of Anza, CA",1763395349670
-151.3068,63.3083,0.0,1.9,"33 km SE of Denali National Park, Alaska",1763395255550
-102.104,32.357,7.8857,1.1,"39 km NW of Stanton, Texas",1763394670337
-96.61633333,34.5415,0.0,1.48,"14 km SW of Stonewall, Oklahoma",1763394269829
-122.811836242676,38.8219985961914,2.47000002861023,1.37,"7 km NW of The Geysers, CA",1763394264320
-104.404,31.645,6.7627,2.7,"58 km S of Whites City, New Mexico",1763393199592
-104.419,31.683,5.6384,2.5,"54 km S of Whites City, New Mexico",1763392796561
-116.4428333,33.4616667,2.2,0.99,"24 km NNW of Borrego Springs, CA",1763392604590
-116.4875,33.4903333,13.43,0.65,"19 km ESE of Anza, CA",1763392120600
-116.4358333,33.4603333,3.37,0.74,"23 km NNW of Borrego Springs, CA",1763392077450
-66.7321666666667,18.0053333333333,13.14,2.19,"2 km NW of Tallaboa, Puerto Rico",1763392066040
-116.4423333,33.46,2.84,1.14,"24 km NNW of Borrego Springs, CA",1763391864540
-122.84333333333333,47.7945,21.85,1.76,"3 km SE of Quilcene, Washington",1763391197840
-121.41483333333333,47.69166666666667,9.73,1.23,"4 km WSW of Skykomish, Washington",1763390696360
-116.4395,33.4601667,3.35,0.82,"24 km NNW of Borrego Springs, CA",1763390147720
-122.813163757324,38.8221664428711,2.67000007629395,1.27,"7 km NW of The Geysers, CA",1763389967430
-122.137166666667,37.7366666666667,6.63,1.27,"2 km NE of San Leandro, CA",1763389765980
-154.487,58.4388333333333,8.7,-0.02,"96 km N of Karluk, Alaska",1763389697140
-116.4438333,33.4621667,2.03,1.1,"24 km ESE of Anza, CA",1763388168000
-104.001,31.524,7.074,1.8,"30 km NW of Toyah, Texas",1763387717927
-104.0,31.521,7.2919,1.8,"30 km NW of Toyah, Texas",1763387677249
-149.3348,61.9071,1.4,2.1,"18 km NNW of Fishhook, Alaska",1763387575428
-121.94,37.7725,6.51,0.98,"3 km ESE of San Ramon, CA",1763387517650
-116.462,38.4539,8.0534,1.74,"79 km ENE of Tonopah, Nevada",1763387330992
-122.765830993652,38.796501159668,1.02999997138977,1.34,"2 km NNW of The Geysers, CA",1763386749420
-155.123333333333,19.337,7.05,1.93,"14 km S of Fern Forest, Hawaii",1763386614210
-104.422,31.679,6.0999,2.1,"55 km S of Whites City, New Mexico",1763386550302
-149.4671,61.6299,31.4,1.9,"2 km W of Tanaina, Alaska",1763385931114
-122.845833333333,38.8216666666667,2.15,0.02,"9 km WNW of The Geysers, CA",1763385673940
-116.4515,33.1668333333333,10.15,0.84,"12 km SW of Borrego Springs, CA",1763384758800
-122.792167663574,38.8371658325195,2.15000009536743,1.45,"6 km WNW of Cobb, CA",1763384435160
-155.501159667969,19.1599998474121,30.8899993896484,1.88,"5 km SSW of Pāhala, Hawaii",1763384145590
-155.0835,19.3733333333333,8.0,2.12,"11 km SSE of Fern Forest, Hawaii",1763383727480
-103.998,31.53,6.5613,1.5,"30 km NW of Toyah, Texas",1763383039369
-117.709666666667,34.168,4.84,0.9,"8 km N of Claremont, CA",1763383033000
-103.999,31.525,6.7151,1.8,"30 km NW of Toyah, Texas",1763382958922
-122.198,46.19833333333333,2.17,0.5700000000000001,"37 km NNE of Amboy, Washington",1763382830020
-116.855666666667,33.9626666666667,18.58,0.81,"5 km NNE of Banning, CA",1763382779090
-115.439333333333,32.8063333333333,11.74,1.22,"6 km W of Holtville, CA",1763381851790
-104.109,31.566,6.5228,1.5,"40 km NW of Toyah, Texas",1763381845089
124.0622,0.0862,110.485,5.3,"58 km SW of Modisi, Indonesia",1763381557099
-116.7223333,33.646,15.92,0.77,"10 km S of Idyllwild, CA",1763381465990
-110.6855,44.6871666666667,6.72,0.83,"32 km S of Mammoth, Wyoming",1763380944080
-122.764666666667,38.7838333333333,1.26,0.58,"1 km NW of The Geysers, CA",1763380586630
-116.2333333,33.2888333,10.67,0.86,"14 km ENE of Borrego Springs, CA",1763380384860
-122.717834472656,38.7676658630371,3.04999995231628,0.97,"2 km WSW of Anderson Springs, CA",1763380339590
-146.744,61.3442,21.3,2.2,"31 km NW of Valdez, Alaska",1763380304945
-121.565166666667,37.1101666666667,5.66,0.9,"5 km NE of San Martin, CA",1763380237400
-149.5367,61.8466,41.6,1.7,"19 km NW of Fishhook, Alaska",1763379617562
-149.4678,61.852,33.8,2.3,"17 km NW of Fishhook, Alaska",1763379555964
127.2201,7.4751,10.0,4.3,"70 km E of Baculin, Philippines",1763379453696
-122.738502502441,38.796501159668,1.30999994277954,1.16,"3 km NE of The Geysers, CA",1763379181290
-89.4986666666667,36.2863333333333,7.85,2.29,"2 km NNW of Ridgely, Tennessee",1763378799370
-116.436666666667,33.4608333333333,4.13,0.66,"23 km NNW of Borrego Springs, CA",1763377682730
-116.4385,33.4626666666667,3.45,0.33,"24 km NNW of Borrego Springs, CA",1763377674730
-152.362666666667,61.2975,3.72,-0.21,"70 km WNW of Tyonek, Alaska",1763377604250
-149.3534,66.018,1.2,1.9,"11 km W of Stevens Village, Alaska",1763377454411
-117.7615,33.8111666666667,5.72,0.63,"5 km E of Villa Park, CA",1763376316120
-116.439,33.461,3.36,0.77,"24 km NNW of Borrego Springs, CA",1763376084500
-104.387,31.656,6.0999,1.5,"57 km S of Whites City, New Mexico",1763376070758
-155.105166666667,58.2338333333333,4.91,-0.19,"83 km NNW of Karluk, Alaska",1763376032640
-122.815002441406,38.833667755127,1.66999995708466,0.72,"8 km W of Cobb, CA",1763376006830
-114.8471,36.2339,4.6308,1.76,"18 km E of Nellis Air Force Base, Nevada",1763375987051
-104.202,31.673,7.7917,1.8,"55 km NW of Toyah, Texas",1763375860791
-116.876166666667,33.803,13.63,0.59,"6 km NNE of Valle Vista, CA",1763375676960
-152.8754,59.9291,109.8,2.2,"60 km WNW of Anchor Point, Alaska",1763375197434
-115.2321667,32.3358333,27.06,3.37,"4 km WSW of Delta, B.C., MX",1763374605610
-101.037,32.118,2.9541,1.4,"26 km S of Westbrook, Texas",1763374096146
-112.559666666667,37.2518333333333,10.99,0.82,"7 km ESE of Orderville, Utah",1763374083310
-121.537833333333,36.8066666666667,7.62,0.83,"4 km S of San Juan Bautista, CA",1763374063240
-146.3129,65.8606,0.0,2.1,"49 km SSW of Birch Creek, Alaska",1763373888721
-122.791000366211,38.8363342285156,1.66999995708466,0.77,"6 km WNW of Cobb, CA",1763373730030
159.9324,52.0083,35.0,4.9,"146 km SE of Vilyuchinsk, Russia",1763373589078
120.8686,13.5109,186.285,4.6,"6 km W of Balatero, Philippines",1763373273516
-118.527833333333,37.2935,13.52,1.5,"10 km SW of West Bishop, CA",1763372967010
159.6597,-61.1895,10.0,5.0,Balleny Islands region,1763372911919
20.6844,38.9419,10.0,4.3,"5 km WSW of Préveza, Greece",1763372687396
-104.42,31.684,5.6897,2.0,"54 km S of Whites City, New Mexico",1763372667244
-104.411,31.679,5.8179,2.3,"55 km S of Whites City, New Mexico",1763372302208
-122.19166666666666,46.20366666666666,0.51,0.49,"38 km NNE of Amboy, Washington",1763372148370
-122.790333333333,38.8073333333333,3.21,0.31,"4 km NW of The Geysers, CA",1763372112790
-111.399833333333,38.9965,-0.75,1.13,"15 km WNW of Emery, Utah",1763372023900
-101.045,32.118,8.4229,2.1,"26 km S of Westbrook, Texas",1763371356822
-155.500833333333,19.1701666666667,32.92,1.5,"4 km SSW of Pāhala, Hawaii",1763370974290
-101.041,32.118,8.1299,1.7,"26 km S of Westbrook, Texas",1763370848713
-155.5055,19.1775,31.73,1.54,"3 km SW of Pāhala, Hawaii",1763370563340
-122.20066666666666,46.1975,2.96,0.09,"37 km NNE of Amboy, Washington",1763370465010
-101.483,32.101,7.1045,0.9,"11 km W of Forsan, Texas",1763370361578
-104.419,31.684,6.0999,2.4,"54 km S of Whites City, New Mexico",1763369830250
-104.415,31.679,5.9973,1.7,"55 km S of Whites City, New Mexico",1763369704438
-104.424,31.681,5.5359,1.7,"55 km S of Whites City, New Mexico",1763369641091
-116.984166666667,34.0196666666667,6.75,2.12,"6 km ESE of Yucaipa, CA",1763369640500
-122.841163635254,38.8198318481445,2.10999989509583,0.89,"9 km WNW of The Geysers, CA",1763369279480
-70.2856,42.9749,10.0,2.1,"34 km SE of York Beach, Maine",1763367564333
-122.19283333333334,46.202666666666666,-0.6,0.8300000000000001,"37 km NNE of Amboy, Washington",1763367048530
179.1443,-25.1755,577.565,4.2,south of the Fiji Islands,1763366897036
-164.034666666667,54.6723333333333,5.73,1.63,"44 km WSW of False Pass, Alaska",1763366762720
-120.55483333333333,46.681,11.9,0.75,"3 km NNW of Selah, Washington",1763366479510
-64.1331666666667,18.7731666666667,45.85,3.43,"85 km NE of Cruz Bay, U.S. Virgin Islands",1763366449070
-153.055666666667,60.0143333333333,0.37,-0.66,"64 km ENE of Pedro Bay, Alaska",1763366254660
-66.802,17.9946666666667,17.04,1.94,"1 km E of Indios, Puerto Rico",1763365849110
-155.375839233398,19.1303329467773,28.9599990844727,1.73,"13 km SE of Pāhala, Hawaii",1763365238760
-89.5403333333333,36.2676666666667,7.31,1.58,"4 km W of Ridgely, Tennessee",1763365089860
-102.041,32.404,8.9355,1.0,"33 km WSW of Ackerly, Texas",1763364277319
-154.808833333333,58.455,3.54,-0.48,"100 km NNW of Karluk, Alaska",1763364002020
-151.7456,60.5818,67.3,1.7,"23 km W of Salamatof, Alaska",1763363725166
-149.242,63.6744,6.2,1.7,"17 km WSW of Denali Park, Alaska",1763363680238
-153.059,59.9826666666667,1.51,-0.29,"62 km ENE of Pedro Bay, Alaska",1763363545900
-116.4381667,33.4596667,3.34,0.84,"23 km NNW of Borrego Springs, CA",1763363448540
-116.4421667,33.4583333,2.86,1.43,"23 km NNW of Borrego Springs, CA",1763363192390
-153.081333333333,60.0333333333333,4.02,-0.81,"63 km ENE of Pedro Bay, Alaska",1763363182540
-117.190166666667,34.0131666666667,13.87,0.69,"5 km S of Redlands, CA",1763363072770
-149.1845,63.7172,7.1,3.5,"13 km W of Denali Park, Alaska",1763362660190
-122.51866666666666,46.206833333333336,12.26,0.08,"30 km ENE of Kelso, Washington",1763361855610
-116.4336667,33.4628333,5.24,0.68,"24 km NNW of Borrego Springs, CA",1763361363810
-122.760833740234,38.7941665649414,0.550000011920929,1.88,"2 km NNW of The Geysers, CA",1763361247920
-116.4358333,33.4641667,3.39,0.63,"24 km NNW of Borrego Springs, CA",1763360639290
-149.8198,62.1523,4.6,2.1,"1 km ESE of Susitna North, Alaska",1763360541169
-121.9495,37.7593333333333,7.18,0.99,"3 km SE of San Ramon, CA",1763360434340
-122.761329650879,38.7901649475098,1.45000004768372,0.97,"1 km NNW of The Geysers, CA",1763360351810
-118.845333333333,37.5715,4.59,1.25,"14 km ESE of Mammoth Lakes, CA",1763360334570
-121.353666666667,36.6823333333333,1.06,2.64,"12 km SSW of Tres Pinos, CA",1763360020380
-155.4995,19.172,33.08,1.88,"4 km SSW of Pāhala, Hawaii",1763359534990
-121.41016666666667,47.6895,10.55,0.73,"4 km WSW of Skykomish, Washington",1763359424620
-116.5496667,33.4838333,8.88,0.6,"14 km SE of Anza, CA",1763359370330
-104.255,31.714,6.0999,1.5,"52 km SSE of Whites City, New Mexico",1763359190341
-116.4355,33.4556667,5.13,0.61,"23 km NNW of Borrego Springs, CA",1763358281450
-122.1955,46.20366666666666,1.16,0.01,"37 km NNE of Amboy, Washington",1763357590090
-144.3742,63.1418,10.7,1.5,"39 km NW of Mentasta Lake, Alaska",1763356928255
-155.549163818359,18.7320003509521,34.7700004577637,2.02,"37 km S of Naalehu, Hawaii",1763356794040
-155.476333333333,19.1623333333333,31.65,2.61,"4 km S of Pāhala, Hawaii",1763356447860
-104.11,31.57,6.5997,2.1,"41 km NW of Toyah, Texas",1763356441281
-122.713500976562,38.7431678771973,0.639999985694885,1.06,"4 km SSW of Anderson Springs, CA",1763356054910
-91.5254,-0.4042,10.0,4.7,"87 km NW of Puerto Villamil, Ecuador",1763355968194
-122.790333333333,38.8085,2.98,0.82,"5 km NW of The Geysers, CA",1763355914760
-149.2753,63.6837,0.0,1.7,"18 km WSW of Denali Park, Alaska",1763355757147
-153.094833333333,60.0293333333333,-0.75,-0.11,"62 km ENE of Pedro Bay, Alaska",1763355537100
-155.496002197266,19.1655006408691,32.2900009155273,1.85,"4 km SSW of Pāhala, Hawaii",1763355176130
-149.1691,63.7118,0.0,2.9,"12 km W of Denali Park, Alaska",1763354777034
-122.75700378418,38.7809982299805,2.29999995231628,0.45,"0 km N of The Geysers, CA",1763354697190
-98.1535,36.36283333,5.0,2.04,"3 km SE of Meno, Oklahoma",1763354649820
-110.3885,44.2593333333333,11.52,0.27,"72 km SE of West Yellowstone, Montana",1763354495420
-122.855834960938,38.8281669616699,2.52999997138977,1.08,"10 km WNW of The Geysers, CA",1763353459040
-151.1675,62.2222,69.8,2.2,"28 km NNE of Skwentna, Alaska",1763353414275
-88.7179,13.0107,73.575,4.2,"35 km SSW of Puerto El Triunfo, El Salvador",1763353352037
-114.426,31.5264,10.0,3.0,"19 km SSE of Golfo de Santa Clara, Mexico",1763352891495
-122.756500244141,38.780834197998,1.48000001907349,1.54,"0 km N of The Geysers, CA",1763352732270
-119.09783333333333,49.010666666666665,-0.3,1.46,"25 km ENE of Oroville, Washington",1763352514640
-122.791831970215,38.8071670532227,2.61999988555908,1.33,"5 km NW of The Geysers, CA",1763352035660
-117.5896667,34.0221667,4.89,0.92,"5 km SE of Ontario, CA",1763351978840
-122.790664672852,38.8093338012695,3.35999989509583,0.39,"5 km NW of The Geysers, CA",1763351752070
-110.682833333333,44.6768333333333,6.04,0.2,"33 km S of Mammoth, Wyoming",1763351712320
-122.789333333333,38.8046666666667,3.3,2.89,"4 km NW of The Geysers, CA",1763351680230
-122.792833333333,38.8373333333333,1.24,0.73,"6 km WNW of Cobb, CA",1763351581980
-155.362838745117,19.0485000610352,29.5699996948242,1.82,"20 km SE of Pāhala, Hawaii",1763351442890
-122.806831359863,38.8266677856445,2.59999990463257,1.51,"7 km NW of The Geysers, CA",1763351329280
-104.387,31.654,6.0999,2.1,"57 km S of Whites City, New Mexico",1763351255867
-122.891,38.8133333333333,4.96,0.57,"11 km E of Cloverdale, CA",1763350200220
-120.36466666666666,47.638333333333335,2.85,0.63,"12 km WSW of Entiat, Washington",1763349603480
-67.5318333333333,17.4855,24.93,2.98,"65 km SW of Pole Ojea, Puerto Rico",1763349421720
-122.714500427246,38.7415008544922,1.71000003814697,2.25,"4 km SSW of Anderson Springs, CA",1763349402930
-120.546833333333,35.8443333333333,9.91,0.35,"12 km WSW of Parkfield, CA",1763349359600
-153.071833333333,60.0088333333333,-0.32,-0.91,"62 km ENE of Pedro Bay, Alaska",1763349307760
-110.394666666667,44.2653333333333,9.39,0.9,"71 km SE of West Yellowstone, Montana",1763349305410
-121.40666666666667,47.69016666666667,11.03,0.9,"4 km WSW of Skykomish, Washington",1763348983640
-122.815002441406,38.8300018310547,1.63999998569489,1.51,"8 km NW of The Geysers, CA",1763348265950
-153.056666666667,60.05,0.49,-0.62,"65 km ENE of Pedro Bay, Alaska",1763347740710
-147.7243,61.2471,41.4,1.4,"62 km S of Glacier View, Alaska",1763347682018
-122.769836425781,38.7854995727539,2.48000001907349,1.02,"1 km NW of The Geysers, CA",1763347443300
-116.531,33.5106667,15.02,0.68,"14 km ESE of Anza, CA",1763347338470
-116.4375,33.4613333,3.25,0.74,"24 km NNW of Borrego Springs, CA",1763346950500
-117.2065,34.006,5.77,0.67,"6 km SSW of Redlands, CA",1763346734940
-149.9015,61.1757,36.3,2.1,"4 km S of Anchorage, Alaska",1763346615756
-112.898,38.506,1.81,1.31,"15 km NE of Milford, Utah",1763345910960
-104.393,31.652,5.4333,1.6,"58 km S of Whites City, New Mexico",1763345737430
-116.437,33.4555,2.86,0.7,"23 km NNW of Borrego Springs, CA",1763344279440
-121.41466666666666,47.691833333333335,10.24,1.03,"4 km WSW of Skykomish, Washington",1763344159000
-169.469166666667,52.9268333333333,4.93,2.22,"40 km W of Nikolski, Alaska",1763344000620
-116.9201667,34.3455,4.15,1.38,"11 km N of Big Bear Lake, CA",1763343948820
-116.4388333,33.4583333,4.99,1.19,"23 km NNW of Borrego Springs, CA",1763343781490
-116.445,33.4548333,2.37,1.23,"23 km NNW of Borrego Springs, CA",1763343768030
-150.1781,61.2493,61.7,1.7,"15 km WNW of Anchorage, Alaska",1763343623524
-147.8947,61.9872,31.1,2.0,"23 km NNW of Glacier View, Alaska",1763343265163
-149.6763,62.238,59.7,1.6,"12 km NE of Susitna North, Alaska",1763343036063
-152.267333333333,61.3311666666667,0.69,-0.59,"67 km WNW of Beluga, Alaska",1763342893060
-122.766,38.7833333333333,4.2,0.47,"1 km NW of The Geysers, CA",1763342835560
-116.4515,33.4546667,3.24,2.11,"23 km NNW of Borrego Springs, CA",1763342703000
-122.465833333333,37.597,9.93,1.28,"3 km SE of Pacifica, CA",1763342158620
-102.094,32.363,6.4697,0.4,"38 km NW of Stanton, Texas",1763342013147
-117.157,37.3309,7.1084,1.68,"42 km S of Goldfield, Nevada",1763341914303
-116.4461667,33.4596667,2.46,1.35,"24 km ESE of Anza, CA",1763341891470
-151.3493,63.2086,0.0,2.1,"41 km SSE of Denali National Park, Alaska",1763341765623
-121.40333333333334,47.68416666666667,10.75,1.51,"4 km SW of Skykomish, Washington",1763341685530
-151.0924,62.2339,90.0,1.7,"31 km NNE of Skwentna, Alaska",1763341191387
-116.615833333333,33.4561666666667,9.29,0.58,"12 km SSE of Anza, CA",1763341120160
-122.813835144043,38.8316650390625,1.97000002861023,0.95,"8 km NW of The Geysers, CA",1763340951790
-116.3735,33.0123333333333,9.42,0.85,"23 km ESE of Julian, CA",1763340504830
-106.3259,-11.0486,10.0,5.0,central East Pacific Rise,1763340377686
-116.435666666667,33.4625,3.14,0.69,"24 km NNW of Borrego Springs, CA",1763340018590
-116.433333333333,33.464,5.13,0.4,"24 km NNW of Borrego Springs, CA",1763340008510
-116.4585,33.4371667,9.99,2.38,"22 km NNW of Borrego Springs, CA",1763339782260
-116.4493333,33.4576667,2.66,1.94,"23 km ESE of Anza, CA",1763339654210
-116.4441667,33.4563333,2.56,1.27,"23 km NNW of Borrego Springs, CA",1763339626880
-149.99,60.7611,37.1,1.7,"25 km SW of Hope, Alaska",1763339129981
-112.898666666667,38.5043333333333,1.79,0.99,"15 km NE of Milford, Utah",1763339084120
-116.4393333,33.4593333,1.96,0.9,"23 km NNW of Borrego Springs, CA",1763339000220
-122.7765,38.81,0.59,0.52,"4 km NNW of The Geysers, CA",1763338704940
-122.778999328613,38.811164855957,0.379999995231628,1.34,"4 km NNW of The Geysers, CA",1763338677670
-116.4416667,33.4586667,2.84,1.05,"23 km NNW of Borrego Springs, CA",1763338619070
-116.4421667,33.4605,3.45,1.04,"24 km NNW of Borrego Springs, CA",1763338509140
-116.448,33.4563333333333,2.32,1.21,"23 km NNW of Borrego Springs, CA",1763338473350
-154.975166666667,58.2935,3.22,0.05,"86 km NNW of Karluk, Alaska",1763338456390
-147.433,65.0088,4.6,1.6,"10 km ENE of Fox, Alaska",1763338380762
-116.4508333,33.4561667,3.42,2.98,"23 km NNW of Borrego Springs, CA",1763338212830
-121.9405,37.756,6.8,1.21,"4 km SE of San Ramon, CA",1763338053490
-116.4466667,33.4575,2.26,1.43,"23 km NNW of Borrego Springs, CA",1763338003110
-116.439666666667,33.4616666666667,1.57,0.84,"24 km NNW of Borrego Springs, CA",1763337969530
-116.4488333,33.4568333,2.01,1.78,"23 km NNW of Borrego Springs, CA",1763337863430
-112.895166666667,38.509,1.66,1.18,"16 km NE of Milford, Utah",1763337594050
-122.815498352051,38.8318328857422,1.39999997615814,0.99,"8 km NW of The Geysers, CA",1763337589930
-122.815002441406,38.8310012817383,1.66999995708466,1.64,"8 km NW of The Geysers, CA",1763336967530
-122.37816666666667,48.20433333333333,18.97,1.69,"3 km NNW of Warm Beach, Washington",1763336757300
-122.4565,37.5926666666667,8.69,0.97,"4 km SE of Pacifica, CA",1763336342520
-66.933,18.0226666666667,7.85,2.78,"2 km SSE of Liborio Negron Torres, Puerto Rico",1763336292160
-122.778335571289,38.7944984436035,2.75999999046326,0.78,"3 km NW of The Geysers, CA",1763335898910
-101.148,32.068,8.4229,1.5,"21 km ESE of Forsan, Texas",1763335369507
-151.0015,62.9987,110.4,1.9,"57 km NNW of Petersville, Alaska",1763335096128
-122.709999084473,38.7551651000977,1.42999994754791,1.32,"3 km SW of Anderson Springs, CA",1763334450500
-102.124,32.099,6.958,0.5,"12 km NNW of Midland, Texas",1763334405428
-122.782666666667,38.8416666666667,2.69,0.57,"6 km WNW of Cobb, CA",1763333127510
-122.779830932617,38.8339996337891,1.21000003814697,1.52,"5 km WNW of Cobb, CA",1763332881890
-122.748832702637,38.7878341674805,3.15000009536743,1.25,"1 km NNE of The Geysers, CA",1763332774470
-122.793833333333,38.8303333333333,1.83,0.53,"6 km W of Cobb, CA",1763332681190
-122.734166666667,38.7998333333333,0.83,0.4,"3 km SSW of Cobb, CA",1763332587050
-122.771667480469,38.785831451416,1.58000004291534,1.12,"2 km NW of The Geysers, CA",1763332166870
-122.772163391113,38.78466796875,1.89999997615814,2.34,"2 km WNW of The Geysers, CA",1763332100960
-121.90583333333333,46.873666666666665,6.6,-0.27,"15 km NE of Ashford, Washington",1763331993690
-117.6353,37.3343,7.6626,2.13,"46 km S of Silver Peak, Nevada",1763331874897
-148.6905,61.4755,28.9,1.7,"11 km E of Knik River, Alaska",1763331401469
-122.804,38.8231666666667,2.55,0.45,"7 km NW of The Geysers, CA",1763331358730
-124.387,40.3023333333333,14.13,1.53,"9 km WSW of Petrolia, CA",1763330095180
-97.4495,36.874,5.0,1.19,"7 km N of Nardin, Oklahoma",1763329842799
-109.0053,19.5027,10.0,5.2,Revilla Gigedo Islands region,1763329449573
-153.074,60.103,-0.5,0.16,"67 km ENE of Pedro Bay, Alaska",1763329299450
-175.0631,-22.6226,35.0,5.0,"142 km S of ‘Ohonua, Tonga",1763329158597
-148.1225,61.7172,5.3,1.8,"20 km ESE of Chickaloon, Alaska",1763328878682
-116.791,33.6925,15.89,0.65,"8 km SW of Idyllwild, CA",1763328808810
-153.066833333333,60.069,0.92,-0.36,"66 km ENE of Pedro Bay, Alaska",1763328638540
159.5291,51.3607,35.0,4.6,"190 km SSE of Vilyuchinsk, Russia",1763327858340
-122.797836303711,38.8246650695801,2.76999998092651,1.32,"6 km NW of The Geysers, CA",1763327315600
-104.38,31.657,5.0232,1.7,"57 km S of Whites City, New Mexico",1763327256935
178.4973,51.7545,101.421,4.3,"Rat Islands, Aleutian Islands, Alaska",1763326873756
-122.467333333333,37.5965,10.03,0.9,"3 km SE of Pacifica, CA",1763326603420
-116.647,33.4093333,4.56,0.97,"14 km N of Warner Springs, CA",1763326168240
146.629,-5.7622,90.482,4.6,"102 km NE of Kainantu, Papua New Guinea",1763325438514
-151.0823,60.8946,59.2,1.9,"19 km S of Tyonek, Alaska",1763325224601
-122.81266784668,38.8228340148926,3.08999991416931,0.44,"7 km NW of The Geysers, CA",1763325178360
-114.5622,31.6186,10.0,3.0,"9 km SW of Golfo de Santa Clara, Mexico",1763324730745
-122.471333333333,37.5955,10.2,1.18,"2 km SE of Pacifica, CA",1763324186400
-102.164,32.42,7.1045,1.1,"36 km ENE of McKinney Acres, Texas",1763324055325
-116.978833333333,33.9273333333333,15.71,0.84,"0 km SSW of Beaumont, CA",1763324017490
-117.519333333333,34.2211666666667,4.34,0.79,"5 km SSW of Lytle Creek, CA",1763323805000
-122.7265,38.7713333333333,0.37,0.3,"3 km ESE of The Geysers, CA",1763323476610
-155.392166137695,19.3446674346924,6.59999990463257,1.87,"18 km NNE of Pāhala, Hawaii",1763323326380
152.8366,52.2848,453.612,4.4,"267 km WNW of Ozernovskiy, Russia",1763323228336
-71.0005,19.8324,18.13,4.2,"6 km ENE of Villa Isabela, Dominican Republic",1763323180795
-147.3925,61.1071,60.0,1.4,"47 km NW of Tatitlek, Alaska",1763323109266
76.9374,35.7267,10.0,4.5,"89 km N of Thang, India",1763322967660
-111.011333333333,44.3843333333333,3.57,0.93,"28 km E of Island Park, Idaho",1763322461020
-122.705166666667,38.7488333333333,8.02,0.37,"3 km SSW of Anderson Springs, CA",1763321993880
-152.094,61.3221666666667,1.23,-0.82,"57 km WNW of Beluga, Alaska",1763321645320
-112.8975,38.5058333333333,2.36,1.6,"15 km NE of Milford, Utah",1763321038210
-112.892166666667,38.5021666666667,1.45,0.55,"15 km NE of Milford, Utah",1763320129690
-149.9694,63.3885,0.0,1.9,"50 km W of Cantwell, Alaska",1763319919258
-149.3713,60.5789,8.0,1.5,"10 km N of Moose Pass, Alaska",1763319906002
-122.759330749512,38.7941665649414,0.600000023841858,0.79,"2 km N of The Geysers, CA",1763319884650
-122.830665588379,38.8261680603027,2.09999990463257,0.92,"8 km NW of The Geysers, CA",1763319290690
-116.4636667,33.4736667,10.7,1.4,"22 km ESE of Anza, CA",1763319288810
-101.075,32.341,8.5693,1.1,"5 km WSW of Westbrook, Texas",1763319246144
-150.9876,62.9178,114.7,1.5,"48 km NNW of Petersville, Alaska",1763319009157
157.8965,49.1306,10.0,5.1,"213 km SE of Severo-Kuril’sk, Russia",1763318923391
-122.771667480469,38.7866668701172,0.839999973773956,2.01,"2 km NW of The Geysers, CA",1763318717510
-123.37133333333334,48.16716666666667,16.29,0.8,"6 km N of Port Angeles East, Washington",1763317919610
-119.52416666666667,48.801833333333335,16.34,1.6600000000000001,"8 km ESE of Loomis, Washington",1763317468430
-152.196166666667,61.2558333333333,22.04,-0.16,"60 km WNW of Tyonek, Alaska",1763317458230
-152.187666666667,61.259,22.45,-0.19,"60 km WNW of Tyonek, Alaska",1763317435710
-117.0615,34.1326666666667,7.55,1.24,"9 km SSE of Running Springs, CA",1763316829770
-101.161,32.127,8.9111,1.2,"19 km E of Forsan, Texas",1763316688414
-154.437833333333,58.4231666666667,5.46,0.38,"95 km N of Karluk, Alaska",1763316547490
-178.1806,51.3837,37.455,3.0,"120 km WSW of Adak, Alaska",1763316313826
-122.804168701172,38.8344993591309,1.87000000476837,0.73,"7 km W of Cobb, CA",1763316056860
-123.116,39.2018333333333,-0.6,1.21,"9 km NNE of Talmage, CA",1763315635680
-152.6448,60.1161,77.4,1.9,"54 km WNW of Happy Valley, Alaska",1763315103674
-153.074166666667,60.0486666666667,-0.54,-0.65,"64 km ENE of Pedro Bay, Alaska",1763314532590
-117.672,35.8628333333333,6.5,1.0,"23 km ESE of Little Lake, CA",1763313925810
-122.956333333333,39.4626666666667,7.71,1.3,"6 km N of Lake Pillsbury, CA",1763313863270
-122.812835693359,38.8440017700195,4.53000020980835,0.77,"8 km WNW of Cobb, CA",1763313413190
-153.079,60.0166666666667,0.0,-0.51,"62 km ENE of Pedro Bay, Alaska",1763312986330
-117.4681667,34.2191667,12.96,1.34,"5 km SSE of Lytle Creek, CA",1763312484410
-117.148,33.9645,16.75,0.88,"9 km ENE of Moreno Valley, CA",1763312439780
-104.391,31.652,6.0999,1.8,"58 km S of Whites City, New Mexico",1763311382552
-155.186660766602,19.3253326416016,1.74000000953674,1.8,"13 km SSE of Volcano, Hawaii",1763311381960
-122.732330322266,38.7528343200684,0.949999988079071,1.07,"3 km SE of The Geysers, CA",1763311328210
-122.766166687012,38.7934989929199,3.94000005722046,0.75,"2 km NNW of The Geysers, CA",1763311301500
154.5565,-7.3869,39.427,4.9,"156 km SW of Panguna, Papua New Guinea",1763311068439
-121.5925,37.616,9.17,1.29,"17 km ESE of Livermore, CA",1763311042490
-121.408,47.68966666666667,10.64,1.12,"4 km WSW of Skykomish, Washington",1763311034000
-117.197,34.0036667,13.99,1.1,"6 km SSW of Redlands, CA",1763310934470
-159.8151,54.3735,35.0,3.7,"115 km SSE of Sand Point, Alaska",1763310637138
-110.676166666667,44.6671666666667,5.46,0.49,"33 km E of West Yellowstone, Montana",1763310636370
-122.741165161133,38.8146667480469,0.800000011920929,1.2,"2 km WSW of Cobb, CA",1763310552380
-148.7646,61.2409,19.2,2.2,"25 km SSE of Knik River, Alaska",1763310328412
156.7235,50.5684,76.291,4.4,"43 km ESE of Severo-Kuril’sk, Russia",1763310174312
-151.2783,63.3969,2.2,1.8,"27 km SE of Denali National Park, Alaska",1763309916071
-122.825668334961,38.7960014343262,5.73000001907349,0.96,"6 km WNW of The Geysers, CA",1763308655750
-104.428,31.685,6.0999,1.8,"54 km S of Whites City, New Mexico",1763308205748
-153.080166666667,60.0453333333333,-1.06,-0.6,"64 km ENE of Pedro Bay, Alaska",1763307976510
-178.4019,-17.9709,549.346,4.5,"241 km E of Levuka, Fiji",1763307819258
-102.19,32.357,8.2275,1.2,"32 km E of McKinney Acres, Texas",1763307535679
-122.81600189209,38.835334777832,1.79999995231628,1.71,"8 km W of Cobb, CA",1763306961270
-122.94133333333333,47.522,17.42,1.34,"11 km NW of Belfair, Washington",1763306326050
-149.7895,60.2805,29.5,2.0,"23 km S of Cooper Landing, Alaska",1763305687613
-116.7451667,33.5141667,3.6,1.19,"8 km SW of Anza, CA",1763304775410
-174.159166666667,52.374,0.96,1.89,"19 km N of Atka, Alaska",1763304612890
-149.7987,61.5548,33.9,1.7,"8 km S of Houston, Alaska",1763304499371
-122.818168640137,38.8348350524902,1.86000001430511,0.72,"8 km NW of The Geysers, CA",1763303460730
-153.072333333333,60.0418333333333,1.21,-0.77,"64 km ENE of Pedro Bay, Alaska",1763303425030
-154.423,58.5723333333333,7.59,1.07,"98 km SSE of Kokhanok, Alaska",1763303366500
-122.720832824707,38.7745018005371,1.98000001907349,0.84,"3 km W of Anderson Springs, CA",1763303351810
-67.1901666666667,18.5558333333333,28.12,2.63,"11 km NW of San Antonio, Puerto Rico",1763303264710
-147.1813,64.7104,17.3,1.2,"1 km W of Moose Creek, Alaska",1763303049472
-122.801002502441,38.832332611084,2.24000000953674,0.73,"7 km W of Cobb, CA",1763302951320
-116.435833333333,33.458,3.23,0.53,"23 km NNW of Borrego Springs, CA",1763302925950
-121.86333333333333,48.294666666666664,6.45,0.8,"5 km ENE of Oso, Washington",1763302635290
-151.867333333333,61.4556666666667,2.26,0.05,"54 km NW of Beluga, Alaska",1763302404080
6.9192,73.2163,10.0,4.5,Greenland Sea,1763302176390
-101.073,32.341,8.0322,2.5,"5 km WSW of Westbrook, Texas",1763301695051
-145.4021,63.3384,8.0,1.8,"29 km NNE of Paxson, Alaska",1763301263690
-101.695,31.718,8.374,0.9,"25 km SW of Garden City, Texas",1763301140685
-101.699,31.715,8.8623,1.8,"26 km SW of Garden City, Texas",1763300764599
-122.84349822998,38.824333190918,1.69000005722046,0.75,"9 km NW of The Geysers, CA",1763300382710
-101.928,32.279,6.3232,0.7,"21 km NW of Stanton, Texas",1763299752307
-122.815330505371,38.8311653137207,1.33000004291534,0.26,"8 km NW of The Geysers, CA",1763299611490
-102.103,32.355,8.1055,0.7,"38 km NW of Stanton, Texas",1763299430366
143.5732,39.6051,10.0,4.5,"140 km E of Miyako, Japan",1763299172959
-151.5629,63.6124,33.9,1.6,"11 km NE of Denali National Park, Alaska",1763299124478
-155.397994995117,19.2553329467773,31.2800006866455,1.8,"10 km NE of Pāhala, Hawaii",1763298902390
-122.801498413086,38.8271675109863,1.55999994277954,1.27,"7 km NW of The Geysers, CA",1763298873650
-104.109,31.57,6.3049,1.8,"41 km NW of Toyah, Texas",1763298715860
-154.261833333333,58.616,2.05,0.83,"96 km SSE of Kokhanok, Alaska",1763298538060
-101.701,31.715,8.2275,1.1,"26 km SW of Garden City, Texas",1763298453030
-122.806167602539,38.8223342895508,2.22000002861023,0.25,"7 km NW of The Geysers, CA",1763298018470
-98.946,28.665,7.0278,1.9,"21 km E of Dilley, Texas",1763297848852
-150.3401,61.1191,20.0,1.6,"26 km WSW of Anchorage, Alaska",1763297539588
-147.7597,60.356,15.1,1.7,"35 km NNE of Chenega, Alaska",1763297322214
-112.898,38.502,1.07,1.1,"15 km NE of Milford, Utah",1763297295010
-101.698,31.716,8.8379,1.2,"26 km SW of Garden City, Texas",1763297110130
-116.4001667,33.3536667,13.13,1.03,"11 km NNW of Borrego Springs, CA",1763296762280
-121.929666666667,37.7631666666667,6.82,1.19,"5 km ESE of San Ramon, CA",1763296728760
-101.703,31.715,8.9111,1.0,"26 km SW of Garden City, Texas",1763296660894
-122.788497924805,38.8250007629395,0.569999992847443,1.08,"6 km W of Cobb, CA",1763296332290
-116.111333333333,33.168,9.68,1.25,"3 km NE of Ocotillo Wells, CA",1763296297700
-155.41633605957,19.1580009460449,43.0900001525879,1.73,"8 km SE of Pāhala, Hawaii",1763295895640
-122.807830810547,38.7948341369629,3.1800000667572,1.03,"5 km WNW of The Geysers, CA",1763295852650
-121.125833333333,36.549,7.73,0.79,"2 km NE of Pinnacles, CA",1763295751760
-119.029,34.8908333333333,12.09,1.2,"11 km WSW of Grapevine, CA",1763294893770
-118.367333333333,34.1478333333333,15.72,0.84,"2 km NW of Universal City, CA",1763294862440
-154.1466,58.9268,94.0,2.1,"67 km SSE of Kokhanok, Alaska",1763294743825
-101.698,31.697,6.2988,0.9,"27 km SW of Garden City, Texas",1763294726901
-121.022,36.5933333333333,0.48,0.89,"13 km ENE of Pinnacles, CA",1763294566210
-159.7374,54.1281,10.0,3.6,"143 km SSE of Sand Point, Alaska",1763294541345
-153.094333333333,60.0096666666667,-2.9,-0.85,"61 km ENE of Pedro Bay, Alaska",1763294210480
-118.363,34.1495,15.58,0.9,"1 km NW of Universal City, CA",1763293943770
-152.0077,65.2647,15.1,1.6,"10 km NNE of Tanana, Alaska",1763293928511
-83.1982,8.9516,62.114,4.5,"28 km SSE of Buenos Aires, Costa Rica",1763293919033
-122.19266666666667,46.197,4.14,0.2,"37 km NNE of Amboy, Washington",1763293596400
-152.707166666667,60.4815,-0.33,-0.59,"74 km NW of Ninilchik, Alaska",1763292704980
166.886,-14.6926,67.082,4.9,"43 km NNW of Port-Olry, Vanuatu",1763292549433
-101.693,31.715,7.3975,0.9,"25 km SW of Garden City, Texas",1763292464524
-117.5811667,34.1583333,9.72,1.38,"4 km N of Rancho Cucamonga, CA",1763292122960
-101.703,31.715,9.0088,1.3,"26 km SW of Garden City, Texas",1763291907274
-110.845,44.7963333333333,4.51,0.33,"23 km SSW of Mammoth, Wyoming",1763291873490
-152.310333333333,61.0321666666667,12.67,0.0,"63 km W of Tyonek, Alaska",1763291700490
-174.178166666667,52.3771666666667,-0.09,1.53,"20 km N of Atka, Alaska",1763290884690
-122.818336486816,38.8348350524902,1.80999994277954,0.76,"8 km NW of The Geysers, CA",1763290876710
-122.818496704102,38.8351669311523,1.87999999523163,0.4,"8 km NW of The Geysers, CA",1763290858750
-122.819664001465,38.8354988098145,1.88999998569489,0.84,"8 km NW of The Geysers, CA",1763290678030
-122.825668334961,38.8404998779297,1.61000001430511,0.81,"9 km WNW of Cobb, CA",1763290631730
-121.793666666667,37.8653333333333,12.59,1.46,"9 km SW of Brentwood, CA",1763290608810
-122.815002441406,38.8305015563965,1.98000001907349,1.39,"8 km NW of The Geysers, CA",1763290223820
-155.606826782227,20.1008338928223,15.039999961853,1.76,"4 km WSW of Kukuihaele, Hawaii",1763290001850
-122.723999023438,38.8008346557617,2.36999988555908,1.07,"2 km S of Cobb, CA",1763289883480
-103.733,32.069,7.843,1.6,"36 km ESE of Malaga, New Mexico",1763289628098
-59.5154,16.4755,10.0,4.2,"167 km E of Beauséjour, Guadeloupe",1763289258568
-101.703,31.715,8.9111,1.4,"26 km SW of Garden City, Texas",1763288997547
145.1184,-6.7891,10.0,4.3,"83 km SSW of Goroka, Papua New Guinea",1763288275139
-101.693,31.713,8.5693,0.8,"26 km SW of Garden City, Texas",1763287792290
143.1697,12.8318,153.802,4.8,"169 km WSW of Merizo Village, Guam",1763287620900
-101.701,31.715,8.7158,2.0,"26 km SW of Garden City, Texas",1763287547596
-153.1215,60.0465,0.0,-0.31,"62 km ENE of Pedro Bay, Alaska",1763286857270
-155.484497070312,19.1944999694824,36.1800003051758,1.7,"1 km SSW of Pāhala, Hawaii",1763286766310
-116.6541667,33.5655,13.92,0.93,"2 km ENE of Anza, CA",1763286693360
-103.727,31.119,5.7922,1.4,"15 km N of Balmorhea, Texas",1763286592004
-101.701,31.704,7.8857,1.2,"27 km SW of Garden City, Texas",1763286491269
-97.75216667,35.0105,6.86,0.93,"10 km NNE of Alex, Oklahoma",1763285931060
-152.257666666667,61.1818333333333,4.02,0.16,"61 km WNW of Tyonek, Alaska",1763285739960
-153.101833333333,60.007,-1.96,-1.1,"61 km ENE of Pedro Bay, Alaska",1763285391440
-116.4656667,33.473,12.26,1.56,"21 km ESE of Anza, CA",1763285254010
-104.373,31.665,6.0486,1.8,"56 km S of Whites City, New Mexico",1763283573021
-104.382,31.67,6.7664,1.5,"56 km S of Whites City, New Mexico",1763282888763
-122.807334899902,38.814998626709,1.95000004768372,0.85,"6 km NW of The Geysers, CA",1763282832960
128.3261,2.6561,196.285,4.1,"108 km NNE of Tobelo, Indonesia",1763282429686
-149.8393,61.5735,34.2,1.6,"6 km S of Houston, Alaska",1763282185295
-122.814,38.8281666666667,3.11,0.65,"8 km NW of The Geysers, CA",1763282028010
-149.1667,61.924,10.2,1.8,"20 km N of Fishhook, Alaska",1763281827391
-98.06783333,35.593,5.62,1.08,"4 km E of Calumet, Oklahoma",1763281680830
-116.4531667,33.4573333,2.87,2.52,"23 km ESE of Anza, CA",1763281343150
-122.77766418457,38.7900009155273,1.70000004768372,1.2,"2 km NW of The Geysers, CA",1763281178100
-122.765167236328,38.7936668395996,3.24000000953674,1.19,"2 km NNW of The Geysers, CA",1763280727850
-149.8118,63.0116,72.4,1.6,"60 km SW of Cantwell, Alaska",1763279552814
-119.6315,46.461166666666664,18.6,0.68,"24 km NNW of Benton City, Washington",1763279260180
-117.6312,38.513,4.5921,1.77,"43 km ENE of Mina, Nevada",1763279091177
-98.951,28.661,7.5036,1.5,"21 km E of Dilley, Texas",1763279072352
-122.808334350586,38.84033203125,-0.790000021457672,0.57,"8 km WNW of Cobb, CA",1763278331330
-122.749168395996,38.8093338012695,0.469999998807907,0.71,"3 km WSW of Cobb, CA",1763277952090
153.7053,-5.7781,17.876,4.3,"205 km WNW of Panguna, Papua New Guinea",1763277413434
-154.744,58.3816666666667,6.84,-0.41,"92 km N of Karluk, Alaska",1763276994740
-145.0113,65.4383,1.0,1.9,"17 km SSW of Central, Alaska",1763276938767
-71.6485,-16.544,91.267,4.3,"10 km SSW of Cerro Verde, Peru",1763276639573
140.2222,35.31,68.858,4.2,"3 km NW of Ōtaki, Japan",1763276604694
-151.177,62.6882,87.1,1.9,"30 km NW of Petersville, Alaska",1763276250950
-114.5325,31.6846,17.136,2.8,"3 km W of Golfo de Santa Clara, Mexico",1763276036308
-144.9976,65.4283,0.9,1.7,"18 km SSW of Central, Alaska",1763275675448
-122.462833333333,37.5973333333333,9.1,0.6,"3 km SE of Pacifica, CA",1763275554530
126.1084,6.4774,84.568,4.5,"0 km S of Tiblawan, Philippines",1763274939880
-64.9071666666667,18.9296666666667,25.61,3.14,"65 km N of Charlotte Amalie, U.S. Virgin Islands",1763274729770
-149.6563,61.4692,51.5,1.6,"4 km ENE of Knik, Alaska",1763274656529
-153.0575,60.152,8.66,0.29,"70 km E of Port Alsworth, Alaska",1763274329820
-154.8164,57.5533,31.3,1.9,"21 km W of Karluk, Alaska",1763273990606
-118.4736667,35.6563333,8.11,1.31,"4 km N of Lake Isabella, CA",1763273854930
116.1308,-47.9051,10.0,4.5,western Indian-Antarctic Ridge,1763273759381
-110.627333333333,44.2548333333333,10.66,0.69,"57 km ENE of Warm River, Idaho",1763273700080
-121.50583333333333,46.206,3.08,1.04,"23 km N of Trout Lake, Washington",1763272534690
-122.700668334961,38.7646675109863,1.83000004291534,0.77,"1 km SSW of Anderson Springs, CA",1763272299480
-150.4334,62.9038,5.5,1.6,"48 km NNE of Petersville, Alaska",1763272004676
-152.5355,62.7087,0.0,2.2,"93 km WNW of Petersville, Alaska",1763271920199
-83.699,38.349,9.81,2.39,"8 km SSE of Flemingsburg, Kentucky",1763271891820
-154.7165,58.3561666666667,5.14,-0.17,"89 km N of Karluk, Alaska",1763271822140
113.9842,-10.7082,10.0,4.5,"248 km SSW of Jimbaran, Indonesia",1763271220390
-151.1234,61.6572,67.9,1.4,"34 km WNW of Susitna, Alaska",1763270838524
-104.392,31.651,6.0999,2.9,"58 km S of Whites City, New Mexico",1763270800886
-155.272506713867,19.4130001068115,1.28999996185303,1.78,"5 km SW of Volcano, Hawaii",1763270743980
-146.9625,64.6584,15.9,1.2,"4 km E of Eielson Air Force Base, Alaska",1763270737542
4.4962,79.448,10.0,4.2,"276 km WNW of Longyearbyen, Svalbard and Jan Mayen",1763269438167
-120.30733333333333,47.7485,0.04,0.59,"10 km NW of Entiat, Washington",1763269427220
-121.944,37.7601666666667,8.54,0.96,"4 km SE of San Ramon, CA",1763269322430
-155.249333333333,19.217,47.91,1.66,"24 km E of Pāhala, Hawaii",1763269122570
-150.5829,61.7646,40.6,1.8,"24 km N of Susitna, Alaska",1763269029490
-101.941,32.107,6.0791,0.9,"14 km W of Stanton, Texas",1763268988998
-148.3647,61.539,23.5,1.1,"29 km S of Chickaloon, Alaska",1763268914147
-122.803665161133,38.8233337402344,2.35999989509583,1.03,"7 km NW of The Geysers, CA",1763268764130
-152.532666666667,60.5496666666667,13.49,-0.65,"66 km W of Salamatof, Alaska",1763268587640
-104.43,31.66,5.8051,1.8,"57 km S of Whites City, New Mexico",1763268105539
-116.002666666667,33.188,6.57,0.98,"13 km ENE of Ocotillo Wells, CA",1763268004390
-155.880833333333,19.4978333333333,8.63,1.57,"4 km E of Captain Cook, Hawaii",1763267990400
-104.448,31.659,6.0999,1.6,"57 km S of Whites City, New Mexico",1763267714035
-146.9659,64.6653,14.0,2.4,"4 km E of Eielson Air Force Base, Alaska",1763267110560
110.3645,-9.4256,35.0,4.1,"162 km S of Pundong, Indonesia",1763266616691
-122.8056640625,38.8185005187988,3.49000000953674,0.39,"6 km NW of The Geysers, CA",1763266176520
-123.233,39.2713333333333,3.01,1.23,"3 km WNW of Redwood Valley, CA",1763265223420
-104.424,31.687,5.177,2.5,"54 km S of Whites City, New Mexico",1763264699117
-152.629,62.7292,0.0,2.0,"94 km ESE of Nikolai, Alaska",1763264598050
-121.9455,37.7616666666667,8.52,0.85,"4 km SE of San Ramon, CA",1763264366160
-153.0605,60.0135,-0.17,-0.8,"63 km ENE of Pedro Bay, Alaska",1763264157100
-174.165833333333,52.365,4.07,0.6,"18 km N of Atka, Alaska",1763263651020
-112.898333333333,38.505,1.56,1.4,"15 km NE of Milford, Utah",1763263603930
-151.6136,60.4028,56.7,1.9,"17 km WNW of Cohoe, Alaska",1763263365697
-155.469833333333,19.2173333333333,30.7,1.32,"1 km NNE of Pāhala, Hawaii",1763263122480
-104.275,31.618,7.2791,1.9,"56 km NW of Toyah, Texas",1763262959401
-122.72533416748,38.7681655883789,0.75,1.05,"3 km ESE of The Geysers, CA",1763262863870
-112.897,38.5026666666667,1.58,1.49,"15 km NE of Milford, Utah",1763262598620
-152.308666666667,61.3098333333333,-0.27,-0.49,"68 km WNW of Beluga, Alaska",1763262588260
-122.754997253418,38.7976684570312,1.75999999046326,0.88,"2 km N of The Geysers, CA",1763262461530
-122.802833557129,38.8235015869141,2.48000001907349,0.76,"7 km NW of The Geysers, CA",1763262386730
-122.816,38.8116666666667,2.38,0.22,"6 km NW of The Geysers, CA",1763262258280
159.9097,53.1025,65.865,4.8,"86 km E of Petropavlovsk-Kamchatsky, Russia",1763261828203
-122.811668395996,38.8221664428711,2.77999997138977,0.78,"7 km NW of The Geysers, CA",1763261748340
-122.817001342773,38.8341674804688,1.49000000953674,0.54,"8 km NW of The Geysers, CA",1763261719000
-122.807830810547,38.8396682739258,1.95000004768372,0.26,"8 km WNW of Cobb, CA",1763261602380
-153.236333333333,59.9198333333333,25.68,0.29,"50 km ENE of Pedro Bay, Alaska",1763261547560
-102.16,32.425,6.665,0.8,"37 km ENE of McKinney Acres, Texas",1763261506101
-149.001,63.4704,8.1,1.4,"9 km NNW of Cantwell, Alaska",1763261132910
82.9073,39.8737,10.0,4.2,"158 km ESE of Aral, China",1763260958379
-101.926,32.277,8.9111,1.0,"20 km NW of Stanton, Texas",1763260602008
-152.691833333333,60.4971666666667,7.6,-0.48,"75 km NW of Ninilchik, Alaska",1763259506020
-118.371,35.4733333333333,2.91,1.23,"17 km SE of Bodfish, CA",1763259280390
-149.7335,62.1865,56.9,1.6,"6 km ENE of Susitna North, Alaska",1763258994239
-122.814666666667,38.7978333333333,3.61,-0.03,"6 km WNW of The Geysers, CA",1763258992390
-110.677166666667,44.6655,5.89,1.34,"33 km E of West Yellowstone, Montana",1763258942110
-148.5268,61.0967,5.8,0.8,"36 km NNE of Whittier, Alaska",1763258128255
-122.765167236328,38.8185005187988,1.89999997615814,1.08,"4 km W of Cobb, CA",1763257983840
-115.455166666667,32.9328333333333,5.53,1.35,"9 km SE of Brawley, CA",1763256936290
-178.8556,-28.8158,309.828,4.4,Kermadec Islands region,1763256438057
-152.114666666667,61.3348333333333,-2.95,-0.21,"59 km WNW of Beluga, Alaska",1763255510080
-120.993166666667,36.577,0.42,1.03,"14 km ENE of Pinnacles, CA",1763255236080
-110.664,44.6841666666667,2.25,0.17,"32 km S of Mammoth, Wyoming",1763255068910
-177.9755,-18.2518,589.526,4.2,"287 km E of Levuka, Fiji",1763254596025
-122.853668212891,38.8214988708496,2.5699999332428,1.03,"10 km WNW of The Geysers, CA",1763253991980
-122.819831848145,38.803165435791,4.30999994277954,0.3,"6 km WNW of The Geysers, CA",1763253904060
-122.764503479004,38.8181648254395,1.73000001907349,1.25,"4 km W of Cobb, CA",1763253852670
-122.811666666667,38.8385,1.97,0.39,"8 km WNW of Cobb, CA",1763253672530
-151.4348,61.6446,65.7,2.1,"38 km S of Skwentna, Alaska",1763253359241
-122.7845,38.8113333333333,2.81,0.63,"5 km NNW of The Geysers, CA",1763253279010
-174.164666666667,52.4085,2.6,0.85,"23 km N of Atka, Alaska",1763253264650
-73.0216,-14.4657,99.819,4.1,"12 km WSW of Mollebamba, Peru",1763253026686
-155.492660522461,19.1774997711182,28.4300003051758,1.88,"3 km SSW of Pāhala, Hawaii",1763252747900
-116.4638,38.4785,1.7177,1.75,"81 km NE of Tonopah, Nevada",1763252605861
-101.92,32.123,8.8623,1.7,"12 km W of Stanton, Texas",1763252466935
-147.3517,64.9535,2.7,1.5,"12 km E of Fox, Alaska",1763252451658
-155.483833333333,19.1715,29.77,1.4,"3 km S of Pāhala, Hawaii",1763252345090
-122.767166137695,38.7883338928223,2.02999997138977,0.28,"2 km NW of The Geysers, CA",1763252178340
-122.796166666667,38.795,0.1,0.2,"4 km WNW of The Geysers, CA",1763252142400
-67.2868333333333,18.3643333333333,17.61,2.92,"4 km NW of Rincón, Puerto Rico",1763251901910
-121.037833333333,36.5796666666667,8.98,1.86,"11 km ENE of Pinnacles, CA",1763251806440
143.3279,39.4839,10.0,4.2,"118 km E of Yamada, Japan",1763251772380
-27.4837,-55.3691,22.069,4.9,South Sandwich Islands region,1763251213082
-148.9011,62.7226,5.6,1.6,"68 km ENE of Chase, Alaska",1763251190905
-150.663,64.9024,6.0,1.7,"11 km S of Manley Hot Springs, Alaska",1763251109007
-122.811333333333,38.8318333333333,2.81,0.3,"8 km NW of The Geysers, CA",1763251051830
-152.5661,60.2993,96.1,2.3,"57 km WNW of Ninilchik, Alaska",1763250645263
-152.4215,62.8179,4.3,3.0,"87 km SSW of Denali National Park, Alaska",1763250333236
-116.6569,41.2061,8.9068,1.84,"60 km NE of Valmy, Nevada",1763249918627
-118.4063333,35.4875,3.01,1.57,"14 km SE of Bodfish, CA",1763249710310
-121.037833333333,36.5796666666667,8.84,2.15,"11 km ENE of Pinnacles, CA",1763249437860
-104.38,31.653,6.0999,2.1,"57 km S of Whites City, New Mexico",1763249330802
-150.9304,61.6164,58.6,1.6,"23 km WNW of Susitna, Alaska",1763248924396
-104.392,31.656,5.946,3.1,"57 km S of Whites City, New Mexico",1763248616710
-123.753833333333,39.1803333333333,3.72,1.66,"2 km SSE of Navarro Head, CA",1763248259830
-100.651,32.755,6.3721,1.0,"16 km NE of Hermleigh, Texas",1763247950299
-122.760498046875,38.7938346862793,0.860000014305115,0.7,"2 km N of The Geysers, CA",1763247894820
-121.953833333333,37.7616666666667,9.66,2.42,"3 km SE of San Ramon, CA",1763247414020
166.1904,-11.4509,79.012,4.2,"91 km SSE of Lata, Solomon Islands",1763246769740
-122.8075,38.8383333333333,2.36,0.39,"8 km WNW of Cobb, CA",1763246713350
-122.800003051758,38.8366661071777,1.9099999666214,0.23,"7 km WNW of Cobb, CA",1763246470560
-122.718,38.7866666666667,2.34,0.78,"3 km WNW of Anderson Springs, CA",1763246441520
-122.804496765137,38.820499420166,2.84999990463257,0.7,"6 km NW of The Geysers, CA",1763245874950
142.6795,40.2191,38.343,4.3,"74 km E of Noda, Japan",1763245595714
-117.3655,37.2245,0.0053,1.67,"54 km SSW of Goldfield, Nevada",1763245491034
-149.6468,62.4685,59.1,1.8,"23 km E of Chase, Alaska",1763244902929
-110.682666666667,44.6125,1.51,1.2,"33 km E of West Yellowstone, Montana",1763244254690
164.4381,-10.7671,10.0,4.4,"148 km W of Lata, Solomon Islands",1763244195402
-155.399673461914,19.2514991760254,30.3099994659424,1.72,"9 km ENE of Pāhala, Hawaii",1763243652370
-110.687166666667,44.6131666666667,5.0,0.58,"33 km E of West Yellowstone, Montana",1763243418900
-122.817497253418,38.8146667480469,2.54999995231628,1.07,"7 km NW of The Geysers, CA",1763243372950
-122.8,38.8385,2.54,0.44,"7 km WNW of Cobb, CA",1763243204780
122.4646,1.8573,16.403,4.1,"160 km NNW of Gorontalo, Indonesia",1763243105204
-122.799003601074,38.837833404541,2.0699999332428,1.1,"7 km WNW of Cobb, CA",1763243005540
-101.92,32.125,6.3232,2.6,"12 km W of Stanton, Texas",1763242632420
-116.6526667,33.4053333,4.4,1.95,"14 km N of Warner Springs, CA",1763242548460
-110.681666666667,44.602,2.87,0.73,"34 km ESE of West Yellowstone, Montana",1763242285700
-110.687666666667,44.6243333333333,2.23,0.98,"33 km E of West Yellowstone, Montana",1763242129180
-110.682,44.6026666666667,5.4,1.47,"34 km ESE of West Yellowstone, Montana",1763241957800
-122.72466666666666,47.41166666666667,23.51,1.49,"7 km W of Burley, Washington",1763241589260
-122.782501220703,38.8373336791992,2.80999994277954,0.77,"5 km WNW of Cobb, CA",1763241029360
-155.373166666667,19.1913333333333,30.94,1.92,"11 km E of Pāhala, Hawaii",1763241020100
-100.3173333,36.93666667,2.69,2.67,"13 km WNW of Knowles, Oklahoma",1763240929030
-112.892,38.5038333333333,1.95,1.07,"15 km NE of Milford, Utah",1763240461280
-156.3423,57.8199,122.1,2.0,"71 km ENE of Ugashik, Alaska",1763240454077
-122.755666666667,38.7785,1.42,0.32,"0 km NNE of The Geysers, CA",1763240334950
-152.1862,60.2673,93.6,3.2,"37 km NW of Ninilchik, Alaska",1763239213942
-115.9671667,33.1361667,4.56,1.94,"15 km E of Ocotillo Wells, CA",1763239140780
-122.774,38.7771666666667,2.75,0.4,"2 km W of The Geysers, CA",1763239061770
-112.894833333333,38.5038333333333,1.65,0.89,"15 km NE of Milford, Utah",1763238847680
-5.4329,82.1015,10.0,4.5,north of Svalbard,1763238435927
-124.186166666667,40.546,12.67,1.7,"6 km SSW of Fortuna, CA",1763238327310
-150.19,60.8137,33.5,1.9,"29 km ESE of Point Possession, Alaska",1763238059610
-122.789169311523,38.8201675415039,2.1800000667572,1.08,"6 km NNW of The Geysers, CA",1763237522680
-122.4985,38.685,6.96,1.03,"13 km SE of Middletown, CA",1763237362850
-156.119338989258,19.8558330535889,6.32000017166138,1.84,"20 km NW of Kalaoa, Hawaii",1763237015730
-112.894166666667,38.5051666666667,1.52,1.26,"15 km NE of Milford, Utah",1763236565690
-151.1998,62.2836,76.1,1.4,"32 km SW of Petersville, Alaska",1763236211781
-122.24366666666667,46.9725,13.6,0.89,"2 km SW of Kapowsin, Washington",1763236192860
-96.90633333,36.41283333,5.97,0.91,"12 km NW of Pawnee, Oklahoma",1763236169940
-112.894666666667,38.5045,2.06,1.21,"15 km NE of Milford, Utah",1763236022950
-153.117,60.0248333333333,6.02,-1.07,"61 km ENE of Pedro Bay, Alaska",1763235786740
-66.8215,17.9926666666667,13.76,2.17,"0 km SW of Indios, Puerto Rico",1763235690510
-123.4695,39.2501666666667,3.16,1.26,"20 km SSW of Willits, CA",1763235388600
-150.4062,59.8508,37.2,2.1,"30 km E of Fox River, Alaska",1763234893459
-122.724998474121,38.7931671142578,2.05999994277954,1.0,"3 km S of Cobb, CA",1763234734620
-122.36433333333333,46.349666666666664,15.45,0.62,"22 km SSE of Mossyrock, Washington",1763234083170
-122.818333333333,38.8085,2.99,0.35,"6 km WNW of The Geysers, CA",1763233266430
136.9978,36.1892,260.284,4.3,"23 km WNW of Takayama, Japan",1763232651434
-122.759666442871,38.7918319702148,1.12999999523163,1.35,"2 km N of The Geysers, CA",1763232563140
-122.817665100098,38.8326683044434,1.62000000476837,0.72,"8 km NW of The Geysers, CA",1763231143910
-153.0775,60.0431666666667,3.97,-0.8,"64 km ENE of Pedro Bay, Alaska",1763230937130
-153.078,60.0466666666667,-1.98,-0.95,"64 km ENE of Pedro Bay, Alaska",1763230349920
-122.737335205078,38.7693328857422,0.109999999403954,0.79,"2 km ESE of The Geysers, CA",1763230192000
143.2251,39.7127,29.58,4.7,"110 km E of Miyako, Japan",1763229983157
-143.4463,60.3836,3.2,1.9,"120 km SSW of McCarthy, Alaska",1763229940785
-122.182333333333,37.7698333333333,4.1,1.9,"5 km SE of Oakland, CA",1763229762870
-120.571,36.0101666666667,2.26,-0.08,"18 km NW of Parkfield, CA",1763229426710
-112.895833333333,38.5056666666667,1.67,1.49,"15 km NE of Milford, Utah",1763229424800
-112.894333333333,38.5058333333333,1.57,0.85,"15 km NE of Milford, Utah",1763228847890
-114.6455,37.3046,7.9104,2.32,"36 km SSW of Caliente, Nevada",1763228391846
-122.81600189209,38.8358345031738,0.850000023841858,1.13,"8 km W of Cobb, CA",1763227941770
-114.6707,37.3344,3.6773,1.6,"34 km SSW of Caliente, Nevada",1763227824161
-120.757166666667,35.5123333333333,5.7,1.24,"6 km SW of Templeton, CA",1763227524790
-147.8767,60.9708,25.0,1.6,"49 km ENE of Whittier, Alaska",1763227354015
-104.478,31.654,6.5613,1.5,"58 km S of Whites City, New Mexico",1763227079302
-102.076,32.422,8.1787,0.8,"35 km WSW of Ackerly, Texas",1763226805355
-67.5235,-24.1632,204.399,4.1,"122 km W of San Antonio de los Cobres, Argentina",1763226192046
-175.9526,-15.9963,10.0,4.5,"230 km W of Hihifo, Tonga",1763226089984
-116.373166666667,33.1933333333333,9.92,1.09,"7 km S of Borrego Springs, CA",1763226068090
-125.245333333333,40.4186666666667,10.0,3.28,"82 km W of Petrolia, CA",1763225582420
-102.207,32.13,5.1514,0.7,"19 km NW of Midland, Texas",1763225532864
-146.3868,61.7135,34.7,1.5,"36 km SSE of Nelchina, Alaska",1763225218434
-71.7214,-30.6681,20.919,4.6,"50 km W of Ovalle, Chile",1763225109917
-117.2736667,34.0761667,14.59,1.52,"3 km NNW of Loma Linda, CA",1763224961530
-149.5339,61.6895,29.0,1.8,"8 km NNE of Meadow Lakes, Alaska",1763224887282
-163.9915,54.7501666666667,-0.26,1.29,"39 km WSW of False Pass, Alaska",1763224807740
-101.913,32.233,6.7139,0.7,"16 km NW of Stanton, Texas",1763224802036
-122.724334716797,38.7606658935547,2.49000000953674,0.93,"3 km WSW of Anderson Springs, CA",1763224679960
-122.7275,38.7658333333333,2.33,0.45,"3 km ESE of The Geysers, CA",1763224575930
-123.487166666667,39.3478333333333,5.47,1.37,"13 km WSW of Willits, CA",1763224236820
-151.7641,60.5893,66.8,1.7,"24 km W of Salamatof, Alaska",1763223688720
-122.80583190918,38.8230018615723,2.38000011444092,0.78,"7 km NW of The Geysers, CA",1763223523440
-112.893,38.507,1.8,0.7,"15 km NE of Milford, Utah",1763223018010
-116.4466667,33.4605,2.8,0.97,"24 km ESE of Anza, CA",1763222172690
-116.445,33.4628333,2.44,1.0,"24 km ESE of Anza, CA",1763222001820
-152.313,61.3068333333333,0.61,-0.51,"68 km WNW of Tyonek, Alaska",1763221951220
-176.7044,-21.1033,253.53,4.8,"145 km W of Houma, Tonga",1763221571244
-122.496333333333,38.6878333333333,7.29,1.07,"13 km SE of Middletown, CA",1763221490560
-59.5794,16.3807,10.0,4.9,"159 km E of Beauséjour, Guadeloupe",1763221427955
-148.2299,60.1346,19.5,2.8,"14 km WNW of Chenega, Alaska",1763221298942
-152.310833333333,61.3071666666667,0.49,-0.24,"68 km WNW of Beluga, Alaska",1763221284600
-115.879166666667,32.6351666666667,10.62,1.15,"15 km SE of Ocotillo, CA",1763220569060
-122.854164123535,38.8168334960938,3.72000002861023,0.64,"10 km WNW of The Geysers, CA",1763220523500
-116.5563333,33.9848333,8.83,1.02,"6 km WNW of Desert Hot Springs, CA",1763220446830
-122.797333333333,38.8251666666667,2.63,0.47,"6 km NNW of The Geysers, CA",1763220410310
-104.001,31.518,7.5995,2.1,"29 km NW of Toyah, Texas",1763219849486
167.6284,-14.9848,121.432,4.2,"60 km E of Port-Olry, Vanuatu",1763219619374
-151.8262,61.7793,90.0,2.0,"32 km SW of Skwentna, Alaska",1763219405819
-149.6963,62.8804,69.3,1.9,"52 km NNE of Chase, Alaska",1763219162059
-122.541,38.5416666666667,1.54,1.38,"5 km SE of Calistoga, CA",1763218988900
-151.482,63.0918,1.4,1.5,"51 km SSE of Denali National Park, Alaska",1763218787469
-155.132171630859,19.3361663818359,2.47000002861023,1.94,"14 km S of Fern Forest, Hawaii",1763218555570
-155.473,19.21,32.19,1.48,"0 km NE of Pāhala, Hawaii",1763218544300
-112.893,38.5,1.36,1.48,"15 km NE of Milford, Utah",1763218005190
-151.4876,63.1029,4.3,1.8,"50 km SSE of Denali National Park, Alaska",1763217625477
-112.892166666667,38.5018333333333,1.29,1.43,"15 km NE of Milford, Utah",1763216592660
-125.2755,40.4115,10.0,2.87,"84 km W of Petrolia, CA",1763216419980
-112.893833333333,38.5006666666667,1.29,1.35,"15 km NE of Milford, Utah",1763216268880
-149.9302,61.59,38.3,1.4,"7 km SW of Houston, Alaska",1763216105690
-135.73,57.1011666666667,5.46,0.47,"24 km WNW of Sitka, Alaska",1763216027310
-122.81583404541,38.8346672058105,1.63999998569489,0.84,"8 km W of Cobb, CA",1763215996000
-163.923333333333,54.7513333333333,3.59,1.22,"34 km WSW of False Pass, Alaska",1763215803490
-121.835833333333,37.5513333333333,11.77,1.13,"8 km SE of Sunol, CA",1763215405810
-122.805666666667,38.8233333333333,2.4,0.68,"7 km NW of The Geysers, CA",1763215166220
-155.346664428711,19.1735000610352,27.6499996185303,1.71,"14 km ESE of Pāhala, Hawaii",1763215115820
-66.1113333333333,17.8606666666667,8.41,2.19,"11 km SSE of Jobos, Puerto Rico",1763214945650
-149.7694,62.9645,60.5,2.2,"59 km NNE of Chase, Alaska",1763214707459
-118.4715,35.6558333,8.45,1.16,"4 km N of Lake Isabella, CA",1763214675240
-122.794833333333,38.8061666666667,3.53,0.35,"5 km NW of The Geysers, CA",1763214189620
-101.487,32.101,8.0322,1.2,"11 km W of Forsan, Texas",1763213843317
-147.6901,60.5485,19.9,1.6,"56 km NNE of Chenega, Alaska",1763213658112
150.8097,45.4818,47.946,4.5,"231 km E of Kuril’sk, Russia",1763213505230
-84.6126666666667,35.2983333333333,13.67,1.91,"8 km WSW of Etowah, Tennessee",1763213169320
-84.5901666666667,35.2938333333333,13.18,1.8,"6 km WSW of Etowah, Tennessee",1763213168630
-148.1174,62.2447,24.3,2.0,"53 km NNE of Chickaloon, Alaska",1763212034981
-122.728996276855,38.7603340148926,1.74000000953674,0.92,"3 km SE of The Geysers, CA",1763211952770
-116.152,33.7783333,6.01,2.22,"9 km NE of Indio, CA",1763211598330
-112.8935,38.5036666666667,1.53,0.34,"15 km NE of Milford, Utah",1763211282130
172.3886,52.5725,35.549,3.9,"61 km WSW of Attu Station, Alaska",1763211193732
-121.75816666666667,46.85183333333333,0.77,0.41000000000000003,"23 km ENE of Ashford, Washington",1763210643700
-116.62,33.4543333,9.27,0.58,"12 km SSE of Anza, CA",1763210627380
-123.319833333333,39.249,2.86,1.16,"10 km W of Redwood Valley, CA",1763210506800
-152.2299,59.6757,64.8,2.2,"25 km WSW of Anchor Point, Alaska",1763210392687
-104.001,31.515,7.3688,1.9,"29 km NW of Toyah, Texas",1763210155247
-153.049166666667,60.0536666666667,2.44,-0.62,"66 km ENE of Pedro Bay, Alaska",1763209835040
56.5241,13.8516,10.0,4.3,Socotra region,1763209523999
-66.4516666666667,18.5581666666667,45.12,2.53,"11 km NNE of Tierras Nuevas Poniente, Puerto Rico",1763209506420
-155.402833333333,19.2678333333333,30.06,1.99,"10 km NE of Pāhala, Hawaii",1763209476230
-120.877666666667,36.0116666666667,10.08,0.66,"3 km ESE of San Ardo, CA",1763209005450
-151.0159,61.9667,63.6,1.7,"20 km E of Skwentna, Alaska",1763208787727
-155.179336547852,19.3316669464111,3.1800000667572,1.78,"13 km SSE of Volcano, Hawaii",1763208535960
-122.730331420898,38.7733345031738,1.92999994754791,1.19,"2 km E of The Geysers, CA",1763208499820
-112.366666666667,41.7695,7.46,0.55,"7 km ESE of Howell, Utah",1763208399600
-155.295669555664,19.2154998779297,45.7400016784668,1.77,"19 km E of Pāhala, Hawaii",1763207615590
123.793,-9.2994,102.266,4.5,"33 km N of Naisano Dua, Indonesia",1763207591700
-104.393,31.655,6.0999,1.5,"57 km S of Whites City, New Mexico",1763207441882
-112.368,41.768,9.18,1.07,"7 km ESE of Howell, Utah",1763207369460
-155.288666666667,19.222,46.39,1.4,"20 km E of Pāhala, Hawaii",1763207352150
-112.886666666667,38.503,2.3,0.85,"16 km NE of Milford, Utah",1763207339670
-104.393,31.657,5.9973,3.0,"57 km S of Whites City, New Mexico",1763206871964
-122.47,37.5953333333333,10.32,1.25,"3 km SE of Pacifica, CA",1763206841780
57.3897,13.6213,10.0,4.4,Owen Fracture Zone region,1763205787838
-127.1902,43.5781,10.0,3.2,"231 km WNW of Bandon, Oregon",1763205739849
-122.81566619873,38.8294982910156,2.20000004768372,1.08,"8 km NW of The Geysers, CA",1763205138270
-122.772166666667,38.7893333333333,1.67,0.22,"2 km NW of The Geysers, CA",1763204998690
-104.392,31.654,6.0999,3.1,"57 km S of Whites City, New Mexico",1763204384649
-122.813166666667,38.807,3.94,0.1,"6 km NW of The Geysers, CA",1763203726100
-122.811164855957,38.8081665039062,3.36999988555908,1.14,"6 km NW of The Geysers, CA",1763203674040
-123.331666666667,39.4826666666667,6.4,1.32,"6 km NE of Brooktrails, CA",1763202355730
-169.506,52.858,-1.71,2.18,"44 km WSW of Nikolski, Alaska",1763202251770
-155.121002197266,19.1738338470459,38.0699996948242,1.78,"32 km SSE of Volcano, Hawaii",1763201672610
-163.9835,54.7518333333333,-0.31,1.14,"38 km WSW of False Pass, Alaska",1763201386910
-112.893166666667,38.5051666666667,1.51,1.38,"15 km NE of Milford, Utah",1763201168930
-80.3893,51.6014,11.125,4.1,"39 km NNE of Moosonee, Canada",1763200716381
-117.598666666667,35.7723333333333,7.19,0.56,"18 km W of Searles Valley, CA",1763200658450
-119.52416666666667,48.81466666666667,15.35,2.77,"8 km E of Loomis, Washington",1763199401670
-178.0497,-20.3233,525.651,4.5,Fiji region,1763199356320
-149.9923,60.7004,13.3,1.6,"25 km NNW of Cooper Landing, Alaska",1763199335863
-119.52366666666667,48.80433333333333,17.96,1.85,"8 km ESE of Loomis, Washington",1763198796200
-152.7212,60.2871,97.3,2.4,"64 km WNW of Ninilchik, Alaska",1763198740269
-69.6443,-18.3753,119.906,4.2,"69 km E of Arica, Chile",1763198660348
-91.2418333333333,36.1073333333333,12.21,2.15,"6 km ENE of Smithville, Arkansas",1763198355880
-110.674333333333,44.6615,4.98,1.61,"34 km E of West Yellowstone, Montana",1763197834200
-102.087,32.352,7.7881,0.7,"37 km NW of Stanton, Texas",1763197354398
-112.890833333333,38.5015,0.04,0.72,"15 km NE of Milford, Utah",1763197334210
28.2723,39.2087,10.0,4.5,"8 km ESE of Sındırgı, Turkey",1763196379147
-117.7926667,35.3486667,4.85,0.84,"15 km W of Johannesburg, CA",1763195457620
-169.3333,52.7023,10.0,3.3,"41 km SW of Nikolski, Alaska",1763195079560
-150.7291,61.6929,51.4,1.5,"20 km NW of Susitna, Alaska",1763194668703
-119.700833333333,34.5231666666667,2.84,1.25,"11 km N of Santa Barbara, CA",1763194534120
-112.894666666667,38.5018333333333,1.51,1.43,"15 km NE of Milford, Utah",1763194268800
159.3681,51.5174,54.403,4.1,"170 km SSE of Vilyuchinsk, Russia",1763194054941
-118.443333333333,35.4795,3.12,1.28,"13 km SSE of Bodfish, CA",1763193439500
-175.7057,-15.5271,10.0,4.9,"210 km WNW of Hihifo, Tonga",1763193176063
-102.085,32.01,8.4229,0.9,"1 km NNW of Midland, Texas",1763192994616
-117.429,34.1496667,6.74,0.65,"6 km NNE of Fontana, CA",1763192810960
-68.7606,19.3446,8.0,3.75,"50 km NE of Miches, Dominican Republic",1763192653390
-97.20516667,35.849,9.19,0.82,"3 km ENE of Meridian, Oklahoma",1763192545089
-152.302833333333,61.2996666666667,-0.56,-0.23,"67 km WNW of Tyonek, Alaska",1763192453170
-122.811996459961,38.8185005187988,2.72000002861023,1.24,"7 km NW of The Geysers, CA",1763192329750
123.9672,11.2983,10.0,4.9,"7 km WNW of Tapilon, Philippines",1763192319661
-80.4587,41.3498,5.0,1.7,"5 km ENE of Orangeville, Ohio",1763192272632
-116.577,33.456,10.03,1.0,"14 km SE of Anza, CA",1763192256720
-152.276,59.6261,69.1,2.2,"30 km SW of Anchor Point, Alaska",1763192201940
-153.449166666667,59.3646666666667,2.5,0.44,"59 km SE of Pedro Bay, Alaska",1763192054110
-153.1534,60.17,135.3,1.9,"64 km E of Port Alsworth, Alaska",1763192032998
161.1788,53.156,29.544,4.0,"171 km E of Petropavlovsk-Kamchatsky, Russia",1763191952953
-89.4531666666667,36.2076666666667,9.16,1.54,"6 km SSE of Ridgely, Tennessee",1763191803990
-122.820503234863,38.8316650390625,1.51999998092651,0.73,"8 km NW of The Geysers, CA",1763191678650
-104.514,31.712,6.0999,2.1,"53 km SSW of Whites City, New Mexico",1763191472918
28.4709,-52.173,10.0,4.2,south of Africa,1763190694128
-66.6297,-23.6271,214.992,4.5,"72 km NNW of San Antonio de los Cobres, Argentina",1763190602334
-110.773666666667,44.6745,2.2,0.45,"26 km E of West Yellowstone, Montana",1763190007170
-101.489,32.103,8.8135,2.3,"11 km W of Forsan, Texas",1763189949462
-103.522,31.428,3.4851,1.9,"2 km WNW of Pecos, Texas",1763189742117
-112.894,38.505,2.01,1.02,"15 km NE of Milford, Utah",1763189169880
-155.367492675781,19.0433330535889,34.3300018310547,1.74,"21 km SSE of Pāhala, Hawaii",1763187996870
-101.686,31.718,8.7646,2.5,"25 km SW of Garden City, Texas",1763187760591
-151.6564,62.0389,85.9,1.8,"14 km WNW of Skwentna, Alaska",1763187748955
-71.5282,-28.8239,31.144,5.0,"79 km WSW of Vallenar, Chile",1763187237714
-122.786163330078,38.8125,1.54999995231628,0.77,"5 km NNW of The Geysers, CA",1763186733370
-148.8829,63.5691,0.6,1.5,"18 km S of Denali Park, Alaska",1763186520623
-122.820166666667,38.8175,1.13,0.22,"7 km NW of The Geysers, CA",1763186313830
-117.8068333,35.3503333,7.37,1.55,"16 km W of Johannesburg, CA",1763186308830
-163.9815,54.7513333333333,-2.91,0.93,"38 km WSW of False Pass, Alaska",1763186290190
-112.888333333333,38.5093333333333,2.1,1.16,"16 km NE of Milford, Utah",1763186127400
-66.9008333333333,18.0033333333333,10.59,2.56,"2 km NE of Fuig, Puerto Rico",1763185617790
126.6366,4.0236,35.0,5.3,"200 km SE of Sarangani, Philippines",1763184810479
-70.8946,46.9814,21.912,1.9,"6 km S of Beaupré, Canada",1763184768207
-150.5329,61.4857,60.0,1.5,"6 km S of Susitna, Alaska",1763184740338
-155.438659667969,19.2976665496826,25.25,1.88,"11 km NNE of Pāhala, Hawaii",1763184442790
-112.8915,38.507,1.55,1.13,"16 km NE of Milford, Utah",1763183973260
-112.896666666667,38.5046666666667,1.81,1.16,"15 km NE of Milford, Utah",1763183644580
-65.2878,19.0868,101.0,3.69,"86 km N of Culebra, Puerto Rico",1763183479700
-112.894666666667,38.5045,1.96,1.52,"15 km NE of Milford, Utah",1763182856900
-112.895,38.5045,2.04,1.15,"15 km NE of Milford, Utah",1763182853330
-117.469,34.22,12.57,1.91,"5 km SSE of Lytle Creek, CA",1763182329930
-117.47,34.2195,12.79,2.36,"5 km SSE of Lytle Creek, CA",1763182230730
-153.074666666667,60.0496666666667,0.82,-0.69,"64 km ENE of Pedro Bay, Alaska",1763181752840
-101.157,32.13,8.2764,1.5,"19 km E of Forsan, Texas",1763179984574
-67.9145,18.3533,177.0,3.72,"57 km ESE of Punta Cana, Dominican Republic",1763179868510
-122.810833333333,38.8395,1.72,0.38,"8 km WNW of Cobb, CA",1763179774580
-122.7725,38.8101666666667,1.79,0.35,"4 km NNW of The Geysers, CA",1763179269690
-112.8955,38.5035,1.61,1.52,"15 km NE of Milford, Utah",1763178982080
-122.810836791992,38.8376655578613,2.03999996185303,1.28,"8 km WNW of Cobb, CA",1763178811810
-122.811332702637,38.8385009765625,2.02999997138977,0.21,"8 km WNW of Cobb, CA",1763178772720
-150.948,61.6575,60.6,1.7,"26 km WNW of Susitna, Alaska",1763178547383
-152.203,60.9448,99.9,1.4,"57 km WNW of Nikiski, Alaska",1763177365055
-112.896,38.5053333333333,2.12,0.9,"15 km NE of Milford, Utah",1763177051750
-112.892833333333,38.5051666666667,1.52,1.48,"15 km NE of Milford, Utah",1763176885110
-112.891833333333,38.5058333333333,1.73,1.24,"15 km NE of Milford, Utah",1763176878430
70.9321,36.8634,163.091,4.2,"8 km E of Jurm, Afghanistan",1763176495403
-98.935,28.679,6.6072,3.5,"23 km E of Dilley, Texas",1763176111432
-117.266833333333,34.1675,5.85,0.88,"5 km NNE of San Bernardino, CA",1763175085720
-122.737335205078,38.7716674804688,1.35000002384186,1.15,"2 km ESE of The Geysers, CA",1763174409200
-169.907,52.8215,5.43,1.28,"71 km W of Nikolski, Alaska",1763173877520
-152.2635,61.1209,0.0,1.4,"61 km W of Tyonek, Alaska",1763173451922
-127.2107,40.6243,10.0,3.2,"249 km W of Ferndale, California",1763173067524
-151.1778,63.2656,9.8,1.4,"41 km SE of Denali National Park, Alaska",1763172559132
-117.071,34.1826666666667,3.5,0.67,"4 km SE of Running Springs, CA",1763172403920
-115.9067,38.6846,1.3356,2.55,"77 km WSW of Preston, Nevada",1763171642637
-122.78116607666,38.7953338623047,3.35999989509583,1.07,"3 km NW of The Geysers, CA",1763171395060
-104.527,31.724,4.7668,2.2,"52 km SSW of Whites City, New Mexico",1763170687804
-117.1211667,34.0288333,5.19,1.62,"5 km SSE of Mentone, CA",1763170613930
-104.198,31.757,6.5613,1.5,"49 km SSE of Whites City, New Mexico",1763170488796
-122.809501647949,38.8246650695801,2.32999992370605,1.44,"7 km NW of The Geysers, CA",1763170043110
179.0917,52.2648,198.536,4.3,"296 km W of Adak, Alaska",1763169632229
-97.89016667,35.004,9.07,1.37,"6 km SE of Chickasha, Oklahoma",1763169265100
-153.069666666667,60.0241666666667,0.23,-1.16,"63 km ENE of Pedro Bay, Alaska",1763169015580
-121.937,37.7585,6.98,1.23,"4 km ESE of San Ramon, CA",1763168530570
-116.6874,41.172,10.3479,2.12,"56 km NE of Valmy, Nevada",1763168375882
-122.817,38.8276666666667,2.17,0.79,"8 km NW of The Geysers, CA",1763168294780
-112.8975,38.5055,1.94,1.22,"15 km NE of Milford, Utah",1763168251300
-155.38916015625,19.2385005950928,29.6399993896484,1.73,"10 km ENE of Pāhala, Hawaii",1763168035990
-104.45,31.666,6.1511,1.7,"56 km S of Whites City, New Mexico",1763167661173
-122.839836120605,38.8358345031738,0.920000016689301,0.72,"10 km NW of The Geysers, CA",1763167125990
-97.908,34.98266667,11.05,0.95,"4 km NNE of Ninnekah, Oklahoma",1763166753960
-116.5275,34.1618333,1.64,1.58,"10 km WNW of Yucca Valley, CA",1763165725730
132.4127,-6.5132,10.0,4.5,"104 km SSW of Tual, Indonesia",1763165665144
-112.895666666667,38.5078333333333,2.34,1.52,"15 km NE of Milford, Utah",1763165606750
-117.4743333,35.6295,4.69,0.88,"17 km SSW of Searles Valley, CA",1763165217550
28.1113,39.2303,10.0,4.2,"5 km WSW of Sındırgı, Turkey",1763165059648
-122.785667419434,38.8273315429688,0.469999998807907,0.74,"5 km W of Cobb, CA",1763164641410
-101.688,31.72,8.7646,1.5,"25 km SW of Garden City, Texas",1763164636653
-155.419166666667,19.2756666666667,30.18,1.49,"10 km NE of Pāhala, Hawaii",1763164599500
122.1787,24.8526,10.0,4.7,"44 km SE of Jiufen, Taiwan",1763164585933
-124.1305,47.390166666666666,28.26,1.67,"12 km NE of Santiago, Washington",1763164572640
-122.4635,37.5978333333333,9.29,1.46,"3 km SE of Pacifica, CA",1763163986510
-149.9953,61.8038,33.3,2.0,"6 km NNE of Willow, Alaska",1763163932777
-122.4695,37.5968333333333,10.21,0.75,"2 km SE of Pacifica, CA",1763163619520
-102.196,32.356,8.9111,1.1,"31 km E of McKinney Acres, Texas",1763163332569
-96.73716667,35.55066667,5.11,1.38,"8 km NNW of Prague, Oklahoma",1763163332229
-122.81233215332,38.8424987792969,-0.800000011920929,0.36,"8 km WNW of Cobb, CA",1763163105330
-122.817497253418,38.8434982299805,1.39999997615814,0.75,"9 km WNW of Cobb, CA",1763163076000
-121.9505,37.8191666666667,7.56,0.75,"2 km SSE of Diablo, CA",1763162967140
-155.492333333333,19.1488333333333,32.9,1.61,"6 km SSW of Pāhala, Hawaii",1763160760630
-66.5253333333333,18.5166666666667,92.46,2.94,"7 km NNW of Tierras Nuevas Poniente, Puerto Rico",1763160490540
-149.3338,62.2332,39.6,1.5,"28 km ENE of Susitna North, Alaska",1763160343516
-122.464166666667,37.5966666666667,9.42,1.56,"3 km SE of Pacifica, CA",1763159951530
116.7495,-10.8967,10.0,4.2,"238 km S of Taliwang, Indonesia",1763159807594
-155.2135,19.3368333333333,4.86,0.69,"11 km S of Volcano, Hawaii",1763159515980
-97.23616667,35.49516667,7.3,0.83,"2 km E of Choctaw, Oklahoma",1763159443189
-120.51316666666666,49.37266666666667,-0.51,2.06,"9 km S of Princeton, Canada",1763158498510
-101.075,32.341,7.2998,1.3,"5 km WSW of Westbrook, Texas",1763157119343
-116.6415,33.413,6.57,0.9,"15 km N of Warner Springs, CA",1763156922180
-122.205,46.97083333333333,-0.38,1.17,"2 km SE of Kapowsin, Washington",1763156839500
-89.5228333333333,36.2916666666667,6.52,1.68,"4 km NW of Ridgely, Tennessee",1763155739450
-149.0243,65.2978,9.9,1.7,"22 km NE of Minto, Alaska",1763155730032
-148.952,65.2913,0.8,2.4,"24 km NE of Minto, Alaska",1763155355713
-121.940666666667,37.759,7.9,1.31,"4 km SE of San Ramon, CA",1763154608690
-121.611,36.9705,2.99,1.47,"5 km SW of Gilroy, CA",1763154564060
-122.793167114258,38.8175010681152,2.83999991416931,1.08,"5 km NW of The Geysers, CA",1763153758790
-121.391833333333,36.9673333333333,11.35,1.26,"13 km N of Hollister, CA",1763153630960
-89.5223333333333,36.291,6.19,1.84,"4 km NW of Ridgely, Tennessee",1763153379310
-110.6765,44.657,4.89,0.52,"33 km E of West Yellowstone, Montana",1763152322010
-118.3475,35.058,-0.93,1.16,"12 km SE of Tehachapi, CA",1763149905800
-103.81,32.001,7.7533,1.1,"35 km SE of Malaga, New Mexico",1763149621821
-122.819000244141,38.8448333740234,1.13999998569489,0.78,"9 km WNW of Cobb, CA",1763149479170
-87.3782,11.5957,44.982,4.4,"96 km WSW of Masachapa, Nicaragua",1763149136658
51.6108,27.7431,10.0,4.1,"127 km W of Mohr, Iran",1763148834233
-122.837333679199,38.841667175293,1.73000001907349,0.76,"10 km NW of The Geysers, CA",1763148544160
-153.086833333333,60.0446666666667,-2.13,-0.52,"63 km ENE of Pedro Bay, Alaska",1763148405830
167.6256,-14.2453,15.909,4.2,"41 km S of Sola, Vanuatu",1763148350663
-96.81833333,34.36833333,0.0,1.19,"4 km S of Mill Creek, Oklahoma",1763147815509
157.8999,50.7731,67.933,4.0,"125 km E of Severo-Kuril’sk, Russia",1763147489267
-116.6596667,33.5553333,8.95,1.57,"1 km E of Anza, CA",1763147456030
-175.7048,-15.345,5.281,5.7,"215 km WNW of Hihifo, Tonga",1763147343986
-151.8965,61.4918,5.3,0.6,"58 km NW of Beluga, Alaska",1763146994947
-116.0161667,33.16,5.87,0.75,"11 km E of Ocotillo Wells, CA",1763146638870
-122.819831848145,38.8305015563965,3.42000007629395,0.76,"8 km NW of The Geysers, CA",1763146441310
-122.802333333333,38.819,0.73,0.22,"6 km NW of The Geysers, CA",1763146132400
-112.895833333333,38.5036666666667,1.83,1.52,"15 km NE of Milford, Utah",1763145988520
158.0582,50.4975,24.453,4.8,"138 km E of Severo-Kuril’sk, Russia",1763145955661
158.1795,50.5547,43.872,5.1,"145 km E of Severo-Kuril’sk, Russia",1763145705832
-122.572,37.7738333333333,8.72,1.71,"8 km NW of San Francisco Zoo, CA",1763145635230
147.8223,-5.9483,109.755,4.1,"67 km N of Finschhafen, Papua New Guinea",1763145196052
-117.6436667,33.7978333,4.56,1.56,"11 km SW of Corona, CA",1763144944080
-102.164,32.357,7.0068,0.9,"34 km E of McKinney Acres, Texas",1763144824277
-112.059666666667,39.2281666666667,19.62,1.4,"4 km ESE of Scipio, Utah",1763144644960
-156.1453,57.8623,4.7,1.9,"82 km ESE of Egegik, Alaska",1763144607496
-122.7905,38.8361666666667,1.99,0.25,"6 km WNW of Cobb, CA",1763144578060
-104.394,31.652,5.8435,1.6,"58 km S of Whites City, New Mexico",1763144218181
-123.122,39.1996666666667,-0.54,1.24,"8 km NNE of Talmage, CA",1763143235730
-122.736335754395,38.748664855957,1.01999998092651,0.79,"4 km SSE of The Geysers, CA",1763141831590
142.1027,37.3113,31.662,4.6,"96 km E of Tomioka, Japan",1763141694630
-122.842166666667,38.8196666666667,2.7,0.28,"9 km WNW of The Geysers, CA",1763140706880
-147.7426,63.5241,16.8,1.5,"62 km ENE of Cantwell, Alaska",1763140633989
-155.496333333333,19.9606666666667,37.71,2.13,"13 km SSW of Honoka‘a, Hawaii",1763140192950
-112.895,38.5033333333333,1.68,1.31,"15 km NE of Milford, Utah",1763140171770
6.7656,73.2777,10.0,4.3,Greenland Sea,1763139641851
6.6241,73.3425,10.0,4.3,Greenland Sea,1763139610263
-148.2391,68.4257,0.0,1.8,"116 km WNW of Arctic Village, Alaska",1763139505331
-122.735333333333,38.799,1.07,0.51,"3 km SSW of Cobb, CA",1763139449860
-110.7785,44.7556666666667,5.29,1.18,"25 km SSW of Mammoth, Wyoming",1763139335900
-117.8888333,36.0948333,5.24,1.6,"8 km NE of Coso Junction, CA",1763139245910
-145.5616,60.797,39.9,1.9,"30 km NNE of Cordova, Alaska",1763138663975
-122.838668823242,38.8388328552246,1.99000000953674,0.76,"10 km NW of The Geysers, CA",1763138003530
-153.030333333333,60.0543333333333,0.14,-0.7,"67 km ENE of Pedro Bay, Alaska",1763137940380
-101.926,32.343,8.5205,0.9,"27 km NNW of Stanton, Texas",1763137722884
-148.5628,62.263,26.4,1.8,"52 km N of Chickaloon, Alaska",1763136420164
-34.839,52.6829,10.0,4.9,Reykjanes Ridge,1763135944440
-149.0926,60.6029,3.5,1.4,"19 km NE of Moose Pass, Alaska",1763135640076
-102.169,32.436,7.0557,0.8,"37 km ENE of McKinney Acres, Texas",1763135035387
-153.3809,59.9582,153.3,2.0,"44 km ENE of Pedro Bay, Alaska",1763134820979
-152.724166666667,60.5348333333333,4.75,0.0,"77 km W of Salamatof, Alaska",1763134453290
-101.435,32.487,4.2236,1.3,"24 km NNW of Sand Springs, Texas",1763134300757
-148.7462,61.883,29.3,2.8,"11 km N of Sutton-Alpine, Alaska",1763134136805
-151.4104,61.6048,76.5,0.9,"42 km S of Skwentna, Alaska",1763133208578
141.8347,37.0946,57.278,4.7,"77 km ESE of Tomioka, Japan",1763132514083
-152.292166666667,60.9505,9.74,0.24,"61 km WNW of Nikiski, Alaska",1763132238520
-122.4625,37.5965,9.16,1.41,"3 km SE of Pacifica, CA",1763132232110
-122.792999267578,38.8316650390625,1.80999994277954,1.05,"6 km W of Cobb, CA",1763131162060
-112.898166666667,38.5051666666667,1.98,0.93,"15 km NE of Milford, Utah",1763130938710
-122.826164245605,38.813835144043,2.02999997138977,0.75,"7 km NW of The Geysers, CA",1763130878650
-147.0998,64.6118,0.0,0.8,"6 km SSW of Eielson Air Force Base, Alaska",1763130813964
-112.382,41.7761666666667,1.34,0.79,"5 km ESE of Howell, Utah",1763130580310
-122.226833333333,38.0811666666667,8.09,1.61,"3 km NNW of Crockett, CA",1763129893210
-122.817333333333,38.8311666666667,1.77,0.4,"8 km NW of The Geysers, CA",1763129818980
-122.784,38.8268333333333,1.74,0.39,"5 km W of Cobb, CA",1763129497790
-149.0232,63.7908,25.0,1.5,"7 km SSW of Healy, Alaska",1763129079440
-153.7238,61.7094,12.6,1.8,"99 km ENE of Lime Village, Alaska",1763129015822
-121.907,46.845166666666664,10.26,0.67,"13 km NE of Ashford, Washington",1763128781210
-116.8216667,33.2738333,13.83,0.77,"6 km WNW of Lake Henshaw, CA",1763128371000
-116.7308333,33.6998333,16.93,0.51,"5 km SSW of Idyllwild, CA",1763128307600
-112.896166666667,38.507,1.15,1.31,"15 km NE of Milford, Utah",1763127913240
-155.4937,58.5743,141.1,2.3,"69 km E of King Salmon, Alaska",1763127361516
-122.722833333333,38.7618333333333,2.64,0.3,"3 km WSW of Anderson Springs, CA",1763127182480
-122.790333333333,38.8203333333333,2.15,0.32,"6 km NNW of The Geysers, CA",1763127103290
-155.112335205078,19.2544994354248,38.3600006103516,1.72,"23 km S of Fern Forest, Hawaii",1763126398090
-152.559833333333,60.5255,10.24,-0.58,"68 km W of Salamatof, Alaska",1763125115720
-151.3871,63.2587,1.7,1.7,"35 km SSE of Denali National Park, Alaska",1763124572767
-154.9806,58.262,38.7,0.6,"83 km NNW of Karluk, Alaska",1763124345335
-112.8935,38.507,2.06,1.36,"15 km NE of Milford, Utah",1763124166810
-164.0355,54.7148333333333,13.13,1.53,"43 km WSW of False Pass, Alaska",1763124076410
-101.648,32.092,6.2256,1.0,"13 km ESE of Stanton, Texas",1763124074056
-122.771003723145,38.7879981994629,1.52999997138977,1.08,"2 km NW of The Geysers, CA",1763123162170
167.8871,-14.7934,10.0,4.8,"91 km ENE of Port-Olry, Vanuatu",1763122222951
-151.3659,60.7958,63.5,1.6,"12 km NNW of Nikiski, Alaska",1763122178918
-121.72583333333333,47.49816666666667,16.23,1.19,"2 km NNE of Tanner, Washington",1763121882920
157.9178,50.5132,35.0,4.1,"128 km E of Severo-Kuril’sk, Russia",1763121056927
-110.646,39.1555,16.46,0.18,"27 km SE of Cleveland, Utah",1763120581820
158.3195,50.386,10.0,5.1,"158 km ESE of Severo-Kuril’sk, Russia",1763120022700
-151.77,59.8535,58.1,1.8,"9 km NNE of Anchor Point, Alaska",1763119752063
-116.6536667,33.4058333,4.25,1.78,"14 km N of Warner Springs, CA",1763119665990
-122.736503601074,38.798999786377,0.340000003576279,0.77,"3 km SSW of Cobb, CA",1763119602070
-98.869,28.73,8.472,1.6,"21 km SW of Charlotte, Texas",1763119370008
-122.7245,38.7581666666667,2.46,0.42,"3 km WSW of Anderson Springs, CA",1763118899990
-161.3362,54.1583,35.0,3.3,"118 km SSE of King Cove, Alaska",1763118893557
-151.2282,62.369,85.9,1.8,"27 km WSW of Petersville, Alaska",1763118734841
-155.22,19.3176666666667,5.57,1.95,"13 km S of Volcano, Hawaii",1763118553390
-96.75033333,35.53866667,6.57,0.96,"8 km NW of Prague, Oklahoma",1763118468509
26.037,34.488,10.0,4.8,"64 km SSE of Ierápetra, Greece",1763118063996
-104.45,31.657,6.6125,1.7,"57 km S of Whites City, New Mexico",1763117873729
-122.762664794922,38.7976684570312,1.30999994277954,0.74,"2 km NNW of The Geysers, CA",1763117506630
-153.4529,65.566,0.0,2.5,"65 km SE of Hughes, Alaska",1763117112196
-101.691,31.724,8.8623,1.9,"25 km SW of Garden City, Texas",1763116619756
-153.286166666667,59.7996666666667,12.18,0.85,"46 km E of Pedro Bay, Alaska",1763116024630
-122.744499206543,38.7864990234375,1.70000004768372,1.11,"1 km NE of The Geysers, CA",1763115495920
-121.926333333333,37.7621666666667,6.92,0.59,"5 km ESE of San Ramon, CA",1763115292240
-122.81616973877,38.8429985046387,0.860000014305115,0.84,"8 km WNW of Cobb, CA",1763115077360
-122.817337036133,38.8466682434082,1.6599999666214,0.69,"9 km WNW of Cobb, CA",1763115034200
-122.816665649414,38.8461685180664,0.479999989271164,0.74,"9 km WNW of Cobb, CA",1763115013600
-122.815166666667,38.845,1.42,0.34,"8 km WNW of Cobb, CA",1763114685710
-135.749833333333,57.0885,6.11,0.31,"25 km W of Sitka, Alaska",1763114652380
-121.925833333333,37.7625,6.91,1.17,"5 km ESE of San Ramon, CA",1763114510040
-122.841666666667,38.8213333333333,2.06,0.22,"9 km WNW of The Geysers, CA",1763114509060
-122.763999938965,38.7861671447754,0.370000004768372,1.12,"1 km NNW of The Geysers, CA",1763113882810
-102.099,32.41,8.7891,1.3,"38 km WSW of Ackerly, Texas",1763113629567
-146.7835,61.2788,14.9,2.0,"28 km NW of Valdez, Alaska",1763112779013
-104.393,31.657,5.8435,2.0,"57 km S of Whites City, New Mexico",1763112637486
-154.895666666667,58.3446666666667,4.58,-0.26,"90 km NNW of Karluk, Alaska",1763112389060
-122.830169677734,38.8293342590332,0.439999997615814,0.96,"9 km NW of The Geysers, CA",1763112251750
-150.0478,61.6264,21.6,1.9,"12 km W of Houston, Alaska",1763112019191
-117.7968333,33.8786667,10.79,1.12,"2 km SE of Yorba Linda, CA",1763111999380
-155.550827026367,19.6909999847412,38.560001373291,1.76,"37 km SE of Waikoloa, Hawaii",1763111319100
-97.94483333,35.32633333,5.96,0.42,"1 km N of Minco, Oklahoma",1763110902859
-116.4435,33.4588333,3.07,0.94,"23 km NNW of Borrego Springs, CA",1763110641730
-118.9435,37.461,10.25,0.86,"20 km S of Mammoth Lakes, CA",1763110084060
-148.6918,64.149,0.0,1.4,"25 km NE of Ferry, Alaska",1763110044641
-118.9445,37.457,13.52,2.6,"20 km S of Mammoth Lakes, CA",1763110008470
-122.845336914062,38.8251647949219,2.01999998092651,0.69,"9 km NW of The Geysers, CA",1763109435260
-151.0107,65.8603,0.0,1.4,"55 km NW of Rampart, Alaska",1763109420364
-146.6278,61.4997,15.8,1.4,"43 km NNW of Valdez, Alaska",1763108921761
-103.999,31.521,7.3303,1.5,"30 km NW of Toyah, Texas",1763108860468
-122.804666666667,38.8326666666667,2.19,-0.35,"7 km W of Cobb, CA",1763108201350
-155.467333333333,19.2635,30.93,1.52,"6 km N of Pāhala, Hawaii",1763108200700
138.3116,43.7834,253.814,4.0,"190 km NW of Suttsu, Japan",1763108072894
154.3311,-5.615,181.195,4.0,"149 km WNW of Panguna, Papua New Guinea",1763108071745
-121.983833333333,37.5815,6.02,2.22,"3 km ESE of Union City, CA",1763107803110
153.3277,-4.8558,52.137,4.3,"130 km ESE of Kokopo, Papua New Guinea",1763107619845
-122.225,38.077,7.2,0.99,"3 km NNW of Crockett, CA",1763107410610
-112.006833333333,39.354,8.61,0.71,"14 km NE of Scipio, Utah",1763107299720
124.7375,5.3311,15.643,4.3,"62 km SSW of Lumatil, Philippines",1763107047677
-150.3019,61.8016,19.8,1.4,"15 km WNW of Willow, Alaska",1763106976283
-117.4726667,34.1256667,13.73,1.8,"3 km NNW of Fontana, CA",1763106836540
-59.6951,16.44,10.0,4.5,"148 km E of Beauséjour, Guadeloupe",1763106541247
-155.3485,19.2533333333333,29.73,1.82,"14 km ENE of Pāhala, Hawaii",1763106535470
-163.955333333333,54.7505,4.82,1.06,"36 km WSW of False Pass, Alaska",1763106182200
-148.3989,61.046,0.0,1.6,"34 km NNE of Whittier, Alaska",1763105717930
-141.0763,60.1008,16.4,1.5,"97 km NW of Yakutat, Alaska",1763104883871
152.3526,47.2336,120.88,4.0,Kuril Islands,1763104728476
125.4691,12.0587,34.385,4.3,"2 km W of Dapdap, Philippines",1763104574313
-122.730003356934,38.7596664428711,2.70000004768372,0.77,"3 km SE of The Geysers, CA",1763104478580
-122.7815,38.805,3.05,0.28,"4 km NW of The Geysers, CA",1763104072130
-155.371673583984,19.0286674499512,30.9899997711182,1.7,"22 km E of Naalehu, Hawaii",1763103643800
-152.8737,59.4253,73.2,1.8,"54 km W of Nanwalek, Alaska",1763103568421
125.4801,12.2665,43.118,4.4,"5 km N of Alugan, Philippines",1763103533346
-155.483666666667,19.2621666666667,-0.18,1.69,"6 km N of Pāhala, Hawaii",1763102902760
-163.985166666667,54.7505,-0.96,1.1,"38 km WSW of False Pass, Alaska",1763102832490
-104.383,31.669,6.9971,2.0,"56 km S of Whites City, New Mexico",1763102351952
-122.842498779297,38.8194999694824,2.26999998092651,0.93,"9 km WNW of The Geysers, CA",1763101966280
-101.695,31.728,8.667,1.8,"25 km SW of Garden City, Texas",1763101657198
-147.3291,58.9462,34.5,2.6,"130 km SSE of Chenega, Alaska",1763101587506
-153.458,65.5718,0.0,2.2,"64 km SE of Hughes, Alaska",1763101503584
-117.2491667,33.9991667,10.76,1.0,"6 km SSE of Loma Linda, CA",1763100600350
-150.6442,63.2001,121.8,1.9,"66 km SE of Denali National Park, Alaska",1763100148456
-122.8175,38.8313333333333,2.63,0.39,"8 km NW of The Geysers, CA",1763099227040
-155.411666666667,19.3326666666667,8.12,1.52,"15 km NNE of Pāhala, Hawaii",1763099159770
-113.045,37.5571666666667,5.53,1.25,"12 km E of Kanarraville, Utah",1763098785480
-154.9835,58.268,2.8,-0.22,"83 km NNW of Karluk, Alaska",1763098265550
-116.7431667,33.8283333,15.08,1.07,"10 km NNW of Idyllwild, CA",1763098064260
-116.7563333,33.8325,14.68,1.38,"10 km SSE of Cabazon, CA",1763098058460
-122.416,38.7528333333333,9.17,1.59,"14 km ESE of Hidden Valley Lake, CA",1763097908010
145.55,18.3696,196.182,4.0,"Pagan region, Northern Mariana Islands",1763097320530
-122.81600189209,38.8331680297852,1.78999996185303,0.75,"8 km NW of The Geysers, CA",1763097302900
-122.788833618164,38.8186683654785,1.17999994754791,1.54,"5 km NNW of The Geysers, CA",1763097067740
-122.789169311523,38.8201675415039,0.959999978542328,1.79,"6 km NNW of The Geysers, CA",1763097040580
-122.788497924805,38.8208351135254,1.24000000953674,1.27,"6 km NNW of The Geysers, CA",1763097003520
-117.7911667,35.3465,5.89,1.17,"14 km WSW of Johannesburg, CA",1763096470640
-122.814834594727,38.8283348083496,2.0,0.76,"8 km NW of The Geysers, CA",1763096136560
-116.8491667,33.7323333,14.98,0.9,"4 km ESE of Valle Vista, CA",1763096086170
-150.7178,61.5001,65.5,1.3,"11 km WSW of Susitna, Alaska",1763095988199
-100.938,32.87,3.6865,1.2,"16 km N of Snyder, Texas",1763095549726
-101.808,32.14,7.8369,0.6,"2 km WNW of Stanton, Texas",1763095482355
-135.626166666667,57.0115,4.18,-0.14,"18 km WSW of Sitka, Alaska",1763095096680
-66.7138,-28.1025,161.017,4.4,"53 km N of Arauco, Argentina",1763095057691
-103.789,31.977,7.1893,1.5,"35 km NNW of Mentone, Texas",1763094584990
-147.3067,64.4004,3.3,1.5,"23 km SW of Salcha, Alaska",1763093911515
-104.45,31.657,5.6384,1.6,"57 km S of Whites City, New Mexico",1763093883521
-155.3681640625,19.0403327941895,34.8499984741211,1.7,"21 km SSE of Pāhala, Hawaii",1763093225660
-122.819333333333,38.8363333333333,1.83,0.33,"8 km W of Cobb, CA",1763093072910
-155.377166666667,19.0386666666667,33.26,2.01,"21 km SSE of Pāhala, Hawaii",1763093063120
-155.465833333333,57.9181666666667,17.05,0.1,"71 km WNW of Karluk, Alaska",1763093030700
-155.368667602539,19.0349998474121,34.4799995422363,1.8,"21 km SSE of Pāhala, Hawaii",1763092991820
-97.94366667,35.32666667,7.62,0.66,"1 km N of Minco, Oklahoma",1763092860310
-155.456166666667,57.9136666666667,16.65,0.07,"70 km WNW of Karluk, Alaska",1763092672950
-112.892833333333,38.5075,1.57,0.91,"16 km NE of Milford, Utah",1763092610540
-151.0089,62.9186,108.8,2.2,"48 km NNW of Petersville, Alaska",1763092505135
-99.145,28.782,8.7681,2.0,"10 km NNE of Hilltop, Texas",1763092207001
-103.79,31.975,7.3431,1.9,"34 km NNW of Mentone, Texas",1763091760133
-174.7898,-18.8844,197.279,4.5,"88 km WSW of Neiafu, Tonga",1763091422037
-116.8701667,33.3816667,5.7,0.62,"3 km NNW of Palomar Observatory, CA",1763090843890
-122.749000549316,38.798999786377,1.49000000953674,0.51,"2 km NNE of The Geysers, CA",1763090834270
-118.9351667,35.0598333,14.14,1.88,"13 km N of Grapevine, CA",1763090803830
-152.7085,60.5081666666667,1.53,-0.93,"76 km NW of Ninilchik, Alaska",1763090773200
-112.004666666667,38.9601666666667,11.89,1.15,"7 km NW of Aurora, Utah",1763090763600
-111.992,39.0011666666667,-1.09,1.55,"10 km NNW of Aurora, Utah",1763090300590
-112.0225,39.004,1.57,1.86,"11 km NW of Aurora, Utah",1763089899970
-122.778999328613,38.7976684570312,3.1800000667572,0.91,"3 km NW of The Geysers, CA",1763089497630
-152.918833333333,60.1071666666667,7.58,-0.21,"68 km WNW of Happy Valley, Alaska",1763089403760
-122.775665283203,38.7963333129883,2.94000005722046,0.75,"3 km NW of The Geysers, CA",1763088382230
-155.363833333333,19.1356666666667,29.25,1.97,"14 km ESE of Pāhala, Hawaii",1763088340740
-104.013,31.534,7.6764,2.2,"32 km NW of Toyah, Texas",1763087465091
147.1309,-5.5097,207.269,4.3,"135 km N of Lae, Papua New Guinea",1763087452263
-122.828330993652,38.7976684570312,1.60000002384186,1.07,"7 km WNW of The Geysers, CA",1763087025090
-118.841333333333,37.4601666666667,5.89,0.79,"18 km SW of Toms Place, CA",1763086987200
-101.493,32.125,7.1045,0.8,"12 km W of Forsan, Texas",1763086312606
-122.843330383301,38.8208351135254,1.94000005722046,0.8,"9 km WNW of The Geysers, CA",1763085930100
-116.7583333,33.6541667,14.55,0.74,"10 km SSW of Idyllwild, CA",1763085703180
-122.843330383301,38.8196678161621,1.98000001907349,1.11,"9 km WNW of The Geysers, CA",1763085578930
-116.7281667,33.5355,3.75,0.28,"6 km WSW of Anza, CA",1763085560500
-103.997,31.527,6.7151,2.3,"30 km NW of Toyah, Texas",1763085524045
-104.457,31.654,4.7668,2.2,"58 km S of Whites City, New Mexico",1763085516412
-151.4961,63.4159,0.0,1.5,"17 km SE of Denali National Park, Alaska",1763085467675
-150.6312,60.5134,48.8,1.4,"7 km E of Funny River, Alaska",1763085071174
-67.2468333333333,18.1536666666667,99.09,3.19,"10 km NW of Puerto Real, Puerto Rico",1763083830440
-101.523,32.132,4.6631,1.0,"13 km SSW of Big Spring, Texas",1763083255186
-150.3655,59.7906,20.0,1.7,"34 km ESE of Fox River, Alaska",1763082848355
-104.169,31.748,7.8815,1.7,"51 km SSE of Whites City, New Mexico",1763082423787
-149.4807,62.6504,76.3,1.4,"39 km NE of Chase, Alaska",1763082398866
-116.3916667,33.5681667,9.6,0.9,"13 km SW of La Quinta, CA",1763081914390
-151.0343,64.9,29.3,1.5,"22 km WSW of Manley Hot Springs, Alaska",1763081681794
-34.0141,6.9817,10.0,5.0,central Mid-Atlantic Ridge,1763081157884
-155.4355,58.1756,9.2,0.7,"89 km NW of Karluk, Alaska",1763080887866
-116.5291667,33.5016667,9.39,0.8,"15 km ESE of Anza, CA",1763080505000
-104.441,31.65,6.1768,1.6,"58 km S of Whites City, New Mexico",1763080031050
-149.5065,61.3906,11.9,1.7,"8 km NNE of Eagle River, Alaska",1763079587529
-151.6851,60.0673,33.4,1.2,"2 km NNW of Ninilchik, Alaska",1763079509760
-147.4126,65.0075,1.7,1.4,"11 km ENE of Fox, Alaska",1763079474472
-102.218,32.119,8.6182,1.8,"18 km NE of Gardendale, Texas",1763079425551
-152.2657,59.7911,60.9,2.0,"24 km W of Anchor Point, Alaska",1763078884416
-155.389831542969,19.031665802002,33.9500007629395,1.72,"20 km ESE of Naalehu, Hawaii",1763078681000
-149.7216,64.5309,0.0,1.4,"29 km WSW of Four Mile Road, Alaska",1763078599396
160.3531,52.0935,26.123,4.2,"159 km SE of Petropavlovsk-Kamchatsky, Russia",1763078192727
-122.796836853027,38.8266677856445,2.61999988555908,0.84,"6 km W of Cobb, CA",1763078153380
-155.461669921875,19.263334274292,1.71000003814697,1.84,"6 km NNE of Pāhala, Hawaii",1763077926230
-149.88995361328125,61.78620529174805,9.966697692871094,1.894175390066789,"8 km ENE of Willow, Alaska",1763077865320
-149.9223,61.79,7.2,1.6,"7 km NE of Willow, Alaska",1763077863991
-122.757164001465,38.7815017700195,1.63999998569489,0.72,"0 km N of The Geysers, CA",1763077544380
-158.5000762939453,55.54924011230469,12.911534309387207,2.2793946709650705,"57 km SE of Perryville, Alaska",1763077299083
-149.6383,62.6474,54.6,1.8,"32 km NE of Chase, Alaska",1763077141445
-149.65191650390625,62.66036605834961,63.18902206420898,1.8001611195826692,"33 km NE of Chase, Alaska",1763077140855
-153.00845336914062,60.06023788452148,118.2109603881836,2.0404394941301294,"68 km ENE of Pedro Bay, Alaska",1763076514289
-151.3372344970703,62.9288444519043,106.29280853271484,2.5785684001491513,"56 km NNW of Petersville, Alaska",1763076177941
-151.3225,62.9235,104.3,2.2,"55 km NNW of Petersville, Alaska",1763076176897
-94.9116,17.5185,135.395,4.3,"15 km NE of Jesús Carranza, Mexico",1763076025497
-155.474166870117,19.1410007476807,27.6399993896484,1.74,"6 km S of Pāhala, Hawaii",1763075376760
-97.58783333,34.79683333,9.69,1.5,"2 km SE of Erin Springs, Oklahoma",1763075339289
-151.2727508544922,63.13056182861328,4.530358791351318,1.931197696932471,"50 km SSE of Denali National Park, Alaska",1763075133524
-151.5046,63.1117,0.0,1.9,"49 km SSE of Denali National Park, Alaska",1763075133451
141.4176,39.672,96.177,4.2,"23 km E of Morioka, Japan",1763075122317
-150.342,62.8187,12.3,1.6,"41 km NNE of Petersville, Alaska",1763074885293
-150.361328125,62.84649276733398,7.451616287231445,1.6633541814657904,"44 km NNE of Petersville, Alaska",1763074884879
-153.18429565429688,59.68694686889648,109.45741271972656,1.9157814966937543,"53 km ESE of Pedro Bay, Alaska",1763074743546
-153.1292,59.7165,107.5,2.0,"55 km E of Pedro Bay, Alaska",1763074743099
-102.076,32.35,7.9834,0.7,"36 km NW of Stanton, Texas",1763074714629
-102.171,32.158,8.7158,1.2,"19 km NNW of Midland, Texas",1763074231941
178.0275,51.9419,113.788,4.4,"Rat Islands, Aleutian Islands, Alaska",1763074191598
-123.7975,40.0308333333333,18.88,1.92,"10 km SSE of Redway, CA",1763073817430
-150.8637237548828,60.92451477050781,14.723065376281738,2.1628062999503888,"9 km W of Point Possession, Alaska",1763073687378
-150.8801,60.9164,13.3,1.9,"10 km W of Point Possession, Alaska",1763073685664
-102.171,32.169,7.8369,1.6,"20 km NNW of Midland, Texas",1763073639216
-159.8018,54.4459,28.418,2.2,"108 km SSE of Sand Point, Alaska",1763073258644
160.5068,52.4098,29.032,4.3,"146 km ESE of Petropavlovsk-Kamchatsky, Russia",1763073159627
-66.8621666666667,17.9688333333333,18.99,2.22,"3 km ESE of Maria Antonia, Puerto Rico",1763072727360
-117.7205,35.9065,6.77,1.02,"17 km E of Little Lake, CA",1763072481930
24.0215,40.2428,10.0,4.3,"10 km SSE of Ouranoupolis, Greece",1763072231847
-159.9285,54.4901,16.173,2.7,"101 km SSE of Sand Point, Alaska",1763072115620
-155.149993896484,19.3325004577637,3.46000003814697,1.77,"14 km S of Fern Forest, Hawaii",1763071345770
-152.7785,60.5386666666667,5.43,-0.47,"80 km W of Salamatof, Alaska",1763071315320
-155.70396423339844,56.90987777709961,9.712411880493164,2.4184583190997975,"93 km W of Akhiok, Alaska",1763071282884
-155.70396423339844,56.90987777709961,9.712411880493164,2.4184583190997975,"93 km W of Akhiok, Alaska",1763071282884
-155.7857,56.9259,21.8,2.1,"98 km W of Akhiok, Alaska",1763071282586
-178.8583,-17.5516,525.942,4.4,"201 km ENE of Levuka, Fiji",1763071194456
-150.9560546875,60.94191360473633,57.30867767333984,2.172428235692804,"14 km W of Point Possession, Alaska",1763070841565
-150.9812,60.9362,33.3,2.0,"15 km W of Point Possession, Alaska",1763070841343
-150.2154,63.202,95.0,1.5,"66 km WSW of Cantwell, Alaska",1763070736835
-150.22218322753906,63.20840072631836,96.28614044189453,3.051765647446072,"66 km WSW of Cantwell, Alaska",1763070736674
-177.1613,-30.0752,10.0,4.5,"Kermadec Islands, New Zealand",1763070356613
-103.995,31.519,7.0355,2.0,"29 km NW of Toyah, Texas",1763070218984
-122.823829650879,38.8395004272461,1.5900000333786,1.05,"9 km WNW of Cobb, CA",1763069872650
140.0125,35.5524,97.369,4.3,"7 km WNW of Ichihara, Japan",1763069780833
-103.726,31.115,6.0999,1.8,"14 km N of Balmorhea, Texas",1763069481852
-116.8223333,34.3345,5.24,1.22,"8 km NNE of Big Bear City, CA",1763069378590
-152.181,61.2533333333333,23.42,-0.04,"59 km WNW of Tyonek, Alaska",1763069146130
-152.203333333333,61.2591666666667,20.25,0.02,"61 km WNW of Tyonek, Alaska",1763069098490
142.1298,40.3877,59.993,4.1,"37 km NE of Kuji, Japan",1763069015848
-104.458,31.64,7.2278,2.0,"59 km S of Whites City, New Mexico",1763068955229
-122.87833404541,38.836498260498,2.25,1.13,"12 km WNW of The Geysers, CA",1763068653170
-122.800834655762,38.8276672363281,3.09999990463257,0.95,"7 km W of Cobb, CA",1763068627340
-117.177,33.2231666666667,-0.33,0.95,"7 km ENE of Vista, CA",1763068359070
-150.46774291992188,61.54138946533203,57.12386703491211,2.045870545869211,"2 km E of Susitna, Alaska",1763068251372
-150.4627,61.5334,49.2,1.8,"2 km ESE of Susitna, Alaska",1763068250663
-143.3601837158203,60.37025833129883,14.60157012939453,2.6126489050495114,"120 km S of McCarthy, Alaska",1763068243615
-143.369,60.3852,19.1,2.3,"119 km SSW of McCarthy, Alaska",1763068242405
-85.3555,34.819,20.19,1.46,"8 km SW of Chickamauga, Georgia",1763068209070
-122.769836425781,38.7879981994629,2.34999990463257,0.75,"2 km NW of The Geysers, CA",1763068140210
-163.976833333333,54.7521666666667,-2.93,0.77,"38 km WSW of False Pass, Alaska",1763067944300
-102.074,32.357,8.1299,0.7,"36 km NW of Stanton, Texas",1763067912972
-156.04258728027344,57.90208053588867,129.91244506835938,1.9475125997152796,"86 km ESE of Egegik, Alaska",1763067847169
-156.1396,57.9349,145.3,1.5,"79 km ESE of Egegik, Alaska",1763067845991
-66.727,18.0081666666667,16.7,1.85,"1 km NW of Tallaboa, Puerto Rico",1763067725780
-155.373,19.1893333333333,29.67,1.87,"11 km E of Pāhala, Hawaii",1763067396500
-102.121,32.433,8.1299,1.0,"37 km SSW of Los Ybanez, Texas",1763066960698
-153.023166666667,60.0775,1.54,-0.57,"68 km ENE of Pedro Bay, Alaska",1763066910730
-143.58038330078125,60.39407348632812,0.39437904953956604,1.99088316966371,"120 km E of Cordova, Alaska",1763066570132
-122.247333333333,38.0816666666667,8.95,3.48,"4 km SSW of Vallejo, CA",1763066475770
-122.4085,46.37133333333333,-0.78,0.88,"18 km SSE of Mossyrock, Washington",1763066244580
-151.952392578125,59.71345138549805,53.49044036865234,1.6842159398242702,"9 km SW of Anchor Point, Alaska",1763065900887
-152.0079,59.7359,43.3,1.5,"10 km WSW of Anchor Point, Alaska",1763065900684
-112.896166666667,38.5061666666667,1.66,1.23,"15 km NE of Milford, Utah",1763065771970
-146.93862915039062,68.5064926147461,10.0,1.671695388964762,"71 km NW of Arctic Village, Alaska",1763065559560
-151.0275,60.8945,18.9,1.3,"18 km W of Point Possession, Alaska",1763065455222
-122.765998840332,38.7876663208008,2.02999997138977,2.4,"1 km NW of The Geysers, CA",1763065405040
-163.9615,54.7451666666667,-0.28,0.94,"37 km WSW of False Pass, Alaska",1763065192870
95.3103,4.6571,63.633,4.5,"97 km S of Banda Aceh, Indonesia",1763064438278
-164.025,54.7191666666667,5.14,1.25,"42 km WSW of False Pass, Alaska",1763064229570
-155.48388671875,57.87046432495117,8.259957313537598,1.6643739291869972,"69 km WNW of Karluk, Alaska",1763064066225
-155.4846,57.8609,19.0,1.4,"69 km WNW of Karluk, Alaska",1763064065684
-120.02616666666667,46.43866666666667,12.76,0.84,"12 km N of Sunnyside, Washington",1763064019870
143.5312,39.3076,10.0,5.2,"137 km E of Yamada, Japan",1763063881308
-122.741668701172,38.7861671447754,0.330000013113022,1.3,"2 km NE of The Geysers, CA",1763063366880
-103.996,31.519,7.0868,2.0,"29 km NW of Toyah, Texas",1763063152311
160.5519,52.6418,43.354,4.3,"137 km ESE of Petropavlovsk-Kamchatsky, Russia",1763062670847
-116.4438333,33.2958333,4.04,0.92,"8 km NW of Borrego Springs, CA",1763062536910
-116.4468333,33.4588333,3.23,2.09,"24 km NNW of Borrego Springs, CA",1763061980310
-156.27716064453125,58.08562850952148,2.165963888168335,1.5872992295392243,"66 km ESE of Egegik, Alaska",1763061376266
-118.319666666667,35.0448333333333,-0.82,1.16,"13 km W of Mojave, CA",1763061198260
-116.4426667,33.4605,2.29,1.4,"24 km NNW of Borrego Springs, CA",1763061082700
-96.4375,34.3035,0.0,1.21,"7 km S of Wapanucka, Oklahoma",1763061069470
-155.5836944580078,56.8325424194336,16.04300308227539,2.241506611817735,"86 km W of Akhiok, Alaska",1763060997404
-155.832,57.0044,130.8,1.9,"101 km W of Akhiok, Alaska",1763060994526
-104.441,31.656,6.0999,2.7,"57 km S of Whites City, New Mexico",1763060355603
-153.20973205566406,59.98121643066406,118.88092803955078,2.045820692827036,"54 km ENE of Pedro Bay, Alaska",1763060155771
-153.1296,59.9685,121.3,1.6,"58 km ENE of Pedro Bay, Alaska",1763060154764
-122.812164306641,38.8343315124512,1.71000003814697,0.72,"8 km W of Cobb, CA",1763059653100
-148.2045,65.2211,15.3,1.4,"37 km SSE of Livengood, Alaska",1763059416156
-122.77766418457,38.7928352355957,1.35000002384186,1.08,"3 km NW of The Geysers, CA",1763059250130
-122.800666809082,38.8383331298828,1.72000002861023,1.05,"7 km WNW of Cobb, CA",1763059101380
-122.817166666667,38.8316666666667,2.15,0.3,"8 km NW of The Geysers, CA",1763058904110
-119.085833333333,37.4913333333333,7.76,1.54,"19 km SSW of Mammoth Lakes, CA",1763058742980
-117.0086667,33.6413333,12.58,0.55,"10 km SE of Winchester, CA",1763058542630
-140.54867553710938,59.91551208496094,1.8537875413894653,2.0040781635065663,"61 km NW of Yakutat, Alaska",1763058279371
145.3511,12.3665,10.0,4.4,"119 km SSE of Inarajan Village, Guam",1763058217289
-122.809997558594,38.821834564209,2.41000008583069,0.98,"7 km NW of The Geysers, CA",1763058204840
-174.5179,-16.9156,186.718,4.4,"131 km SW of Hihifo, Tonga",1763057468339
-165.5276,54.0353,119.676,2.4,"19 km SE of Akutan, Alaska",1763057428260
-151.64288330078125,62.39608001708984,86.97208404541016,1.673675361801261,"46 km WSW of Petersville, Alaska",1763055645225
-154.68524169921875,58.11653518676758,87.24588012695312,2.1484366760194713,"62 km NNW of Karluk, Alaska",1763055479247
-115.8433333,32.7798333,4.84,2.46,"15 km ENE of Ocotillo, CA",1763055079020
-144.81069946289062,69.57827758789062,10.0,1.887635498652904,"76 km SW of Kaktovik, Alaska",1763055028061
-148.6641,56.8009,10.0,2.7,"236 km ESE of Chiniak, Alaska",1763054815265
-166.344833333333,53.8841666666667,10.07,0.63,"12 km E of Unalaska, Alaska",1763054673090
-159.8731,54.4999,27.44,2.8,"101 km SSE of Sand Point, Alaska",1763054208880
-164.084666666667,54.677,9.21,1.5,"47 km WSW of False Pass, Alaska",1763054176450
-179.1925,51.167,35.0,2.8,"194 km WSW of Adak, Alaska",1763053958261
-155.474670410156,19.1471672058105,30.2900009155273,1.91,"6 km S of Pāhala, Hawaii",1763053560630
-153.5563,67.196,0.0,2.1,"80 km NNW of Alatna, Alaska",1763053104180
-153.5815887451172,67.23192596435547,5.98039484024048,2.1204489652484586,"84 km NNW of Alatna, Alaska",1763053103854
-152.0654754638672,62.15293502807617,100.77599334716797,2.525222221739764,"39 km WNW of Skwentna, Alaska",1763052864334
-152.0909,62.1519,102.7,2.1,"40 km WNW of Skwentna, Alaska",1763052863126
-153.9373321533203,55.18314361572266,7.294824123382568,2.9909744251377637,"196 km S of Akhiok, Alaska",1763052800746
-155.6519,54.243,10.0,2.6,"287 km SE of Chignik, Alaska",1763052799777
-116.4895,38.4277,9.4982,1.89,"76 km ENE of Tonopah, Nevada",1763052710461
-117.0221667,33.657,14.43,0.17,"8 km SE of Winchester, CA",1763052637800
-117.022,33.6436667,12.88,0.85,"9 km SE of Winchester, CA",1763052627670
-123.135333333333,39.4495,3.36,2.17,"16 km WNW of Lake Pillsbury, CA",1763051026820
-156.63172912597656,56.36442947387695,10.507845878601074,2.568082047958905,"109 km E of Chignik, Alaska",1763050820281
-116.5027,38.461,7.9762,2.41,"77 km NE of Tonopah, Nevada",1763050772702
-116.417,33.266,5.04,0.79,"4 km WNW of Borrego Springs, CA",1763050590040
-117.7975,35.3443333,6.34,1.44,"15 km WSW of Johannesburg, CA",1763049486320
-163.990333333333,54.7635,-0.8,0.95,"38 km WSW of False Pass, Alaska",1763047566340
-152.835833333333,60.471,4.52,-0.98,"79 km NW of Ninilchik, Alaska",1763047430550
-150.8326,62.95,106.4,1.6,"50 km N of Petersville, Alaska",1763047397202
-146.0347137451172,67.83775329589844,6.816549777984619,2.5451359145093293,"38 km SSW of Arctic Village, Alaska",1763047285453
-146.162,67.8786,0.0,2.5,"38 km SW of Arctic Village, Alaska",1763047284985
-153.48898315429688,59.79853057861328,138.72314453125,2.214149769179827,"34 km E of Pedro Bay, Alaska",1763046866886
-153.5239,59.8036,142.5,1.9,"32 km E of Pedro Bay, Alaska",1763046865624
-151.40811157226562,60.48665237426758,56.63885116577148,2.4624696057821125,"10 km NW of Kalifornsky, Alaska",1763046645357
-151.468,60.4722,53.3,2.1,"11 km WNW of Kalifornsky, Alaska",1763046644554
-160.3552,54.5362,35.0,1.9,"89 km S of Sand Point, Alaska",1763046548073
-149.345,65.0588,11.5,1.7,"10 km S of Minto, Alaska",1763046455258
-160.16,54.4581,35.0,1.7,"100 km SSE of Sand Point, Alaska",1763046351482
-148.0223388671875,63.03090286254883,65.16105651855469,2.1189830373905028,"61 km SE of Cantwell, Alaska",1763046045592
-167.42056274414062,53.45348739624023,14.999632835388184,2.075096185052668,"75 km SW of Unalaska, Alaska",1763045936324
-153.4414,65.5869,0.9,1.9,"63 km SE of Hughes, Alaska",1763045708160
-153.4341583251953,65.55223846435547,4.2029643058776855,1.966621986209145,"66 km SE of Hughes, Alaska",1763045707497
-66.6663333333333,18.1246666666667,19.79,2.39,"7 km SE of Adjuntas, Puerto Rico",1763045431870
-115.9918333,33.1473333,7.21,0.96,"13 km E of Ocotillo Wells, CA",1763045238470
-122.784332275391,38.8334999084473,2.07999992370605,1.86,"5 km WNW of Cobb, CA",1763045023490
-117.877,36.4233333,5.66,1.68,"20 km NE of Olancha, CA",1763044873550
-155.275666666667,58.1801666666667,1.61,0.75,"83 km NW of Karluk, Alaska",1763044143710
-118.189,34.1698333,9.78,1.06,"3 km S of La Canada Flintridge, CA",1763043710470
-111.631166666667,41.8168333333333,9.28,1.07,"15 km ENE of North Logan, Utah",1763043609330
-152.67172241210938,58.69630432128906,71.37411499023438,2.1998719387852645,"72 km N of Aleneva, Alaska",1763043565923
-152.651,58.681,75.7,1.8,"70 km NNE of Aleneva, Alaska",1763043565021
143.3197,13.0056,212.328,4.3,"149 km WSW of Merizo Village, Guam",1763043511994
-122.8193359375,38.8331680297852,1.5,1.2,"8 km NW of The Geysers, CA",1763043064620
-150.0687255859375,61.81782913208008,15.10617733001709,2.159048860671251,"8 km NNW of Willow, Alaska",1763042661110
-150.0471,61.8099,32.0,1.8,"7 km N of Willow, Alaska",1763042660318
-150.0654754638672,61.80524444580078,11.01788330078125,1.9802170955860143,"6 km NNW of Willow, Alaska",1763042573066
-150.0645,61.7955,26.0,1.5,"5 km NNW of Willow, Alaska",1763042572323
145.9806,19.058,145.621,4.3,"Maug Islands region, Northern Mariana Islands",1763042294085
-155.2725,58.1896666666667,1.7,0.5,"84 km NW of Karluk, Alaska",1763042250490
-155.142333333333,58.271,31.99,-0.05,"88 km NNW of Karluk, Alaska",1763041922730
-178.3442,51.028,10.0,2.1,"151 km SW of Adak, Alaska",1763041881937
-155.123666666667,58.2496666666667,32.73,-0.33,"85 km NNW of Karluk, Alaska",1763041846190
-155.446,57.8998333333333,12.99,0.24,"69 km WNW of Karluk, Alaska",1763041613890
-122.726997375488,38.7813339233398,1.51999998092651,1.25,"3 km E of The Geysers, CA",1763041543390
-110.836,44.8061666666667,5.04,0.41,"21 km SSW of Mammoth, Wyoming",1763041410540
-159.95179748535156,54.62284088134766,10.295860290527344,2.625217842445605,"86 km SSE of Sand Point, Alaska",1763041372800
-116.228,33.8878333,8.19,2.62,"17 km ENE of Thousand Palms, CA",1763040732680
-150.62852478027344,60.6227798461914,42.23784637451172,1.5826729050143793,"12 km NE of Sterling, Alaska",1763040459892
-169.88,52.7828333333333,7.37,0.54,"70 km WSW of Nikolski, Alaska",1763040362630
-155.129833333333,58.252,31.99,-0.14,"85 km NNW of Karluk, Alaska",1763040352890
-153.445166666667,59.3566666666667,-0.34,-0.36,"60 km SE of Pedro Bay, Alaska",1763040352400
-153.431,59.3588333333333,-0.63,-0.38,"61 km SE of Pedro Bay, Alaska",1763040304220
-155.145,58.252,31.46,0.58,"86 km NNW of Karluk, Alaska",1763040116350
-117.5987,38.9824,1.6937,2.0,"30 km ENE of Gabbs, Nevada",1763040107717
-155.1615,58.2606666666667,31.92,0.42,"87 km NNW of Karluk, Alaska",1763040098120
-149.72315979003906,61.7070426940918,49.26320648193359,1.8236512209406843,"9 km NNE of Houston, Alaska",1763040001296
-149.7502,61.7153,53.0,1.6,"10 km NNE of Houston, Alaska",1763040000143
-150.8743896484375,61.63970184326172,72.44210815429688,1.8399193102697746,"21 km WNW of Susitna, Alaska",1763039650047
-150.8534,61.6387,75.7,1.5,"20 km WNW of Susitna, Alaska",1763039649028
-139.5421142578125,59.98322677612305,0.0,1.62368276757066,"49 km NNE of Yakutat, Alaska",1763039524957
-116.8603333,33.8928333,11.95,0.67,"4 km SSE of Banning, CA",1763039478430
-153.0896759033203,59.3691291809082,72.2770767211914,2.8495155622867525,"66 km W of Nanwalek, Alaska",1763039076371
-153.0546,59.37,76.3,2.2,"64 km W of Nanwalek, Alaska",1763039075155
-121.708,37.358,11.3,1.72,"11 km E of Alum Rock, CA",1763038638040
-121.709833333333,37.3568333333333,9.21,1.01,"10 km E of Alum Rock, CA",1763038239790
-110.869666666667,44.7435,7.9,0.04,"20 km ENE of West Yellowstone, Montana",1763038184680
-154.335205078125,58.96283340454102,119.07240295410156,2.211217205574485,"58 km SSE of Kokhanok, Alaska",1763038184399
-153.055,60.002,5.46,-1.0,"63 km ENE of Pedro Bay, Alaska",1763037967880
-116.6441667,33.4115,6.57,0.65,"14 km N of Warner Springs, CA",1763037888600
-151.846,63.2448,3.8,1.8,"33 km S of Denali National Park, Alaska",1763037351904
-152.16400146484375,60.12986755371094,88.90140533447266,2.1987126543685336,"28 km WNW of Ninilchik, Alaska",1763037341705
-152.1614,60.1192,82.1,1.7,"28 km WNW of Ninilchik, Alaska",1763037341570
-155.67942810058594,57.73690032958984,1.657460331916809,1.8217793980245187,"75 km WNW of Karluk, Alaska",1763036966652
-155.625,57.6954,18.4,1.4,"71 km W of Karluk, Alaska",1763036966249
-168.2305,53.3606666666667,7.76,-0.05,"63 km NE of Nikolski, Alaska",1763036730940
-101.072,32.141,5.7129,1.5,"24 km SSW of Westbrook, Texas",1763036695534
-140.9958038330078,60.32779693603516,2.187609910964966,1.7041272870504796,"112 km NW of Yakutat, Alaska",1763036639555
-154.689,58.4365,5.26,-0.62,"97 km N of Karluk, Alaska",1763036375060
-150.6083526611328,61.12710571289062,57.03390121459961,1.6588644565657578,"23 km N of Point Possession, Alaska",1763035204023
-150.6377,61.1227,52.4,1.4,"22 km N of Point Possession, Alaska",1763035203527
-167.7474,51.9103,10.0,2.5,"137 km SSE of Nikolski, Alaska",1763034941451
-122.730834960938,38.7569999694824,1.78999996185303,2.0,"3 km SE of The Geysers, CA",1763034932650
-160.4443,54.5594,10.0,2.9,"86 km S of Sand Point, Alaska",1763034728840
-110.871666666667,44.7423333333333,9.67,0.63,"20 km ENE of West Yellowstone, Montana",1763034555280
-101.924,31.837,7.2021,1.3,"22 km SE of Midland, Texas",1763034407717
-147.1632,64.3811,9.8,1.4,"20 km SW of Salcha, Alaska",1763033749131
-147.16004943847656,64.38426971435547,7.764169216156006,1.7537570614034745,"19 km SW of Salcha, Alaska",1763033749029
-102.015,32.13,7.959,1.2,"15 km NNE of Midland, Texas",1763033136982
-100.939,32.873,4.0527,1.2,"17 km N of Snyder, Texas",1763032972152
-117.9616667,34.4616667,8.91,0.7,"7 km SSE of Littlerock, CA",1763032912220
-164.215,53.91,10.0,2.5,"105 km ESE of Akutan, Alaska",1763032395073
-149.6242,61.8017,39.7,1.5,"19 km N of Meadow Lakes, Alaska",1763032009069
-149.61817932128906,61.8120231628418,8.92765998840332,1.8105388299825853,"20 km N of Meadow Lakes, Alaska",1763032008901
-151.3626,63.0686,0.0,1.9,"55 km SSE of Denali National Park, Alaska",1763031771066
-151.45083618164062,63.05717468261719,4.268275260925293,1.919946838535556,"55 km SSE of Denali National Park, Alaska",1763031770934
-147.04440307617188,63.44314575195312,15.418173789978027,1.7680932873893522,"81 km WNW of Paxson, Alaska",1763031237278
-155.496673583984,19.1821670532227,32.4000015258789,1.83,"2 km SW of Pāhala, Hawaii",1763031138720
-152.2137,61.3611,119.1,1.5,"65 km WNW of Beluga, Alaska",1763030615468
-152.75013732910156,60.59740447998047,120.795654296875,1.87437893881778,"78 km W of Salamatof, Alaska",1763030610110
-104.12,31.616,6.1127,1.5,"45 km NW of Toyah, Texas",1763030576719
-175.1445,51.4834,10.0,2.6,"102 km SW of Atka, Alaska",1763030430974
-152.52206420898438,60.79158401489258,112.16758728027344,1.665271561817678,"68 km W of Nikiski, Alaska",1763030275201
-159.80953979492188,54.55150604248047,23.69122314453125,2.4139976909071037,"97 km SSE of Sand Point, Alaska",1763029646580
-155.498336791992,19.1678333282471,31.25,1.84,"4 km SSW of Pāhala, Hawaii",1763029337860
-155.906326293945,19.5161666870117,26.9200000762939,1.79,"1 km ESE of Kealakekua, Hawaii",1763029025520
-117.1695,34.0295,13.6,0.82,"3 km SSE of Redlands, CA",1763028944760
-148.06045532226562,62.12546157836914,12.878653526306152,2.0416388646040335,"41 km NNW of Glacier View, Alaska",1763028354715
-148.0666,62.1254,32.0,1.6,"41 km NNW of Glacier View, Alaska",1763028353701
-163.64993286132812,54.03191757202148,38.001766204833984,2.669886923766476,"92 km S of False Pass, Alaska",1763028213679
-151.96240234375,60.96301651000977,87.71480560302734,2.028456701134647,"46 km WSW of Tyonek, Alaska",1763028128986
120.3902,16.7087,71.961,4.6,"3 km NNW of San Gabriel, Philippines",1763027834959
-164.0729,53.2361,35.0,2.4,"150 km SE of Akutan, Alaska",1763027651168
-159.9723,53.2232,10.0,3.2,"237 km S of Sand Point, Alaska",1763027494829
-154.989833333333,58.3,3.02,-0.35,"87 km NNW of Karluk, Alaska",1763027434620
159.3919,53.7897,106.921,4.7,"94 km NE of Yelizovo, Russia",1763027305879
-163.992,54.7551666666667,-0.05,0.86,"38 km WSW of False Pass, Alaska",1763027092460
-151.0098419189453,59.77389526367188,3.612713098526001,2.035018023809987,"9 km SSW of Fox River, Alaska",1763027043718
-151.0008,59.7506,0.0,1.7,"12 km S of Fox River, Alaska",1763027043421
-156.00357055664062,57.31051254272461,64.92684936523438,2.0729959645462674,"86 km ESE of Ugashik, Alaska",1763026963129
-142.1352,-56.7761,10.0,5.7,Pacific-Antarctic Ridge,1763026889053
-156.24107360839844,65.8669662475586,8.556909561157227,1.792703531704331,"20 km NNE of Huslia, Alaska",1763026838271
-146.8958,64.4953,5.7,1.5,"3 km S of Salcha, Alaska",1763026827195
-146.8733673095703,64.51065826416016,9.056882858276367,1.6211161201812185,"2 km SE of Salcha, Alaska",1763026826615
-149.9739,64.3292,6.3,1.7,"38 km W of Anderson, Alaska",1763026804060
-178.1075,51.836,9.83,0.42,"101 km W of Adak, Alaska",1763026772400
-169.6719,52.8083,10.0,2.4,"56 km WSW of Nikolski, Alaska",1763026499911
-116.9321667,33.7835,14.29,2.54,"2 km E of San Jacinto, CA",1763026468690
32.5226,34.7095,10.0,4.6,"6 km SE of Koloni, Cyprus",1763026044278
-169.887833333333,52.8008333333333,3.07,1.29,"70 km WSW of Nikolski, Alaska",1763025839550
-100.97,32.885,4.4189,1.7,"19 km NNW of Snyder, Texas",1763025563806
-178.4942,51.291,35.0,3.7,"144 km WSW of Adak, Alaska",1763025462079
-149.1415,62.5073,12.0,1.5,"49 km E of Chase, Alaska",1763025113759
-149.10748291015625,62.49153900146484,12.470566749572754,1.9588823475260362,"51 km E of Chase, Alaska",1763025113546
-149.19284057617188,60.84661865234375,13.356799125671387,1.9425095093331963,"10 km S of Girdwood, Alaska",1763024792681
-149.2007,60.8558,26.0,1.4,"9 km S of Girdwood, Alaska",1763024792081
-73.2617,-16.1216,101.436,4.8,"14 km SW of Urasqui, Peru",1763024681899
-151.3431,62.4377,82.8,1.9,"30 km WSW of Petersville, Alaska",1763024666735
-123.779166666667,40.033,18.2,1.42,"10 km SSE of Redway, CA",1763024531300
-151.17547607421875,63.47122192382812,3.7124130725860596,1.8559783083680506,"28 km ESE of Denali National Park, Alaska",1763024491008
-123.785166666667,40.028,18.26,2.09,"11 km SSE of Redway, CA",1763024367090
-155.467333333333,57.9178333333333,16.78,0.16,"71 km WNW of Karluk, Alaska",1763024105010
-152.37754821777344,59.03954696655273,51.80917358398438,1.982052152099439,"43 km SW of Nanwalek, Alaska",1763024043403
-151.08653259277344,61.1186294555664,66.5912094116211,1.5936116502622015,"2 km S of Beluga, Alaska",1763023865198
-103.685,31.326,7.843,1.9,"10 km E of Toyah, Texas",1763023696637
-122.736333333333,38.7731666666667,1.5,0.27,"2 km ESE of The Geysers, CA",1763023574910
-151.17054748535156,62.8563117980957,106.99078369140625,2.1515785261419733,"45 km NNW of Petersville, Alaska",1763022897551
-151.2392,62.8759,113.1,2.0,"48 km NNW of Petersville, Alaska",1763022896991
-82.8036,8.0855,10.0,4.5,"7 km ESE of Limones, Panama",1763022796650
-153.072833333333,60.0096666666667,-0.25,-0.66,"62 km ENE of Pedro Bay, Alaska",1763022598720
-66.5844,-23.4295,204.311,4.4,"91 km NNW of San Antonio de los Cobres, Argentina",1763022448175
-153.322998046875,58.58002471923828,55.62123107910156,2.648706365270259,"62 km NNW of Aleneva, Alaska",1763021689332
-153.3666,58.5751,58.2,2.0,"63 km NNW of Aleneva, Alaska",1763021688525
178.5631,-15.8408,10.0,4.5,"107 km NW of Labasa, Fiji",1763021449873
-150.7994842529297,62.21508026123047,55.87895584106445,3.1137493657502815,"31 km S of Petersville, Alaska",1763021255169
-150.8087,62.2089,56.6,2.9,"32 km S of Petersville, Alaska",1763021254216
-69.2951,-19.3666,10.0,4.1,"14 km ESE of Camiña, Chile",1763020678524
143.5819,39.4678,35.0,4.3,"140 km E of Yamada, Japan",1763020659582
-146.8918,64.5009,0.1,1.5,"2 km S of Salcha, Alaska",1763020627553
-146.88693237304688,64.49113464355469,7.43746566772461,1.7590742496914242,"3 km S of Salcha, Alaska",1763020627184
-147.12863159179688,61.22164535522461,6.690544128417969,1.750961409021371,"43 km WNW of Valdez, Alaska",1763020330260
-173.40902709960938,52.21391677856445,99.06717681884766,2.7135736056008724,"54 km E of Atka, Alaska",1763020145428
-153.028,60.0513333333333,1.88,-0.63,"67 km ENE of Pedro Bay, Alaska",1763019547060
-153.020833333333,60.0578333333333,0.51,-0.88,"67 km ENE of Pedro Bay, Alaska",1763019076670
-98.76266667,36.461,8.09,1.91,"17 km SE of Waynoka, Oklahoma",1763018903440
-153.095666666667,60.0293333333333,-2.9,0.33,"62 km ENE of Pedro Bay, Alaska",1763018869410
-122.784332275391,38.8343315124512,2.3199999332428,1.45,"5 km WNW of Cobb, CA",1763018585740
143.2615,39.6007,31.63,4.5,"113 km E of Miyako, Japan",1763018572028
-100.682,32.752,7.666,1.5,"14 km NNE of Hermleigh, Texas",1763018332804
-122.755836486816,38.7938346862793,0.730000019073486,1.16,"2 km N of The Geysers, CA",1763018033400
-150.9706573486328,61.87540435791016,63.01063537597656,1.8211932546091518,"25 km ESE of Skwentna, Alaska",1763017665326
-150.9913,61.8713,62.6,1.4,"25 km ESE of Skwentna, Alaska",1763017664519
-58.5403,60.366,10.0,4.5,Davis Strait,1763017631098
-149.3743,59.1781,35.0,2.4,"99 km S of Lowell Point, Alaska",1763017291836
-149.91473388671875,61.50674438476562,32.062232971191406,1.8516595112603953,"2 km SE of Big Lake, Alaska",1763017184510
-149.913,61.497,34.5,1.5,"3 km SE of Big Lake, Alaska",1763017183268
-152.346166666667,61.3028333333333,-3.19,-0.49,"70 km WNW of Tyonek, Alaska",1763015842270
-151.10824584960938,63.48975372314453,2.029991865158081,2.241173924535013,"31 km E of Denali National Park, Alaska",1763015646777
-151.1499,63.5639,1.7,2.1,"28 km E of Denali National Park, Alaska",1763015646547
-103.798,32.004,7.5739,0.9,"35 km SE of Malaga, New Mexico",1763015638918
-101.719,31.855,6.5918,0.9,"22 km W of Garden City, Texas",1763015272520
-117.258,34.0558333333333,15.97,1.12,"1 km NNE of Loma Linda, CA",1763014959850
-169.888833333333,52.8028333333333,3.18,1.11,"70 km WSW of Nikolski, Alaska",1763014903910
-58.3006,60.186,10.0,4.8,Davis Strait,1763014880626
-121.193333333333,36.5951666666667,5.27,1.07,"8 km NNW of Pinnacles, CA",1763014853680
-121.190498352051,36.5924987792969,2.74000000953674,1.63,"8 km NNW of Pinnacles, CA",1763014834110
-122.32,37.6081666666667,12.16,1.11,"5 km ENE of Burlingame, CA",1763014585780
-147.72280883789062,60.59751892089844,5.902042388916016,1.5190325191227867,"56 km ESE of Whittier, Alaska",1763014550562
-110.6955,44.5985,9.22,0.62,"33 km ESE of West Yellowstone, Montana",1763014297160
-122.716667175293,38.7426681518555,1.08000004291534,1.39,"4 km SSW of Anderson Springs, CA",1763014112350
-110.697,44.6018333333333,8.96,0.58,"32 km ESE of West Yellowstone, Montana",1763014069860
-110.707333333333,44.6036666666667,7.92,1.67,"32 km ESE of West Yellowstone, Montana",1763013876860
-101.928,32.271,8.7646,1.0,"20 km NW of Stanton, Texas",1763013615814
-166.7354,54.2573,126.894,2.6,"42 km NNW of Dutch Harbor, Alaska",1763013546439
-122.811164855957,38.8219985961914,2.54999995231628,1.36,"7 km NW of The Geysers, CA",1763013329160
-146.8975830078125,64.50862884521484,4.137322902679443,3.139331906215923,"1 km S of Salcha, Alaska",1763013101454
-146.9137,64.4899,1.4,2.9,"3 km S of Salcha, Alaska",1763013101404
-117.462,34.2163333,10.53,0.79,"6 km W of Devore, CA",1763013054670
-149.70530700683594,62.91235733032227,71.07722473144531,1.6593972210046883,"55 km NNE of Chase, Alaska",1763012172167
-149.70530700683594,62.91235733032227,71.07722473144531,1.6593972210046883,"55 km NNE of Chase, Alaska",1763012172167
-149.6556,62.8474,90.8,1.9,"49 km NNE of Chase, Alaska",1763012170788
-152.186,61.2551666666667,21.33,-0.5,"60 km WNW of Tyonek, Alaska",1763012165860
-150.6168975830078,61.48495864868164,46.14780044555664,2.1284736835220435,"8 km SW of Susitna, Alaska",1763011896630
-150.6157,61.465,35.8,1.7,"10 km SSW of Susitna, Alaska",1763011895809
-115.0774,37.3552,15.978,1.61,"7 km E of Alamo, Nevada",1763011698219
-151.45950317382812,60.1088638305664,46.53289031982422,1.567324993486275,"13 km ENE of Ninilchik, Alaska",1763011309005
-151.5085,60.1027,45.7,1.5,"10 km ENE of Ninilchik, Alaska",1763011308206
-163.9765,54.7478333333333,4.23,1.02,"38 km WSW of False Pass, Alaska",1763011183000
-177.0545,51.2414,35.0,3.6,"76 km SSW of Adak, Alaska",1763010990606
-173.81607055664062,52.25735092163086,94.56836700439453,2.339210030599474,"27 km ENE of Atka, Alaska",1763010769379
-161.9549,53.9351,24.635,2.6,"127 km S of King Cove, Alaska",1763010764883
-122.813499450684,38.7991676330566,3.50999999046326,1.04,"6 km WNW of The Geysers, CA",1763010758280
-155.09579467773438,56.47173690795898,9.486468315124512,2.4725017412147903,"77 km SW of Akhiok, Alaska",1763010063569
-69.265,-19.3188,10.0,4.9,"16 km E of Camiña, Chile",1763009978962
-122.8165,38.8478333333333,1.58,0.85,"9 km WNW of Cobb, CA",1763009950230
-122.795833333333,38.8205,2.78,0.54,"6 km NW of The Geysers, CA",1763009694640
-123.466666666667,39.247,3.21,1.59,"20 km SSW of Willits, CA",1763008657670
-122.845336914062,38.8221664428711,1.96000003814697,1.08,"9 km WNW of The Geysers, CA",1763008104930
-120.560333333333,35.9983333333333,0.86,0.32,"16 km NW of Parkfield, CA",1763007719830
-120.566833333333,36.0043333333333,4.24,0.49,"17 km NW of Parkfield, CA",1763006282910
-162.2233,54.9428,103.877,2.6,"14 km SSE of King Cove, Alaska",1763006202884
-122.454666666667,37.5906666666667,8.82,1.74,"4 km SE of Pacifica, CA",1763005047580
-155.476833333333,19.1626666666667,31.5,2.35,"4 km S of Pāhala, Hawaii",1763005035490
-178.1832,-18.3895,623.109,4.4,"266 km E of Levuka, Fiji",1763004711039
127.8816,4.0476,122.899,5.1,"256 km N of Tobelo, Indonesia",1763004662291
-165.116,54.0102,68.738,2.6,"45 km ESE of Akutan, Alaska",1763004499912
-176.239333333333,52.0501666666667,21.13,0.69,"33 km NE of Adak, Alaska",1763004318830
124.4404,25.1234,97.933,4.7,"56 km NNW of Tarama, Japan",1763004270736
28.124,39.2423,10.0,4.4,"4 km W of Sındırgı, Turkey",1763004106518
28.1052,39.2114,10.0,4.3,"7 km WSW of Sındırgı, Turkey",1763004025205
28.0706,39.2595,8.482,4.6,"9 km WNW of Sındırgı, Turkey",1763003774794
-123.378333333333,39.5521666666667,6.33,2.47,"12 km N of Brooktrails, CA",1763003600380
-153.1085,60.0141666666667,-0.96,-1.07,"61 km ENE of Pedro Bay, Alaska",1763002730080
-176.6111,51.7821,67.437,3.0,"10 km S of Adak, Alaska",1763002525816
-152.241166666667,61.3281666666667,1.86,-0.47,"65 km WNW of Beluga, Alaska",1763002308350
158.922,52.5792,85.193,4.2,"52 km SE of Vilyuchinsk, Russia",1763002285915
-154.43405151367188,61.9128303527832,7.381391048431396,1.783801173362746,"81 km NE of Lime Village, Alaska",1763001959130
-154.5096,61.8852,0.0,1.9,"76 km NE of Lime Village, Alaska",1763001958664
-25.7406,-58.9814,87.293,4.4,South Sandwich Islands region,1763001860935
-177.984,51.8378333333333,-1.75,0.72,"93 km W of Adak, Alaska",1763001707140
-110.872,44.744,9.86,0.6,"20 km ENE of West Yellowstone, Montana",1763001309330
-155.478,19.4978333333333,3.81,1.64,"26 km WNW of Volcano, Hawaii",1763001283450
-148.9069,62.7509,12.5,1.4,"69 km ENE of Chase, Alaska",1763001264904
-152.746,60.4521666666667,3.08,-0.78,"74 km NW of Ninilchik, Alaska",1763001207280
-153.087333333333,59.9983333333333,3.49,-1.17,"61 km ENE of Pedro Bay, Alaska",1763000536240
-168.04298400878906,52.73792266845703,12.963504791259766,2.1491877481291155,"59 km ESE of Nikolski, Alaska",1763000311472
-150.5209503173828,60.96868133544922,33.46052551269531,1.7158033152687395,"10 km ENE of Point Possession, Alaska",1762999533096
-122.727833333333,38.7696666666667,1.15,0.33,"3 km ESE of The Geysers, CA",1762999375920
-155.71673583984375,57.86740493774414,9.137184143066406,1.9063567234869256,"82 km WNW of Karluk, Alaska",1762999279837
-13.7121,-1.0583,10.0,4.7,north of Ascension Island,1762999097368
145.3606,43.0011,55.608,4.1,"39 km SSW of Nemuro, Japan",1762997928526
-111.534333333333,39.5641666666667,1.84,1.04,"6 km NE of Moroni, Utah",1762997596660
-101.928,32.27,8.8623,1.6,"20 km NW of Stanton, Texas",1762997292734
-102.171,32.16,8.9111,1.6,"20 km NNW of Midland, Texas",1762997237481
-122.758666992188,38.8175010681152,1.51999998092651,0.95,"3 km W of Cobb, CA",1762997109720
121.6803,24.7847,55.785,4.1,"7 km WNW of Yilan, Taiwan",1762996958893
-121.434333333333,35.8055,3.66,1.59,"27 km SSE of Lopez Point, CA",1762996944040
-122.760498046875,38.8161659240723,1.87000000476837,0.95,"3 km WSW of Cobb, CA",1762996742870
-150.82691955566406,60.88192367553711,16.292997360229492,1.7893403864924216,"8 km WSW of Point Possession, Alaska",1762996521358
-150.6989,60.883,34.3,1.5,"4 km S of Point Possession, Alaska",1762996519742
-112.894666666667,38.5066666666667,1.69,1.24,"15 km NE of Milford, Utah",1762996504420
-153.1708526611328,58.8073844909668,70.42635345458984,1.852239176103473,"84 km N of Aleneva, Alaska",1762996060707
-154.902833333333,58.2653333333333,5.73,0.22,"81 km NNW of Karluk, Alaska",1762995795360
-150.712646484375,63.33659744262695,126.04094696044922,1.9100197417799303,"55 km ESE of Denali National Park, Alaska",1762995360908
141.6299,36.2717,29.592,4.7,"93 km NE of Hasaki, Japan",1762995277056
-154.967833333333,58.5163333333333,8.33,-0.42,"100 km ESE of King Salmon, Alaska",1762994937780
-125.131,41.0453333333333,10.0,3.28,"83 km W of Trinidad, CA",1762994540840
-153.19432067871094,60.04870223999023,127.73048400878906,2.5221953183928663,"58 km ENE of Pedro Bay, Alaska",1762994124207
-153.1879,60.0651,133.4,2.1,"59 km ENE of Pedro Bay, Alaska",1762994122693
-151.9819793701172,59.72653198242188,54.53648376464844,1.8245549845978795,"10 km WSW of Anchor Point, Alaska",1762993916590
-152.0033,59.7285,48.9,1.6,"11 km WSW of Anchor Point, Alaska",1762993915930
-152.344166666667,61.2955,-3.15,0.73,"69 km WNW of Tyonek, Alaska",1762993541360
-163.992,54.7491666666667,0.2,0.43,"39 km WSW of False Pass, Alaska",1762993498880
-149.1193,64.7381,16.7,1.5,"15 km N of Four Mile Road, Alaska",1762993469126
-149.05653381347656,64.73622131347656,16.191099166870117,1.6124503050074612,"15 km NNE of Four Mile Road, Alaska",1762993469110
-110.8795,44.7373333333333,9.39,1.5,"19 km ENE of West Yellowstone, Montana",1762993450510
-153.096666666667,60.0483333333333,-1.98,-0.49,"63 km ENE of Pedro Bay, Alaska",1762993356310
-147.7557,64.9291,0.0,1.2,"3 km NW of Farmers Loop, Alaska",1762993287261
-147.74891662597656,64.91175842285156,10.0,1.28237782181491,"2 km W of Farmers Loop, Alaska",1762993287081
-151.1846,59.7191,25.7,2.2,"6 km ESE of Fritz Creek, Alaska",1762993161141
-151.0130615234375,59.76100540161133,3.482693910598755,2.6370534993057224,"11 km SSW of Fox River, Alaska",1762993158736
176.8021,51.7676,35.0,3.3,"274 km ESE of Attu Station, Alaska",1762993038689
-122.801498413086,38.8248329162598,2.57999992370605,0.7,"7 km NW of The Geysers, CA",1762992944040
-110.874166666667,44.7395,9.8,1.43,"20 km ENE of West Yellowstone, Montana",1762992874770
-116.4373333,34.3101667,7.52,1.26,"22 km N of Yucca Valley, CA",1762992861630
-110.8805,44.7416666666667,9.74,0.67,"19 km ENE of West Yellowstone, Montana",1762992738280
-110.8785,44.7416666666667,10.61,1.16,"19 km ENE of West Yellowstone, Montana",1762992668200
-110.869833333333,44.7478333333333,10.82,0.69,"20 km ENE of West Yellowstone, Montana",1762992534640
-116.8903333,33.4568333,11.55,0.73,"3 km WNW of Aguanga, CA",1762992272170
-147.3891,65.0042,5.5,1.3,"11 km ENE of Fox, Alaska",1762992224857
-99.51766667,35.8425,5.0,1.81,"15 km WSW of Leedey, Oklahoma",1762992020390
-116.398833333333,33.1776666666667,10.92,0.86,"9 km SSW of Borrego Springs, CA",1762991873090
-122.45166666666667,45.81366666666667,-0.46,1.0,"4 km NNW of Venersborg, Washington",1762990590270
-177.7123,-20.1587,520.994,4.3,"274 km WNW of Houma, Tonga",1762990422165
-116.96066666666667,47.52,-0.77,1.45,"6 km WNW of Rockford Bay, Idaho",1762989705320
-152.342,61.2886666666667,1.06,-0.8,"69 km WNW of Tyonek, Alaska",1762989674720
-150.4095,61.9635,46.7,1.5,"31 km NW of Willow, Alaska",1762989047277
-96.40533333,36.66816667,0.0,1.27,"6 km W of Pawhuska, Oklahoma",1762988959469
-151.713,59.8199,28.8,1.8,"5 km W of Nikolaevsk, Alaska",1762988880499
50.0635,13.2924,10.0,4.2,"164 km NNW of Caluula, Somalia",1762986450878
50.1725,13.1322,10.0,4.4,"143 km NNW of Caluula, Somalia",1762986417377
-122.80899810791,38.837833404541,1.86000001430511,1.09,"8 km WNW of Cobb, CA",1762986378410
-120.51033333333334,49.3055,-0.62,1.78,"16 km S of Princeton, Canada",1762986331960
50.0275,13.238,10.0,4.6,"161 km NNW of Caluula, Somalia",1762986322483
-153.188,60.0158333333333,2.99,-0.91,"57 km ENE of Pedro Bay, Alaska",1762986082590
-115.1837,35.9038,6.8668,2.12,"14 km SSE of Enterprise, Nevada",1762986029484
138.9779,-2.3082,45.4,4.4,"186 km W of Abepura, Indonesia",1762985768120
-122.736999511719,38.7970008850098,0.769999980926514,0.3,"3 km NE of The Geysers, CA",1762985671120
-116.4878333,33.474,12.24,1.05,"19 km ESE of Anza, CA",1762984461670
-116.494,33.4725,14.12,1.04,"19 km ESE of Anza, CA",1762984461010
-148.0542,62.1803,35.5,1.6,"46 km NNW of Glacier View, Alaska",1762984297934
-163.9625,54.757,-0.79,0.6,"37 km WSW of False Pass, Alaska",1762983885760
-122.715835571289,38.7394981384277,1.5,1.97,"4 km SSW of Anderson Springs, CA",1762983804520
159.3285,51.2399,35.0,4.2,"198 km SSE of Vilyuchinsk, Russia",1762983697869
-150.7329,61.1478,14.6,1.9,"18 km E of Beluga, Alaska",1762983463902
-110.682166666667,44.6581666666667,4.37,0.26,"33 km E of West Yellowstone, Montana",1762983460730
-103.758,32.04,7.5995,1.2,"36 km SE of Malaga, New Mexico",1762983455965
-122.81383333333333,45.85633333333333,-0.41,1.42,"1 km SW of Saint Helens, Oregon",1762983238770
-117.067,33.7098333,11.31,1.23,"2 km E of Winchester, CA",1762983153660
-103.797,32.006,7.6892,1.1,"35 km SE of Malaga, New Mexico",1762981750853
-122.759498596191,38.7928352355957,1.23000001907349,0.87,"2 km N of The Geysers, CA",1762981517040
-149.1062,64.8888,24.6,1.5,"31 km SSE of Minto, Alaska",1762981412748
-122.829,38.8233333333333,1.89,0.55,"8 km NW of The Geysers, CA",1762981075150
-122.766998291016,38.7883338928223,1.74000000953674,1.51,"2 km NW of The Geysers, CA",1762980851320
-96.835,34.47066667,0.0,1.38,"7 km N of Mill Creek, Oklahoma",1762980795939
-122.824996948242,38.8278350830078,1.58000004291534,1.0,"8 km NW of The Geysers, CA",1762980772100
-97.5555,34.76966667,10.84,0.87,"6 km SE of Erin Springs, Oklahoma",1762980771159
-163.976166666667,54.7551666666667,0.81,0.64,"37 km WSW of False Pass, Alaska",1762980444320
-122.782833333333,38.8033333333333,3.21,-0.19,"4 km NW of The Geysers, CA",1762980369540
-163.999333333333,54.7488333333333,-0.02,1.05,"39 km WSW of False Pass, Alaska",1762979145060
-116.0173333,33.6795,10.83,2.52,"12 km ENE of Thermal, CA",1762978894870
-163.986,54.7516666666667,4.93,0.77,"38 km WSW of False Pass, Alaska",1762978749090
-152.786,60.5575,7.87,-0.14,"80 km W of Salamatof, Alaska",1762978674480
-66.0158333333333,19.3588333333333,32.41,3.35,"99 km N of San Juan, Puerto Rico",1762978509090
-122.815330505371,38.8271675109863,2.0699999332428,0.45,"8 km NW of The Geysers, CA",1762978346590
-122.717666666667,38.7551666666667,2.27,-0.38,"3 km SW of Anderson Springs, CA",1762977991250
-153.042333333333,60.0458333333333,1.39,-0.4,"66 km ENE of Pedro Bay, Alaska",1762977481170
-150.0861,61.4112,35.3,1.6,"8 km NW of Point MacKenzie, Alaska",1762977327449
-152.1011,61.2149,106.6,0.8,"54 km WNW of Tyonek, Alaska",1762975929784
-155.0678,67.0657,0.0,2.9,"81 km ENE of Kobuk, Alaska",1762975642597
-122.719497680664,38.7718315124512,1.4099999666214,1.19,"2 km W of Anderson Springs, CA",1762975026410
143.3098,39.4911,10.0,4.6,"117 km E of Yamada, Japan",1762974534492
-152.843333333333,60.6008333333333,9.61,-0.31,"83 km W of Salamatof, Alaska",1762974454670
-122.71849822998,38.7726669311523,1.08000004291534,1.77,"2 km W of Anderson Springs, CA",1762974417370
-152.334666666667,61.2976666666667,-3.17,-0.71,"69 km WNW of Tyonek, Alaska",1762974399050
-95.8565,36.198,0.0,1.6,"7 km S of Owasso, Oklahoma",1762973707759
-118.872833333333,37.4505,6.88,1.26,"21 km SW of Toms Place, CA",1762973622650
-153.104333333333,60.004,3.09,-0.61,"61 km ENE of Pedro Bay, Alaska",1762973620040
-153.101666666667,60.0056666666667,0.72,-1.17,"61 km ENE of Pedro Bay, Alaska",1762973035870
-154.880333333333,58.2183333333333,5.76,-0.36,"76 km NNW of Karluk, Alaska",1762972653880
-150.696,60.9532,34.3,1.5,"3 km N of Point Possession, Alaska",1762972555948
-121.6465,45.309333333333335,8.07,0.41000000000000003,"8 km NE of Wapanitia, Oregon",1762972070550
-117.040833333333,33.9011666666667,8.84,1.25,"7 km WSW of Beaumont, CA",1762971873430
-122.801166666667,38.8148333333333,3.44,0.44,"6 km NW of The Geysers, CA",1762971632200
-149.9898,62.8834,75.8,2.9,"48 km N of Chase, Alaska",1762971601273
-122.801834106445,38.8141670227051,3.42000007629395,0.77,"6 km NW of The Geysers, CA",1762970743720
-122.803497314453,38.8133316040039,3.0699999332428,1.1,"6 km NW of The Geysers, CA",1762970714900
-104.289,31.689,7.8815,2.0,"54 km S of Whites City, New Mexico",1762970646432
143.8234,39.4055,10.0,4.3,"161 km E of Yamada, Japan",1762970606546
-101.926,32.275,8.1299,0.8,"20 km NW of Stanton, Texas",1762970599518
-155.371505737305,19.0558338165283,35.4599990844727,1.85,"19 km SE of Pāhala, Hawaii",1762969945510
-122.19233333333334,46.19283333333333,6.47,0.17,"37 km NNE of Amboy, Washington",1762969675210
-116.4356667,33.4381667,13.61,0.61,"21 km NNW of Borrego Springs, CA",1762969362760
-164.462166666667,54.5618333333333,5.12,1.66,"75 km WSW of False Pass, Alaska",1762969215030
-122.768165588379,38.7859992980957,4.07999992370605,0.98,"1 km NW of The Geysers, CA",1762968685960
-120.6125,36.0351666666667,1.34,0.77,"22 km NW of Parkfield, CA",1762968645200
-158.2413,56.064,54.2,2.1,"27 km SSE of Chignik, Alaska",1762968048168
-155.6751,57.8469,9.9,1.2,"79 km WNW of Karluk, Alaska",1762968001410
-122.817333333333,38.7998333333333,2.81,0.17,"6 km WNW of The Geysers, CA",1762967936040
-153.2156,58.9802,73.8,1.9,"85 km WSW of Nanwalek, Alaska",1762967854495
-122.773170471191,38.806999206543,2.26999998092651,0.72,"4 km NNW of The Geysers, CA",1762966889480
-148.9031,64.9453,3.2,1.5,"31 km SE of Minto, Alaska",1762966726736
-122.19333333333333,46.1995,4.23,1.06,"37 km NNE of Amboy, Washington",1762966369090
-122.19416666666666,46.199666666666666,3.86,0.5,"37 km NNE of Amboy, Washington",1762966336520
-155.241833333333,19.3135,6.23,1.01,"14 km S of Volcano, Hawaii",1762966033300
49.8329,13.1958,10.0,4.3,"167 km SSE of Mukalla, Yemen",1762965996483
-154.7096,58.0609,89.6,1.3,"56 km NNW of Karluk, Alaska",1762965357255
-122.75316619873,38.7924995422363,0.180000007152557,1.47,"2 km N of The Geysers, CA",1762965241920
-152.099333333333,61.3401666666667,3.11,-0.43,"58 km WNW of Beluga, Alaska",1762965241680
104.4204,20.2107,10.0,4.4,"45 km ESE of Xam Nua, Laos",1762964778021
-177.8106,-27.9812,10.0,4.4,Kermadec Islands region,1762964722541
-152.9455,58.1934,35.7,1.9,"15 km N of Aleneva, Alaska",1762964334876
-117.6716667,35.8645,5.5,0.95,"23 km ESE of Little Lake, CA",1762964262540
50.1399,13.0523,10.0,4.4,"137 km NNW of Caluula, Somalia",1762963787775
-121.9425,40.4005,19.63,1.85,"7 km WSW of Manton, CA",1762962792980
-120.558166666667,35.9975,0.83,-0.16,"16 km NW of Parkfield, CA",1762962279020
-153.085333333333,60.0571666666667,1.74,-0.69,"64 km ENE of Pedro Bay, Alaska",1762961863640
-110.647333333333,44.2815,4.05,0.88,"55 km SE of West Yellowstone, Montana",1762961619250
-110.640833333333,44.2801666666667,4.77,1.03,"56 km SE of West Yellowstone, Montana",1762961600960
-110.64,44.28,4.7,1.09,"56 km SE of West Yellowstone, Montana",1762961453770
-155.772003173828,20.1245002746582,8.89000034332275,1.85,"12 km SSE of Kapaau, Hawaii",1762961243770
-77.8715,-45.0047,10.0,4.1,"Off the coast of Aisen, Chile",1762961183848
-150.2809,62.8925,29.0,1.5,"50 km N of Chase, Alaska",1762961141210
-122.774833679199,38.7991676330566,1.58000004291534,1.05,"3 km NNW of The Geysers, CA",1762960938680
-116.2888333,33.0285,6.89,0.47,"19 km SW of Ocotillo Wells, CA",1762960702940
-151.7999,58.8019,34.9,2.1,"61 km S of Port Graham, Alaska",1762960694412
-116.7635,34.0076667,17.91,1.21,"10 km NNE of Cabazon, CA",1762960549920
-103.796,32.007,7.8815,1.3,New Mexico,1762960306334
-164.047666666667,54.6808333333333,4.64,1.32,"45 km WSW of False Pass, Alaska",1762960091850
-122.81266784668,38.8296661376953,2.0,1.05,"8 km NW of The Geysers, CA",1762959258370
-120.560666666667,36.0001666666667,1.56,0.93,"16 km NW of Parkfield, CA",1762958788030
-102.083,32.354,7.7393,0.7,"37 km NW of Stanton, Texas",1762958693387
-111.201,39.6386666666667,-1.85,1.46,"4 km W of Clear Creek, Utah",1762958334860
-157.3916,55.5919,29.4,4.4,"100 km SE of Chignik, Alaska",1762958271552
-104.178,31.587,6.8689,1.8,"47 km NW of Toyah, Texas",1762958237858
-153.07,60.0381666666667,-2.28,-1.05,"64 km ENE of Pedro Bay, Alaska",1762958156270
-112.802333333333,38.453,5.27,0.75,"19 km ENE of Milford, Utah",1762957983080
-120.563666666667,36.0005,1.63,1.53,"16 km NW of Parkfield, CA",1762957572620
-149.6734,61.7427,30.4,1.5,"13 km NNW of Meadow Lakes, Alaska",1762957445808
32.5382,34.9696,10.0,5.3,"3 km SE of Meládeia, Cyprus",1762957411498
-117.5278333,35.6873333,7.36,1.98,"14 km SW of Searles Valley, CA",1762957060460
-101.93,32.342,6.9824,1.0,"27 km NNW of Stanton, Texas",1762956961112
-115.9613333,33.1353333,4.8,1.43,"16 km E of Ocotillo Wells, CA",1762956390220
-101.931,32.27,8.2764,1.1,"20 km NW of Stanton, Texas",1762956345156
-155.7202,57.2761,86.4,1.8,"82 km WSW of Karluk, Alaska",1762956071188
-124.853,48.631166666666665,22.83,1.59,"33 km NNW of Neah Bay, Washington",1762955980780
-155.2995,58.1561666666667,7.5,-0.17,"82 km NW of Karluk, Alaska",1762955979390
-122.813835144043,38.8286666870117,1.92999994754791,1.78,"8 km NW of The Geysers, CA",1762955816130
-122.803665161133,38.8246650695801,2.77999997138977,0.72,"7 km NW of The Geysers, CA",1762955736470
-146.4139,61.3218,17.0,1.6,"21 km N of Valdez, Alaska",1762955715710
-111.399166666667,38.9985,-1.36,1.59,"15 km WNW of Emery, Utah",1762955466240
-122.785,38.8248333333333,1.5,0.31,"5 km W of Cobb, CA",1762955164820
-152.6506,59.2285,62.1,2.0,"43 km WSW of Nanwalek, Alaska",1762954890695
-104.32,31.665,6.0999,2.2,"56 km S of Whites City, New Mexico",1762954800870
-110.986166666667,44.6141666666667,11.63,1.46,"10 km ESE of West Yellowstone, Montana",1762954771470
-155.413666666667,19.3625,8.88,1.55,"18 km NNE of Pāhala, Hawaii",1762954357400
-110.839333333333,44.7968333333333,4.38,0.35,"22 km SSW of Mammoth, Wyoming",1762954245770
-163.986833333333,54.7396666666667,6.07,1.25,"39 km WSW of False Pass, Alaska",1762954190290
-122.852668762207,38.8223342895508,2.28999996185303,1.68,"10 km WNW of The Geysers, CA",1762953941000
-69.0997,-19.3131,8.832,4.8,"34 km E of Camiña, Chile",1762953122501
-116.9103333,34.156,8.31,1.06,"10 km S of Big Bear Lake, CA",1762953043270
-122.752998352051,38.787166595459,2.57999992370605,0.45,"1 km NNE of The Geysers, CA",1762952919070
-122.736663818359,38.7903327941895,1.87000000476837,1.05,"2 km NE of The Geysers, CA",1762952902570
-122.785499572754,38.7961654663086,3.5699999332428,1.29,"3 km NW of The Geysers, CA",1762952824500
-122.785166666667,38.8268333333333,1.58,0.31,"5 km W of Cobb, CA",1762952784130
-155.375,19.0335006713867,29.2399997711182,1.73,"21 km SSE of Pāhala, Hawaii",1762952304160
-121.940333333333,37.7583333333333,8.07,1.54,"4 km SE of San Ramon, CA",1762952198800
-117.4965,35.666,4.59,0.93,"14 km SW of Searles Valley, CA",1762951413420
-24.0158,-56.6444,10.0,4.8,South Sandwich Islands region,1762950984618
-117.0848333,34.0196667,16.99,0.86,"4 km WSW of Yucaipa, CA",1762950784100
-154.992,58.2978333333333,3.02,-0.42,"87 km NNW of Karluk, Alaska",1762950783240
-154.9675,58.2551666666667,4.26,-0.26,"82 km NNW of Karluk, Alaska",1762949734850
-122.61333333333333,47.72116666666667,25.27,1.16,"2 km NNE of Keyport, Washington",1762949666880
-150.3036,63.0415,99.1,1.3,"65 km NNE of Petersville, Alaska",1762949401944
-122.813163757324,38.8370018005371,1.79999995231628,0.21,"8 km WNW of Cobb, CA",1762949306680
121.0522,20.9127,26.785,5.1,"108 km WNW of Basco, Philippines",1762948942878
-117.489,34.1748333,1.07,0.33,"9 km NNW of Fontana, CA",1762948852110
-122.804,38.8041666666667,1.32,0.06,"5 km NW of The Geysers, CA",1762948466860
-101.193,32.416,5.5908,1.3,"17 km NE of Coahoma, Texas",1762948282857
-102.124,32.44,6.5186,1.8,"36 km SSW of Los Ybanez, Texas",1762946401035
-151.3679,59.5601,91.5,2.1,"8 km WSW of Halibut Cove, Alaska",1762946281982
-116.975833333333,33.9608333333333,15.91,1.04,"3 km N of Beaumont, CA",1762946138500
-164.061333333333,54.68,11.3,1.26,"46 km WSW of False Pass, Alaska",1762946126200
-150.4095,62.9759,115.8,1.4,"56 km NNE of Petersville, Alaska",1762945956723
-122.78116607666,38.8030014038086,3.45000004768372,0.33,"4 km NW of The Geysers, CA",1762945854190
-152.1613,62.1552,97.4,1.9,"43 km WNW of Skwentna, Alaska",1762945527791
-116.7821667,33.2833333,13.48,1.0,"5 km NNW of Lake Henshaw, CA",1762945017960
-110.712333333333,44.6851666666667,2.08,0.02,"31 km E of West Yellowstone, Montana",1762944678110
148.469,-6.3469,65.598,4.8,"72 km ENE of Finschhafen, Papua New Guinea",1762944401552
-122.720497131348,38.7608337402344,0.779999971389771,0.78,"3 km WSW of Anderson Springs, CA",1762943172080
-122.845833333333,38.8241666666667,2.23,0.25,"9 km NW of The Geysers, CA",1762942983210
-122.803333333333,38.8263333333333,2.38,0.28,"7 km NW of The Geysers, CA",1762942730910
-117.699,35.8645,8.12,1.15,"20 km ESE of Little Lake, CA",1762942258460
-117.6986667,35.8638333,7.42,1.95,"20 km ESE of Little Lake, CA",1762942213850
-122.454833333333,37.587,7.36,0.49,"4 km SE of Pacifica, CA",1762942086760
-100.3031667,36.92783333,1.76,1.5,"11 km WNW of Knowles, Oklahoma",1762942047949
-153.057333333333,60.0546666666667,1.64,-0.68,"65 km ENE of Pedro Bay, Alaska",1762941843450
-113.056166666667,37.5548333333333,11.17,1.43,"11 km E of Kanarraville, Utah",1762941753160
32.4318,34.8374,10.0,4.4,"0 km NNE of Tála, Cyprus",1762941549945
-155.102833333333,19.3596666666667,7.2,1.32,"12 km SSE of Fern Forest, Hawaii",1762941237160
-112.437666666667,42.4425,9.93,2.73,"25 km WSW of Arimo, Idaho",1762940651860
32.5184,34.7251,10.0,4.7,"5 km ESE of Koloni, Cyprus",1762940511539
32.4128,34.7426,10.0,4.2,"3 km WSW of Geroskipou, Cyprus",1762940178592
32.5933,34.869,25.332,5.2,"8 km ESE of Polémi, Cyprus",1762939887665
-101.136,32.536,2.7832,1.2,"23 km NNW of Westbrook, Texas",1762939861179
-97.87,29.044,7.9942,1.4,"15 km ENE of Falls City, Texas",1762939652991
-122.875999450684,38.8358345031738,2.95000004768372,0.24,"12 km WNW of The Geysers, CA",1762939600450
-102.057,32.359,5.9814,0.7,"35 km NW of Stanton, Texas",1762939418245
-102.079,32.418,8.374,0.6,"36 km WSW of Ackerly, Texas",1762937749101
-149.4574,62.194,39.6,1.8,"20 km E of Susitna North, Alaska",1762937687630
-118.8216667,35.4161667,11.0,1.58,"18 km E of Oildale, CA",1762937115680
-116.711,33.6515,15.71,0.55,"10 km S of Idyllwild, CA",1762936731670
-127.8539,44.104,10.0,4.2,"297 km WNW of Barview, Oregon",1762936714858
-101.931,32.271,8.4229,0.5,"20 km NW of Stanton, Texas",1762936481658
-116.4016667,33.0603333,14.41,1.05,"19 km E of Julian, CA",1762936401400
-117.2336667,34.0371667,6.92,0.78,"3 km ESE of Loma Linda, CA",1762935907240
-155.806333333333,20.1496666666667,25.55,2.4,"9 km S of Kapaau, Hawaii",1762934952100
-122.795833333333,38.8276666666667,1.98,0.27,"6 km W of Cobb, CA",1762934315870
-151.8431,61.0695,79.9,1.2,"38 km W of Tyonek, Alaska",1762934194872
-119.102,34.5191667,17.48,1.5,"15 km ENE of Ojai, CA",1762933817940
-153.09,60.041,-0.85,-0.34,"63 km ENE of Pedro Bay, Alaska",1762933470940
-104.187,31.607,6.0999,1.5,"49 km NW of Toyah, Texas",1762933461973
-117.1915,34.037,8.44,0.68,"2 km SSW of Redlands, CA",1762933386520
-155.512,19.1478333333333,34.58,1.99,"7 km SSW of Pāhala, Hawaii",1762933148930
-155.516159057617,19.121000289917,32.6599998474121,1.7,"8 km NE of Naalehu, Hawaii",1762932372810
-122.9,47.792833333333334,21.19,1.31,"3 km SSW of Quilcene, Washington",1762932168000
-118.847833333333,37.577,4.36,0.48,"13 km ESE of Mammoth Lakes, CA",1762932125470
-143.0822,60.3751,30.7,1.2,"118 km S of McCarthy, Alaska",1762931932050
-122.785333333333,38.8278333333333,1.54,0.36,"5 km W of Cobb, CA",1762931543620
-143.4286,62.7056,5.9,1.6,"27 km E of Slana, Alaska",1762931525243
-155.363833333333,19.078,32.32,2.18,"18 km SE of Pāhala, Hawaii",1762931398520
-152.061,60.4102,83.3,1.6,"41 km W of Cohoe, Alaska",1762931031782
-116.5443333,33.4956667,12.5,0.56,"14 km ESE of Anza, CA",1762930846730
-123.137166666667,39.447,3.89,1.5,"16 km WNW of Lake Pillsbury, CA",1762930581000
-122.801498413086,38.8351669311523,1.76999998092651,0.65,"7 km WNW of Cobb, CA",1762930371900
-152.957166666667,60.0825,3.39,-0.29,"69 km WNW of Happy Valley, Alaska",1762929509660
-152.370166666667,61.3201666666667,7.57,-0.76,"71 km WNW of Beluga, Alaska",1762929246310
-104.19,31.606,6.0999,2.2,"49 km NW of Toyah, Texas",1762928687435
-122.797836303711,38.8263320922852,2.57999992370605,1.09,"6 km W of Cobb, CA",1762928510090
-155.383333333333,58.165,2.0,-0.4,"86 km NW of Karluk, Alaska",1762928426820
-117.4981667,35.681,4.49,0.84,"13 km SW of Searles Valley, CA",1762928385350
-116.7413333,33.518,4.44,0.55,"8 km WSW of Anza, CA",1762928183460
-117.254666666667,34.0636666666667,13.92,0.96,"2 km NNE of Loma Linda, CA",1762927917780
-122.815666666667,38.8316666666667,1.76,0.27,"8 km NW of The Geysers, CA",1762927709250
6.4773,73.1876,10.0,5.7,Greenland Sea,1762927409115
-66.5565,18.9436666666667,64.44,2.98,"53 km N of Tierras Nuevas Poniente, Puerto Rico",1762927270410
6.2648,73.1692,10.0,4.1,Greenland Sea,1762927253004
-122.813835144043,38.835334777832,1.66999995708466,0.7,"8 km W of Cobb, CA",1762926951790
-117.2353333,34.0311667,16.59,1.95,"3 km SE of Loma Linda, CA",1762926784720
-116.2968333,33.0223333,7.41,1.53,"20 km SW of Ocotillo Wells, CA",1762926423080
-122.772666931152,38.7848320007324,0.560000002384186,0.71,"2 km WNW of The Geysers, CA",1762926278900
-122.791999816895,38.8175010681152,2.85999989509583,0.7,"5 km NW of The Geysers, CA",1762926190640
-155.231674194336,19.0833339691162,34.3199996948242,1.73,"29 km ESE of Pāhala, Hawaii",1762925880120
-147.526,61.2319,2.3,1.7,"61 km NW of Tatitlek, Alaska",1762925843847
-155.115333333333,19.348,6.15,2.47,"13 km S of Fern Forest, Hawaii",1762925456440
-110.845833333333,44.7941666666667,4.99,2.02,"23 km SSW of Mammoth, Wyoming",1762925160160
-150.7153,61.0743,4.3,3.7,"16 km N of Point Possession, Alaska",1762925138562
-150.9037,62.3633,21.6,1.1,"16 km SSW of Petersville, Alaska",1762924654037
-121.561833333333,37.135,7.34,0.61,"7 km NE of San Martin, CA",1762924336460
-122.805168151855,38.821834564209,2.36999988555908,0.52,"7 km NW of The Geysers, CA",1762923916120
-116.4393333,33.4591667,2.44,0.76,"23 km NNW of Borrego Springs, CA",1762923710980
-147.8757,61.5563,20.6,1.8,"30 km SSW of Glacier View, Alaska",1762923487336
-116.3031667,33.3848333,12.05,1.02,"16 km NNE of Borrego Springs, CA",1762923326200
-91.0404,-41.0183,10.0,4.6,southeast of Easter Island,1762923148681
-91.375,-41.1799,10.0,4.4,southeast of Easter Island,1762922946602
-91.0587,-41.246,10.0,4.4,southeast of Easter Island,1762922545848
-91.2628,-41.1294,10.0,4.8,southeast of Easter Island,1762922320152
-155.4783,57.3884,113.4,2.1,"64 km WSW of Karluk, Alaska",1762922264436
-149.8959,63.0135,64.4,1.6,"63 km SW of Cantwell, Alaska",1762922165048
-121.035833333333,36.5735,8.2,1.02,"11 km ENE of Pinnacles, CA",1762921913310
-122.2445,46.491,16.62,0.42,"7 km SSE of Morton, Washington",1762921647510
-27.0243,-55.2986,10.0,5.0,South Sandwich Islands region,1762921382075
-110.837,44.7938333333333,4.8,0.47,"22 km SSW of Mammoth, Wyoming",1762920788860
-104.297,31.657,6.0999,1.8,"58 km S of Whites City, New Mexico",1762920650379
-66.73,18.0121666666667,13.11,1.92,"2 km NW of Tallaboa, Puerto Rico",1762920178270
143.5611,39.7335,10.0,4.9,"139 km E of Miyako, Japan",1762919859331
-151.3109,63.2965,0.9,1.4,"34 km SE of Denali National Park, Alaska",1762919800876
-122.2135,47.81633333333333,20.64,1.21,"2 km ENE of Bothell West, Washington",1762919733040
-104.386,31.678,6.0999,1.5,"55 km S of Whites City, New Mexico",1762918846684
-155.360992431641,19.0521659851074,34.5699996948242,1.73,"20 km SE of Pāhala, Hawaii",1762918705280
-152.728666666667,60.5681666666667,7.63,-0.82,"77 km W of Salamatof, Alaska",1762918338900
-155.204666137695,19.3353328704834,4.51000022888184,1.75,"12 km SSE of Volcano, Hawaii",1762918314350
-155.452163696289,19.175500869751,27.7700004577637,1.79,"4 km SE of Pāhala, Hawaii",1762917895770
-153.0785,60.0533333333333,0.68,-0.94,"64 km ENE of Pedro Bay, Alaska",1762917826880
145.6205,-5.9241,106.473,5.1,"31 km NE of Goroka, Papua New Guinea",1762917814193
160.2839,51.9943,33.709,4.6,"163 km SE of Petropavlovsk-Kamchatsky, Russia",1762916981178
-155.482833862305,19.2005004882812,30.9200000762939,1.78,"0 km WSW of Pāhala, Hawaii",1762916278640
-95.265,36.56633333,11.85,2.36,"5 km NW of Big Cabin, Oklahoma",1762915683069
-155.366836547852,19.0634994506836,33.1100006103516,1.7,"19 km SE of Pāhala, Hawaii",1762915597130
-117.7108333,35.9155,3.72,1.51,"18 km E of Little Lake, CA",1762915167880
-155.201,19.3313333333333,6.54,2.49,"12 km SSE of Volcano, Hawaii",1762914639420
-114.2337,35.8435,0.0212,1.8,"18 km NE of White Hills, Arizona",1762914529093
-122.39083333333333,46.289,17.18,0.9500000000000001,"27 km SSE of Mossyrock, Washington",1762914440540
-100.3215,36.93616667,1.4,2.28,"13 km WNW of Knowles, Oklahoma",1762913042060
-116.947,33.656,11.94,1.02,"10 km SSE of Hemet, CA",1762912912880
-120.673333333333,36.0928333333333,2.47,0.76,"22 km ENE of San Ardo, CA",1762912835180
-155.355333333333,19.0746666666667,33.54,1.84,"19 km SE of Pāhala, Hawaii",1762912696520
-150.1823,62.2647,28.0,1.7,"6 km SSE of Trapper Creek, Alaska",1762912267724
-153.4455,59.3601666666667,-0.23,-0.41,"60 km SE of Pedro Bay, Alaska",1762912209910
-174.1115,52.3436666666667,6.93,1.04,"17 km NNE of Atka, Alaska",1762911961410
-149.294,62.0087,32.0,1.9,"29 km N of Fishhook, Alaska",1762911600556
-101.652,32.077,6.2256,0.9,"14 km ESE of Stanton, Texas",1762911429618
-152.3125,59.0477,36.0,2.4,"41 km SSW of Nanwalek, Alaska",1762911229750
-153.087333333333,60.0556666666667,-0.1,-1.06,"64 km ENE of Pedro Bay, Alaska",1762911182780
-155.487167358398,19.1941661834717,30.5200004577637,1.83,"1 km SW of Pāhala, Hawaii",1762910960210
-151.0856,61.631,61.1,1.8,"31 km WNW of Susitna, Alaska",1762910484974
-148.6251,62.7375,61.8,1.5,"74 km SSE of Cantwell, Alaska",1762910371519
-152.2292,59.5407,46.0,1.9,"26 km NW of Nanwalek, Alaska",1762910206914
-115.74,33.1758333,3.98,0.8,"19 km NW of Westmorland, CA",1762909284700
-116.441,33.4711667,10.39,0.43,"24 km ESE of Anza, CA",1762909284230
-116.6505,33.9815,16.76,1.01,"10 km SW of Morongo Valley, CA",1762908964150
-117.598,35.6958333,2.07,0.96,"11 km NE of Ridgecrest, CA",1762908685400
-122.736666666667,38.7616666666667,1.81,0.34,"2 km SE of The Geysers, CA",1762908460600
-122.737998962402,38.7608337402344,1.50999999046326,1.4,"2 km SE of The Geysers, CA",1762908295560
-101.489,32.094,7.2998,1.1,"11 km W of Forsan, Texas",1762908171530
-122.816833333333,38.8365,2.05,0.2,"8 km W of Cobb, CA",1762907586760
-117.6555,34.1556667,10.23,0.79,"6 km N of Upland, CA",1762907526040
143.2245,39.8001,35.0,5.3,"111 km E of Miyako, Japan",1762907362782
-119.0943333,35.0823333,13.81,2.25,"22 km NW of Grapevine, CA",1762906203730
-160.1671,54.5395,35.949,3.6,"91 km SSE of Sand Point, Alaska",1762906021693
-169.8655,52.7935,-0.06,0.87,"69 km WSW of Nikolski, Alaska",1762905860420
-163.935833333333,54.8275,14.52,1.01,"33 km W of False Pass, Alaska",1762905264260
143.975,39.3225,10.0,4.1,"175 km E of Yamada, Japan",1762904896817
-101.604,32.1,8.1543,0.9,"17 km E of Stanton, Texas",1762904429380
-151.6757,61.7173,94.8,2.0,"33 km SSW of Skwentna, Alaska",1762904384307
-155.046661376953,19.3471660614014,5.88000011444092,1.88,"16 km SE of Fern Forest, Hawaii",1762904326270
-120.73016666666666,46.1955,6.72,1.6600000000000001,"20 km S of White Swan, Washington",1762903930760
-117.5598333,35.7441667,7.29,2.5,"14 km W of Searles Valley, CA",1762903746370
-104.192,31.604,6.0999,2.1,"49 km NW of Toyah, Texas",1762902551185
77.8646,36.27,10.0,4.4,"138 km SW of Zangguy, China",1762902250315
22.1086,34.3515,35.0,4.3,"173 km SW of Palaióchora, Greece",1762902207929
-178.7574,-20.68,607.093,4.2,Fiji region,1762902207475
-151.2138,61.5997,69.0,1.8,"37 km W of Susitna, Alaska",1762902085296
-101.077,32.141,8.1299,1.9,"24 km SSW of Westbrook, Texas",1762901041188
-117.2183333,33.9646667,12.12,1.33,"4 km NNE of Moreno Valley, CA",1762900809430
-122.757499694824,38.7895011901855,2.28999996185303,1.04,"1 km N of The Geysers, CA",1762900424820
-120.1545,39.4051666666667,5.93,1.51,"9 km NNE of Truckee, CA",1762900025560
-174.6801,51.1598,35.0,3.8,"119 km SSW of Atka, Alaska",1762899773510
-115.6898333,33.1628333,3.66,0.3,"15 km NNW of Westmorland, CA",1762898884320
102.7394,-4.5677,62.773,4.2,"82 km SW of Pagar Alam, Indonesia",1762898136440
140.47,36.441,68.482,4.2,"7 km NW of Hitachi-Naka, Japan",1762897849880
-118.1346,37.9018,1.4375,1.76,"26 km NNW of Dyer, Nevada",1762897755254
-122.18933333333334,46.19466666666667,6.36,0.09,"37 km NNE of Amboy, Washington",1762896364500
133.9041,-5.339,10.0,5.1,"131 km ENE of Tual, Indonesia",1762896211019
-150.0269,62.3536,2.4,1.9,"5 km NE of Talkeetna, Alaska",1762895823862
-169.881,52.8051666666667,3.09,1.3,"70 km WSW of Nikolski, Alaska",1762894887130
-122.843330383301,38.8223342895508,2.49000000953674,1.46,"9 km WNW of The Geysers, CA",1762894500210
-153.06,60.0221666666667,-0.06,-0.99,"64 km ENE of Pedro Bay, Alaska",1762894099110
-116.4415,33.4593333,2.27,1.1,"23 km NNW of Borrego Springs, CA",1762893994200
-122.761497497559,38.7891654968262,2.0,0.72,"1 km NNW of The Geysers, CA",1762893983430
-104.329,31.667,6.0999,1.9,"56 km S of Whites City, New Mexico",1762893912376
-122.744499206543,38.7879981994629,1.51999998092651,0.76,"2 km NE of The Geysers, CA",1762893779940
-104.186,31.613,5.946,1.5,"49 km NW of Toyah, Texas",1762893596191
-70.0534,47.5443,16.836,1.9,"14 km SSE of La Malbaie, Canada",1762892703298
-117.0623333,34.1335,7.83,1.57,"9 km SSE of Running Springs, CA",1762892193600
-155.345166666667,58.1656666666667,0.55,0.41,"84 km NW of Karluk, Alaska",1762891533330
-152.2192,58.9205,58.5,2.4,"51 km SSW of Nanwalek, Alaska",1762891494092
-152.1074,60.6184,81.5,2.1,"43 km W of Salamatof, Alaska",1762891166799
-148.2056,63.4234,11.3,1.5,"37 km E of Cantwell, Alaska",1762891150160
-122.823833333333,38.8416666666667,2.63,0.4,"9 km WNW of Cobb, CA",1762890938370
-117.8945,36.1245,7.21,0.47,"10 km NNE of Coso Junction, CA",1762890077950
-121.4495,36.7453333333333,11.48,0.73,"11 km SW of Ridgemark, CA",1762890026660
-116.4353333,33.4571667,4.95,0.79,"23 km NNW of Borrego Springs, CA",1762889630910
-148.1461,60.4526,2.1,1.9,"43 km N of Chenega, Alaska",1762889501697
-155.40983581543,19.2708339691162,29.3999996185303,1.77,"10 km NE of Pāhala, Hawaii",1762889437180
-118.873333333333,37.4375,3.62,1.11,"22 km SW of Toms Place, CA",1762889035970
-117.343833333333,33.7188333333333,3.03,0.98,"6 km NNW of Lake Elsinore, CA",1762888893650
-89.9141666666667,35.9536666666667,11.51,1.66,"2 km N of Blytheville, Arkansas",1762888802520
-122.745162963867,38.7876663208008,1.52999997138977,0.75,"2 km NE of The Geysers, CA",1762888710370
-122.61316666666667,45.162166666666664,15.89,1.41,"3 km WNW of Molalla, Oregon",1762888631600
-153.054,60.0746666666667,4.58,-0.51,"66 km ENE of Pedro Bay, Alaska",1762888505810
-116.5473333,33.4843333,8.85,0.72,"14 km SE of Anza, CA",1762887629510
-122.800498962402,38.8318328857422,1.37000000476837,0.7,"7 km W of Cobb, CA",1762886368750
-122.819831848145,38.8308334350586,1.98000001907349,0.38,"8 km NW of The Geysers, CA",1762885994930
-153.078333333333,60.0561666666667,0.4,-0.83,"64 km ENE of Pedro Bay, Alaska",1762885847510
-110.846666666667,44.7951666666667,4.96,2.14,"23 km SSW of Mammoth, Wyoming",1762885596960
-103.809,32.01,7.5867,1.0,"34 km SE of Malaga, New Mexico",1762885359570
-121.194166666667,36.5585,6.32,1.02,"5 km WNW of Pinnacles, CA",1762884281300
-153.049166666667,60.0566666666667,1.95,-0.85,"66 km ENE of Pedro Bay, Alaska",1762884251760
-85.6212,-41.2422,10.0,4.5,West Chile Rise,1762884077783
-122.805335998535,38.8219985961914,2.6800000667572,1.08,"7 km NW of The Geysers, CA",1762884010360
-149.1129,64.6921,13.7,1.2,"9 km N of Four Mile Road, Alaska",1762883947012
-150.2874,62.946,11.9,1.6,"55 km NNE of Petersville, Alaska",1762883634685
-122.772666931152,38.7853317260742,0.150000005960464,1.07,"2 km WNW of The Geysers, CA",1762883592000
-122.778833333333,38.7935,3.05,0.09,"3 km NW of The Geysers, CA",1762882920700
-115.5975,33.1925,3.83,1.48,"9 km SW of Niland, CA",1762882570370
71.4911,41.1968,19.965,4.6,"7 km SW of Kosonsoy, Uzbekistan",1762882355572
-102.089,32.361,6.7627,1.1,"38 km NW of Stanton, Texas",1762881996091
-127.6203,43.3843,10.0,3.1,"262 km W of Bandon, Oregon",1762881608547
-177.8847,51.5644,86.673,3.6,"93 km WSW of Adak, Alaska",1762881352964
-101.654,32.088,6.2744,1.2,"13 km ESE of Stanton, Texas",1762881008680
-121.080833333333,36.471,7.68,1.28,"9 km SE of Pinnacles, CA",1762880934710
-179.0199,-21.3328,519.975,4.3,Fiji region,1762880183765
-151.8765,61.4575,1.98,0.15,"55 km NW of Beluga, Alaska",1762879570300
-122.817337036133,38.8320007324219,1.71000003814697,0.75,"8 km NW of The Geysers, CA",1762878950930
-148.3422,61.5491,9.3,1.5,"28 km SSE of Chickaloon, Alaska",1762877427350
-117.4823333,34.1945,3.81,2.44,"7 km SSE of Lytle Creek, CA",1762876470300
-122.760498046875,38.7908325195312,1.35000002384186,1.12,"2 km NNW of The Geysers, CA",1762876243840
-150.5644,60.6885,35.5,2.3,"20 km NNE of Sterling, Alaska",1762876219791
-147.3662,64.9738,7.3,1.4,"12 km E of Fox, Alaska",1762875768304
140.5547,11.937,44.764,4.6,"240 km N of Fais, Micronesia",1762875293295
-155.0805,19.3698333333333,8.55,2.25,"12 km SSE of Fern Forest, Hawaii",1762874874500
-121.941,37.7605,7.53,0.97,"4 km ESE of San Ramon, CA",1762874788850
179.8571,-25.0461,510.671,4.6,south of the Fiji Islands,1762873973379
-151.750666666667,61.4855,4.27,0.57,"52 km NW of Beluga, Alaska",1762873799100
-123.013166666667,38.9028333333333,4.87,1.59,"11 km N of Cloverdale, CA",1762873781920
-104.463,31.651,5.4333,2.1,"58 km S of Whites City, New Mexico",1762873589578
-153.3319,59.8569,132.2,2.1,"44 km E of Pedro Bay, Alaska",1762873533850
-148.4438,65.611,15.5,2.3,"10 km NNE of Livengood, Alaska",1762873376471
-63.4487,-24.8468,574.308,4.3,"71 km SE of Apolinario Saravia, Argentina",1762873204341
-151.337,60.9327,66.1,1.5,"18 km SW of Tyonek, Alaska",1762873116585
-104.433,31.669,5.3821,2.5,"56 km S of Whites City, New Mexico",1762872867322
-116.4398333,33.4615,3.14,0.84,"24 km NNW of Borrego Springs, CA",1762872394720
-122.807998657227,38.8246650695801,2.72000002861023,0.73,"7 km NW of The Geysers, CA",1762871957350
126.9152,7.3417,40.139,4.5,"38 km E of Santiago, Philippines",1762871861043
-116.2691667,32.9775,8.78,0.76,"22 km SW of Ocotillo Wells, CA",1762871407580
177.4741,51.527,49.266,4.1,"Rat Islands, Aleutian Islands, Alaska",1762870419918
-155.437666666667,19.4688333333333,6.68,2.11,"21 km W of Volcano, Hawaii",1762870345680
-177.8989,-18.3122,582.713,4.2,"295 km E of Levuka, Fiji",1762870042798
-110.677166666667,44.6588333333333,4.94,0.93,"33 km E of West Yellowstone, Montana",1762869704660
-122.813499450684,38.8300018310547,1.37000000476837,1.3,"8 km NW of The Geysers, CA",1762869649090
-71.7226,43.3476,6.635,1.9,"2 km N of Webster, New Hampshire",1762869300474
-120.622333333333,36.0431666666667,-0.39,0.64,"24 km NW of Parkfield, CA",1762869037950
-110.840833333333,44.8033333333333,4.94,0.41,"22 km SSW of Mammoth, Wyoming",1762868879770
-122.799666666667,38.8393333333333,2.32,0.54,"7 km WNW of Cobb, CA",1762868069510
-154.675333333333,58.1538333333333,6.32,0.43,"66 km NNW of Karluk, Alaska",1762867967770
-122.4005,46.50383333333333,22.16,0.81,"7 km ESE of Mossyrock, Washington",1762867903630
-151.8741,60.3399,61.8,1.8,"29 km WNW of Clam Gulch, Alaska",1762867747983
-101.648,32.094,5.4443,0.8,"13 km ESE of Stanton, Texas",1762867135197
-101.832,32.31,4.5654,0.7,"20 km NNW of Stanton, Texas",1762866582604
-122.4615,37.5916666666667,7.69,0.42,"3 km SE of Pacifica, CA",1762866461760
-150.3197,63.0998,89.2,2.0,"70 km NNE of Petersville, Alaska",1762866095358
-117.4045,44.6065,6.75,1.87,"26 km SW of Richland, Oregon",1762865485770
-121.058833333333,36.5756666666667,11.39,1.68,"9 km ENE of Pinnacles, CA",1762864266900
-122.731,38.7693333333333,2.35,0.31,"2 km ESE of The Geysers, CA",1762864166370
-121.935333333333,37.756,6.63,0.95,"5 km SE of San Ramon, CA",1762864142440
-116.8113333,33.4865,5.7,0.89,"7 km NE of Aguanga, CA",1762863960720
-164.072166666667,54.7023333333333,14.86,1.56,"45 km WSW of False Pass, Alaska",1762863436840
-116.2353333,32.9228333,8.22,0.73,"26 km SSW of Ocotillo Wells, CA",1762863231600
-122.467,37.595,9.49,1.0,"3 km SE of Pacifica, CA",1762863133180
-146.8974,64.4878,0.1,1.6,"4 km S of Salcha, Alaska",1762862792982
-122.466,37.5965,9.05,0.56,"3 km SE of Pacifica, CA",1762862773600
143.1874,39.6,36.537,4.5,"107 km E of Miyako, Japan",1762862588940
-118.850833333333,37.545,7.21,0.8,"15 km W of Toms Place, CA",1762861589240
-151.5394,62.4189,92.1,1.7,"40 km WSW of Petersville, Alaska",1762861305260
-119.098666666667,37.5831666666667,2.91,0.33,"12 km WSW of Mammoth Lakes, CA",1762861180350
-116.303,33.2556667,9.19,0.6,"7 km E of Borrego Springs, CA",1762860736260
-154.590833333333,58.4151666666667,4.06,-0.25,"94 km N of Karluk, Alaska",1762860278610
-152.2445,61.3051666666667,25.65,-0.36,"65 km WNW of Beluga, Alaska",1762860090480
-117.2125,34.0395,4.73,1.04,"3 km WSW of Redlands, CA",1762859761920
-104.173,31.743,7.2919,1.5,"51 km SSE of Whites City, New Mexico",1762859532195
-122.23566666666666,46.48883333333333,15.84,0.44,"8 km SSE of Morton, Washington",1762858563390
167.0066,-13.7132,58.966,4.7,"61 km WNW of Sola, Vanuatu",1762858533678
-153.099333333333,60.0446666666667,-1.24,-0.3,"63 km ENE of Pedro Bay, Alaska",1762858462060
-69.1574,-19.3783,10.0,4.7,"29 km ESE of Camiña, Chile",1762857307785
-150.0665,65.1625,14.0,1.6,"32 km ENE of Manley Hot Springs, Alaska",1762857261748
-69.1928,-19.3638,10.0,4.5,"25 km ESE of Camiña, Chile",1762857165241
-121.940333333333,37.7578333333333,7.98,1.24,"4 km SE of San Ramon, CA",1762856791400
-154.701833333333,58.4341666666667,5.51,0.18,"97 km N of Karluk, Alaska",1762856663600
-155.2818,57.9806,96.3,0.9,"67 km NW of Karluk, Alaska",1762856268792
-122.854835510254,38.8269996643066,2.26999998092651,1.51,"10 km WNW of The Geysers, CA",1762855930420
-117.8036667,35.3603333,7.24,0.98,"15 km W of Johannesburg, CA",1762855603480
-122.247,46.4955,17.14,0.55,"7 km SSE of Morton, Washington",1762855482110
-101.658,32.094,5.6396,0.9,"12 km ESE of Stanton, Texas",1762854973316
-122.24733333333333,46.49783333333333,16.05,1.06,"7 km SSE of Morton, Washington",1762854556920
-122.790664672852,38.8326683044434,1.87999999523163,1.55,"6 km WNW of Cobb, CA",1762854446640
-116.4938,38.4542,4.9396,1.56,"77 km ENE of Tonopah, Nevada",1762854030228
145.373,18.3211,503.917,3.8,"Pagan region, Northern Mariana Islands",1762853864745
-68.1781666666667,17.9565,68.37,3.3,"65 km SE of Boca de Yuma, Dominican Republic",1762853515930
-164.66,54.5466666666667,1.51,0.82,"85 km ENE of Akutan, Alaska",1762853497380
-153.0605,60.044,-2.34,-0.85,"65 km ENE of Pedro Bay, Alaska",1762853394970
-101.656,32.09,5.9326,0.6,"13 km ESE of Stanton, Texas",1762852970458
-122.783500671387,38.7958335876465,3.39000010490417,0.72,"3 km NW of The Geysers, CA",1762852904190
-101.655,32.093,8.8379,2.4,"13 km ESE of Stanton, Texas",1762852758657
-116.3666667,33.1881667,10.91,0.52,"8 km S of Borrego Springs, CA",1762852600540
-155.374833333333,58.163,1.06,-0.27,"85 km NW of Karluk, Alaska",1762852536630
-153.095,60.0286666666667,-2.21,-0.37,"62 km ENE of Pedro Bay, Alaska",1762852499440
-121.938,37.7626666666667,8.4,1.42,"4 km ESE of San Ramon, CA",1762852167980
-101.502,32.114,8.6182,1.2,"12 km W of Forsan, Texas",1762851552291
-121.943166666667,37.7556666666667,5.69,0.75,"4 km SE of San Ramon, CA",1762851333680
-150.6263,64.0939,10.1,1.7,"72 km WSW of Clear, Alaska",1762850059251
157.4583,51.2149,18.481,4.5,"73 km ESE of Ozernovskiy, Russia",1762849771185
-122.813667297363,38.8118324279785,2.86999988555908,1.06,"6 km NW of The Geysers, CA",1762848074570
-122.813835144043,38.8125,2.83999991416931,1.24,"6 km NW of The Geysers, CA",1762848057830
-122.813835144043,38.8125,2.83999991416931,1.19,"6 km NW of The Geysers, CA",1762847987140
-71.208,-16.3723,134.686,4.8,"20 km E of Chiguata, Peru",1762847158806
-155.493833333333,19.1973333333333,30.32,1.93,"1 km WSW of Pāhala, Hawaii",1762846961730
-121.946333333333,37.755,5.97,0.57,"4 km SE of San Ramon, CA",1762846934880
-122.815170288086,38.8161659240723,-0.170000001788139,1.29,"7 km NW of The Geysers, CA",1762846893940
-122.77783203125,38.7931671142578,0.970000028610229,0.32,"3 km NW of The Geysers, CA",1762846690560
-148.2813,61.1256,0.1,0.6,"44 km NNE of Whittier, Alaska",1762846635255
-122.7905,38.8231666666667,2.4,0.39,"6 km W of Cobb, CA",1762846596910
-122.468166666667,37.5963333333333,10.44,0.61,"3 km SE of Pacifica, CA",1762846270370
-116.673,41.2034,10.528,2.38,"59 km NE of Valmy, Nevada",1762845583630
-141.5525,60.1485,11.5,1.8,"122 km WNW of Yakutat, Alaska",1762845491947
-116.7676667,34.009,12.63,1.1,"10 km N of Cabazon, CA",1762844915850
-101.495,31.883,7.8857,1.0,"2 km NNW of Garden City, Texas",1762844819725
-122.56566666666667,48.372166666666665,20.44,1.08,"5 km WSW of La Conner, Washington",1762844604080
-148.3858,60.1208,0.0,2.0,"21 km WNW of Chenega, Alaska",1762844457247
-66.0656666666667,17.8403333333333,10.86,3.06,"13 km S of Arroyo, Puerto Rico",1762842189030
-116.6752,41.2064,10.3438,2.5,"59 km NE of Valmy, Nevada",1762842155218
-118.475166666667,37.395,9.55,1.41,"4 km NNW of West Bishop, CA",1762841594580
-122.18416666666667,46.202333333333335,1.31,-0.33,"38 km NNE of Amboy, Washington",1762841567640
-122.846833333333,38.8248333333333,2.22,0.52,"9 km NW of The Geysers, CA",1762840946170
-146.6706,61.7498,13.5,2.5,"27 km S of Nelchina, Alaska",1762840568094
-152.1394,62.1494,102.4,1.7,"42 km WNW of Skwentna, Alaska",1762839668577
-122.838165283203,38.8395004272461,1.52999997138977,1.3,"10 km NW of The Geysers, CA",1762839528560
-151.305,64.1744,0.1,1.9,"58 km ENE of Lake Minchumina, Alaska",1762839477796
-110.974833333333,44.4601666666667,4.81,1.01,"24 km SSE of West Yellowstone, Montana",1762839292320
-122.783836364746,38.8233337402344,1.66999995708466,1.7,"5 km W of Cobb, CA",1762838966540
-150.4418,60.8527,33.9,1.7,"15 km ESE of Point Possession, Alaska",1762838685339
-97.5171,15.6519,10.0,4.3,"40 km SSW of Río Grande, Mexico",1762837779958
-110.679333333333,44.6658333333333,4.83,0.52,"33 km E of West Yellowstone, Montana",1762837446860
-122.783836364746,38.8241653442383,1.64999997615814,1.25,"5 km W of Cobb, CA",1762837075400
-44.3397,27.0516,10.0,4.5,northern Mid-Atlantic Ridge,1762836820543
-122.78450012207,38.8241653442383,1.67999994754791,1.32,"5 km W of Cobb, CA",1762836327730
-150.685,63.2224,119.9,2.0,"62 km SE of Denali National Park, Alaska",1762835862747
-160.1316,53.3174,10.0,3.6,"225 km S of Sand Point, Alaska",1762835655723
143.2005,12.0158,30.97,4.9,"211 km SW of Merizo Village, Guam",1762835450801
-169.890166666667,52.801,5.65,1.91,"70 km WSW of Nikolski, Alaska",1762834913200
-116.4503333,34.1638333,8.69,1.04,"6 km NNW of Yucca Valley, CA",1762833863040
-117.7988333,35.34,6.19,1.11,"15 km WSW of Johannesburg, CA",1762833317050
-104.175,31.707,7.3816,1.9,"54 km W of Mentone, Texas",1762833219388
-152.4669,61.0694,126.3,1.6,"71 km W of Tyonek, Alaska",1762832791723
-151.3814,59.4601,52.7,1.9,"15 km E of Seldovia Village, Alaska",1762832668924
-156.4944,57.2178,14.2,2.5,"63 km ESE of Ugashik, Alaska",1762832109463
-58.4672,13.7553,10.0,5.0,"128 km NE of Crane, Barbados",1762831716731
-122.84700012207,38.8213348388672,1.66999995708466,1.07,"9 km WNW of The Geysers, CA",1762831479120
-121.932833333333,37.7636666666667,7.26,0.62,"4 km ESE of San Ramon, CA",1762831135840
-147.6614,60.6468,17.9,1.9,"57 km ESE of Whittier, Alaska",1762830944139
-121.587333333333,37.5996666666667,7.79,1.14,"18 km ESE of Livermore, CA",1762829741730
-122.19666666666667,46.19083333333333,8.43,0.15,"36 km NNE of Amboy, Washington",1762829700360
-116.0601667,33.9241667,2.67,0.92,"24 km S of Twentynine Palms, CA",1762829380730
-112.401,41.8581666666667,9.4,2.34,"7 km NNE of Howell, Utah",1762828207810
-169.893,52.8085,4.77,1.27,"70 km WSW of Nikolski, Alaska",1762827821290
-101.474,32.099,9.3018,1.2,"10 km W of Forsan, Texas",1762827234867
-169.8905,52.806,4.08,1.35,"70 km WSW of Nikolski, Alaska",1762827095390
-153.0135,60.0665,0.27,-0.22,"68 km ENE of Pedro Bay, Alaska",1762827037350
22.9863,35.4842,39.066,4.9,"60 km W of Kíssamos, Greece",1762826299611
-122.500666666667,38.6875,6.48,1.35,"12 km SE of Middletown, CA",1762826141660
28.0165,39.215,12.851,4.1,"14 km WSW of Sındırgı, Turkey",1762826064567
145.9817,14.6384,127.319,4.5,"53 km SE of San Jose Village, Northern Mariana Islands",1762826034891
-169.926333333333,52.8163333333333,1.63,1.17,"72 km W of Nikolski, Alaska",1762825850100
-110.6645,44.6773333333333,7.33,1.08,"33 km S of Mammoth, Wyoming",1762825823990
129.4537,-7.2644,151.81,4.2,"Kepulauan Babar, Indonesia",1762825819234
-115.8663333,32.7863333,7.67,0.92,"13 km ENE of Ocotillo, CA",1762825759230
-169.886833333333,52.8105,6.6,1.24,"70 km WSW of Nikolski, Alaska",1762825552790
-152.1517,60.4088,81.3,1.7,"46 km WNW of Clam Gulch, Alaska",1762825186221
-101.768,32.357,5.835,1.1,"19 km SSW of Ackerly, Texas",1762825148893
145.1242,13.7375,130.189,4.2,"33 km NE of Yigo Village, Guam",1762824789913
-121.939,37.7596666666667,7.39,1.24,"4 km ESE of San Ramon, CA",1762824555830
-104.363,31.722,7.6251,1.7,"50 km S of Whites City, New Mexico",1762824308213
-121.937,37.7575,7.77,1.04,"4 km SE of San Ramon, CA",1762824251900
127.3137,-8.6238,35.0,4.4,"36 km ESE of Lospalos, Timor Leste",1762824195822
127.5634,-7.53,183.306,4.2,"126 km NNE of Lospalos, Timor Leste",1762823423561
-121.944,37.7605,8.35,2.15,"4 km SE of San Ramon, CA",1762823354400
-153.120333333333,60.0713333333333,1.65,-0.51,"63 km ENE of Pedro Bay, Alaska",1762823049950
-152.4615,60.3325,113.6,2.1,"54 km NW of Ninilchik, Alaska",1762822268396
21.9705,34.4206,35.0,4.2,"180 km WSW of Palaióchora, Greece",1762822209204
-96.978,36.18183333,4.56,0.88,"7 km SW of Glencoe, Oklahoma",1762821961810
-115.7965,33.0178333,7.3,2.94,"16 km W of Westmorland, CA",1762821468190
-116.5855,33.9555,12.04,0.64,"7 km NNW of Garnet, CA",1762821459360
-169.8805,52.8048333333333,1.62,1.42,"70 km WSW of Nikolski, Alaska",1762821294490
-122.84349822998,38.8245010375977,2.09999990463257,1.06,"9 km NW of The Geysers, CA",1762821281350
-152.721,60.6516666666667,3.91,-0.47,"76 km W of Salamatof, Alaska",1762821239020
-169.897666666667,52.8098333333333,4.99,1.61,"71 km WSW of Nikolski, Alaska",1762821042910
-169.883666666667,52.8018333333333,1.39,1.61,"70 km WSW of Nikolski, Alaska",1762820181670
-118.2605,35.1601667,1.73,1.54,"14 km NNW of Mojave, CA",1762820003860
-119.99866666666667,46.71816666666667,7.56,1.02,"7 km NW of Desert Aire, Washington",1762819959190
-117.6881667,35.0351667,-0.82,1.58,"5 km NW of Boron, CA",1762819911880
-153.0155,60.0625,1.53,-0.83,"68 km ENE of Pedro Bay, Alaska",1762819746560
122.9155,-10.0823,10.0,4.1,"72 km NNW of Baa, Indonesia",1762819655943
-122.756164550781,38.7903327941895,5.76999998092651,0.77,"1 km N of The Geysers, CA",1762819559480
-150.5496,62.9902,113.9,1.6,"56 km NNE of Petersville, Alaska",1762819493061
-101.487,32.123,7.2021,0.9,"11 km W of Forsan, Texas",1762819334957
-122.794502258301,38.8156661987305,2.46000003814697,1.26,"5 km NW of The Geysers, CA",1762818969730
-98.4505,38.8672,9.772,2.8,"5 km NNE of Wilson, Kansas",1762818807406
-155.2105,19.2941666666667,3.56,1.73,"16 km S of Volcano, Hawaii",1762818553380
-145.978,61.2011,29.9,1.3,"21 km ENE of Valdez, Alaska",1762818272011
-153.2605,58.8389,51.9,2.4,"89 km NNW of Aleneva, Alaska",1762817765148
-122.19,46.1915,7.95,-0.16,"37 km NNE of Amboy, Washington",1762817703330
-153.2027,58.8203,60.6,3.0,"86 km NNW of Aleneva, Alaska",1762817425997
-122.809829711914,38.8214988708496,2.69000005722046,0.76,"7 km NW of The Geysers, CA",1762817162590
-148.4357,62.1984,31.2,1.5,"44 km N of Chickaloon, Alaska",1762817144824
-121.74033333333334,46.80583333333333,0.56,0.5700000000000001,"22 km NNW of Packwood, Washington",1762816992620
-121.930833333333,37.7626666666667,9.45,0.64,"5 km ESE of San Ramon, CA",1762816449810
-155.592166666667,19.1885,8.41,2.25,"12 km W of Pāhala, Hawaii",1762815908410
-110.8325,44.8095,4.71,0.57,"21 km SSW of Mammoth, Wyoming",1762815238280
-122.736833333333,38.7708333333333,1.44,0.04,"2 km ESE of The Geysers, CA",1762815072470
-101.65,32.077,7.0557,0.9,"14 km ESE of Stanton, Texas",1762814873757
-120.8515,36.269,7.07,0.9,"22 km NE of San Lucas, CA",1762814869130
86.8367,29.1757,10.0,4.2,"136 km N of Lobuche, Nepal",1762814655027
-96.8185,34.383,0.0,1.3,"2 km SSE of Mill Creek, Oklahoma",1762813914799
-112.813333333333,37.1268333333333,17.3,1.62,"17 km ESE of Springdale, Utah",1762813140230
-120.478,49.31733333333333,-0.62,2.0100000000000002,"15 km S of Princeton, Canada",1762813021780
-116.5093333,33.4773333,11.93,0.98,"18 km ESE of Anza, CA",1762812429100
-155.5945,19.4388333333333,0.89,1.68,"28 km E of Honaunau-Napoopoo, Hawaii",1762811970090
143.136,39.5977,35.0,4.4,"102 km E of Miyako, Japan",1762811796490
-150.3042,62.9029,77.9,1.8,"51 km NNE of Petersville, Alaska",1762811106083
-155.6894,60.9126,12.1,1.8,"51 km SSW of Lime Village, Alaska",1762810860913
-151.1011,60.2563,52.9,1.6,"13 km SE of Kasilof, Alaska",1762810631321
-121.937333333333,37.757,6.73,0.97,"4 km SE of San Ramon, CA",1762809590140
-59.6718,16.3751,10.0,4.4,"150 km E of Beauséjour, Guadeloupe",1762809336019
-149.3818,62.0882,4.8,1.9,"25 km ESE of Susitna North, Alaska",1762809235227
-123.0905,39.2268333333333,6.26,1.46,"11 km ESE of Redwood Valley, CA",1762809174000
-117.056833333333,32.8221666666667,-0.11,1.04,"7 km NNW of La Mesa, CA",1762808683810
28.1134,39.2313,10.0,4.4,"5 km W of Sındırgı, Turkey",1762808575743
-169.875166666667,52.805,2.77,1.66,"69 km WSW of Nikolski, Alaska",1762808319160
-150.8441,61.7277,63.4,1.7,"27 km NW of Susitna, Alaska",1762808173552
-151.9265,61.4798333333333,6.06,-0.33,"58 km NW of Beluga, Alaska",1762808155660
143.6528,39.34,10.0,4.5,"147 km E of Yamada, Japan",1762807454079
-155.479666666667,19.1983333333333,29.7,1.66,"0 km SSW of Pāhala, Hawaii",1762807319860
-118.5634,38.7076,8.6572,1.6,"17 km ENE of Walker Lake, Nevada",1762807153363
-117.2246667,33.9681667,11.13,1.15,"5 km N of Moreno Valley, CA",1762807091000
-116.3111667,33.3628333,11.44,1.12,"13 km NNE of Borrego Springs, CA",1762806857390
-150.9336,63.094,15.2,2.0,"63 km SE of Denali National Park, Alaska",1762806682587
-121.932333333333,37.76,5.72,1.16,"5 km ESE of San Ramon, CA",1762806341100
-169.8425,52.7948333333333,3.78,2.36,"67 km WSW of Nikolski, Alaska",1762806290260
-155.122666666667,58.2271666666667,3.34,-0.28,"83 km NNW of Karluk, Alaska",1762806083030
-153.105166666667,60.0131666666667,0.98,-0.79,"61 km ENE of Pedro Bay, Alaska",1762805905380
91.8312,8.0905,10.0,4.5,"Nicobar Islands, India region",1762805805573
-147.3515,61.6075,32.5,1.5,"27 km SE of Glacier View, Alaska",1762804350485
