latitude,longitude,event_date,landslide_size
32.5625,107.45,08/01/2008 12:00:00 AM,large
45.42,-122.663,01/02/2009 02:00:00 AM,small
-11.1295,-75.3587,01/19/2007 12:00:00 AM,large
28.8378,81.708,07/31/2009 12:00:00 AM,medium
10.3336,123.8978,10/16/2010 12:00:00 PM,medium
10.7004,124.9668,02/16/2012 12:00:00 AM,medium
48.2797,-117.2665,03/30/2012 12:00:00 AM,small
24.9531,-107.622,09/02/2007 12:00:00 AM,medium
43.6846,-114.4194,09/05/2007 12:00:00 AM,medium
23.89,100.0845,11/01/2008 12:00:00 AM,medium
25.0967,102.695,11/01/2008 12:00:00 AM,medium
45.8647,-122.8178,12/21/2014 08:10:00 AM,unknown
45.377,-122.0704,01/01/2009 10:24:00 PM,small
23.14383048,105.5299971,07/03/2017 02:33:00 PM,small
12.5655,124.0419,01/02/2009 08:30:00 PM,medium
45.521,-122.67,01/03/2009 12:00:00 AM,small
35.507,-83.071,01/07/2009 01:41:00 AM,small
46.11,-122.893,01/07/2009 12:00:00 AM,small
47.432,-122.334,01/07/2009 12:00:00 AM,small
48.538,-121.75,01/07/2009 12:00:00 AM,medium
48.72,-122.2,01/07/2009 12:00:00 AM,small
46.1299,-122.909,01/08/2009 12:00:00 AM,small
47.538,-122.273,01/08/2009 01:00:00 AM,small
48.929,-122.037,01/08/2009 06:00:00 AM,small
36.7946,5.765,01/13/2009 12:00:00 AM,medium
47.7573,-122.2072,01/13/2009 08:50:00 AM,small
1.531,110.3442,01/16/2009 01:00:00 PM,medium
-8.5073,116.662,01/19/2009 11:00:00 PM,medium
8.4841,-13.2287,08/13/2009 12:00:00 AM,medium
5.031,115.0668,01/22/2009 12:00:00 AM,medium
19.4271,-99.1276,01/22/2009 12:00:00 AM,medium
40.8403,14.252,01/26/2009 12:00:00 AM,medium
26.8826,88.2788,07/22/2009 12:00:00 AM,medium
34.162,-118.05,02/06/2009 12:00:00 AM,small
26.8572,88.3143,07/22/2009 12:00:00 AM,medium
9.29,123.226,02/07/2009 12:00:00 AM,medium
14.545,121.56,09/09/2009 12:00:00 AM,medium
37.9137,-79.4305,04/20/2009 09:00:00 AM,small
-41.0528,145.9063,08/23/2009 12:00:00 AM,small
28.2039,83.9806,07/02/2009 03:00:00 AM,medium
27.9447,84.2279,07/02/2009 12:00:00 AM,medium
34.0496,131.5729,07/21/2009 12:00:00 AM,medium
36.770029,-83.712126,05/19/2017 08:14:00 PM,small
34.3852,132.4592,07/24/2009 12:00:00 AM,medium
31.483,103.5868,07/25/2009 12:00:00 AM,medium
27.478,88.527,07/01/2009 05:40:00 AM,medium
28.0,85.71,07/27/2009 12:00:00 AM,large
28.1046,83.8791,07/31/2009 12:00:00 AM,medium
56.5561,-132.7269,09/20/2009 06:30:00 PM,medium
56.5692,-132.7348,09/22/2009 02:00:00 AM,medium
56.5787,-132.5617,09/22/2009 05:00:00 AM,medium
47.2846,-122.5562,11/18/2009 12:00:00 AM,small
-7.571,109.9187,11/21/2009 12:00:00 AM,medium
22.69040325,104.4530851,07/03/2017 02:33:00 PM,small
35.0672,-85.3697,12/09/2009 12:00:00 AM,small
35.1052,-85.3361,12/09/2009 12:00:00 AM,small
-23.01374445,-44.32249842,01/01/2010 12:00:00 AM,large
45.2335,-123.1587,02/06/2015 01:18:00 PM,unknown
-22.89234445,-43.07409842,04/05/2010 12:00:00 AM,medium
25.3098633,94.48214677,07/29/2010 11:00:00 PM,medium
36.6567,74.8609,08/06/2010 12:00:00 AM,medium
10.395,123.9153,10/16/2010 12:00:00 AM,medium
29.7334,79.6367,07/21/2011 12:00:00 AM,medium
10.57,123.72,10/17/2010 12:00:00 AM,medium
10.77,123.98,10/17/2010 12:00:00 AM,medium
-22.2331,-42.6018,01/12/2011 12:00:00 AM,very_large
33.8778,74.3333,03/19/2007 12:00:00 AM,medium
44.9378,-73.0562,05/04/2011 09:00:00 AM,small
30.7666,78.7963,06/29/2011 12:00:00 AM,medium
27.7394,83.5754,07/03/2011 12:00:00 AM,medium
10.335,123.8725,07/21/2013 12:00:00 AM,medium
28.3683,83.2934,07/03/2011 12:00:00 AM,medium
28.0889,83.2934,07/03/2011 12:00:00 AM,medium
16.09880042,-96.22255907,06/02/2017 01:34:00 PM,medium
30.7652,78.5925,07/09/2011 12:00:00 AM,medium
30.7331,79.0685,07/09/2011 12:00:00 AM,medium
31.0188,78.4129,07/09/2011 12:00:00 AM,medium
37.67607624,-119.7795082,01/06/2017 02:34:00 PM,small
16.77787239,120.9613282,05/30/2017 01:34:00 PM,small
-8.8137,-36.9541,07/16/2011 12:00:00 AM,medium
10.39,123.92,02/14/2012 12:00:00 AM,medium
-8.0543,-34.8813,07/16/2011 12:00:00 AM,medium
30.4043,79.3318,07/21/2011 12:00:00 AM,medium
19.2444,-103.7244,07/22/2011 12:00:00 AM,medium
17.4974,-99.538,07/22/2011 12:00:00 AM,medium
27.83196401,84.54704621,07/03/2017 06:04:00 PM,medium
19.5805,-101.7023,07/22/2011 12:00:00 AM,medium
10.6073,124.9705,02/16/2012 12:00:00 AM,medium
49.0229,-122.8001,11/17/2009 12:00:00 AM,small
21.7595,-104.8334,07/22/2011 12:00:00 AM,medium
39.4274,-107.1291,07/30/2011 12:00:00 AM,small
39.4977,-107.2225,07/30/2011 12:00:00 AM,small
28.3875,82.6474,09/17/2011 09:00:00 AM,medium
26.324724,94.514651,09/05/2016 06:04:00 PM,large
10.37,123.89,02/14/2012 12:00:00 AM,medium
10.42,123.91,02/14/2012 12:00:00 AM,medium
27.593,88.492,08/16/2016 07:22:00 PM,large
42.9744,-124.01,05/02/2012 12:00:00 AM,large
31.0226,77.1029,09/18/2012 12:00:00 AM,medium
27.8385,88.556,09/19/2012 12:00:00 AM,large
27.6558,88.605,09/19/2012 12:00:00 AM,large
5.5779,-0.9992,10/19/2012 12:00:00 AM,medium
27.769034,84.854632,09/02/2016 06:04:00 PM,small
11.3169,-60.55,12/25/2012 03:00:00 AM,medium
21.61900923,91.92597729,07/04/2017 02:33:00 PM,medium
9.3381,-79.8897,05/28/2013 12:00:00 AM,medium
9.3581,-79.9029,05/28/2013 12:00:00 AM,medium
30.4954,78.3881,06/16/2013 12:00:00 AM,medium
30.885,78.6695,06/16/2013 12:00:00 AM,medium
29.7986,80.417,06/16/2013 12:00:00 AM,medium
36.27009466,-85.97897289,05/30/2017 01:34:00 PM,small
50.0023,-116.9044,06/19/2013 12:00:00 AM,medium
26.092493,94.257523,09/05/2016 06:04:00 PM,large
10.9628,77.5947,06/25/2013 08:00:00 AM,medium
10.9628,77.5947,06/25/2013 08:00:00 AM,medium
28.4311,82.1847,07/14/2013 12:00:00 AM,medium
25.7658,93.9413,07/17/2013 12:00:00 AM,medium
28.6202,82.4393,07/14/2013 12:00:00 AM,medium
25.7131,94.0885,07/17/2013 12:00:00 AM,medium
10.329,123.888,07/21/2013 12:00:00 AM,medium
22.35037081,91.83258101,06/13/2017 03:17:00 PM,large
47.446,12.3966,10/09/2013 12:00:00 AM,medium
32.5196,-117.0898,05/17/2015 12:00:00 AM,medium
-8.034706,112.61191,09/10/2016 06:52:00 PM,large
28.145796,84.069015,09/06/2016 06:52:00 PM,large
-6.522155904,106.7121322,06/30/2017 04:00:00 PM,medium
26.1445447,94.24416766,07/01/2017 04:00:00 PM,small
21.23699085,92.10434768,07/05/2017 07:39:00 PM,medium
26.20450454,91.87202793,07/03/2017 03:17:00 PM,medium
43.65859938,-72.34106092,07/01/2017 02:33:00 PM,medium
46.726906,13.787332,09/04/2016 06:04:00 PM,large
22.77997113,92.03513581,07/02/2017 03:17:00 PM,small
37.29584217,-112.9476039,07/04/2017 04:00:00 PM,small
27.513641,87.640957,09/02/2016 06:04:00 PM,large
25.4976444,94.12901274,07/04/2017 04:00:00 PM,small
17.85175828,-100.3120723,06/12/2017 05:43:00 PM,unknown
23.16100191,105.4244893,07/03/2017 02:33:00 PM,medium
27.833565,85.201673,09/04/2016 04:00:00 AM,large
27.167781,87.055222,07/03/2017 06:04:00 PM,medium
26.22247247,91.92053028,07/03/2017 04:00:00 PM,medium
28.377188,83.498645,09/04/2016 06:04:00 PM,medium
26.1061808,91.85158907,07/03/2017 02:33:00 PM,small
26.10430759,91.86227824,07/03/2017 02:33:00 PM,small
22.74955141,92.22099982,06/13/2017 03:17:00 PM,large
22.77992936,105.1593663,07/03/2017 02:33:00 PM,small
14.521881,-90.604924,09/07/2016 06:04:00 PM,large
40.24298211,-80.00630324,06/29/2017 02:33:00 PM,small
22.80452414,91.91261915,06/13/2017 06:48:00 PM,medium
6.60222,3.351692,09/06/2016 06:04:00 PM,medium
31.956546,77.109719,09/02/2016 06:04:00 PM,large
34.525881,71.398496,09/08/2016 06:04:00 PM,small
27.90362599,85.91050294,07/02/2017 07:39:00 PM,small
27.98531715,94.21263589,07/04/2017 07:39:00 PM,medium
26.11613908,94.24222574,07/01/2017 04:00:00 PM,small
43.10590179,-72.44447441,06/19/2017 07:39:00 PM,small
-36.95665535,175.2344014,07/01/2017 04:00:00 PM,small
21.42181705,92.17584376,07/05/2017 07:39:00 PM,medium
27.97875751,94.26296826,07/04/2017 07:39:00 PM,small
10.283626,123.821113,09/08/2016 06:04:00 PM,medium
21.04270451,92.21525816,06/14/2017 06:48:00 PM,medium
26.90298048,88.29518925,07/05/2017 04:00:00 PM,medium
27.878121,85.143062,07/05/2017 06:52:00 PM,
23.69461107,92.87641207,06/28/2017 04:00:00 PM,large
10.68399129,-61.54264771,07/04/2017 04:00:00 PM,small
-6.558993431,106.78629,07/01/2017 04:00:00 PM,medium
28.54909078,108.5421686,07/02/2017 04:00:00 PM,large
-44.675943,167.940244,07/03/2017 06:04:00 PM,medium
43.21843612,-109.4847675,07/05/2017 07:39:00 PM,very_large
26.3312531,94.55427723,07/01/2017 04:00:00 PM,medium
27.02149311,88.25902123,07/06/2017 07:39:00 PM,medium
28.372874,83.567989,08/16/2016 12:40:00 PM,small
38.74738889,75.19605556,06/25/2017 01:10:00 PM,medium
52.1104766,-2.345003962,06/13/2017 01:27:00 PM,small
16.404676,120.595832,08/15/2016 12:40:00 PM,medium
6.622961187,3.381341033,06/19/2017 08:14:00 PM,medium
38.48258714,-105.4129317,06/01/2017 01:34:00 PM,small
39.12221676,-111.6038025,05/15/2017 01:34:00 PM,small
42.62244921,18.18030889,06/05/2017 01:20:00 PM,small
-0.58474,37.559988,05/20/2017 08:14:00 PM,medium
17.06998518,96.82040086,05/19/2017 01:15:00 PM,medium
36.50129467,-83.02836628,05/13/2017 02:21:00 PM,medium
44.3517732,-103.7798821,05/16/2017 01:15:00 PM,small
23.19807165,94.29816252,06/05/2017 01:34:00 PM,medium
40.61990972,-111.678278,05/17/2017 06:48:00 PM,small
38.37512397,-81.6651904,06/05/2017 01:34:00 PM,small
27.06992579,93.6146564,06/19/2017 01:15:00 PM,small
28.069957,85.01,08/14/2016 12:40:00 PM,large
45.08144863,41.98700247,05/29/2017 01:34:00 PM,small
47.67463292,-117.226052,06/01/2017 01:34:00 PM,small
34.27703802,75.46743478,06/05/2017 01:34:00 PM,small
37.74061109,-121.6697643,05/31/2017 01:34:00 PM,small
43.20953132,-122.8035956,06/27/2017 01:20:00 PM,medium
16.28332586,80.26097734,05/27/2017 01:34:00 PM,medium
38.45256863,-105.4935275,05/19/2017 08:14:00 PM,small
41.25565464,72.45209341,06/29/2017 01:20:00 PM,medium
39.13679306,-111.5601178,05/24/2017 08:14:00 PM,small
30.070512,80.237218,08/10/2016 07:22:00 PM,small
53.702353,-2.48863,08/17/2016 12:40:00 PM,small
-6.311708,106.801076,08/19/2016 05:15:00 PM,very_large
24.21988831,93.20266204,06/26/2017 01:20:00 PM,medium
24.89456743,121.7334279,05/28/2017 01:34:00 PM,small
27.6835,86.1804,08/09/2016 01:37:00 PM,small
17.1523721,-100.6903727,06/10/2017 01:27:00 PM,medium
40.48808507,-111.650935,05/12/2017 01:28:00 PM,small
11.34165808,76.8694278,06/01/2017 01:34:00 PM,small
39.19779968,71.27547914,05/28/2017 01:34:00 PM,large
22.65620215,93.61589869,05/29/2017 01:34:00 PM,small
41.83695379,43.39854621,05/20/2017 08:14:00 PM,medium
32.62803,75.37123,06/21/2017 06:51:00 PM,small
29.71492436,98.92090376,06/24/2017 01:10:00 PM,medium
46.59738913,-116.6803679,05/29/2017 01:34:00 PM,small
25.15246863,92.94670614,06/04/2017 01:34:00 PM,medium
21.87861504,92.2676503,06/13/2017 06:48:00 PM,large
24.725938,116.732231,08/13/2016 07:22:00 PM,medium
24.30415689,93.18182448,06/27/2017 01:20:00 PM,medium
30.56504675,79.56163208,05/20/2017 08:14:00 PM,medium
31.581485,78.412784,08/15/2016 07:22:00 PM,small
26.88161,95.399897,08/16/2016 12:40:00 PM,small
30.73315585,79.49231617,05/20/2017 08:14:00 PM,large
30.02715,67.458172,05/24/2017 08:14:00 PM,medium
33.63251807,75.23162006,06/21/2017 01:15:00 PM,medium
37.335787,-80.960781,05/22/2017 08:14:00 PM,small
-34.06995509,18.36915952,06/19/2017 01:15:00 PM,small
13.90074546,74.66018578,06/12/2017 01:27:00 PM,small
6.519724975,80.15402093,05/25/2017 08:14:00 PM,medium
39.978954,70.56256,08/18/2016 12:40:00 PM,medium
29.60012,80.630002,06/29/2017 01:37:00 PM,medium
37.72438031,-119.710017,06/12/2017 06:03:00 PM,medium
0.744821843,120.5927163,06/13/2017 01:27:00 PM,medium
40.43368578,-105.3475523,05/21/2017 08:14:00 PM,small
38.76361817,-120.3239812,06/08/2017 01:27:00 PM,small
9.309786719,123.2109112,05/24/2017 08:14:00 PM,medium
9.94928114,118.8014459,05/28/2017 01:34:00 PM,medium
53.98572214,-119.1365358,06/09/2017 01:27:00 PM,small
47.25158303,-122.5511059,05/28/2017 01:34:00 PM,small
23.86469956,91.8949662,06/03/2017 01:20:00 PM,medium
27.63630585,110.7318885,05/23/2017 08:14:00 PM,medium
30.33597362,79.31958144,06/06/2017 01:27:00 PM,small
29.48,82.2896,08/09/2016 01:37:00 PM,large
37.54560113,-82.46374308,05/29/2017 01:34:00 PM,small
29.350849,79.451264,08/16/2016 12:40:00 PM,medium
26.74386788,103.0563058,06/30/2017 01:20:00 PM,small
14.42827957,74.41606625,06/11/2017 01:27:00 PM,medium
13.87803507,74.6246332,06/12/2017 01:27:00 PM,small
30.0283327,31.37246273,06/02/2017 04:00:00 AM,small
46.29169767,-113.9595385,06/21/2017 01:15:00 PM,small
26.9653186,88.2667225,06/05/2017 01:34:00 PM,medium
33.01739981,74.93828041,06/21/2017 01:15:00 PM,small
22.59420297,92.16404889,06/12/2017 01:27:00 PM,medium
44.51447151,-80.35294788,06/18/2017 01:15:00 PM,small
-29.542639,30.280797,10/31/2016 02:24:00 PM,small
44.451126,-92.2696,08/11/2016 07:22:00 PM,small
35.86562803,-121.4323838,05/20/2017 01:34:00 PM,very_large
45.9951,-122.877,01/23/2016 02:31:00 PM,unknown
22.65242372,92.15898865,06/13/2017 06:48:00 PM,large
42.683128,78.301945,08/16/2016 12:40:00 PM,large
31.70779,76.932771,08/09/2016 07:22:00 PM,small
48.51199102,-118.145399,05/19/2017 08:14:00 PM,small
32.94818322,75.12206351,06/21/2017 06:51:00 PM,small
20.66353189,-156.0424592,01/03/2017 02:34:00 PM,small
43.51364004,-108.1852766,05/19/2017 08:14:00 PM,medium
36.29586263,-81.743517,06/24/2017 08:14:00 PM,small
30.86642127,76.99790295,06/29/2017 01:20:00 PM,medium
8.828619884,105.1071076,06/28/2017 01:10:00 PM,small
49.31947768,-117.6696041,05/26/2017 01:34:00 PM,small
8.774707564,105.0509254,06/28/2017 01:10:00 PM,medium
28.301686,84.386742,06/30/2017 05:15:00 PM,medium
37.46259713,-82.65673522,05/23/2017 08:14:00 PM,small
30.94222039,76.80054202,06/07/2017 01:27:00 PM,medium
33.35149269,74.23352995,06/08/2017 01:27:00 PM,small
-0.899660812,100.3934933,05/30/2017 01:34:00 PM,medium
16.36626096,120.6312641,05/24/2017 08:14:00 PM,small
44.624,-123.5552,02/14/2016 07:53:00 AM,unknown
37.68040491,-119.7486535,06/12/2017 12:00:00 PM,large
22.80452414,91.91261915,06/13/2017 06:48:00 PM,medium
22.44394492,91.97239273,06/13/2017 06:48:00 PM,large
27.05909317,93.54235868,06/04/2017 01:34:00 PM,medium
28.28120123,83.86441477,06/27/2017 01:10:00 PM,medium
12.89674168,74.85970453,06/12/2017 01:27:00 PM,small
22.25721598,114.2092721,06/13/2017 01:27:00 PM,small
43.29203902,-123.3253398,06/05/2017 01:34:00 PM,small
38.20150332,-120.7220363,06/27/2017 01:20:00 PM,small
8.757672854,104.9913709,05/30/2017 01:34:00 PM,medium
3.013135465,101.7707724,05/25/2017 06:48:00 PM,small
33.01346369,74.93530189,06/30/2017 01:20:00 PM,medium
24.54070891,121.8676602,05/29/2017 01:34:00 PM,medium
44.6394,-123.7784,10/25/2014 11:32:00 PM,unknown
27.05880384,93.54136779,06/21/2017 06:51:00 PM,small
6.586835,80.160486,05/26/2017 04:59:00 PM,medium
37.2111985,-112.9584172,05/19/2017 08:14:00 PM,small
53.72832063,-1.959208202,06/05/2017 01:34:00 PM,small
51.97686189,-122.2792711,06/19/2017 01:10:00 PM,large
-9.632058442,160.1781839,06/05/2017 01:27:00 PM,medium
13.94370273,-61.03728637,06/20/2017 01:15:00 PM,small
37.513392,111.145575,08/15/2016 07:22:00 PM,small
25.907233,91.881892,05/26/2017 04:59:00 PM,small
18.52049393,-74.19608968,05/18/2017 01:15:00 PM,large
25.67061161,94.11844319,06/02/2017 01:34:00 PM,medium
-23.91300145,-65.46576609,01/10/2017 02:27:00 PM,large
15.12277305,-91.89697611,06/14/2017 01:27:00 PM,medium
24.32420539,93.15020652,06/26/2017 01:20:00 PM,large
36.01490705,-121.5287745,05/25/2017 01:27:00 PM,medium
46.938003,-112.122531,05/22/2017 08:14:00 PM,small
40.00611531,-80.73380758,06/10/2017 01:20:00 PM,medium
50.19859431,-119.4860961,05/21/2017 08:14:00 PM,small
22.59420297,92.16404889,06/12/2017 01:27:00 PM,medium
16.08793756,-96.40548584,06/01/2017 01:34:00 PM,medium
56.87939325,-5.672826814,08/11/2016 07:22:00 PM,medium
6.093508095,80.60687667,05/25/2017 04:59:00 PM,medium
8.558668245,76.89785918,06/05/2017 01:34:00 PM,medium
34.56101506,73.86293399,06/04/2017 01:34:00 PM,large
21.556137,85.70071225,06/21/2017 06:51:00 PM,medium
24.54070891,121.8676602,05/29/2017 01:34:00 PM,medium
38.49307909,-105.363267,06/01/2017 01:34:00 PM,small
23.73354779,92.74744512,06/10/2017 01:27:00 PM,small
27.33861278,87.67107225,06/04/2017 01:34:00 PM,medium
13.90074546,74.66018578,06/12/2017 01:27:00 PM,small
25.11956675,94.36416626,06/12/2017 01:27:00 PM,medium
46.24948002,-119.3390619,06/27/2017 01:10:00 PM,small
43.23493275,-79.82932494,05/27/2017 01:34:00 PM,small
41.60140744,72.67711817,05/17/2017 01:15:00 PM,medium
50.700701,-2.73575,08/16/2016 12:40:00 PM,small
45.51973384,-122.7258149,01/18/2017 02:27:00 PM,small
24.19467451,91.82931979,06/03/2017 01:34:00 PM,medium
71.53659933,-53.20874578,06/17/2017 01:20:00 PM,catastrophic
22.65242372,92.15898865,06/13/2017 06:48:00 PM,large
31.72415448,76.93732121,06/27/2017 01:10:00 PM,small
35.14803123,-81.01035394,05/21/2017 08:14:00 PM,small
8.689622221,104.8707001,06/25/2017 01:10:00 PM,small
40.59525301,21.6242683,06/10/2017 06:48:00 PM,large
27.33861278,87.67107225,06/04/2017 01:34:00 PM,medium
29.04080591,114.4132965,06/25/2017 01:10:00 PM,small
46.28376389,7.61990403,05/29/2017 01:34:00 PM,large
26.92110789,103.2768718,06/30/2017 01:20:00 PM,medium
27.01145644,92.64204045,07/01/2017 03:17:00 PM,small
40.3518191,-79.96332756,06/28/2017 01:10:00 PM,small
-0.899660812,100.3934933,05/30/2017 01:34:00 PM,medium
24.59383609,121.418086,05/28/2017 01:34:00 PM,medium
50.76049237,0.117078316,06/22/2017 01:20:00 PM,large
1.54384065,110.5208594,05/29/2017 01:34:00 PM,small
50.868738,11.737339,05/19/2017 08:14:00 PM,small
39.52666359,67.81728309,06/26/2017 01:20:00 PM,large
15.68638494,74.16234114,06/29/2017 01:10:00 PM,small
-6.714382566,106.6185846,06/10/2017 01:27:00 PM,small
6.50950401,80.23142734,05/25/2017 04:59:00 PM,medium
35.72457989,-83.50704109,05/24/2017 04:59:00 PM,small
42.62244921,18.18030889,06/05/2017 01:20:00 PM,small
3.185783,101.677787,08/30/2016 02:32:00 PM,medium
37.35718266,-80.89111591,05/18/2017 01:15:00 PM,small
4.193408,114.04228,05/18/2017 08:14:00 PM,small
44.76558796,-109.4327121,06/18/2017 01:15:00 PM,small
6.260792736,80.49138664,05/26/2017 04:59:00 PM,medium
27.54295099,88.59676956,05/26/2017 01:34:00 PM,medium
34.78860948,73.51484236,06/29/2017 01:20:00 PM,medium
54.68714771,25.29081852,06/30/2017 01:20:00 PM,small
46.539613,12.132183,08/16/2016 05:45:00 PM,very_large
32.23843313,78.06239076,07/02/2017 03:17:00 PM,small
28.27909521,83.00633062,07/01/2017 03:17:00 PM,medium
22.33644964,103.8448574,08/24/2016 05:45:00 PM,medium
19.170539,73.022276,08/29/2016 02:32:00 PM,small
25.660517,94.104931,08/25/2016 06:59:00 PM,small
28.107142,84.307977,07/03/2017 02:32:00 PM,large
27.8077847,84.43754872,06/30/2017 01:20:00 PM,small
45.4563,-120.1971,08/25/2013 06:08:00 AM,unknown
33.029977,74.948082,08/24/2016 05:45:00 PM,medium
10.679445,-61.521836,08/28/2016 02:32:00 PM,small
5.39558,100.31801,08/22/2016 05:45:00 PM,small
28.21676766,84.00622259,06/30/2017 03:17:00 PM,small
16.574445,120.732714,08/30/2016 02:32:00 PM,large
39.39506856,68.54795417,06/28/2017 01:20:00 PM,medium
25.06657276,93.9310888,06/30/2017 03:17:00 PM,small
5.396168592,100.2633923,10/29/2016 01:20:00 PM,medium
27.503555,85.219709,08/31/2016 02:32:00 PM,small
33.79383585,129.7143555,06/30/2017 01:20:00 PM,small
47.80539609,-117.5532998,06/26/2017 01:10:00 PM,small
36.279188,51.250434,08/31/2016 02:32:00 PM,medium
50.70838436,-2.758021539,06/29/2017 01:20:00 PM,very_large
-36.933713,174.57834,08/25/2016 06:59:00 PM,small
31.45206,78.401303,08/21/2016 05:45:00 PM,small
9.237362549,105.4547324,06/27/2017 01:20:00 PM,medium
32.30628994,77.52161234,07/03/2017 03:17:00 PM,medium
6.702272807,80.38461313,05/26/2017 03:17:00 PM,large
28.06986667,83.65247597,07/01/2017 03:17:00 PM,medium
24.768609,92.821182,09/01/2016 02:32:00 PM,large
28.007828,86.191717,08/31/2016 02:32:00 PM,large
28.27254506,83.95706865,07/02/2017 03:17:00 PM,small
45.5159,-122.6993,03/15/2016 08:06:00 AM,unknown
27.10647226,93.65975252,07/01/2017 03:17:00 PM,medium
14.52203442,74.41035052,07/03/2017 03:17:00 PM,medium
22.039752,103.993894,08/23/2016 05:45:00 PM,medium
27.08168565,93.60815652,07/01/2017 03:17:00 PM,medium
33.18477201,75.80813836,06/29/2017 01:20:00 PM,medium
30.922325,78.681379,08/28/2016 02:32:00 PM,small
33.08146902,75.29750088,06/30/2017 01:20:00 PM,small
44.32688636,6.807628202,06/30/2017 01:20:00 PM,medium
6.190195,100.331416,06/30/2017 07:37:00 PM,small
43.09367409,76.95661041,06/29/2017 01:20:00 PM,small
49.773429,0.389642,08/25/2016 06:59:00 PM,small
5.456131,100.309601,08/21/2016 05:45:00 PM,small
32.26186432,78.0685005,07/02/2017 03:17:00 PM,small
32.24637329,78.06616409,07/02/2017 03:17:00 PM,small
27.18732399,87.50256183,06/30/2017 03:17:00 PM,medium
47.96243163,-122.2381187,05/18/2017 01:15:00 PM,small
44.83733551,-109.5739143,06/15/2017 01:15:00 PM,small
27.769793,93.50995626,05/24/2017 08:14:00 PM,small
15.64525862,-91.43664048,06/20/2017 01:15:00 PM,medium
40.22230273,-79.91459431,05/01/2017 01:34:00 PM,small
23.73941422,92.71505961,06/01/2017 01:34:00 PM,medium
29.132062,81.811777,08/15/2016 07:22:00 PM,small
41.03212867,72.73033802,06/29/2017 01:20:00 PM,large
6.518587251,80.18135876,05/26/2017 03:17:00 PM,large
28.24831087,83.97447829,07/02/2017 03:17:00 PM,small
30.995694,78.936314,08/29/2016 02:32:00 PM,medium
27.04768643,93.61899644,06/30/2017 03:17:00 PM,medium
27.767046,84.469745,09/02/2016 06:04:00 PM,medium
24.95178179,94.20340026,07/01/2017 02:33:00 PM,small
39.81020345,69.52794225,07/04/2017 04:00:00 PM,medium
26.10035658,91.87351723,07/03/2017 02:33:00 PM,small
28.15308814,112.0425655,07/02/2017 03:17:00 PM,large
27.943851,83.805661,09/03/2016 06:04:00 PM,medium
50.71962,-1.797239,09/03/2016 06:04:00 PM,small
-6.589661,106.791206,09/07/2016 06:04:00 PM,small
22.225713,113.921806,09/07/2016 06:04:00 PM,small
41.058916,-73.828592,10/24/2016 02:24:00 PM,medium
28.239,82.9415,08/06/2016 01:37:00 PM,small
19.41286968,73.28423263,08/29/2017 01:22:00 PM,medium
59.44688356,-135.3213469,08/29/2017 01:45:00 PM,medium
46.29694459,9.595744348,08/23/2017 01:45:00 PM,very_large
22.77117591,103.4843278,08/26/2017 04:00:00 AM,large
26.78684394,105.3652962,08/28/2017 06:21:00 PM,medium
46.29691494,9.596416952,08/25/2017 01:45:00 PM,medium
27.98497238,104.186014,08/25/2017 06:21:00 PM,medium
37.0934625,-118.5934545,10/15/2016 11:02:00 PM,medium
26.14547804,91.79364785,07/10/2017 02:21:00 PM,small
47.44775311,-121.7041379,08/27/2017 01:45:00 PM,small
51.4216,0.8546,10/01/2016 12:00:00 AM,medium
38.201,-120.7215,03/07/2016 12:00:00 AM,medium
34.1587,74.4725,04/02/2015 12:00:00 AM,medium
44.4065,-123.9539,02/12/2014 02:18:00 PM,unknown
33.0742,-116.9029,07/19/2015 12:00:00 AM,small
15.3482,-92.2523,10/21/2015 12:00:00 AM,medium
7.7211,125.1335,09/01/2014 12:00:00 AM,medium
13.7895,-89.7739,10/15/2014 12:00:00 AM,medium
19.9282,99.7817,07/29/2013 12:00:00 AM,medium
23.4946,111.2768,08/18/2013 12:00:00 AM,medium
4.8349,-75.6621,12/23/2011 12:00:00 AM,medium
39.1075,-84.4953,04/25/2011 12:00:00 AM,small
18.0083,-76.4394,09/28/2010 12:00:00 AM,medium
44.1316,-122.5279,01/17/2011 09:38:00 AM,unknown
44.7573,-122.4891,12/23/2013 12:41:00 PM,unknown
44.7099,-122.2336,01/09/2013 04:15:00 PM,unknown
44.6677,-123.8171,02/12/2014 08:25:00 AM,unknown
45.6611,-118.0283,01/18/2012 12:12:00 PM,unknown
44.7362,-122.1622,02/15/2014 06:21:00 PM,unknown
45.4385,-123.9488,06/28/2011 09:26:00 AM,unknown
44.1579,-123.5777,01/24/2012 01:40:00 PM,unknown
15.4014,73.8277,07/28/2007 12:00:00 AM,medium
45.5599,-123.8923,12/07/2015 10:14:00 AM,unknown
44.3695,-123.7092,03/05/2014 05:35:00 PM,unknown
-10.3838,-75.4267,01/03/2007 12:00:00 AM,medium
54.5494,-3.5875,01/02/2007 12:00:00 AM,medium
-22.0452,-42.6734,01/05/2007 12:00:00 AM,medium
-22.28234635,-42.53636205,01/05/2007 12:00:00 AM,large
29.0833,81.3333,07/24/2008 12:00:00 AM,medium
38.6198,-82.6276,05/10/2010 12:00:00 AM,medium
49.3265,-117.6582,07/17/2012 12:00:00 AM,medium
43.6878,-123.9669,02/17/2014 08:59:00 AM,unknown
10.37,123.97,12/27/2011 12:00:00 AM,medium
40.6573,-79.8375,05/17/2011 12:00:00 AM,small
14.2282,121.6979,03/03/2016 12:00:00 AM,unknown
49.3729,-117.6744,02/15/2015 12:00:00 AM,small
18.5875,120.8221,01/23/2014 12:00:00 AM,unknown
11.5515,125.0725,01/11/2014 12:00:00 AM,medium
8.4406,124.7212,01/17/2014 12:00:00 AM,medium
38.97831202,-107.3446377,05/23/2017 08:14:00 PM,small
12.6771,75.2565,06/27/2011 12:00:00 AM,medium
34.0051,71.5447,08/28/2012 12:00:00 AM,large
-22.2815,-42.5329,11/13/2012 12:00:00 AM,large
26.9597,86.5598,09/16/2015 12:00:00 AM,medium
1.4808,124.868,02/17/2013 12:00:00 AM,very_large
47.3174,-122.4292,03/29/2014 06:00:00 PM,unknown
50.6723,-1.55,01/21/2014 12:00:00 AM,small
-12.9655,-71.4216,04/05/2010 12:00:00 AM,medium
47.8907,-117.6865,09/05/2013 09:00:00 AM,medium
-12.3546,-40.9044,12/07/2013 11:00:00 PM,medium
28.5873,83.7508,02/22/2016 11:00:00 PM,medium
40.5452,16.6525,12/03/2013 12:00:00 PM,medium
-14.0,-70.4,10/04/2008 12:00:00 AM,medium
44.9459,-93.0553,06/20/2014 09:00:00 AM,small
-6.584,106.7732,04/20/2011 01:00:00 AM,medium
48.0079,-122.3101,12/13/2010 04:00:00 AM,small
33.9062,-116.8721,02/25/2010 06:45:00 AM,small
33.8426,132.7681,07/12/2010 06:00:00 AM,medium
7.8098,125.4498,07/10/2007 12:00:00 AM,medium
45.5154,-122.7002,03/06/2011 04:39:00 PM,unknown
-22.5232,-43.2212,04/06/2010 12:00:00 AM,medium
19.3465,105.146,10/18/2016 12:00:00 AM,medium
52.6901,-3.8666,04/03/2011 03:20:00 AM,small
22.5333,89.4,10/15/2007 12:00:00 AM,medium
45.7153,-121.6406,07/14/2012 12:00:00 AM,medium
9.1196,125.5339,01/07/2011 12:00:00 AM,medium
45.108,-122.0692,03/16/2012 06:53:00 AM,unknown
29.4085,80.1327,08/17/2009 06:00:00 PM,medium
34.1742,-118.0459,05/23/2008 12:00:00 AM,small
38.6009,-77.2682,03/02/2007 11:00:00 PM,small
26.6579,107.9326,02/19/2013 11:00:00 AM,medium
35.3585,75.6355,07/29/2010 12:00:00 AM,medium
27.99134853,84.06527738,07/16/2011 12:00:00 AM,medium
45.976,-117.262,01/01/2014 12:33:00 PM,unknown
51.3255,-2.9339,11/21/2012 06:00:00 PM,medium
38.7987,-120.4218,03/13/2016 12:00:00 AM,small
14.8315,108.7431,12/06/2010 12:00:00 AM,medium
27.5269,85.5641,07/30/2016 09:00:00 AM,small
53.3297,-3.3002,05/12/2015 12:00:00 AM,small
45.9816,-122.8697,02/03/2016 06:36:00 PM,unknown
8.4987,123.304,01/12/2014 12:00:00 AM,large
46.7191,6.852,02/03/2013 12:00:00 AM,very_large
-22.9033,-43.2394,04/06/2010 12:00:00 AM,medium
47.7166,-122.376,03/16/2015 02:30:00 PM,small
-15.345,-71.489,12/29/2009 12:00:00 AM,medium
9.1464,-83.3268,11/23/2015 12:00:00 AM,small
29.58,80.67,02/28/2014 12:00:00 AM,large
-22.5444,-43.2087,12/11/2013 09:00:00 AM,small
9.764,-84.397,10/12/2008 12:00:00 AM,medium
24.1419,94.1078,08/01/2015 12:00:00 AM,medium
42.7167,-77.5191,07/13/2010 12:00:00 AM,medium
18.23,120.6,09/23/2008 12:00:00 AM,medium
19.9436,105.3131,06/26/2011 12:00:00 AM,large
39.5672,-106.4031,07/18/2013 12:00:00 AM,medium
-0.6086,103.3535,02/20/2015 10:30:00 AM,medium
26.9226,107.3407,08/27/2014 08:00:00 PM,large
40.0929,-105.8752,06/01/2007 12:00:00 AM,medium
-13.2122,-72.3902,01/23/2010 12:00:00 AM,medium
47.636,-122.3811,01/01/1997 12:00:00 AM,small
50.4444,-4.9527,02/13/2007 12:00:00 AM,small
-0.5229,103.2764,02/20/2015 10:30:00 PM,small
32.08059703,103.6653085,06/27/2017 01:10:00 PM,large
30.4619,79.0765,06/16/2013 12:00:00 AM,medium
30.1281,78.3221,07/05/2012 12:00:00 AM,large
34.6644,73.4637,10/07/2010 12:00:00 AM,medium
37.6815,-121.7675,11/02/2015 12:00:00 AM,medium
-7.6511,111.1835,12/26/2007 12:00:00 AM,large
-1.7225,-48.8907,01/04/2014 12:00:00 AM,medium
14.108,-87.2137,10/20/2008 12:00:00 AM,large
-23.0099,-43.288,04/06/2010 12:00:00 AM,medium
57.6778,-2.2651,08/06/2007 12:00:00 AM,medium
37.9768,-122.547,03/24/2011 12:00:00 AM,small
45.8269,-123.7807,11/17/2015 12:32:00 PM,unknown
33.3893,75.203,07/22/2010 05:00:00 AM,medium
-41.0415,145.8596,08/13/2013 03:00:00 AM,small
29.3046,113.5578,06/10/2011 04:00:00 AM,large
47.3434,-123.1628,12/03/2007 12:00:00 AM,medium
45.5774,-122.7617,12/04/2012 06:01:00 PM,unknown
40.6378,14.6074,09/10/2010 12:00:00 AM,medium
-22.8887,-43.0783,04/06/2010 12:00:00 AM,medium
-8.7401,115.5442,06/03/2015 12:30:00 PM,medium
44.0601,-123.8216,01/18/2012 10:40:00 PM,unknown
44.4648,-104.4111,05/30/2011 12:00:00 AM,small
-16.73,145.6506,03/19/2012 11:00:00 PM,medium
46.057,-123.2631,12/08/2015 04:05:00 PM,unknown
33.241,75.2382,09/25/2010 12:00:00 AM,medium
27.5,90.5034,08/23/2010 07:00:00 AM,medium
10.0214,-83.9451,10/11/2007 12:00:00 AM,large
13.293,-88.0843,10/15/2014 12:00:00 AM,medium
45.5876,-122.7736,11/21/2011 08:28:00 AM,unknown
45.5298,-122.3712,05/04/2012 02:32:00 AM,unknown
8.4557,77.009,11/13/2013 11:00:00 PM,medium
15.1257,108.8115,11/26/2011 12:00:00 AM,medium
34.2008,-117.6767,11/01/2014 05:05:00 AM,small
6.011,-0.0798,10/06/2008 12:00:00 AM,medium
25.616,94.1167,07/12/2013 11:00:00 PM,medium
27.978,85.9742,05/03/2012 09:00:00 AM,medium
19.3161,-99.2398,09/15/2009 12:00:00 AM,medium
-17.8893,178.4779,06/27/2011 12:00:00 AM,large
41.9757,44.8448,06/14/2011 11:00:00 PM,medium
28.2576,83.6182,08/16/2015 01:00:00 PM,medium
31.5639,77.9798,06/17/2011 12:00:00 AM,medium
39.407,141.7315,05/30/2011 12:00:00 AM,small
44.1221,-122.4645,09/28/2013 11:19:00 PM,unknown
31.0365,77.1213,08/22/2015 04:30:00 AM,medium
26.314,119.0562,07/09/2016 12:00:00 AM,medium
17.4012,43.1666,08/11/2016 11:00:00 PM,medium
1.2495,35.5842,04/30/2010 05:00:00 AM,large
30.819,78.6149,07/28/2013 12:00:00 AM,small
10.4024,-85.3555,05/29/2008 12:00:00 AM,medium
44.1872,-123.5561,02/09/2015 08:09:00 AM,unknown
47.9918,-122.3657,09/26/2014 10:00:00 AM,small
3.19,101.699,10/07/2008 12:00:00 AM,medium
-39.1144,173.9534,12/17/2011 05:30:00 AM,medium
27.7482,103.8855,08/02/2013 12:00:00 AM,medium
16.9664,43.7955,08/10/2012 12:00:00 AM,large
40.4613,-106.8295,09/06/2007 12:00:00 AM,small
13.1004,123.8421,12/29/2010 05:30:00 PM,medium
41.7649,73.1415,06/29/2016 12:00:00 AM,medium
34.2062,-117.7994,12/12/2014 12:00:00 AM,small
47.9582,-122.2619,01/19/2011 08:00:00 AM,medium
36.9284,-83.0638,05/01/2011 12:00:00 AM,small
25.0857,121.5399,08/08/2015 12:00:00 AM,medium
48.1389,-123.5711,03/21/2015 01:00:00 PM,small
36.6468,-111.633,02/20/2013 05:00:00 AM,medium
11.989,108.9881,11/04/2010 12:00:00 AM,medium
4.5864,115.1648,01/18/2010 06:00:00 PM,medium
40.6545,-89.5567,04/18/2013 12:00:00 AM,small
22.6194,114.0945,09/17/2016 12:00:00 AM,large
43.6768,-123.8673,12/04/2007 05:30:00 PM,medium
-2.0398,-78.4359,04/24/2011 12:00:00 AM,medium
37.4264,-82.4939,04/03/2015 12:00:00 AM,small
52.1596,-9.87,10/22/2011 08:00:00 AM,medium
16.5505,120.8299,06/19/2012 12:00:00 AM,medium
37.4072,-82.4322,05/11/2009 12:00:00 AM,small
27.59,83.88,08/23/2010 02:00:00 AM,medium
45.5974,-121.6279,11/27/2014 05:12:00 PM,unknown
43.6712,-123.6521,01/16/2011 12:00:00 AM,medium
54.99913875,-7.332155031,12/14/2011 12:00:00 AM,medium
40.7331,-123.0544,01/04/2016 12:00:00 AM,medium
27.0605,88.255,09/25/2011 12:00:00 AM,medium
44.9184,-120.2668,01/16/2011 04:28:00 PM,unknown
25.4769,94.1351,10/08/2010 12:00:00 AM,medium
17.2635,43.1066,08/11/2016 11:00:00 PM,medium
28.1018,102.1778,08/18/2012 12:00:00 AM,medium
26.87324244,88.29184021,07/03/2009 12:00:00 AM,medium
-8.1913,115.1374,12/13/2010 12:00:00 AM,medium
46.6689,-123.7858,01/05/2015 12:00:00 AM,small
45.5593,-116.8344,12/09/2015 09:50:00 PM,unknown
5.314,-4.0351,06/10/2014 09:00:00 AM,small
33.334,75.7627,08/09/2010 06:00:00 PM,medium
40.6862,-105.3054,07/06/2012 12:00:00 AM,medium
27.4211,85.0249,08/19/2007 12:00:00 AM,medium
37.0016,110.8522,08/05/2013 03:00:00 AM,medium
6.1458,124.8955,12/09/2010 12:00:00 AM,medium
48.3455,-120.0477,08/19/2008 12:00:00 AM,small
38.3632,-82.4539,01/28/2016 06:00:00 PM,small
5.4833,-4.05,06/29/2008 12:00:00 AM,medium
28.9743,83.8713,07/04/2011 08:00:00 AM,large
15.3012,108.3008,11/11/2010 12:00:00 AM,medium
33.33875958,75.1921061,02/13/2011 12:00:00 AM,medium
46.6637,-111.7619,08/10/2010 07:00:00 PM,small
25.1424,98.4802,07/22/2007 12:00:00 AM,medium
37.7923,-122.4629,02/27/2007 12:00:00 AM,medium
46.8218,-120.9229,09/05/2013 09:00:00 PM,medium
47.4097,-119.4919,07/19/2015 09:00:00 AM,small
26.6378,114.1384,08/12/2014 11:00:00 PM,medium
36.1788,74.158,08/05/2010 12:00:00 AM,medium
18.7624,73.3747,06/15/2010 12:00:00 AM,small
29.0399,81.7191,07/19/2010 12:00:00 AM,medium
33.2407,75.2373,01/12/2012 10:00:00 PM,medium
35.6057,-82.5412,07/04/2013 12:00:00 AM,medium
44.6792,-123.8629,10/25/2014 11:29:00 PM,unknown
17.9209,121.2194,10/18/2010 07:00:00 AM,medium
18.427,-70.044,10/29/2007 12:00:00 AM,medium
14.2245,122.7663,07/26/2011 10:00:00 PM,medium
51.3512,-2.9735,09/26/2012 12:00:00 AM,medium
35.8853,111.5837,09/08/2008 07:40:00 AM,very_large
25.5215,93.1645,08/20/2009 12:00:00 AM,medium
10.6834,-61.5335,11/27/2010 12:00:00 AM,medium
33.2049,75.2845,07/12/2015 12:00:00 AM,medium
43.8396,-122.6265,03/16/2012 02:05:00 AM,unknown
37.7289,-119.7538,01/22/2012 11:30:00 PM,small
-43.5698,170.1797,01/05/2013 02:00:00 PM,small
33.2609,75.244,02/16/2011 06:00:00 PM,medium
31.0918,109.8971,06/24/2015 06:40:00 PM,medium
18.2031,-77.0428,07/29/2016 10:00:00 PM,medium
16.18792822,-89.16745224,07/08/2017 02:21:00 PM,small
32.3491,77.2181,07/15/2011 06:00:00 PM,medium
-23.0085,-44.3228,01/01/2010 12:00:00 AM,large
7.5048,124.3113,06/20/2010 12:00:00 AM,medium
47.7628,-122.3793,11/17/2009 12:00:00 AM,small
38.5327856,-81.33663404,06/23/2016 12:00:00 AM,medium
10.3926,124.9845,12/26/2012 08:00:00 AM,medium
40.6632,-122.7994,01/19/2016 12:00:00 AM,small
38.0053,-108.0383,07/26/2010 03:45:00 PM,medium
56.1127,-121.8022,06/15/2016 12:00:00 AM,medium
37.3385,-2.301,04/23/2007 12:00:00 AM,medium
15.2174,-61.3583,12/24/2013 12:00:00 AM,medium
7.0381,81.1079,02/07/2011 12:00:00 AM,medium
47.7463,-121.086,02/11/2008 12:00:00 AM,medium
21.62,-158.026,12/14/2008 12:00:00 AM,small
-0.7978,37.07,05/06/2010 12:00:00 AM,medium
39.6526,-77.4274,04/17/2011 10:00:00 AM,medium
34.1416,77.4871,08/06/2010 12:30:00 AM,very_large
27.278,116.036,06/11/2007 12:00:00 AM,medium
43.2022,27.912,06/19/2014 12:00:00 AM,small
0.0487,37.6538,10/01/2015 12:00:00 AM,unknown
-8.3251,115.087,12/13/2010 12:00:00 AM,medium
18.5283,-72.3224,04/20/2008 12:00:00 AM,medium
36.7411,-83.6348,05/03/2010 02:00:00 AM,medium
47.9419,-122.3088,12/24/2014 04:15:00 PM,medium
23.8616,112.1686,05/20/2014 12:00:00 AM,medium
8.5091,123.2981,11/16/2011 12:00:00 AM,medium
25.8833,91.2,06/09/2010 02:15:00 PM,medium
27.7773,85.8416,09/08/2010 02:30:00 AM,medium
17.5291,121.3267,10/20/2016 12:00:00 AM,medium
27.2485,86.6444,08/21/2010 12:00:00 AM,medium
15.0337,-92.1124,05/23/2015 12:00:00 AM,medium
-6.9197,106.9272,01/11/2014 12:00:00 AM,medium
33.8745,35.65,03/13/2014 12:00:00 AM,medium
26.885,88.2778,06/20/2008 12:00:00 AM,medium
35.5429,-82.7938,05/06/2013 12:00:00 AM,medium
48.2357,-122.3412,12/12/2010 12:00:00 AM,medium
42.1823,-110.1843,09/12/2013 11:00:00 PM,medium
32.6987,75.0582,08/07/2016 12:00:00 AM,medium
34.2952,75.3226,06/08/2016 10:00:00 PM,medium
25.3179,94.0462,10/09/2010 12:00:00 AM,medium
41.8206,-103.7243,12/23/2015 12:00:00 AM,small
28.4314,109.4872,07/17/2016 12:00:00 AM,large
36.8242,-119.7847,12/26/2010 10:00:00 AM,small
-37.8145,143.4041,10/02/2016 12:00:00 AM,small
38.8971,-104.9722,07/09/2012 12:00:00 AM,medium
36.9566,-121.6815,10/13/2009 12:00:00 AM,medium
14.5902,121.168,08/02/2011 07:00:00 AM,small
-11.6953,-71.9165,01/04/2014 12:00:00 AM,large
44.7273,-124.0576,01/17/2011 10:32:00 AM,unknown
65.0167,-16.7406,09/23/2015 12:00:00 AM,large
24.75,93.4333,10/21/2007 12:00:00 AM,medium
42.9861,-123.735,10/15/2012 09:19:00 PM,unknown
49.3418,-123.0023,12/07/2014 09:00:00 AM,medium
0.1115,113.9171,04/01/2008 12:00:00 AM,medium
27.8871,83.9704,07/15/2011 12:00:00 AM,medium
47.2473,-122.373,02/18/2014 09:00:00 AM,medium
45.794,-114.7613,08/29/2013 04:00:00 AM,medium
3.1564,101.7022,05/07/2013 07:00:00 PM,medium
45.5617,-123.9343,01/21/2016 10:17:00 PM,unknown
24.5784,91.7227,05/10/2014 09:00:00 AM,medium
40.4239,-80.0181,01/17/2013 12:00:00 AM,medium
45.5674,-123.9405,03/10/2014 09:59:00 PM,unknown
17.5541,121.2368,10/18/2010 12:00:00 AM,medium
17.1933,-96.6045,09/14/2013 12:00:00 AM,very_large
32.7833,-117.2354,01/10/2016 12:00:00 AM,medium
34.0615,-118.9774,12/12/2014 02:00:00 AM,small
27.8122,89.9019,07/22/2010 12:00:00 AM,medium
16.5489,107.2327,10/17/2008 12:00:00 AM,medium
13.7484,-84.778,07/23/2015 12:00:00 AM,medium
17.4458,121.4196,08/04/2008 12:00:00 AM,medium
20.8699,-156.1793,07/21/2016 07:30:00 PM,medium
0.771483087,35.56580095,12/29/2012 01:00:00 PM,large
31.3077,-86.5011,08/17/2013 12:00:00 AM,small
49.0099,-58.1315,10/11/2016 02:30:00 AM,small
-7.2708,107.581,02/15/2010 11:00:00 PM,medium
37.6041,-82.6886,04/20/2015 12:00:00 AM,small
42.6975,1.8351,06/20/2010 12:00:00 AM,medium
6.3667,116.4333,11/23/2008 12:00:00 AM,medium
47.6495,-122.6172,01/19/1997 12:00:00 AM,medium
14.6277,-90.4862,09/27/2015 12:00:00 AM,medium
6.0327,80.2174,05/04/2007 12:00:00 AM,medium
7.874,98.2879,08/02/2015 12:00:00 AM,small
43.2479,-124.2259,03/12/2010 07:30:00 AM,medium
29.1426,81.8833,01/21/2013 12:00:00 AM,medium
47.6045,-122.1128,01/22/2012 12:00:00 AM,medium
46.1131,-123.2331,10/31/2009 12:00:00 AM,small
48.1175,-123.4219,03/16/2014 03:21:00 PM,medium
38.5019,-105.9348,05/21/2015 11:00:00 PM,medium
27.9504,84.3075,08/20/2009 12:00:00 AM,medium
9.7962,-83.9498,01/28/2015 11:00:00 PM,small
37.2524,-122.1367,02/09/2015 09:00:00 AM,small
47.4289,-120.3614,09/05/2013 11:00:00 PM,small
34.166,73.1983,07/27/2016 12:00:00 AM,medium
-17.6195,177.7137,01/13/2011 12:00:00 AM,small
32.9778,130.8266,04/16/2016 12:00:00 AM,small
43.3433,-122.7502,03/09/2014 10:42:00 PM,unknown
49.3835,-121.3724,01/17/2012 09:30:00 AM,small
25.0985,94.3619,09/24/2013 12:00:00 AM,medium
38.5805,-82.6347,05/03/2010 12:00:00 AM,small
33.2367,131.5241,06/12/2008 12:00:00 AM,medium
7.35,-72.9667,03/03/2011 03:00:00 PM,medium
17.4468,106.593,10/03/2010 12:00:00 AM,medium
17.9647,-76.5835,04/18/2010 12:00:00 AM,medium
16.3183,120.5519,10/19/2007 12:00:00 AM,medium
34.9002,73.6558,10/01/2016 12:00:00 AM,medium
7.6805,125.2236,12/29/2014 12:00:00 AM,medium
44.8268,-122.3829,01/10/2008 12:00:00 AM,medium
34.1601,75.496,07/03/2011 12:00:00 AM,medium
25.5768,55.652,01/15/2008 12:00:00 AM,medium
36.1184,-117.9722,07/23/2013 12:05:00 AM,medium
16.1514,-92.7704,07/22/2011 12:00:00 AM,medium
-22.9149,-43.1067,04/06/2010 12:00:00 AM,medium
26.88,88.28,06/17/2011 12:00:00 AM,large
11.267,-60.566,12/11/2007 12:00:00 AM,small
-36.6203,-72.1287,09/08/2009 12:00:00 AM,medium
40.3309,-111.9045,09/01/2012 12:00:00 AM,medium
30.80200029,78.61786282,08/13/2010 12:00:00 AM,medium
18.1865,-76.5029,04/18/2010 12:00:00 AM,medium
16.7693,120.8036,10/20/2016 12:00:00 AM,medium
46.3822,-122.0125,01/16/2011 12:00:00 AM,medium
27.2625,87.6017,10/08/2015 02:00:00 AM,medium
28.2658,83.6117,07/19/2015 08:00:00 AM,small
60.1366,-1.2666,08/19/2012 12:00:00 AM,medium
45.5469,-123.9047,10/14/2016 12:00:00 AM,small
9.3496,-83.5565,11/05/2015 12:00:00 AM,medium
10.4393,-66.815,11/27/2010 11:00:00 PM,medium
-0.9813,100.6669,03/16/2010 06:00:00 PM,medium
8.9697,125.5593,07/13/2007 12:00:00 AM,medium
47.539,-122.1458,12/13/2010 12:00:00 AM,medium
37.4138,127.5183,06/29/2011 12:00:00 AM,medium
18.0445,-76.2781,11/18/2010 05:30:00 AM,medium
9.6326,76.9792,06/01/2011 11:00:00 PM,medium
46.4885,6.7208,05/05/2015 09:00:00 AM,small
33.3308,75.1773,03/19/2011 12:00:00 AM,medium
19.3421,73.7735,08/02/2016 10:30:00 PM,medium
30.2835,79.2498,07/26/2013 12:00:00 AM,medium
47.5704,-122.2337,12/12/2010 12:00:00 AM,medium
54.8861,-2.8339,07/25/2011 12:00:00 AM,small
45.5953,-123.9471,03/30/2016 12:00:00 AM,unknown
1.4499,-77.3834,04/11/2011 12:00:00 AM,medium
36.04,108.02,07/05/2008 12:00:00 AM,medium
-18.1388,177.5031,01/24/2012 12:00:00 AM,medium
14.6229,-90.5316,09/22/2007 12:00:00 AM,medium
48.1304,-122.3622,02/22/2012 12:34:00 PM,medium
14.0728,121.5082,07/14/2010 12:00:00 AM,medium
15.5227,-85.265,10/25/2010 12:00:00 AM,medium
39.1229,-84.4481,05/01/2012 12:00:00 AM,medium
31.9671,76.8521,07/07/2013 12:00:00 AM,medium
37.8237,-121.9995,12/12/2014 09:00:00 AM,small
37.8985,-122.509,03/24/2011 12:00:00 AM,small
35.273,72.983,08/13/2007 12:00:00 AM,large
33.7033,73.038,03/21/2007 12:00:00 AM,medium
15.3211,-61.3124,04/16/2010 12:00:00 AM,medium
-11.9161,-76.6791,03/24/2015 12:00:00 AM,medium
9.077,-79.4974,05/10/2016 12:00:00 AM,small
36.8529,-83.3698,04/17/2013 12:00:00 AM,medium
15.234,108.4852,11/05/2007 12:00:00 AM,medium
-22.9417,-43.2491,04/06/2010 12:00:00 AM,medium
9.686187255,125.570322,11/19/2007 12:00:00 AM,medium
26.8073,88.3162,06/16/2010 12:00:00 AM,medium
25.9365,99.3373,09/08/2013 10:00:00 PM,medium
37.9547,-81.5396,07/05/2016 12:00:00 AM,small
2.7664,-75.074,01/29/2016 12:00:00 AM,small
30.6145,79.8102,03/31/2015 12:00:00 AM,medium
35.5722,-105.785,08/29/2016 12:00:00 AM,medium
22.8729,110.501,06/02/2010 02:40:00 AM,large
27.6163,88.6586,05/24/2015 12:00:00 AM,medium
28.12,82.86,01/10/2010 09:00:00 AM,medium
46.9959,-123.8975,01/05/2015 01:00:00 AM,medium
22.1337,78.8979,03/07/2016 12:00:00 AM,medium
6.7043,80.3828,05/27/2011 12:00:00 AM,medium
15.3455,73.8976,06/28/2016 12:00:00 AM,small
40.7217,-80.3132,05/31/2015 06:00:00 PM,small
28.3401,83.5983,08/19/2010 11:00:00 PM,medium
19.0397,72.907,09/03/2012 12:00:00 AM,medium
-0.4521,100.4284,10/17/2009 12:00:00 AM,medium
16.5132,120.8246,08/21/2015 12:00:00 AM,medium
46.1185,-123.2275,03/29/2012 06:00:00 PM,unknown
7.8726,99.7283,10/05/2014 12:00:00 AM,medium
31.709,76.9312,08/24/2012 12:00:00 AM,medium
25.6167,99.0,09/01/2010 10:20:00 PM,large
29.393,79.4525,07/06/2015 12:00:00 AM,medium
32.1797,77.1947,08/18/2012 12:00:00 AM,medium
-9.938,33.4318,04/11/2011 12:00:00 AM,medium
22.3475,91.8123,02/03/2014 12:00:00 AM,medium
27.9939,84.094,07/02/2011 12:00:00 AM,medium
8.5772,-82.8232,08/26/2015 12:00:00 AM,medium
31.1032,77.1625,09/12/2009 11:00:00 PM,small
3.5424,125.5401,01/11/2007 06:00:00 PM,large
-0.6273,-78.3664,02/14/2011 12:00:00 AM,medium
22.1306,95.5488,12/17/2015 12:00:00 AM,large
-22.411,-43.0304,01/12/2011 12:00:00 AM,medium
40.6784,-105.4323,06/28/2013 08:45:00 PM,medium
40.0076,71.5193,05/28/2016 05:00:00 PM,medium
37.034,-83.1816,05/03/2010 12:00:00 AM,small
6.1699,-0.279,09/27/2016 11:00:00 PM,medium
47.3093,-122.2536,03/05/2014 09:03:00 AM,small
35.6172,-83.0299,04/29/2013 12:00:00 AM,medium
10.2451,123.8332,10/25/2012 09:00:00 AM,medium
14.6533,121.6034,02/20/2012 12:00:00 AM,medium
32.4792,117.7081,10/10/2007 12:00:00 AM,medium
31.9843,77.1889,09/19/2010 12:00:00 AM,medium
52.5008,-1.9953,06/14/2016 03:00:00 PM,medium
46.6163,-122.4897,03/13/2011 12:00:00 AM,medium
13.5461,-89.0401,10/15/2014 12:00:00 AM,medium
7.4239,80.6104,01/09/2011 12:00:00 AM,medium
25.5728,91.885,06/28/2010 12:00:00 AM,medium
28.5919,105.6975,06/27/2011 09:00:00 AM,medium
16.9645,120.8147,10/08/2009 12:00:00 AM,medium
16.9,120.4525,08/20/2008 12:00:00 AM,medium
34.2256,73.673,02/07/2011 12:00:00 AM,medium
33.7474,-117.5833,09/15/2015 09:00:00 AM,small
36.2744,74.7249,09/15/2010 12:00:00 AM,medium
29.2944,81.3,10/06/2009 12:00:00 AM,medium
13.3864,-86.6146,09/27/2015 12:00:00 AM,medium
-22.9251,-43.3147,04/06/2010 12:00:00 AM,medium
26.7223,95.0243,04/19/2016 12:00:00 AM,medium
-22.9766,-43.2903,04/06/2010 12:00:00 AM,medium
15.4465,73.927,06/18/2015 10:00:00 PM,medium
-4.3256,103.1797,07/05/2010 12:00:00 AM,medium
3.9081,33.8306,08/10/2011 12:00:00 AM,medium
50.8267,-121.859,09/29/2016 12:00:00 AM,medium
56.7709,-2.417,11/06/2009 12:00:00 AM,medium
34.5628,77.6001,05/27/2010 09:45:00 AM,medium
-36.7929,175.0955,01/29/2011 08:00:00 AM,medium
-32.8902,-68.844,12/17/2009 12:00:00 AM,medium
46.0284,-122.8857,12/08/2015 08:04:00 PM,unknown
28.8389,82.2873,07/20/2014 11:00:00 PM,small
28.0989,83.8734,08/26/2014 06:00:00 PM,medium
1.0101,34.3317,06/25/2012 03:00:00 PM,very_large
28.2134,83.9557,08/25/2014 09:00:00 AM,small
39.5459,-111.1673,09/11/2013 11:00:00 PM,medium
35.5662,-121.1045,02/27/2010 09:00:00 AM,small
-3.0414,101.9801,12/03/2015 12:00:00 AM,large
40.4301,-80.0017,05/13/2014 09:30:00 AM,small
24.7625,93.4341,08/17/2013 11:00:00 PM,medium
44.1694,-124.1148,02/22/2013 04:07:00 PM,unknown
42.1633,-74.4086,05/15/2014 09:00:00 AM,medium
27.0987,93.816,06/09/2015 12:00:00 AM,medium
34.1965,-118.9801,12/12/2014 02:00:00 AM,medium
40.3739,-123.363,03/14/2016 12:00:00 AM,medium
47.9231,-122.2987,03/18/2011 04:30:00 AM,medium
21.5782,103.3984,08/23/2013 12:00:00 AM,medium
42.0385,-122.599,12/05/2012 06:47:00 AM,unknown
36.2225,72.1934,03/28/2011 11:00:00 PM,medium
10.0222,106.5408,01/31/2013 12:00:00 AM,medium
40.635,-91.284,03/14/2010 12:00:00 AM,small
39.7958,-121.4519,03/12/2016 08:30:00 PM,medium
5.4429,100.2975,12/05/2013 12:00:00 AM,small
12.1143,102.2681,10/11/2010 12:00:00 AM,medium
44.8855,-123.9384,11/08/2013 03:22:00 AM,unknown
34.2157,-119.0169,01/06/2016 12:00:00 AM,medium
28.3466,85.0058,08/14/2014 12:00:00 AM,medium
38.9608,-122.8275,12/11/2014 09:00:00 AM,small
37.8868,-84.4427,03/18/2013 12:00:00 AM,medium
37.335,-82.8717,03/09/2015 12:00:00 AM,medium
27.4459,88.6193,04/11/2007 12:00:00 AM,medium
25.1553,93.028,04/01/2010 12:00:00 AM,medium
50.479,-122.6205,09/21/2015 12:00:00 AM,medium
30.0075,31.2774,09/07/2008 08:00:00 AM,medium
36.3777,-121.8963,03/16/2011 05:00:00 PM,medium
43.6128,-73.5977,05/15/2011 10:00:00 PM,small
10.3789,123.8514,11/20/2007 12:00:00 AM,medium
39.9141,-91.411,05/29/2013 08:00:00 AM,small
30.2828,78.3041,08/10/2011 12:00:00 AM,medium
15.5238,-90.9778,05/15/2012 12:00:00 AM,medium
44.399,-123.8654,12/24/2015 08:08:00 PM,unknown
21.4007,-157.8224,02/14/2015 09:00:00 AM,medium
34.3331,73.202,03/20/2016 12:00:00 AM,medium
6.9167,81.0333,02/23/2011 12:00:00 AM,medium
28.3922,83.1913,09/03/2013 12:00:00 AM,medium
19.069,72.8703,06/25/2010 12:00:00 AM,medium
16.4956,120.832,05/18/2008 12:00:00 AM,medium
10.6235,123.8937,01/20/2014 12:00:00 AM,medium
40.6634,-75.231,03/12/2013 11:00:00 PM,medium
5.2923,100.249,07/31/2015 09:30:00 AM,small
34.453,-119.653,12/16/2008 12:00:00 AM,small
30.7412,79.4929,07/09/2011 12:00:00 AM,medium
24.0,121.56,07/28/2008 12:00:00 AM,medium
44.0645,-123.8296,03/22/2016 12:00:00 PM,unknown
3.1797,101.6757,10/01/2014 05:50:00 PM,small
1.4833,35.4667,09/07/2007 12:00:00 AM,medium
44.3784,-123.812,12/20/2015 07:20:00 AM,unknown
22.533,92.899,07/30/2007 12:00:00 AM,medium
-0.4167,-78.7833,01/10/2010 11:00:00 PM,medium
41.386,-71.9558,06/07/2013 12:00:00 AM,small
44.0323,-123.8501,12/22/2014 11:32:00 AM,unknown
28.3928,83.5942,05/24/2015 12:00:00 AM,medium
9.2424,125.9825,01/19/2014 12:00:00 AM,medium
21.3825,-157.7724,02/24/2011 08:00:00 AM,small
37.9327,-122.691,12/19/2014 03:00:00 PM,small
40.1854,-80.5432,03/09/2011 11:00:00 PM,small
33.9511,-117.9587,12/22/2010 04:57:00 AM,small
39.625,-106.4879,04/13/2008 12:00:00 AM,small
44.3472,-123.7073,01/18/2012 06:31:00 PM,unknown
18.126,-76.811,08/11/2010 12:00:00 AM,medium
45.9547,7.2083,09/03/2011 07:15:00 PM,medium
13.3125,123.7465,02/12/2012 12:00:00 AM,medium
39.0177,16.1928,03/01/2011 11:00:00 PM,medium
39.0779,-84.4388,03/17/2015 12:00:00 AM,small
51.465,0.1595,01/09/2014 12:00:00 AM,medium
21.8777,104.5658,09/09/2012 12:00:00 AM,large
8.9475,-75.4428,04/24/2009 12:00:00 AM,large
20.81,-156.1166,03/21/2009 09:30:00 AM,small
14.7254,-92.0335,09/07/2013 12:13:00 AM,large
16.5702,120.5204,09/26/2009 12:00:00 AM,medium
34.1933,-112.1327,01/22/2010 12:00:00 AM,small
5.5002,-73.4832,05/03/2011 11:00:00 PM,medium
41.3639,41.6822,09/23/2009 08:00:00 PM,medium
-17.56,178.25,05/05/2007 12:00:00 AM,medium
30.081,101.0106,07/13/2011 06:00:00 AM,medium
36.5891,109.5249,09/30/2014 08:20:00 AM,medium
39.0456,-84.4833,04/21/2011 12:00:00 AM,medium
28.3201,106.8514,10/05/2010 05:25:00 AM,medium
18.432,-66.051,12/12/2007 12:00:00 AM,medium
37.9767,-82.0318,09/01/2016 09:00:00 AM,small
28.1581,109.1974,09/26/2010 04:00:00 AM,medium
50.7088,-2.7592,07/26/2013 03:00:00 PM,small
19.1497,83.6299,08/03/2014 09:00:00 AM,small
61.5666,6.45,01/17/2011 08:00:00 AM,medium
-7.9589,-77.5239,04/14/2009 12:00:00 AM,medium
32.8468,75.137,09/06/2014 12:00:00 AM,medium
40.9522,-73.9215,12/19/2015 09:00:00 AM,medium
21.3302,-157.8143,12/31/2008 12:00:00 AM,small
11.5735,122.1001,07/08/2014 09:00:00 AM,small
-29.9135,30.9419,09/06/2012 11:00:00 PM,medium
50.2405,-57.5886,11/05/2013 11:00:00 PM,small
42.8214,47.1188,03/12/2010 12:00:00 AM,medium
4.9626,8.359,09/04/2013 03:30:00 PM,medium
25.7262,108.7399,12/11/2015 12:00:00 AM,medium
25.1175,92.8573,06/03/2012 12:00:00 AM,medium
-26.3402,31.141,01/17/2012 10:00:00 PM,medium
43.6691,-123.9253,12/04/2012 02:04:00 PM,unknown
-6.892,107.1749,08/25/2010 11:00:00 PM,medium
29.8002,80.2565,06/30/2016 10:00:00 PM,large
-17.5608,178.2168,04/08/2010 03:00:00 PM,medium
45.5169,-122.3587,06/14/2014 12:00:00 PM,large
43.3047,-122.5167,11/20/2012 09:31:00 AM,unknown
0.0482,34.7222,12/14/2015 12:00:00 AM,medium
45.01,-123.9039,03/06/2014 12:00:00 AM,medium
37.8356,-81.969,03/04/2015 12:00:00 AM,medium
44.7273,-124.0576,12/18/2015 08:33:00 PM,unknown
47.8039,-121.5509,01/09/2014 12:00:00 AM,large
47.267,-122.2625,10/18/2016 09:00:00 AM,small
14.6257,-90.5885,08/28/2010 12:00:00 AM,medium
-0.356,-78.148,06/27/2007 12:00:00 AM,medium
6.7425,-76.1551,04/23/2011 11:00:00 PM,medium
28.2399,83.2266,09/03/2013 12:00:00 AM,medium
-7.2337,109.0605,02/06/2013 09:00:00 PM,large
38.8634,-104.917,07/01/2013 11:00:00 PM,medium
-1.1667,29.6667,03/05/2010 11:00:00 PM,medium
36.2063,71.7854,03/20/2016 03:00:00 PM,medium
33.8996,70.1048,04/23/2015 12:00:00 AM,small
34.0682,-117.8056,02/18/2010 09:00:00 AM,small
45.5635,-123.5827,12/08/2015 11:47:00 AM,unknown
53.6865,-2.0992,10/03/2010 09:00:00 AM,small
-36.8642,147.2871,08/23/2013 11:00:00 AM,medium
45.68818457,-122.7038422,02/13/2011 12:12:00 AM,small
29.1376,118.4155,01/20/2014 04:27:00 PM,medium
5.345,100.2487,09/06/2008 12:00:00 AM,medium
27.1761,88.5287,08/20/2009 12:00:00 AM,medium
11.2738,75.8275,06/25/2007 12:00:00 AM,medium
28.76,104.63,07/11/2008 12:00:00 AM,large
17.2183,-88.8519,11/24/2015 10:00:00 AM,small
44.4677,-123.5013,03/26/2012 07:07:00 PM,unknown
23.591,92.9296,09/13/2010 12:00:00 AM,medium
30.7313,78.4358,07/18/2016 12:00:00 AM,medium
21.7653,104.1608,08/22/2010 12:00:00 AM,medium
22.76,113.247,06/11/2007 12:00:00 AM,medium
28.935,82.3125,08/17/2013 09:00:00 AM,medium
30.2851,78.9829,09/03/2010 12:00:00 AM,medium
44.3551,17.9324,05/15/2014 12:00:00 AM,medium
44.041,-123.8748,01/19/2012 12:00:00 AM,small
7.365123589,126.0356157,08/06/2007 12:10:00 PM,large
42.3395,-124.4124,12/08/2014 09:58:00 AM,unknown
28.3742,83.5214,08/09/2013 12:00:00 AM,medium
45.087,-122.0578,03/16/2012 09:00:00 AM,small
1.7397,98.7845,04/02/2014 12:00:00 AM,small
37.4083,-82.904,05/03/2010 12:00:00 AM,small
30.8987,78.3399,09/04/2010 12:00:00 AM,medium
40.4355,-80.0122,01/25/2010 09:00:00 AM,small
-1.7853,116.0932,05/24/2010 12:00:00 AM,medium
44.816,-117.3888,03/26/2014 08:00:00 PM,unknown
6.3236,-75.5455,12/05/2010 02:30:00 PM,very_large
37.775,-83.6772,07/19/2011 07:00:00 PM,small
51.0779,1.1802,02/17/2014 12:00:00 AM,large
-40.1019,176.8655,04/26/2011 09:00:00 AM,medium
10.2825,125.5768,12/24/2013 12:00:00 AM,medium
27.3383,88.6069,05/23/2007 12:00:00 AM,medium
44.1047,-72.4328,06/18/2013 12:00:00 AM,small
45.4928,-122.6738,01/18/2012 08:01:00 AM,unknown
41.9953,-73.2068,01/25/2010 01:40:00 PM,small
-0.9035,100.4243,09/12/2012 05:00:00 PM,medium
18.72,73.47,08/10/2008 12:00:00 AM,medium
8.1747,77.444,11/13/2013 12:00:00 AM,medium
31.4711,77.6746,07/14/2013 12:00:00 AM,medium
10.578,105.574,08/16/2008 12:00:00 AM,medium
45.9641,-123.1705,01/20/2016 01:21:00 PM,unknown
-45.8727,170.5863,06/17/2013 12:00:00 AM,medium
30.904,77.0969,07/25/2010 12:00:00 AM,medium
45.1469,-122.0936,01/13/2011 09:12:00 PM,unknown
45.1623,-117.3062,02/11/2014 12:00:00 AM,large
40.7427,-74.0429,11/27/2013 09:00:00 AM,small
-22.8086,-43.4147,04/06/2010 12:00:00 AM,medium
10.2379,77.6377,10/27/2014 09:00:00 AM,medium
32.5205,130.4431,06/20/2016 11:00:00 PM,medium
-43.5586,170.1794,01/21/2013 02:00:00 PM,medium
21.6252,108.3472,05/20/2010 12:00:00 AM,medium
44.7353,-122.6875,01/19/2012 06:27:00 PM,unknown
11.9773,102.3183,08/02/2010 12:00:00 AM,medium
49.0396,-122.855,01/24/2011 03:00:00 PM,small
14.2138,121.0105,09/13/2009 05:45:00 AM,medium
38.8507,-119.6457,08/20/2012 12:00:00 AM,medium
43.3877,-115.5441,09/12/2013 12:00:00 AM,medium
39.0978,-84.5604,04/25/2011 12:00:00 AM,small
8.9196,124.7837,11/24/2009 12:00:00 AM,medium
28.4115,84.7943,09/30/2011 12:00:00 AM,medium
-0.1799,36.5229,04/22/2013 12:00:00 AM,medium
26.8823,87.9125,06/14/2016 12:00:00 AM,medium
34.11897569,73.87654867,04/21/2011 12:00:00 AM,medium
29.477,80.3491,09/14/2010 12:00:00 AM,medium
57.0624,-6.5345,10/15/2013 12:00:00 AM,small
26.8722,87.3303,09/06/2013 11:00:00 PM,medium
-20.1999,57.5716,06/23/2015 11:00:00 PM,small
28.2135,84.7277,05/02/2015 12:00:00 AM,small
-13.6291,-72.8718,03/18/2012 12:00:00 AM,medium
-43.72511118,169.2058993,04/27/2016 12:00:00 AM,large
16.9413,120.9074,10/08/2009 12:00:00 AM,medium
47.5876,-122.3807,01/01/1997 12:00:00 AM,medium
31.1345,-89.2276,12/18/2009 12:00:00 AM,small
47.4481,-122.3633,12/12/2010 09:00:00 AM,medium
5.4175,100.2676,09/11/2013 12:00:00 AM,medium
46.0534,-123.6638,07/12/2012 11:12:00 PM,unknown
27.9167,84.25,09/05/2007 12:00:00 AM,medium
45.2004,-122.2189,11/05/2014 12:00:00 AM,small
7.4227,80.6309,11/26/2010 12:00:00 AM,medium
-9.5744,160.1445,04/13/2013 06:00:00 PM,medium
18.2341,-92.8901,12/16/2015 12:00:00 AM,medium
40.5806,-109.059,06/18/2013 12:00:00 AM,small
9.465206953,98.90492974,11/13/2010 11:00:00 PM,medium
34.6113,74.9499,08/21/2012 12:00:00 AM,medium
45.2771,-123.8289,03/02/2012 08:19:00 AM,unknown
28.715,113.587,11/07/2008 12:00:00 AM,medium
46.0205,-122.8777,12/11/2015 08:54:00 AM,unknown
5.2505,-75.5001,12/16/2011 12:00:00 AM,large
35.4962,-84.2738,01/24/2010 04:30:00 PM,small
27.9547,120.6434,09/28/2016 12:00:00 AM,medium
13.7856,124.1604,11/24/2007 12:00:00 AM,medium
36.0026,-114.8324,08/14/2014 03:00:00 PM,small
44.01,-91.5055,10/05/2013 11:00:00 PM,small
49.8153,-102.3192,07/15/2014 12:00:00 AM,small
50.7155,-1.8793,09/15/2016 12:00:00 AM,medium
-36.9929,174.888,08/25/2008 12:00:00 AM,medium
-6.3,147.6,05/24/2008 12:00:00 AM,large
43.6511,-123.8817,02/28/2011 07:00:00 AM,small
13.1807,43.9549,05/23/2016 12:00:00 AM,medium
44.7568,-122.4789,12/22/2014 03:24:00 PM,unknown
-23.0189,-43.4788,04/06/2010 12:00:00 AM,medium
14.549,-90.4191,05/30/2010 12:00:00 AM,medium
39.2,-107.23,08/07/2008 12:00:00 AM,medium
34.0873,-116.9176,08/03/2014 12:00:00 AM,medium
24.9829,93.5063,09/01/2013 12:00:00 AM,medium
-7.9819,112.6265,02/25/2009 11:00:00 PM,medium
50.854,0.5745,02/01/2014 12:27:00 PM,large
44.049,-122.8753,09/29/2013 07:40:00 PM,unknown
15.4838,73.8164,01/11/2011 12:00:00 AM,medium
44.0091,-123.7615,03/30/2012 08:36:00 AM,unknown
38.9519,-81.9082,02/24/2016 04:00:00 AM,small
52.4356,-9.4709,09/03/2008 12:00:00 AM,medium
28.0063,83.7826,07/11/2010 09:00:00 AM,medium
47.9517,-122.1944,03/01/2012 01:45:00 AM,small
27.5687,85.34,07/13/2014 12:00:00 AM,small
38.9625,-121.0526,03/15/2011 11:00:00 PM,small
10.6857,-61.5989,08/05/2010 01:45:00 PM,small
5.8498,95.2701,12/27/2014 12:00:00 AM,medium
-38.6763,143.8478,01/12/2011 12:00:00 AM,medium
1.0439,34.2583,08/12/2007 12:00:00 AM,medium
-22.4804,-43.1852,01/16/2011 09:00:00 AM,medium
28.3536,82.3997,06/29/2013 12:00:00 AM,medium
39.1065,-84.501,04/25/2011 12:00:00 AM,small
39.3937,-81.1966,07/13/2010 12:00:00 AM,small
25.5125,93.3613,06/29/2011 12:00:00 AM,medium
34.4275,-119.092,12/31/2010 06:00:00 PM,small
30.7333,78.4403,09/12/2010 12:00:00 AM,medium
10.3494,123.9334,08/08/2013 09:00:00 PM,medium
9.3147,-79.7975,05/10/2016 12:00:00 AM,small
36.1807,-93.203,03/20/2015 12:00:00 AM,small
16.7667,120.7617,08/19/2013 12:00:00 AM,medium
6.534614009,5.868706113,07/21/2016 12:00:00 AM,medium
34.5677,73.1543,02/05/2011 12:00:00 AM,medium
33.7403,77.7559,07/21/2015 12:00:00 AM,small
36.5989,-93.3097,04/25/2011 12:00:00 AM,small
36.7619,36.4354,07/16/2013 08:00:00 AM,medium
7.704271157,126.1419759,08/29/2013 09:00:00 AM,medium
30.7467,78.4517,07/29/2010 12:00:00 AM,medium
27.5161,88.5575,09/30/2011 12:00:00 AM,medium
41.0752,-74.5894,03/14/2010 12:00:00 AM,medium
32.0637,102.9905,07/07/2012 12:00:00 AM,large
45.5635,-123.5827,12/08/2015 06:00:00 PM,unknown
7.7299,125.0989,07/16/2011 08:00:00 PM,small
-16.5293,-68.0861,02/26/2011 06:00:00 PM,large
34.785,73.5206,10/01/2016 12:00:00 AM,medium
45.2419,-123.6046,12/28/1998 12:00:00 AM,small
-18.7677,-40.9752,12/30/2010 12:00:00 AM,medium
25.31006064,94.48265093,08/15/2010 11:00:00 PM,medium
47.8501,-122.2146,12/26/2012 12:00:00 AM,medium
26.0746,97.3668,12/25/2015 06:00:00 PM,medium
46.8317,-121.7468,06/24/2011 12:00:00 AM,medium
23.6679,120.8766,05/23/2010 12:00:00 AM,medium
19.6699,73.5111,07/12/2011 05:15:00 PM,medium
45.53,-122.7701,12/20/2012 12:00:00 PM,medium
27.6276,87.7924,06/14/2016 08:00:00 PM,medium
37.9939,-108.0216,07/20/2016 02:30:00 PM,medium
48.1136,-123.3754,01/28/2016 12:00:00 AM,small
7.825,98.3819,08/10/2015 11:00:00 PM,small
-22.8926,-43.0987,04/06/2010 12:00:00 AM,medium
34.3778,-118.47,10/14/2007 06:45:00 AM,medium
19.3074,101.8343,08/13/2013 12:00:00 AM,medium
45.2122,-122.2282,03/02/2011 12:08:00 AM,unknown
27.982,85.9757,07/25/2008 12:00:00 AM,medium
24.4236,121.0135,07/13/2013 03:00:00 AM,medium
9.9786,-83.8542,03/20/2015 08:00:00 AM,medium
34.1619,77.5528,08/06/2010 12:30:00 AM,large
28.11,83.68,05/29/2010 09:00:00 AM,medium
30.9544,77.5063,09/19/2010 12:00:00 AM,medium
43.4222,-124.0323,11/28/2011 09:20:00 AM,unknown
34.3006,105.8268,07/26/2013 09:30:00 AM,medium
11.78,124.89,03/20/2012 08:30:00 AM,medium
-2.53,140.7161,01/24/2013 12:00:00 AM,medium
35.1634,-82.1818,12/01/2015 12:00:00 AM,small
32.9262,75.1447,07/11/2015 12:00:00 AM,medium
30.6738,77.3544,07/14/2013 12:00:00 AM,medium
38.6987,-119.7712,07/01/2015 03:00:00 PM,small
10.2863,123.8533,10/10/2010 11:30:00 PM,medium
29.5311,81.9616,08/25/2011 12:00:00 AM,medium
38.7122,-122.0471,12/02/2012 12:00:00 AM,medium
-22.8279,-43.0221,04/06/2010 12:00:00 AM,medium
39.1224,-84.4488,02/23/2016 11:00:00 PM,small
8.4441,98.5132,05/29/2016 12:00:00 AM,medium
37.4285,-82.5745,03/03/2014 09:00:00 AM,large
28.51,81.48,09/21/2008 12:00:00 AM,medium
52.2351,-10.2545,06/17/2012 12:00:00 AM,medium
31.5304,77.7755,08/21/2010 12:00:00 AM,medium
24.684,121.1483,08/21/2013 06:00:00 PM,medium
2.3078,97.8297,02/01/2008 12:00:00 AM,medium
-16.3556,-71.4842,03/07/2009 12:00:00 AM,medium
47.689,-122.4021,02/16/2014 12:00:00 AM,medium
58.5624,-137.0834,02/16/2014 05:24:00 AM,very_large
-13.4459682,-72.26000997,02/06/2010 12:00:00 AM,medium
48.6976,-122.4957,11/27/2009 12:00:00 AM,small
41.4312,-81.392,06/27/2015 01:00:00 PM,small
29.3879,-82.4854,07/21/2011 12:00:00 AM,medium
-5.8645,105.7474,02/08/2010 11:00:00 PM,medium
37.5666,126.9778,07/15/2011 12:00:00 AM,large
18.5084,-69.9047,10/03/2016 12:00:00 AM,small
34.80316285,74.21346155,04/03/2014 12:00:00 AM,small
3.0651,101.7342,12/31/2014 06:00:00 PM,medium
44.9454,-118.9956,01/17/2011 03:38:00 AM,unknown
44.0319,-123.8481,02/20/2012 03:06:00 PM,unknown
29.5659,80.3657,08/05/2013 12:00:00 AM,medium
-22.8776,-43.0978,04/06/2010 12:00:00 AM,medium
41.3936,41.4323,08/24/2015 12:00:00 AM,medium
48.2873,-120.0646,08/21/2014 11:00:00 PM,medium
24.9925,93.5,08/20/2009 12:00:00 AM,medium
5.9586,10.1475,08/04/2009 04:00:00 PM,medium
10.4775,123.763,12/29/2014 12:00:00 AM,medium
3.7944,113.6308,01/22/2014 12:00:00 AM,unknown
27.4082091,87.29003611,09/26/2011 11:20:00 PM,medium
10.5543,-84.8946,10/03/2013 12:00:00 AM,medium
29.1554,114.4393,06/10/2011 08:00:00 AM,medium
45.5325,-122.7106,12/07/2015 12:00:00 AM,small
30.7198,77.1695,09/19/2010 12:00:00 AM,medium
12.9752,77.6092,02/08/2008 12:00:00 AM,medium
48.3475,-124.523,03/23/2015 08:00:00 AM,small
10.1557,-83.9717,05/22/2016 12:00:00 AM,medium
28.9205,95.3429,06/26/2014 11:00:00 PM,medium
27.8732,85.9259,09/14/2010 12:00:00 AM,medium
33.9243,74.6163,04/05/2015 12:00:00 AM,medium
27.6438,93.871,06/12/2016 11:00:00 PM,medium
39.1904,-106.8152,07/04/2011 12:00:00 AM,small
-7.3686,108.5684,10/09/2016 12:00:00 AM,medium
8.1469,125.137,10/09/2012 12:00:00 AM,medium
35.7356,-106.765,09/20/2016 12:00:00 AM,small
36.0739,72.0406,02/25/2015 12:00:00 AM,medium
28.0583,82.402,07/14/2013 12:00:00 AM,medium
45.2222,-122.242,11/05/2014 02:22:00 PM,unknown
9.7327,76.8403,05/28/2008 12:00:00 AM,medium
27.0076,88.251,06/27/2015 11:00:00 PM,medium
37.4861,-122.2364,12/02/2014 09:00:00 AM,small
29.3908,79.4552,07/10/2015 12:00:00 AM,medium
38.4069,-82.4333,05/18/2011 12:00:00 AM,small
-19.6168,-40.8262,12/21/2013 04:00:00 AM,medium
45.8737,6.8935,03/03/2007 12:00:00 AM,small
44.6908,-121.9962,12/25/2014 05:29:00 AM,unknown
8.2101,126.2848,01/11/2009 12:00:00 AM,medium
24.8286,93.5935,05/31/2011 02:30:00 PM,medium
32.371,77.2468,08/06/2010 01:00:00 AM,medium
7.6235,80.6349,02/07/2011 12:00:00 AM,medium
45.5891,-122.0776,12/04/2014 11:49:00 AM,unknown
40.4252,-79.8071,07/23/2013 12:00:00 AM,small
4.9751,115.9243,06/04/2014 12:00:00 AM,small
42.0855,-76.0213,03/12/2016 01:00:00 PM,small
9.7177,124.3378,01/25/2011 12:00:00 AM,medium
5.8305,95.3103,12/27/2014 12:00:00 AM,medium
-6.9788,106.7018,11/04/2011 12:00:00 AM,medium
42.0806,-124.3122,12/13/2015 06:53:00 AM,unknown
16.3922,120.6794,08/04/2007 12:00:00 AM,medium
40.02,125.0444,07/24/2016 12:00:00 AM,unknown
27.2298,94.0989,06/15/2008 12:00:00 AM,medium
43.3197,-73.9295,03/18/2011 11:00:00 PM,medium
49.2658,-123.2643,10/22/2014 12:00:00 AM,small
5.7216,-76.3187,06/10/2016 03:00:00 PM,large
57.1225,-135.3549,09/19/2014 12:00:00 AM,large
40.4171,49.7973,10/07/2015 12:00:00 AM,large
21.9148,-159.5157,02/26/2012 09:00:00 AM,small
43.3207,-72.0358,04/29/2008 12:00:00 AM,small
-6.5689,106.7867,02/22/2012 10:00:00 PM,medium
43.689,-91.2806,08/19/2007 12:00:00 AM,medium
24.4136,91.7561,05/10/2014 09:00:00 AM,small
-6.8463,106.7234,11/05/2014 12:00:00 AM,medium
36.7545,-3.9515,01/14/2014 12:00:00 AM,medium
-1.1161,35.8736,11/17/2015 12:00:00 AM,medium
24.7032,101.6378,11/09/2011 03:30:00 AM,medium
29.5833,80.2167,09/06/2007 12:00:00 AM,large
39.2089,-106.9909,08/19/2010 03:00:00 PM,small
42.7204,44.5015,05/17/2014 12:00:00 AM,medium
33.023,-117.105,12/17/2008 12:00:00 AM,small
45.8081,-115.7979,02/18/2016 12:00:00 AM,small
44.7174,-119.1038,08/03/2013 12:41:00 PM,unknown
43.322,-122.6946,03/13/2011 11:18:00 AM,unknown
25.9703,91.8584,09/06/2015 03:00:00 PM,medium
39.221,71.188,04/01/2007 12:00:00 AM,medium
34.8142,74.3225,08/15/2010 12:00:00 AM,medium
39.1168,-108.3523,07/18/2013 12:00:00 AM,medium
22.6461,97.3193,10/06/2010 12:00:00 AM,medium
33.6303,74.4838,05/14/2015 09:00:00 AM,small
8.4951,76.921,11/13/2013 04:00:00 AM,medium
16.5332,80.6103,08/31/2010 12:00:00 AM,medium
26.6738,118.91,07/09/2016 12:00:00 AM,medium
11.5644,-85.5964,11/23/2014 03:00:00 PM,medium
41.485,72.3374,06/16/2016 11:00:00 PM,medium
25.5145,90.2023,08/18/2015 09:00:00 AM,medium
47.9502,-122.2935,04/01/2011 11:45:00 AM,small
32.2473,78.037,07/13/2015 11:00:00 PM,small
36.6619,-79.7199,05/09/2008 12:00:00 AM,small
27.36,87.6681,06/11/2015 12:00:00 AM,large
45.9572,-123.9267,12/08/2015 05:35:00 PM,unknown
30.262,79.2191,07/24/2013 12:00:00 AM,medium
46.9469,-123.32,01/28/2016 12:00:00 AM,medium
21.52,-158.2278,01/03/2014 01:00:00 AM,medium
43.3321,-90.595,06/23/2010 12:00:00 AM,medium
21.9564,106.6974,09/17/2014 12:00:00 AM,medium
39.1854,16.158,11/23/2011 12:00:00 AM,small
12.6445,75.605,08/10/2008 12:00:00 AM,medium
7.4237,80.6104,11/26/2010 12:00:00 AM,medium
34.1622,108.903,11/10/2007 03:20:00 PM,medium
33.7453,74.1794,02/05/2015 12:00:00 AM,medium
6.7254,-72.726,08/25/2010 12:00:00 AM,medium
14.3666,-90.2848,07/04/2014 12:00:00 AM,medium
-6.9903,110.4009,01/18/2014 12:00:00 AM,medium
9.8721,76.7046,06/02/2011 12:00:00 AM,medium
45.5313,-122.7193,10/15/2012 12:00:00 AM,medium
48.6226,21.3669,06/04/2010 09:00:00 AM,medium
11.2415,-60.6742,09/01/2007 12:00:00 AM,medium
24.4267,98.5852,07/21/2014 06:00:00 AM,medium
46.67,-111.96,07/22/2008 12:00:00 AM,small
1.2628,35.415,10/17/2014 12:00:00 AM,small
-6.622,106.7161,03/25/2013 12:00:00 AM,large
13.4952,123.6166,10/15/2016 12:00:00 AM,medium
33.4418,-117.6454,04/09/2015 12:00:00 AM,small
54.417,13.4343,04/19/2008 12:00:00 AM,medium
44.7665,-91.496,06/18/2011 08:40:00 PM,small
35.3884,-83.4985,05/08/2013 12:00:00 AM,medium
26.6537,105.7688,07/15/2014 09:00:00 AM,small
7.0804,125.6147,07/01/2011 12:00:00 AM,medium
39.0968,-84.4086,05/03/2011 09:00:00 AM,small
14.8489,120.2652,07/09/2016 12:00:00 AM,unknown
13.3201,123.5841,12/27/2012 12:00:00 AM,medium
43.6412,-123.6626,01/18/2016 11:07:00 AM,unknown
40.5175,-81.4305,03/22/2007 12:00:00 AM,small
44.379,-122.7696,03/30/2012 04:24:00 PM,unknown
-1.8667,121.5,10/12/2010 12:00:00 PM,large
44.4014,-122.6312,01/16/2011 09:00:00 AM,medium
-1.0478,102.9334,01/23/2012 12:00:00 AM,medium
44.6635,-123.949,04/06/2010 09:00:00 AM,medium
36.5539,-83.9789,01/16/2013 12:00:00 AM,medium
11.683,77.571,08/22/2014 10:30:00 PM,medium
42.4149,-124.4205,12/09/2015 12:00:00 AM,small
45.2514,-123.1632,12/07/2015 12:32:00 PM,unknown
3.1588,101.7575,06/29/2011 12:00:00 AM,medium
47.5244,12.4306,06/02/2013 12:00:00 AM,medium
16.4996,120.8329,10/18/2010 12:00:00 AM,medium
19.153,72.9266,06/25/2010 12:00:00 AM,medium
45.857,-118.9067,11/30/2014 03:22:00 PM,unknown
15.0275,74.1623,06/18/2016 12:00:00 AM,medium
51.2717,-0.8823,02/10/2014 12:00:00 AM,large
17.4303,73.5097,08/30/2011 12:00:00 AM,medium
23.7118,90.4077,07/19/2011 12:00:00 AM,large
41.1569,48.58,04/01/2010 12:00:00 AM,medium
15.4508,43.9605,03/26/2007 12:00:00 AM,medium
45.0664,9.2635,04/28/2009 12:00:00 AM,medium
47.479,-122.359,12/12/2010 12:00:00 AM,small
32.76390852,77.28272548,06/29/2017 01:10:00 PM,medium
35.5278,-83.0992,01/18/2013 12:00:00 AM,medium
53.29,-1.4425,02/20/2014 12:00:00 AM,unknown
-27.3865,152.7853,01/10/2011 12:00:00 AM,small
47.4186,-121.4332,12/14/2015 09:00:00 AM,small
6.8894,81.0402,01/06/2011 06:00:00 PM,medium
37.7589,-119.5585,10/08/2009 12:00:00 AM,medium
-12.15,-76.2333,12/16/2009 12:00:00 AM,medium
44.7862,-124.0707,12/21/2015 12:35:00 PM,unknown
48.2264,-114.3032,06/19/2014 09:00:00 AM,small
22.7496,120.685,05/22/2016 12:00:00 AM,small
34.6609,73.9593,04/08/2015 12:00:00 AM,small
39.7842,-105.0743,06/18/2016 07:15:00 AM,medium
25.38,91.88,07/26/2007 12:00:00 AM,medium
45.9759,-117.2619,01/10/2014 10:11:00 AM,unknown
26.1548,91.7351,09/23/2011 12:00:00 AM,large
3.2211,101.5768,05/17/2014 10:40:00 AM,small
50.4546,-104.6071,06/22/2011 12:00:00 AM,medium
32.76766801,-117.0727241,04/06/2016 09:00:00 AM,medium
7.2,126.046,05/18/2009 12:00:00 AM,large
-8.3383,115.1389,12/13/2010 12:00:00 AM,medium
27.81963827,84.46652548,07/11/2010 11:00:00 PM,medium
34.93977198,76.83270934,12/16/2007 12:00:00 AM,medium
34.0876,74.0225,02/08/2010 06:00:00 PM,medium
-1.2247,116.8785,02/20/2010 11:45:00 PM,medium
-29.7736,151.1112,03/03/2013 12:00:00 AM,medium
45.1932,-122.1948,02/14/2014 06:53:00 PM,unknown
29.7453,98.5567,10/22/2011 07:30:00 AM,medium
34.514,104.149,07/22/2013 07:45:00 AM,medium
47.413,-122.0488,05/10/2014 10:00:00 AM,medium
18.1639,100.2433,07/02/2016 09:00:00 AM,small
47.5871,-121.9257,12/08/2015 12:00:00 AM,small
11.1954,-60.6764,04/26/2013 12:00:00 AM,large
8.9763,-79.5391,06/24/2014 12:00:00 AM,small
28.2887,83.8974,08/17/2015 12:00:00 AM,medium
36.8324,-121.6945,02/26/2010 12:00:00 AM,small
33.23738085,75.24528226,01/09/2008 12:00:00 AM,medium
45.3537,-118.1936,04/14/2012 08:10:00 PM,unknown
33.7248,-118.3218,02/05/2010 08:00:00 PM,small
62.4746,6.1628,03/26/2008 12:00:00 AM,medium
-26.3974,153.0871,10/08/2010 06:00:00 PM,small
13.229,-59.54,10/22/2008 12:00:00 AM,medium
46.1213,-123.2408,12/19/2012 06:05:00 PM,unknown
-36.6008,149.4481,03/05/2012 12:00:00 AM,medium
19.305,-70.6,11/01/2007 12:00:00 AM,large
44.0662,-123.8392,12/12/2015 08:24:00 PM,unknown
43.3047,-122.5169,12/01/2012 05:21:00 AM,unknown
40.4836,-79.9043,03/15/2015 01:30:00 PM,small
19.3071,-155.1474,03/16/2014 12:00:00 AM,medium
-22.9089,-43.0868,04/06/2010 12:00:00 AM,medium
19.745,-72.2152,11/01/2014 12:00:00 AM,medium
13.6016,-87.1482,05/26/2016 10:00:00 PM,medium
10.5979,123.478,12/28/2011 12:00:00 AM,large
22.479,92.967,07/30/2007 12:00:00 AM,medium
30.2258,78.3755,08/08/2011 12:00:00 AM,medium
37.2648,-82.9738,05/03/2010 12:00:00 AM,small
29.6095,79.6628,07/22/2010 12:00:00 AM,medium
10.676,-61.516,11/16/2008 12:00:00 AM,medium
40.4427,-80.0342,03/10/2009 03:00:00 PM,small
44.1157,-122.4605,02/18/2012 08:50:00 PM,unknown
35.2538,73.2113,03/23/2016 12:00:00 AM,medium
27.15977181,88.63411246,08/16/2009 09:30:00 PM,medium
39.1832,140.1175,11/21/2013 03:20:00 PM,medium
42.2791,-123.6161,02/07/2015 06:14:00 AM,unknown
-0.4635,-77.8928,02/28/2008 12:00:00 AM,medium
44.5502,-120.3469,12/08/2015 07:05:00 AM,unknown
-43.5569,172.7171,07/09/2013 12:00:00 AM,small
43.89,-91.34,07/16/2008 12:00:00 AM,small
47.8603,-122.3348,01/21/2016 09:20:00 AM,small
-18.089,178.068,01/04/2015 12:00:00 AM,small
10.32,123.84,01/19/2012 02:00:00 AM,medium
10.3448,77.5666,07/09/2015 12:00:00 AM,medium
29.3631,115.4786,01/19/2007 12:00:00 AM,medium
36.1638,-87.5085,04/27/2011 08:00:00 AM,small
25.0045,118.698,08/19/2007 12:00:00 AM,medium
8.8021,-83.1335,11/13/2009 12:00:00 AM,medium
29.4848,119.2777,05/29/2016 09:00:00 AM,medium
30.9013,79.5322,09/19/2010 06:00:00 PM,medium
30.241,78.9,07/11/2015 12:00:00 AM,medium
30.7341,104.092,07/02/2011 12:00:00 AM,large
27.8965,96.1779,04/21/2010 12:00:00 AM,medium
17.7963,96.1703,05/02/2008 12:00:00 AM,medium
35.1307,-85.3186,12/09/2009 12:00:00 AM,small
4.4606,101.3941,01/16/2008 05:30:00 PM,medium
44.5328,18.6705,01/08/2010 12:00:00 AM,medium
37.6603,-119.8577,07/21/2015 06:00:00 PM,small
35.8777,-121.4336,03/27/2011 06:00:00 PM,medium
39.9744,-121.2776,12/21/2015 09:00:00 AM,medium
-5.4535,105.2666,01/24/2013 12:00:00 AM,medium
48.1411,-53.9059,09/26/2010 12:00:00 AM,medium
6.3344,124.946,05/13/2012 09:00:00 AM,medium
-6.8122,107.1453,04/02/2012 10:00:00 PM,medium
4.679,114.5042,01/25/2011 12:00:00 AM,medium
47.9161,-122.3189,11/29/2014 05:00:00 PM,medium
-26.8494,152.8915,06/06/2008 12:00:00 AM,small
34.0966,73.4995,02/06/2011 12:00:00 AM,medium
10.716,-61.546,12/19/2008 12:00:00 AM,medium
27.4513,87.6093,06/05/2013 10:00:00 PM,large
40.1909,-80.6687,04/16/2011 03:00:00 PM,small
42.3069,-124.4101,11/20/2012 06:10:00 AM,unknown
37.4204,-79.12,09/19/2010 11:00:00 PM,small
26.9226,107.3407,08/30/2014 09:00:00 AM,medium
11.9312,108.4652,08/26/2013 12:00:00 AM,medium
40.4634,-80.613,03/14/2008 12:00:00 AM,small
25.6682,94.1099,06/28/2011 12:00:00 AM,medium
-22.1546,-42.4268,01/12/2011 12:00:00 AM,medium
27.2667,85.9667,09/10/2007 11:00:00 PM,large
43.6609,-123.3327,03/21/2012 03:18:00 PM,unknown
16.8686,96.1433,01/24/2016 09:30:00 AM,medium
46.1906,7.4086,05/03/2015 12:00:00 AM,small
27.7801,84.4384,07/06/2013 09:00:00 AM,medium
11.4191,-9.1765,11/20/2013 12:00:00 AM,medium
24.004,93.9815,08/01/2015 12:00:00 AM,medium
29.9531,78.1514,08/28/2013 06:00:00 PM,medium
-23.0145,-43.2915,04/06/2010 12:00:00 AM,medium
49.4736,-123.235,12/11/2014 12:00:00 AM,medium
27.2879,88.2579,06/23/2011 11:30:00 PM,large
34.0633,-118.7002,02/28/2014 05:00:00 AM,medium
11.8154,122.0943,01/30/2012 02:00:00 PM,medium
30.9947,110.3272,11/20/2007 12:00:00 AM,large
47.5121,-122.3919,12/30/2010 09:00:00 AM,small
50.9749,-119.1813,02/08/2015 12:00:00 AM,medium
40.3782,-79.9213,04/14/2011 12:30:00 PM,medium
37.676,-82.2719,03/11/2015 03:00:00 PM,small
-16.8214,145.6342,02/08/2009 02:00:00 AM,medium
15.3239,108.69,10/26/2008 12:00:00 AM,medium
10.3114,123.9013,06/06/2008 12:00:00 AM,medium
45.5317,-122.2527,01/11/2015 11:12:00 PM,unknown
30.4542,78.3911,06/24/2013 12:00:00 AM,medium
-22.6053,-43.7034,04/06/2010 12:00:00 AM,medium
1.15,34.4,05/10/2010 12:00:00 AM,medium
42.0981,21.1342,03/20/2010 03:00:00 PM,medium
10.4792,124.9986,02/16/2012 05:45:00 AM,medium
25.5242,92.9914,10/09/2010 12:00:00 AM,medium
27.8694,103.5109,07/27/2013 05:00:00 PM,medium
5.8332,-76.2408,06/10/2016 02:00:00 PM,large
33.0809,75.2966,03/15/2015 11:00:00 PM,medium
51.0552,-0.845,12/24/2013 12:00:00 AM,small
41.48,72.3077,06/16/2016 11:00:00 PM,medium
40.4849,-80.0128,05/09/2015 12:20:00 PM,small
32.4298,75.5807,08/07/2016 12:00:00 AM,medium
-22.7418,-46.901,07/07/2011 09:00:00 AM,medium
42.8296,21.577,01/12/2010 12:00:00 AM,medium
40.2544,-111.6296,04/11/2009 11:30:00 AM,small
10.1981,-84.0074,05/13/2012 12:00:00 AM,medium
33.0097,74.9402,02/26/2010 11:00:00 PM,medium
-3.4661,102.7942,02/08/2015 12:00:00 AM,medium
41.7062,44.7246,06/15/2015 06:00:00 PM,small
37.0905,-121.7522,03/27/2011 08:00:00 AM,medium
42.66,-122.6994,11/30/2012 10:50:00 AM,unknown
45.5599,-123.8924,07/17/2011 10:07:00 AM,unknown
45.9835,9.4,12/26/2013 12:00:00 AM,medium
44.8383,-123.9725,12/28/1998 12:00:00 AM,small
30.506,79.1127,07/11/2011 12:00:00 AM,medium
30.3306,98.1578,10/19/2014 12:00:00 AM,medium
5.8544,116.2981,05/31/2013 04:00:00 AM,medium
33.775,74.0934,08/29/2012 12:00:00 AM,medium
47.7139,-122.2777,12/12/2010 12:00:00 AM,small
3.1518,101.6784,12/04/2008 12:00:00 AM,medium
45.5137,-122.3701,03/19/2015 06:00:00 PM,medium
44.0967,-116.0504,01/16/2011 12:00:00 AM,medium
50.4972,-4.21,12/25/2013 12:00:00 AM,medium
28.2872,84.2015,08/04/2015 12:00:00 AM,medium
-22.9925,-43.2542,04/06/2010 12:00:00 AM,medium
8.7415,-82.5175,05/02/2016 11:00:00 PM,medium
24.6869,93.9157,07/25/2011 12:00:00 AM,medium
30.0553,101.9649,07/24/2009 12:00:00 AM,large
40.1192,-105.3896,09/12/2013 01:00:00 AM,very_large
43.6516,-90.857,04/11/2008 12:00:00 AM,medium
15.1238,108.8117,11/20/2008 12:00:00 AM,medium
33.242,75.231,05/08/2007 12:00:00 AM,medium
35.1045,119.3247,09/03/2016 12:00:00 AM,medium
27.21898773,89.5187916,05/21/2010 12:00:00 AM,medium
44.6993,-122.2134,12/23/2014 12:16:00 PM,unknown
-22.8872,-42.9878,04/06/2010 12:00:00 AM,medium
33.7975,-85.762,03/15/2011 12:00:00 AM,small
44.4257,-124.0675,11/27/2012 09:48:00 AM,unknown
24.3083,91.7333,05/18/2009 08:00:00 AM,medium
4.9833,114.917,01/08/2007 12:00:00 AM,medium
37.75,-119.5676,10/08/2008 12:00:00 AM,medium
33.7124,-117.6407,12/22/2010 12:00:00 AM,small
-7.3111,109.9139,01/20/2010 03:00:00 PM,medium
31.2025,97.2296,06/24/2015 12:00:00 AM,medium
22.2251,92.19,07/31/2009 12:00:00 AM,medium
35.2059,107.7984,08/09/2010 11:00:00 PM,medium
33.1847,75.8062,10/12/2010 06:00:00 PM,medium
-18.109,178.438,03/21/2010 11:00:00 AM,small
21.1899,92.1571,06/15/2010 12:00:00 AM,medium
27.9032,96.174,05/08/2014 12:00:00 AM,medium
26.8998,86.7014,07/03/2011 12:00:00 AM,medium
42.7371,-124.4763,11/20/2012 09:15:00 AM,unknown
44.158,-123.5778,12/17/2015 06:01:00 PM,unknown
16.5172,80.6024,04/26/2015 12:00:00 AM,small
46.4768,-116.4548,03/26/2012 12:00:00 AM,small
16.91792918,121.0580434,07/28/2010 03:00:00 PM,medium
16.3668,120.6087,08/21/2015 12:00:00 AM,medium
34.2437,-117.6561,08/03/2014 03:00:00 PM,medium
37.4698,-82.8518,02/16/2016 04:00:00 AM,small
44.4573,18.673,05/16/2014 12:00:00 AM,small
16.8694,121.1024,09/27/2011 02:00:00 AM,medium
35.1719,106.5255,07/24/2010 08:00:00 AM,medium
8.8604,124.7893,11/24/2009 12:00:00 AM,medium
25.4191,94.1079,07/07/2011 12:00:00 AM,medium
9.1618,99.8725,03/26/2011 12:00:00 AM,medium
45.8249,-115.533,04/23/2016 09:00:00 AM,small
-22.9428,-43.3581,12/31/2009 12:00:00 AM,medium
33.1457,75.7964,08/07/2016 12:00:00 AM,medium
40.6124,-105.2801,07/28/2013 05:15:00 PM,medium
-3.9636,39.7476,05/31/2015 11:00:00 PM,medium
33.9513,74.9845,05/05/2008 12:00:00 AM,medium
21.375,-157.933,12/11/2008 12:00:00 AM,small
38.1947,15.5406,03/10/2010 12:00:00 AM,medium
35.2631,73.1724,02/06/2011 12:00:00 AM,medium
12.8041,74.8678,07/04/2016 08:00:00 AM,small
25.1056,121.7072,09/24/2010 12:00:00 AM,medium
34.175,-118.0451,01/18/2010 12:00:00 AM,small
47.9582,-122.2489,02/17/2013 06:00:00 PM,small
27.4373,90.4678,08/14/2015 11:00:00 AM,medium
35.6259,-83.4184,08/22/2010 06:00:00 PM,small
44.4022,-123.8743,12/22/2015 03:55:00 AM,unknown
30.9044,77.0969,08/24/2012 12:00:00 AM,medium
17.91,-92.8956,10/07/2015 12:00:00 AM,medium
60.6408,6.0477,06/10/2011 12:00:00 AM,medium
27.5862,104.8613,01/16/2013 12:00:00 AM,medium
8.9176,124.8974,01/31/2011 12:00:00 AM,medium
-11.9374,-76.701,02/15/2009 08:00:00 AM,medium
47.4092,-122.4398,12/12/2010 12:00:00 AM,medium
18.509,-72.345,08/26/2008 12:00:00 AM,medium
-5.096,104.014,11/10/2013 06:00:00 PM,medium
45.816,-122.7257,12/30/2012 12:00:00 AM,medium
55.4119,-131.7228,01/14/2014 09:00:00 AM,medium
43.0266,-76.3302,06/06/2013 10:00:00 AM,small
-0.7888,29.8214,05/15/2010 12:00:00 AM,medium
17.0898,120.9527,06/07/2016 12:00:00 AM,medium
34.5396,73.3461,07/16/2016 11:00:00 PM,medium
45.7157,-123.2373,01/15/2011 12:01:00 AM,medium
6.8426,125.4137,02/25/2013 04:00:00 AM,medium
45.4999,-123.6041,03/14/2016 09:35:00 AM,unknown
-6.5857,106.8269,11/03/2011 09:00:00 AM,medium
1.6818,-77.7319,02/14/2014 12:00:00 AM,large
-22.9463,-43.2103,04/06/2010 12:00:00 AM,medium
-28.8648,151.8718,05/27/2016 08:00:00 AM,small
27.4167,86.6667,09/01/2009 10:00:00 PM,large
27.0713,88.4308,08/25/2007 12:00:00 AM,medium
26.6842,100.7508,07/26/2010 12:00:00 AM,medium
32.17,77.1788,07/14/2013 12:00:00 AM,medium
33.2907,-87.5506,06/10/2015 12:00:00 AM,medium
51.7026,-3.1414,02/10/2014 12:00:00 AM,medium
12.34,122.56,01/07/2012 12:00:00 AM,medium
39.9213,-120.0177,07/21/2015 12:00:00 AM,small
37.5685,126.9811,07/27/2011 12:00:00 AM,large
44.8003,-122.4157,01/21/2011 12:00:00 AM,medium
42.5804,-72.6018,03/07/2011 05:00:00 AM,medium
32.5606,76.1206,07/26/2015 12:00:00 AM,small
-22.82,-43.1789,04/06/2010 12:00:00 AM,medium
18.6101,-97.1295,08/05/2016 12:00:00 AM,small
44.7573,-122.4893,02/04/2011 10:58:00 PM,unknown
42.4294,-124.423,03/22/2012 02:33:00 AM,unknown
44.4054,-122.2244,03/31/2012 05:53:00 PM,unknown
40.8305,-75.0776,09/08/2011 12:00:00 AM,small
6.9698,81.039,10/03/2010 12:00:00 AM,medium
26.8716,94.9921,07/20/2010 12:00:00 AM,medium
1.68,-76.97,12/23/2010 06:00:00 PM,large
44.98,-114.06,07/22/2008 12:00:00 AM,medium
35.4481,139.6421,09/24/2012 12:00:00 AM,medium
33.6941,73.0399,08/12/2014 12:00:00 AM,small
38.7745,-120.7897,03/07/2011 01:30:00 PM,medium
16.4064,120.5583,10/08/2009 12:00:00 AM,medium
54.81,-5.7647,03/28/2016 12:00:00 AM,small
45.5633,-123.8934,02/04/2011 10:30:00 PM,unknown
31.1628,77.7241,07/06/2013 12:00:00 AM,medium
26.09748244,91.8744337,07/19/2016 09:00:00 AM,medium
-7.2964,109.7189,12/12/2014 11:00:00 PM,medium
-45.8358,170.6646,06/17/2013 12:00:00 AM,medium
37.0812,-121.9459,03/14/2012 09:00:00 AM,small
12.7512,124.0328,11/14/2010 12:00:00 AM,small
19.2372,-104.5656,10/12/2011 12:00:00 AM,medium
27.4,92.35,10/29/2008 12:00:00 AM,medium
48.0265,-123.4048,08/15/2009 12:00:00 AM,medium
27.3702,88.7334,09/04/2010 12:00:00 AM,medium
45.3412,-121.6944,08/24/2015 12:00:00 AM,small
45.1373,-122.0822,01/06/2011 03:30:00 PM,unknown
45.8988,-123.5055,03/08/2011 10:08:00 AM,unknown
48.5346,-121.7306,11/26/2014 09:00:00 AM,small
37.5665,126.978,06/29/2011 01:00:00 PM,medium
40.5755,-79.8282,05/18/2011 09:40:00 PM,medium
44.2282,-117.0552,06/04/2011 04:03:00 PM,unknown
-0.3998,100.2812,11/07/2008 12:00:00 AM,large
3.1857,101.7673,09/19/2009 05:30:00 PM,medium
44.6573,-123.8373,11/25/2014 09:46:00 AM,unknown
26.89,88.47,06/17/2009 04:00:00 AM,medium
7.0611,121.9325,06/30/2015 12:00:00 AM,small
40.212,-80.5778,03/09/2011 11:00:00 PM,medium
44.138,-124.1248,12/20/2014 12:00:00 AM,small
44.158,-123.5777,01/21/2012 06:56:00 AM,unknown
30.0428659,101.0280474,07/13/2011 12:00:00 AM,large
4.0072,103.2747,12/27/2014 09:00:00 AM,medium
28.023,83.8049,09/17/2012 11:00:00 PM,medium
-22.983,-43.1976,04/06/2010 12:00:00 AM,small
38.647,-109.9818,08/19/2010 12:00:00 AM,medium
27.5108,86.02,04/10/2016 11:00:00 PM,medium
30.7221,78.6437,08/20/2010 12:00:00 AM,medium
42.3946,-122.2137,03/29/2014 10:10:00 PM,unknown
7.1306,80.4548,05/17/2016 03:00:00 PM,large
30.5631,79.5765,04/28/2015 12:00:00 AM,small
28.7434,82.4753,07/15/2011 09:00:00 AM,large
15.3796,-90.5316,12/14/2008 11:00:00 PM,medium
22.54,114.05,06/29/2008 12:00:00 AM,large
44.7825,-119.6211,04/24/2011 09:50:00 AM,unknown
39.4842,71.0587,07/29/2016 12:00:00 AM,medium
41.7902,23.1572,03/05/2015 12:00:00 AM,small
38.4638,-123.0104,03/14/2012 12:00:00 AM,small
47.6177,-122.2818,12/11/2010 12:00:00 AM,medium
47.6949,-122.2782,12/12/2010 12:00:00 AM,small
46.5951,-116.1712,04/07/2011 12:00:00 AM,medium
26.443,111.792,06/11/2007 12:00:00 AM,medium
50.3413,-122.7468,09/28/2010 08:00:00 AM,medium
29.6394,80.7179,06/30/2016 11:00:00 PM,medium
-7.7235,110.0302,02/05/2016 08:00:00 PM,medium
44.3104,-123.6315,05/27/2011 01:45:00 PM,unknown
29.3064,81.0561,08/11/2015 12:00:00 AM,medium
1.3745,110.36,12/30/2013 07:00:00 AM,medium
42.8729,-112.4389,08/23/2013 03:00:00 PM,medium
47.4174,-123.1316,03/10/2014 12:00:00 AM,unknown
24.3527,94.3429,07/22/2011 12:00:00 AM,small
3.2289,101.7111,11/30/2008 12:00:00 AM,medium
17.5482,-99.5137,09/16/2013 12:00:00 AM,medium
24.2607,120.94,06/04/2012 12:00:00 AM,medium
11.7771,124.8872,10/21/2011 03:30:00 AM,medium
26.0977,94.7499,06/07/2013 12:00:00 AM,medium
16.4512,120.5733,10/19/2016 11:00:00 PM,medium
43.2955,-122.4829,10/24/2014 10:06:00 PM,unknown
47.8952,-122.652,12/21/2015 12:00:00 AM,medium
40.432,-80.0062,04/13/2011 09:00:00 AM,small
36.8071,-121.7725,12/05/2012 12:00:00 AM,medium
27.02459801,88.43849551,08/16/2009 09:00:00 AM,medium
-33.15,18.66,07/06/2008 12:00:00 AM,medium
11.6652,39.6515,08/24/2010 06:00:00 PM,medium
23.5134,111.0843,08/17/2013 03:50:00 AM,medium
46.1163,-123.2666,12/19/2012 08:48:00 PM,unknown
44.4099,8.6944,03/19/2016 12:00:00 AM,small
39.0718,-120.9641,11/29/2014 12:00:00 PM,small
47.6161,-120.7202,03/30/2011 12:00:00 AM,small
37.6475,-122.4936,02/16/2008 12:00:00 AM,medium
34.2239,-118.2002,01/20/2010 12:00:00 AM,small
44.6296,-122.9825,11/14/2011 09:08:00 AM,unknown
32.2067,76.3641,07/25/2010 12:00:00 AM,medium
47.7339,-122.3746,12/07/2015 06:00:00 PM,medium
25.38,104.1369,07/02/2013 08:00:00 AM,medium
39.795619,-110.932131,08/04/2017 07:58:00 PM,small
43.4125,-124.224,02/18/2016 08:36:00 PM,medium
46.8694,-122.3487,03/17/2014 07:00:00 AM,medium
44.6567,-123.7497,03/15/2016 08:44:00 AM,unknown
-34.2232,18.8279,11/16/2013 11:00:00 PM,medium
46.866,-122.3402,02/28/2011 04:00:00 PM,medium
25.1622,92.0104,02/25/2016 01:00:00 PM,small
-5.4589,104.7045,07/29/2013 09:00:00 AM,medium
12.3502,-84.8098,06/23/2014 12:00:00 AM,medium
46.6007,-116.6566,04/01/2012 12:00:00 AM,medium
-22.9337,-43.031,04/06/2010 12:00:00 AM,medium
43.3172,-122.8293,01/19/2012 01:12:00 PM,unknown
45.7528,-123.9636,02/12/2014 03:32:00 AM,unknown
0.7089,107.7503,10/18/2008 12:00:00 AM,medium
47.42644308,-121.4379104,09/11/2005 01:00:00 AM,medium
4.4927,101.3842,11/10/2013 06:35:00 PM,small
-41.1349,145.9144,10/03/2016 12:00:00 AM,small
6.5368,124.5618,08/12/2011 12:00:00 AM,medium
36.2792,74.6006,10/25/2015 12:00:00 AM,large
16.2109,101.0521,06/03/2013 09:00:00 AM,medium
-6.9857,107.1424,11/16/2008 12:00:00 AM,medium
14.4544,121.1982,10/15/2016 10:00:00 PM,medium
43.4574,16.6114,03/11/2010 06:30:00 PM,medium
45.5278,-122.6652,02/12/2014 12:00:00 AM,medium
27.9333,84.4167,07/01/2011 12:00:00 AM,medium
38.6401,-122.8778,03/24/2011 08:00:00 AM,medium
41.549,-124.0611,04/02/2011 06:00:00 PM,small
38.7809,-106.2922,07/02/2015 12:00:00 AM,medium
11.2109,-60.7429,11/14/2013 12:00:00 AM,medium
44.7947,-107.9215,10/05/2016 09:30:00 AM,medium
-7.2454,109.8148,09/25/2016 07:00:00 AM,large
-17.9785,178.5253,04/05/2016 12:00:00 AM,small
6.067357382,116.5887854,06/15/2015 03:15:00 PM,large
41.7878,-95.6841,09/24/2014 12:00:00 AM,small
44.4065,-123.954,03/30/2012 04:07:00 AM,unknown
44.6356,-123.28,01/19/2012 09:00:00 AM,small
46.4719,15.0836,09/18/2007 12:00:00 AM,medium
40.1625,-123.7874,03/30/2011 09:20:00 AM,medium
49.2065,-122.9038,09/19/2010 12:00:00 AM,small
32.2278,78.071,08/18/2012 12:00:00 AM,medium
-17.9984,178.5358,12/28/2014 09:00:00 AM,medium
-15.3004,166.9182,03/15/2014 12:00:00 AM,large
37.6954,-119.7269,01/07/2016 05:55:00 AM,medium
-7.3901,109.3613,04/08/2012 09:00:00 PM,medium
39.942,-75.1572,06/10/2013 07:30:00 PM,medium
6.7077,100.7451,12/07/2010 12:00:00 AM,medium
42.6881,-124.4338,03/09/2016 10:52:00 PM,unknown
40.4826,-111.646,09/15/2015 12:00:00 AM,small
-7.0607,147.0348,07/13/2010 02:00:00 AM,medium
43.7624,-119.0029,09/04/2013 04:04:00 PM,unknown
40.2506,-111.6324,05/30/2015 03:00:00 PM,small
44.8559,-123.9567,02/28/2013 09:58:00 AM,unknown
7.743877992,125.669611,05/19/2011 04:00:00 PM,medium
45.5844,-122.1947,01/16/2011 12:00:00 AM,small
46.1856,-123.7517,07/17/2015 09:40:00 AM,unknown
28.0889,85.6352,07/21/2011 12:00:00 AM,medium
28.2638,83.9725,07/20/2011 09:00:00 AM,medium
45.5605,-123.9332,05/09/2015 04:57:00 PM,unknown
37.66,-82.26,07/09/2008 12:00:00 AM,small
49.3274,-121.542,01/14/2011 08:00:00 AM,medium
26.8905,88.2789,08/02/2007 12:00:00 AM,medium
25.1657,101.58,11/01/2008 12:00:00 AM,large
26.9282,88.4553,07/04/2015 06:00:00 PM,small
16.9752,120.911,08/15/2010 12:00:00 AM,medium
44.4751,-123.4719,03/30/2012 04:13:00 AM,unknown
42.8004,-77.3018,06/28/2010 12:00:00 PM,small
21.505,-158.0336,12/11/2008 12:00:00 AM,small
32.398,104.5931,10/06/2016 06:00:00 AM,medium
43.3045,-122.5206,04/01/2013 07:11:00 AM,unknown
37.6745,-119.7826,06/21/2016 11:00:00 PM,medium
38.5313,-118.4526,08/07/2014 12:00:00 AM,medium
30.0712,80.2386,07/04/2013 12:00:00 AM,medium
30.8203,78.6185,07/25/2013 12:00:00 AM,medium
37.7479,-25.2026,03/14/2013 05:00:00 PM,medium
42.24,-123.0786,12/22/2012 01:24:00 PM,unknown
37.7786,-81.9395,12/10/2013 09:00:00 AM,medium
27.0096,88.2548,08/29/2007 12:00:00 AM,medium
9.6811,118.5489,07/04/2015 05:00:00 PM,small
13.4058,-86.6122,09/27/2015 12:00:00 AM,medium
37.0971,-121.9908,03/24/2011 04:00:00 PM,medium
29.9816,103.0129,08/13/2012 12:00:00 AM,medium
37.0273,-121.8202,10/14/2009 12:00:00 AM,small
45.5664,-123.1063,12/07/2015 08:38:00 PM,unknown
39.0545,-94.6478,03/22/2012 08:00:00 AM,small
28.0075,84.088,07/02/2011 12:00:00 AM,medium
9.929,-84.4428,05/22/2010 06:00:00 PM,medium
46.9838,-123.939,01/05/2015 06:35:00 AM,medium
19.678,73.5036,07/30/2014 12:00:00 AM,medium
41.8931,23.1064,07/16/2013 09:45:00 AM,medium
19.567,-101.7098,02/05/2010 12:00:00 AM,medium
49.5638,-121.4083,01/07/2011 04:30:00 PM,medium
18.7833,73.4703,06/21/2015 12:00:00 AM,small
-22.9111,-43.0728,04/06/2010 12:00:00 AM,medium
32.2322,76.3037,08/07/2013 03:30:00 AM,medium
47.6475,-116.1167,03/30/2011 12:00:00 AM,small
7.794,126.1632,01/11/2014 09:00:00 AM,medium
37.8868,-122.6271,12/19/2014 03:00:00 PM,small
40.22156009,-80.66727437,03/11/2011 08:00:00 AM,medium
29.5248,103.3545,04/07/2010 01:50:00 PM,large
26.9435,88.4445,08/17/2010 08:00:00 AM,medium
9.9108,-84.1764,10/01/2010 12:00:00 AM,medium
42.66,-122.6995,12/13/2015 04:20:00 AM,unknown
38.3989,-81.585,02/21/2016 02:00:00 PM,medium
26.7324,88.4089,06/13/2007 12:00:00 AM,small
-41.2869,174.0184,11/28/2013 04:00:00 PM,medium
31.7085,76.9297,07/26/2015 12:00:00 AM,small
42.9627,-123.8388,01/06/2011 01:21:00 PM,unknown
10.8111,122.2686,08/08/2009 07:00:00 PM,large
34.8075,73.6889,10/07/2010 12:00:00 AM,medium
38.384,-82.5201,07/07/2015 12:00:00 AM,small
45.9953,-122.8771,12/08/2015 09:21:00 PM,unknown
44.8452,-120.8982,12/21/2013 10:49:00 AM,unknown
40.5305,-79.8506,10/28/2015 11:00:00 AM,medium
19.2201,97.3876,10/11/2015 12:00:00 AM,medium
26.8861,88.1704,10/12/2016 12:00:00 AM,medium
13.8703,-89.8486,09/05/2007 12:00:00 AM,medium
33.0677,75.1466,09/07/2014 12:00:00 AM,medium
34.62798026,105.7402908,08/12/2010 06:00:00 PM,medium
42.6798,-122.6169,01/21/2012 03:26:00 PM,unknown
45.5598,-123.8924,11/14/2015 03:03:00 PM,unknown
34.2074,-118.1258,01/18/2010 12:00:00 AM,small
44.122,-116.1117,03/29/2016 12:00:00 AM,medium
10.8388,123.495,01/10/2012 03:50:00 PM,medium
-1.463,101.086,02/06/2016 12:00:00 AM,medium
33.8763,-117.6602,12/29/2010 11:30:00 AM,small
-22.5037,-43.2172,01/12/2011 04:00:00 AM,large
47.3848,-122.4801,10/10/2010 02:45:00 AM,small
34.0666,-118.9962,11/30/2014 03:00:00 PM,medium
8.646,-13.2279,09/11/2008 12:00:00 AM,medium
27.7292,112.8215,06/15/2016 07:00:00 AM,unknown
43.2878,-122.5804,02/06/2015 03:52:00 AM,unknown
51.9565,0.9666,03/13/2013 05:00:00 PM,medium
-7.711258905,110.0557389,06/18/2016 12:00:00 AM,large
33.1677,-117.0232,01/21/2010 09:00:00 AM,small
1.4145,35.3574,06/19/2013 12:00:00 AM,medium
63.562,-149.6437,10/17/2013 12:00:00 AM,medium
45.2076,-123.8864,01/16/2011 09:02:00 AM,unknown
16.6319,120.8333,08/16/2016 12:00:00 AM,medium
16.9332,120.4786,02/17/2012 12:00:00 AM,medium
27.9142,83.7876,07/22/2013 12:00:00 AM,medium
-17.3945,-66.1614,01/11/2016 12:00:00 AM,medium
36.1207,103.3173,02/07/2012 04:40:00 PM,medium
34.2183,-118.1936,02/06/2010 08:00:00 AM,small
45.2224,-123.8754,11/13/2015 09:02:00 PM,unknown
12.1512,123.6452,12/18/2015 12:00:00 AM,medium
31.7501,110.6807,05/01/2012 02:00:00 PM,medium
9.35,-83.678,09/06/2008 12:00:00 AM,medium
37.1995,-80.0628,07/03/2013 11:00:00 PM,medium
12.2736,108.9163,04/02/2012 12:00:00 AM,medium
13.6048,123.5215,02/12/2012 12:00:00 AM,medium
15.7833,121.4667,11/09/2011 05:00:00 PM,medium
35.311,73.3197,04/03/2016 12:00:00 AM,large
28.0791,96.5242,03/22/2011 12:00:00 AM,medium
-36.9516,174.57,05/15/2013 12:00:00 AM,medium
31.0,77.12,08/14/2008 12:00:00 AM,medium
48.2452,-120.1105,05/28/2015 05:30:00 PM,medium
15.2546,-61.269,08/27/2015 03:00:00 PM,large
34.0604,74.4203,04/03/2015 12:00:00 AM,small
35.5008,-93.6821,05/10/2015 12:00:00 AM,small
20.5349,73.1703,08/20/2014 06:00:00 PM,medium
4.5374,-75.6502,11/04/2011 11:00:00 PM,large
38.34,-81.6,07/09/2008 12:00:00 AM,small
14.601,120.9762,09/26/2009 12:00:00 AM,medium
40.6235,-111.7443,04/14/2009 11:00:00 PM,small
48.7178,-113.7187,09/17/2016 12:00:00 AM,medium
-13.44799948,-72.25984911,02/09/2010 12:00:00 AM,medium
15.3288,-61.347,12/24/2013 02:00:00 AM,large
10.8549,106.7188,07/01/2015 11:00:00 PM,medium
10.4919,-66.9022,12/06/2011 12:00:00 AM,very_large
13.6396,123.2806,08/25/2011 08:30:00 PM,medium
35.5867,-82.5517,12/04/2015 12:00:00 AM,unknown
27.5001,86.8669,07/10/2013 12:00:00 AM,medium
30.1665,78.1123,07/21/2011 12:00:00 AM,medium
40.8269,-111.9024,08/05/2014 06:00:00 AM,medium
1.0571,110.6565,12/28/2011 08:00:00 PM,medium
44.8114,-123.027,01/18/2012 04:30:00 PM,unknown
-17.9665,178.4367,04/20/2008 12:00:00 AM,small
18.7631,73.347,08/07/2015 03:30:00 AM,small
-8.626481143,120.4401609,03/03/2007 12:00:00 AM,medium
45.678,-120.8065,11/07/2013 03:14:00 AM,unknown
6.8196,80.8448,05/04/2013 12:00:00 AM,medium
50.9186,-2.6853,05/30/2014 12:00:00 AM,small
27.3341,88.6083,04/17/2010 03:00:00 PM,small
29.4605,81.682,08/23/2010 12:00:00 AM,medium
26.0319,94.5466,06/24/2015 12:00:00 AM,medium
29.3083,81.057,09/12/2009 12:00:00 AM,medium
27.231,103.1931,07/13/2010 12:00:00 AM,large
33.0648,-117.3049,12/22/2010 12:00:00 AM,small
33.7705,74.0967,08/14/2013 12:00:00 AM,medium
47.93,-120.5182,07/24/2015 12:00:00 AM,small
32.1967,76.3194,08/11/2015 11:00:00 PM,medium
24.5958,72.7169,08/09/2011 12:00:00 AM,medium
48.82884106,-122.274004,02/21/2014 12:00:00 AM,small
-26.6144,153.0265,10/08/2010 11:00:00 PM,small
36.25,137.65,06/23/2011 12:00:00 AM,medium
18.431,79.1492,06/25/2007 12:00:00 AM,medium
4.4119,101.3801,11/06/2014 06:30:00 PM,medium
33.5006,-117.7431,10/04/2015 11:00:00 PM,medium
34.1491,76.826,07/03/2011 12:00:00 AM,medium
47.6416,-122.2199,12/14/2006 12:00:00 AM,small
40.0118,-79.9935,05/13/2011 12:00:00 AM,medium
35.5994,137.6087,07/08/2014 05:40:00 PM,medium
45.6706,-121.9383,11/02/2007 12:00:00 AM,small
35.0629,-118.6257,07/20/2015 12:00:00 AM,medium
17.58,120.7744,07/27/2008 12:00:00 AM,medium
44.8793,-116.9925,03/10/2014 12:04:00 PM,unknown
30.4554,78.0973,07/16/2016 03:00:00 PM,medium
11.2181,-60.6234,04/18/2012 12:00:00 AM,medium
7.2094,100.5901,01/06/2011 04:00:00 AM,medium
37.5588,-105.135,07/27/2008 12:00:00 AM,small
27.0765,88.4808,06/16/2010 12:00:00 AM,medium
6.9769,80.7816,01/09/2011 12:00:00 AM,medium
39.544,-77.7175,06/21/2015 09:00:00 AM,small
9.9271,-84.4568,07/30/2010 09:30:00 AM,medium
31.0349,112.4408,06/14/2011 12:00:00 AM,medium
35.049,72.7541,07/30/2010 12:00:00 AM,large
1.2197,34.3479,08/29/2011 12:00:00 AM,medium
25.0801,121.6586,09/24/2010 12:00:00 AM,medium
13.5107,123.0319,12/08/2014 09:00:00 AM,small
45.942,-122.7759,12/09/2015 03:00:00 PM,medium
14.5832,-90.7379,09/04/2010 12:00:00 AM,medium
34.5208,110.0312,07/23/2010 11:00:00 PM,medium
6.9658,80.7577,01/13/2007 12:00:00 AM,large
52.801,-8.8776,08/24/2009 12:50:00 PM,small
27.1249,93.7706,10/01/2014 11:00:00 AM,small
37.6577,138.9862,07/30/2011 12:00:00 AM,medium
10.124,-61.5329,10/23/2014 09:00:00 AM,medium
-8.6974,160.8362,05/20/2016 12:00:00 AM,medium
39.1294,-107.2838,10/19/2016 12:00:00 AM,medium
29.5023,82.2504,08/21/2011 12:00:00 AM,medium
26.1677,94.2442,06/12/2016 12:00:00 AM,unknown
52.97967084,-119.3923999,06/08/2014 10:05:00 PM,medium
22.75,104.6667,08/27/2008 12:00:00 AM,medium
40.542,-79.7241,12/21/2013 04:15:00 PM,small
13.8487,-61.0613,10/31/2010 12:00:00 AM,medium
45.0228,-123.8317,03/12/2010 12:00:00 AM,medium
15.1754,-87.8164,01/22/2015 12:00:00 AM,small
17.7297,100.6846,09/09/2011 08:00:00 AM,medium
-34.2,-71.0167,09/07/2009 08:00:00 AM,medium
15.949,73.9667,07/30/2010 12:00:00 AM,medium
45.8168,-73.9024,04/20/2014 11:00:00 PM,small
13.8176,-85.688,10/08/2015 12:00:00 AM,medium
41.5041,-75.982,03/11/2011 01:00:00 AM,medium
-28.131,153.2893,12/04/2010 12:00:00 AM,medium
43.6511,-123.8851,02/28/2011 06:43:00 AM,unknown
6.8339,100.9366,12/07/2010 12:00:00 AM,medium
22.2931,103.9618,07/24/2010 12:00:00 AM,medium
45.9782,-123.1913,12/01/2012 07:12:00 AM,unknown
10.0421,-84.5577,11/04/2010 12:00:00 AM,medium
27.174,95.8011,06/25/2012 12:00:00 AM,large
16.5141,80.6055,09/17/2010 09:00:00 AM,medium
8.4418,-73.2665,08/03/2010 12:00:00 AM,medium
50.3778,-121.6682,07/18/2016 12:00:00 AM,medium
33.8474,134.6991,08/05/2014 12:00:00 AM,small
15.3379,-61.361,08/17/2007 12:00:00 AM,small
53.7187,-2.0998,10/23/2012 12:00:00 AM,medium
28.4659,95.86,04/08/2012 12:00:00 AM,medium
45.5317,-122.2571,05/14/2011 06:09:00 PM,unknown
45.8556,-118.906,08/25/2013 10:20:00 AM,unknown
27.8009,84.8423,08/01/2016 07:00:00 AM,medium
18.1254,-66.67,08/24/2014 12:00:00 AM,medium
38.2967,-105.2706,05/19/2015 12:00:00 AM,small
32.3032,-64.7792,02/15/2014 12:00:00 AM,medium
37.9252,-121.9117,03/24/2011 12:30:00 PM,small
28.0764,83.2519,07/28/2007 12:00:00 AM,medium
45.5153,-122.7004,12/28/2010 10:00:00 PM,small
10.3355,123.9054,10/10/2010 12:00:00 AM,medium
44.1921,-72.4975,05/29/2011 12:00:00 PM,small
12.896,74.8735,07/29/2010 12:00:00 AM,medium
-14.2956,-170.6777,12/28/2009 12:00:00 AM,medium
-16.6872,178.7081,04/01/2012 11:00:00 PM,medium
35.4134,-83.1068,07/01/2013 12:00:00 AM,small
8.5055,98.2868,07/04/2013 08:00:00 AM,medium
49.9145,-116.9155,06/24/2012 12:00:00 PM,medium
9.7534,122.4786,10/07/2013 12:00:00 AM,large
30.4783,78.2741,05/31/2011 06:00:00 PM,medium
21.5332,94.4332,08/08/2007 12:00:00 AM,medium
6.5046,-75.3081,11/14/2014 12:00:00 AM,medium
52.99189019,-119.324928,05/05/2017 08:27:00 PM,small
18.4281,121.0642,10/18/2010 12:00:00 AM,medium
-22.9638,-43.4762,04/06/2010 12:00:00 AM,medium
54.4884,-0.5974,10/01/2014 12:00:00 AM,small
54.458,-6.2947,11/11/2011 12:00:00 AM,medium
30.688,79.0478,09/11/2014 12:00:00 AM,medium
30.6463,79.5306,08/09/2010 12:00:00 AM,medium
12.9711,76.2728,10/03/2010 12:00:00 AM,medium
15.2074,108.7103,11/11/2010 12:00:00 AM,medium
50.4072,-117.8821,11/19/2015 12:00:00 AM,medium
24.7505,93.4221,08/27/2010 04:30:00 PM,medium
44.4635,-123.509,01/26/2012 08:41:00 AM,unknown
-5.8556,142.9354,01/24/2012 06:30:00 AM,large
25.4477,94.0489,07/22/2015 12:00:00 AM,medium
33.8294,-116.9746,12/04/2014 01:00:00 AM,medium
11.8006,125.3731,02/20/2013 10:30:00 PM,medium
45.6721,-121.877,02/28/2014 05:05:00 PM,unknown
28.1881,84.8711,06/26/2015 06:00:00 PM,medium
-7.5532,109.475,06/18/2016 06:00:00 PM,medium
6.4737,125.0676,06/30/2014 03:00:00 PM,medium
9.7285,76.803,08/17/2012 12:00:00 AM,medium
26.284,94.5808,08/04/2013 12:00:00 AM,medium
26.149,91.7351,06/20/2012 12:00:00 AM,medium
25.0672,93.4093,05/22/2011 12:00:00 AM,medium
64.4112,-14.5624,02/01/2012 04:00:00 AM,medium
30.3797,78.5017,06/18/2013 03:00:00 PM,medium
6.217,-75.576,11/16/2008 12:00:00 AM,large
9.2038,123.596,07/28/2011 12:00:00 AM,medium
6.08,-75.639,08/18/2008 12:00:00 AM,medium
19.7698,-72.2085,05/27/2014 12:00:00 AM,small
25.08,75.72,08/10/2008 12:00:00 AM,medium
-39.4585,173.8561,08/31/2015 12:00:00 AM,medium
24.1988,94.1016,08/01/2015 12:00:00 AM,medium
11.0551,122.4742,05/17/2008 12:00:00 AM,medium
32.1764,76.3075,08/12/2015 09:00:00 AM,medium
15.5946,107.966,10/30/2007 12:00:00 AM,medium
44.699,-122.2227,11/15/2015 11:00:00 AM,unknown
-22.233,-43.1105,01/12/2011 12:00:00 AM,medium
37.9472,41.5061,09/09/2008 12:00:00 AM,medium
6.050341784,116.5515647,06/10/2015 03:00:00 PM,medium
11.7148,125.0704,09/14/2012 12:00:00 AM,large
30.6945,79.0544,06/17/2013 12:00:00 AM,large
39.87,-121.611,12/24/2008 12:00:00 AM,small
35.2507,137.8163,07/14/2010 12:00:00 AM,medium
16.8495,120.7996,08/22/2015 03:30:00 AM,large
42.7404,-73.6385,03/09/2008 12:00:00 AM,small
-17.9642,-65.4614,01/20/2010 12:00:00 AM,medium
28.2168,83.6666,07/12/2007 12:00:00 AM,medium
31.0766,77.3913,08/07/2011 12:00:00 AM,medium
52.9903,-119.3106,06/07/2013 12:30:00 PM,medium
-22.9428,-43.1861,04/06/2010 12:00:00 AM,medium
38.1923,15.5555,10/01/2009 12:00:00 AM,large
27.9715,85.9623,05/01/2015 12:00:00 AM,small
44.4307,-121.8753,04/07/2011 03:32:00 PM,unknown
3.0665,101.6235,02/24/2011 04:30:00 PM,medium
46.6723,9.6947,08/13/2014 12:30:00 PM,small
31.5124,78.1181,06/17/2016 12:00:00 AM,large
-2.7571,121.0874,05/03/2011 09:00:00 AM,medium
44.3502,-122.7875,11/19/2015 09:58:00 AM,unknown
-6.250474027,106.8416895,04/21/2012 02:00:00 PM,medium
43.2804,-115.4953,09/12/2013 06:00:00 PM,medium
3.615081882,125.4911931,06/21/2016 05:30:00 PM,large
44.6276,-123.9969,12/21/2015 10:09:00 AM,unknown
11.4098,76.6939,11/09/2009 12:00:00 AM,medium
17.0224,121.8319,07/16/2016 12:00:00 AM,small
36.1062,-81.6475,01/28/2016 09:45:00 AM,medium
13.8491,-61.0656,10/31/2010 12:00:00 AM,medium
39.0189,-84.4536,04/21/2011 12:00:00 AM,small
-0.4777,100.3467,04/16/2010 12:00:00 AM,medium
14.8955,-87.9423,07/31/2014 11:00:00 PM,small
29.3577,80.3109,12/23/2013 03:00:00 PM,medium
39.1226,-84.4756,07/01/2013 11:00:00 PM,small
32.9411,75.0922,11/07/2014 12:00:00 AM,medium
49.4109,-123.2403,01/06/2016 09:00:00 AM,medium
42.6404,-73.8216,04/20/2015 12:00:00 AM,medium
5.45,-75.0167,11/20/2010 12:00:00 AM,medium
29.5326,82.1482,06/18/2013 12:00:00 AM,medium
32.3682,75.5227,02/15/2012 12:00:00 AM,medium
33.4581,-117.6705,12/21/2010 02:00:00 PM,small
42.1876,-124.3246,12/24/2014 01:05:00 PM,unknown
19.1711,73.0207,07/24/2013 12:00:00 AM,medium
-8.0011,-34.9029,06/17/2010 12:00:00 AM,medium
-6.7663,146.4261,10/16/2016 07:00:00 PM,medium
44.7184,-110.4966,05/20/2015 12:00:00 AM,small
44.392,-123.8345,12/28/1998 12:00:00 AM,small
4.0391,9.6857,07/29/2011 12:00:00 AM,medium
45.5775,-122.0991,12/26/1996 12:00:00 AM,small
40.7659,-123.1034,12/19/2010 12:00:00 AM,medium
-0.6772,34.7716,04/22/2013 12:00:00 AM,large
43.3775,-124.1172,02/15/2011 06:15:00 AM,unknown
45.2675,-120.2759,09/16/2013 02:29:00 AM,unknown
-15.2086,-72.8973,02/28/2010 12:00:00 AM,medium
47.223,-122.4396,03/14/2011 08:00:00 AM,small
10.3622,123.8639,07/20/2011 12:00:00 AM,medium
12.1969,124.5528,12/08/2008 12:00:00 AM,medium
23.4715,120.6976,08/19/2007 12:00:00 AM,medium
41.2581,-89.2025,04/18/2013 10:00:00 AM,medium
8.9458,125.5319,01/10/2014 06:00:00 PM,medium
40.7397,-123.0315,12/19/2010 03:44:00 PM,medium
15.4918,-91.7671,05/30/2014 06:00:00 PM,small
48.3122,-120.6576,09/05/2013 11:45:00 PM,medium
9.9643,-84.252,09/19/2014 03:00:00 PM,small
50.68119878,-1.075344154,04/01/2016 12:00:00 AM,small
35.2746,73.2235,01/12/2013 12:00:00 AM,medium
48.0943,-122.4971,03/12/2011 09:00:00 AM,medium
15.4168,-89.8207,08/28/2010 12:00:00 AM,medium
0.907,-77.791,01/26/2016 12:00:00 AM,medium
8.8543,-82.1825,12/21/2015 12:00:00 AM,small
16.3671,120.6318,10/18/2010 12:00:00 AM,medium
16.8333,121.1167,09/29/2007 12:00:00 AM,medium
44.5397,-123.381,03/31/2012 05:05:00 PM,unknown
11.3,124.9667,03/17/2011 02:00:00 AM,medium
48.749,-123.4541,12/12/2010 08:00:00 AM,small
49.6603,-110.2674,04/29/2010 12:00:00 AM,medium
47.4294,-121.4248,01/05/2015 12:00:00 AM,small
11.3192,76.5959,07/25/2013 12:00:00 AM,medium
45.8753,-123.1691,01/13/2011 09:00:00 AM,small
3.588727623,125.4938591,06/22/2016 12:00:00 AM,medium
27.7276,88.0446,08/29/2010 10:00:00 PM,medium
40.436,-80.0361,03/15/2016 12:00:00 AM,medium
43.276,-122.4564,12/20/2014 10:45:00 PM,unknown
13.3703,100.9953,07/14/2014 03:00:00 PM,small
40.6319,-115.3703,04/03/2016 12:00:00 AM,small
6.0061,-72.924,05/08/2011 12:00:00 AM,medium
33.601,130.5823,07/24/2009 12:00:00 AM,medium
37.1409,101.5121,07/02/2015 07:00:00 AM,small
16.4244,120.678,08/19/2013 12:00:00 AM,medium
-0.5713,101.3782,07/29/2011 12:00:00 AM,medium
8.4863,76.9517,11/13/2013 12:00:00 AM,medium
6.2674,-75.5758,11/13/2010 12:00:00 AM,medium
22.2666,104.07,08/07/2008 12:00:00 AM,medium
47.5817,-122.4957,03/13/2011 08:00:00 AM,small
44.5268,-119.6313,11/07/2013 06:09:00 PM,unknown
45.576,8.0499,11/12/2014 09:00:00 AM,medium
52.438,-9.43,08/22/2008 12:00:00 AM,medium
43.9984,-123.6953,12/20/2012 09:23:00 AM,unknown
-34.0298,18.3497,06/15/2011 06:00:00 PM,small
43.6164,-122.1355,11/19/2015 08:47:00 AM,unknown
35.4888,133.104,07/16/2010 02:00:00 AM,medium
39.6942,-123.7976,03/11/2016 12:00:00 AM,medium
46.978,-123.796,01/04/2015 11:00:00 PM,medium
-32.8091,149.8098,09/10/2008 11:00:00 PM,medium
25.79,113.02,06/27/2008 12:00:00 AM,large
26.1095,103.1552,10/28/2014 12:00:00 AM,medium
14.6808,-90.5214,07/21/2010 12:00:00 AM,medium
6.9366,80.6953,11/02/2012 12:00:00 AM,medium
41.88,-124.1308,03/30/2012 12:00:00 AM,small
44.146,-71.9677,08/06/2008 12:00:00 AM,small
27.6041,84.8603,08/23/2010 12:00:00 AM,medium
27.8776,94.25,06/01/2013 12:00:00 AM,large
34.5625,73.8319,07/02/2007 12:00:00 AM,large
30.6025,-103.911,10/08/2015 12:00:00 AM,medium
26.6057,118.7483,04/24/2012 03:30:00 PM,medium
12.3511,-84.8064,06/23/2014 12:00:00 AM,medium
46.8212,-121.8046,08/13/2015 09:40:00 AM,medium
35.6804,113.6385,08/24/2010 03:00:00 PM,medium
30.9546,77.1792,10/04/2010 12:00:00 AM,medium
37.0456,-121.9396,02/24/2010 02:00:00 AM,small
16.3798,120.6852,08/21/2015 12:00:00 AM,medium
45.7123,-121.5461,02/12/2014 07:30:00 PM,large
-22.8943,-43.1081,04/06/2010 12:00:00 AM,medium
43.1843,-124.2455,11/19/2014 03:43:00 PM,unknown
36.009,-121.5189,03/24/2011 08:00:00 AM,medium
12.8157,74.8586,06/24/2016 11:00:00 PM,medium
3.4205,-76.5222,05/04/2010 08:00:00 AM,medium
20.1604,-98.0047,08/07/2016 12:00:00 AM,medium
47.8112,-122.3844,02/17/2014 12:00:00 AM,medium
44.0106,-123.7121,12/21/2012 12:00:00 AM,medium
32.4167,104.95,10/09/2007 12:00:00 AM,large
37.4996,-82.4902,04/17/2013 08:00:00 AM,medium
10.15,123.619,08/14/2007 12:00:00 PM,medium
26.1475,91.7356,06/02/2012 12:00:00 AM,large
44.104,-116.0033,02/27/2016 03:30:00 PM,small
14.744,-91.1344,09/27/2015 12:00:00 AM,medium
36.1657,-121.675,02/17/2009 06:30:00 AM,small
13.6862,124.264,12/07/2008 12:00:00 AM,medium
6.6265,3.3561,09/06/2016 09:00:00 AM,medium
33.2537,75.2006,01/16/2008 12:00:00 AM,medium
16.3562,120.7084,05/25/2011 12:00:00 AM,small
42.6629,-122.7386,01/17/2016 08:39:00 PM,unknown
43.8608,41.5897,06/02/2014 12:00:00 AM,medium
18.1257,-77.7405,10/12/2007 12:00:00 AM,medium
7.9467,-72.4908,03/26/2011 12:00:00 AM,medium
40.4733,-111.751,09/07/2013 06:00:00 PM,small
44.1165,-122.4412,01/19/2012 12:59:00 PM,unknown
42.1764,-124.3142,02/12/2014 04:11:00 PM,unknown
24.9037,93.487,09/01/2013 12:00:00 AM,medium
34.1608,-117.2959,12/21/2010 02:10:00 PM,small
45.3532,141.0171,08/24/2014 12:00:00 AM,medium
28.05,84.95,07/04/2010 11:00:00 PM,medium
-6.9758,108.1008,03/25/2013 08:00:00 AM,large
-28.0667,153.2298,02/03/2008 12:00:00 AM,medium
51.4635,0.134,01/03/2014 06:00:00 PM,medium
29.5679,82.283,07/16/2016 12:00:00 AM,medium
22.7672,105.9839,08/02/2015 09:00:00 PM,medium
34.8442,132.1561,08/24/2013 03:00:00 PM,medium
6.957291003,81.12046509,02/17/2011 12:00:00 AM,medium
40.4127,-80.0284,06/05/2010 12:00:00 AM,small
25.0645,121.6057,01/13/2011 06:00:00 AM,medium
21.0552,107.2772,05/08/2016 12:00:00 AM,medium
38.544,-82.548,05/11/2011 12:00:00 AM,small
12.1353,-61.6871,04/12/2011 09:00:00 AM,small
37.576,72.592,04/01/2007 12:00:00 AM,medium
-36.5438,174.7033,10/02/2016 12:00:00 AM,medium
45.7326,-122.6573,12/09/2015 12:00:00 AM,medium
40.6558,-105.3742,07/12/2013 04:00:00 PM,small
38.9632,-82.7353,03/14/2010 04:30:00 PM,small
10.26,123.08,06/21/2008 12:00:00 AM,medium
39.9854,72.9227,06/03/2010 12:00:00 AM,medium
56.5622,-2.5808,11/01/2009 12:00:00 AM,medium
40.6183,48.4594,02/10/2010 10:00:00 PM,medium
49.4567,-123.2257,12/11/2014 12:00:00 AM,medium
60.8228,-136.5506,06/08/2012 12:00:00 AM,medium
-3.3784,35.8907,03/29/2013 12:00:00 AM,medium
45.5701,-123.9425,12/08/2015 05:58:00 PM,unknown
15.9949,121.6164,10/18/2010 12:00:00 AM,medium
51.1584,-0.3339,08/24/2015 03:00:00 PM,medium
44.8559,-123.9569,11/04/2011 05:07:00 PM,unknown
25.4538,93.9827,07/22/2015 12:00:00 AM,medium
32.8464,-117.2619,01/28/2008 07:30:00 PM,medium
47.919,-120.2137,10/15/2016 12:00:00 AM,medium
27.1027,88.1218,07/26/2016 11:00:00 PM,unknown
41.2092,48.6742,04/29/2010 12:00:00 AM,medium
32.6848,130.5807,06/21/2016 12:00:00 AM,large
-8.907973013,147.7119686,07/01/2016 12:00:00 AM,medium
26.1147,94.3864,07/01/2013 12:00:00 AM,medium
-30.05,30.8833,09/06/2012 12:00:00 AM,medium
28.8425,81.7097,08/15/2015 11:00:00 PM,medium
29.7,67.3833,02/03/2008 12:00:00 AM,medium
42.7679,-71.8158,03/31/2010 06:00:00 PM,medium
32.8471,-117.2527,12/22/2010 03:00:00 AM,small
42.0291,43.5285,06/17/2014 12:00:00 AM,small
25.1193,121.8962,08/31/2013 12:00:00 AM,medium
36.5851,109.4875,07/07/2013 12:00:00 AM,large
33.3037,75.1827,02/13/2011 12:00:00 AM,medium
47.9167,-122.3185,11/24/2014 09:00:00 AM,small
-4.0094,-79.2073,03/18/2015 12:00:00 AM,medium
38.4909,-122.3494,02/11/2007 12:00:00 AM,small
45.385,26.5227,02/25/2010 12:00:00 AM,medium
30.9035,77.0965,09/19/2010 12:00:00 AM,medium
-22.9139,-43.0159,04/06/2010 12:00:00 AM,medium
11.7833,124.8834,03/20/2012 01:00:00 AM,medium
12.3487,-84.8163,06/23/2014 12:00:00 AM,small
40.6006,-80.64,03/12/2011 06:00:00 PM,small
1.1971,35.2843,08/22/2013 12:00:00 AM,medium
39.0639,-84.6165,04/21/2011 06:00:00 PM,medium
14.0783,-87.227,08/07/2010 02:00:00 AM,medium
47.5023,-122.197,05/21/2008 12:00:00 AM,small
6.754,80.9514,12/26/2014 12:00:00 AM,medium
44.4,18.5333,01/08/2010 12:00:00 AM,medium
29.0396,81.2519,07/02/2011 08:00:00 AM,medium
12.1979,-61.699,04/12/2011 03:00:00 AM,small
10.8319,78.7075,12/20/2015 09:00:00 AM,medium
37.9797,-122.5801,03/24/2011 12:00:00 AM,medium
45.9384,-123.5261,11/11/2015 02:53:00 PM,unknown
29.1309,81.6631,07/07/2013 12:00:00 AM,medium
8.0539,126.4037,01/30/2011 12:00:00 AM,medium
22.6368,92.1453,06/11/2007 12:00:00 AM,medium
28.0336,85.2178,06/28/2016 12:00:00 AM,small
35.5888,-82.582,12/30/2015 12:00:00 AM,medium
46.79,-120.8718,04/27/2012 12:00:00 AM,medium
44.8851,-123.9829,03/31/2015 08:47:00 PM,unknown
22.3496,91.8138,09/21/2015 07:00:00 AM,medium
-6.6367,106.765,09/13/2010 12:00:00 AM,medium
34.1364,-118.2974,09/22/2007 12:00:00 AM,small
21.4409,92.0074,06/26/2015 02:00:00 PM,medium
45.4828,-122.6505,03/15/2011 12:00:00 AM,medium
29.6088,119.0419,06/18/2010 05:00:00 AM,medium
-0.8425,34.6812,04/22/2013 12:00:00 AM,large
0.4056,29.9166,03/06/2010 12:00:00 AM,medium
7.7344,125.0969,06/05/2013 10:30:00 PM,medium
27.3425,88.6236,09/10/2007 12:00:00 AM,medium
27.509,85.1505,09/18/2010 09:00:00 AM,medium
14.6833,120.5333,06/26/2011 12:00:00 AM,medium
14.481,-89.0537,09/25/2015 12:00:00 AM,small
-6.8644,109.0338,02/06/2008 12:00:00 AM,medium
24.5202,92.7239,05/18/2016 08:00:00 AM,unknown
-43.643,170.159,01/09/2013 12:00:00 AM,medium
28.3323,83.7438,08/28/2007 12:00:00 AM,medium
44.8065,-119.9384,09/05/2013 04:33:00 PM,unknown
37.5011,-81.1093,02/26/2016 09:06:00 PM,small
10.3316,76.9592,05/09/2016 12:10:00 PM,small
47.2218,-122.2554,01/20/2011 12:00:00 AM,medium
32.8853,131.0054,04/16/2016 09:00:00 AM,medium
19.316,83.2414,09/16/2015 12:00:00 AM,medium
45.2224,-123.8754,10/30/2012 10:16:00 AM,unknown
37.8595,-122.5012,12/21/2014 02:00:00 AM,small
36.0518,-81.6019,07/04/2013 12:00:00 AM,medium
24.9635,121.5444,08/08/2015 12:00:00 AM,medium
24.9818,93.5142,07/24/2015 12:00:00 AM,medium
-22.9553,-43.2014,04/06/2010 12:00:00 AM,medium
28.0004,84.033,06/30/2011 12:00:00 AM,medium
5.9872,116.6928,05/29/2013 12:00:00 AM,medium
53.4128,-1.7936,07/15/2010 02:00:00 AM,medium
40.7134,-111.8224,05/24/2010 12:00:00 AM,small
44.3462,-123.7087,02/13/2016 06:16:00 PM,unknown
-7.0727,107.9422,05/20/2010 06:00:00 PM,medium
53.6825,-1.7363,08/07/2016 08:20:00 AM,medium
1.2337,34.25,06/03/2012 02:00:00 PM,medium
33.1804,75.8101,02/13/2011 12:00:00 AM,medium
15.4004,-61.344,04/12/2010 12:00:00 AM,medium
34.1102,-117.3024,02/27/2010 12:00:00 AM,small
47.3012,-122.1737,01/05/2015 01:30:00 AM,medium
39.838,-80.6061,03/05/2015 11:00:00 PM,medium
10.2791,-61.459,03/29/2016 12:00:00 AM,small
26.944,88.4441,06/11/2010 12:00:00 AM,medium
6.022,116.4916,12/02/2009 12:00:00 AM,medium
-7.0678,112.5827,05/19/2008 12:00:00 AM,medium
38.8946,121.6631,07/28/2013 04:20:00 AM,medium
13.6845,124.1177,05/26/2011 12:00:00 AM,small
33.13296295,75.43929097,03/17/2016 12:00:00 AM,medium
36.0281,-94.9213,12/27/2015 12:00:00 AM,medium
39.0787,-84.4386,03/26/2014 12:00:00 AM,small
10.0539,76.8298,08/05/2013 09:30:00 AM,medium
44.166,-122.2872,03/08/2011 10:26:00 AM,unknown
0.9699,34.3243,04/18/2010 12:00:00 AM,medium
45.5737,-122.1529,11/16/2015 12:00:00 AM,large
-0.4475,100.9368,03/23/2008 12:00:00 AM,medium
-7.0528,108.1156,05/19/2010 12:00:00 AM,medium
44.3784,-123.803,10/22/2014 04:41:00 PM,unknown
0.0667,100.9833,01/08/2007 12:00:00 AM,medium
13.8328,-61.0535,10/31/2010 12:00:00 AM,medium
47.98,-122.2019,01/12/2014 06:00:00 PM,medium
37.6824,-82.7776,04/03/2015 09:00:00 AM,small
31.8,104.5,09/24/2008 12:00:00 AM,medium
32.0996,77.1586,03/05/2011 12:00:00 AM,medium
19.1869,73.02,07/31/2016 11:00:00 AM,medium
40.8167,39.9081,07/07/2016 11:00:00 PM,small
45.2401,-121.6997,04/17/2014 06:10:00 PM,unknown
32.9913,75.1915,08/14/2013 12:00:00 AM,medium
44.8746,-123.9314,01/18/2012 08:12:00 PM,unknown
21.8689,106.9004,09/17/2014 08:00:00 AM,medium
22.7708,120.9452,09/09/2010 12:00:00 AM,medium
33.3422,104.3877,07/16/2013 12:00:00 AM,medium
38.8994,-90.2006,05/28/2011 03:00:00 AM,medium
10.5129,-66.893,11/29/2010 11:00:00 PM,medium
-1.0164,123.2918,11/12/2008 12:00:00 AM,medium
38.708,16.1901,02/15/2010 12:00:00 AM,medium
2.5871,112.5473,12/25/2011 12:00:00 AM,medium
38.1362,-81.2584,05/12/2008 12:00:00 AM,small
30.7386,79.4954,08/04/2016 12:00:00 AM,medium
13.1819,76.1147,07/02/2011 06:00:00 PM,small
3.484563889,125.4875345,06/22/2016 12:00:00 AM,large
21.4782,-158.05,01/13/2011 07:24:00 PM,small
30.9753,78.4375,07/31/2016 12:00:00 AM,medium
22.6522,121.0217,10/08/2016 09:00:00 AM,medium
-41.3318,174.8229,06/06/2010 03:00:00 PM,medium
-6.6,106.8,03/02/2014 06:00:00 PM,large
29.356,81.3098,07/12/2007 12:00:00 AM,medium
26.916,104.6673,08/20/2013 10:00:00 PM,medium
44.107,-122.6763,06/09/2013 05:44:00 PM,unknown
14.8494,120.2913,08/30/2011 09:00:00 AM,medium
30.301,79.3628,07/24/2013 12:00:00 AM,medium
33.7165,-116.6396,07/22/2013 10:00:00 AM,medium
11.2288,-60.6054,10/31/2010 09:00:00 AM,medium
44.4544,-109.7961,08/23/2014 12:00:00 AM,small
49.2653,-123.2643,10/13/2013 02:00:00 PM,medium
-35.3258,173.6835,01/29/2011 08:00:00 AM,medium
-29.4884,152.446,10/10/2010 12:00:00 AM,medium
-7.8058,-77.7172,04/14/2009 12:00:00 AM,medium
44.5768,-93.8457,06/20/2014 12:00:00 AM,medium
-1.2,30.1333,05/16/2010 12:00:00 AM,medium
14.1003,-87.226,09/20/2015 12:00:00 AM,small
49.3747,-123.2665,01/08/2016 01:30:00 AM,medium
29.7929,95.8044,07/01/2014 04:00:00 AM,medium
37.8765,-81.5076,12/27/2013 12:00:00 AM,medium
19.0949,72.8899,09/03/2009 11:30:00 PM,large
0.9068,34.3652,05/21/2011 06:00:00 PM,medium
-7.7434,111.5441,11/21/2009 12:00:00 AM,medium
46.1947,-123.7669,12/08/2015 02:39:00 PM,unknown
44.0222,-91.5929,10/05/2013 11:00:00 PM,small
35.2995,-87.966,04/25/2010 08:00:00 AM,medium
5.8597,95.3576,12/27/2014 12:00:00 AM,medium
11.2993,76.9354,06/16/2011 12:00:00 AM,medium
38.7175,141.0151,06/14/2008 12:00:00 AM,large
50.4374,-3.5713,03/27/2010 12:00:00 AM,small
7.9978,122.8157,05/19/2014 03:00:00 PM,small
6.0638,116.2837,12/11/2010 08:00:00 AM,medium
26.1985,91.7998,09/22/2014 12:00:00 AM,small
39.0447,-84.5289,05/20/2008 12:00:00 AM,small
25.6269,94.1139,07/12/2013 12:00:00 AM,medium
61.1082,8.1055,06/10/2011 12:00:00 AM,medium
42.7234,44.511,08/20/2014 10:45:00 PM,large
10.3228,76.4319,08/05/2013 12:00:00 AM,medium
39.1645,-84.426,04/25/2011 12:00:00 AM,small
36.9822,-82.8934,03/06/2015 09:00:00 AM,medium
16.6619,121.6386,11/04/2010 12:00:00 AM,medium
45.5389,-122.2429,03/21/2014 03:52:00 PM,unknown
47.6316,-120.1809,01/10/2016 12:00:00 AM,medium
40.4213,-79.774,07/23/2013 12:00:00 AM,small
41.6518,72.0106,06/28/2013 12:00:00 AM,medium
-1.7101,29.8033,05/08/2016 08:00:00 AM,medium
40.2209,73.4746,06/20/2016 05:00:00 PM,medium
44.6736,-123.8506,01/18/2012 08:25:00 AM,unknown
49.8607,-114.7462,07/11/2015 06:00:00 PM,small
44.4197,8.5282,10/31/2010 11:00:00 PM,medium
-7.4657,107.6621,11/20/2009 12:00:00 AM,medium
21.6989,74.172,09/25/2013 07:00:00 AM,medium
39.9425,-107.8818,08/14/2007 12:00:00 AM,medium
2.8961,112.0786,12/30/2013 12:00:00 AM,medium
3.1556,101.6805,01/07/2014 05:23:00 PM,large
46.3611,-61.0752,12/15/2010 12:00:00 AM,medium
38.9838,-123.0025,03/24/2011 12:00:00 AM,medium
47.4427,-121.6707,12/09/2015 12:00:00 AM,medium
44.9817,-93.2659,06/19/2014 12:00:00 AM,small
9.0417,-79.4487,09/10/2015 12:00:00 AM,large
31.7077,76.9313,08/13/2011 09:00:00 AM,medium
39.3745,-106.3146,07/09/2012 12:00:00 AM,medium
28.799,82.4712,08/22/2011 12:00:00 AM,medium
13.6466,-88.8347,11/08/2009 12:00:00 AM,medium
43.3359,-115.4894,09/12/2013 12:00:00 AM,medium
47.8309,-119.9613,06/10/2011 03:30:00 PM,small
41.7592,26.2009,02/06/2012 08:00:00 AM,medium
-22.8948,-43.1127,04/06/2010 12:00:00 AM,medium
1.0529,34.3427,10/05/2016 05:00:00 PM,medium
33.9344,74.6566,03/30/2015 12:00:00 AM,medium
8.7122,124.7653,11/24/2009 12:00:00 AM,medium
5.8044,-73.9743,04/15/2011 12:00:00 AM,large
35.2351,-106.6046,08/10/2014 12:00:00 AM,small
45.5828,-122.7685,04/04/2011 06:00:00 PM,small
17.3768,-92.7439,10/07/2015 12:00:00 AM,medium
30.6594,79.5605,08/17/2012 12:00:00 AM,medium
25.6875,-100.487,07/02/2010 12:00:00 AM,medium
9.5497,122.8812,01/16/2011 12:00:00 AM,medium
18.7312,-97.0711,08/07/2016 01:37:00 PM,medium
31.4582,78.2114,09/19/2010 12:00:00 AM,medium
45.5686,-122.7713,06/15/2010 12:00:00 AM,small
-16.6037,179.0421,01/22/2012 12:00:00 AM,medium
27.828,83.6349,06/13/2012 12:00:00 AM,medium
9.8895,-83.9316,09/13/2014 12:00:00 AM,small
45.4964,-123.6688,04/04/2012 09:46:00 AM,unknown
47.5309,-122.2374,02/28/2006 09:00:00 AM,small
31.5375,77.3737,08/21/2013 12:00:00 AM,medium
54.7205,-3.4963,12/07/2015 11:00:00 PM,small
32.5659,75.0944,06/15/2008 12:00:00 AM,medium
26.9974,88.4314,06/17/2015 12:00:00 AM,small
-0.9789,36.1529,04/22/2013 12:00:00 AM,large
39.9243,-111.5443,08/01/2010 07:30:00 PM,small
44.6907,-122.02,12/23/2014 01:49:00 PM,unknown
16.8358,121.0017,10/20/2016 12:00:00 AM,medium
-12.3325,-73.1219,01/09/2011 12:00:00 AM,medium
14.8733,108.0191,09/29/2009 12:00:00 AM,medium
28.4414,82.624,08/15/2014 12:00:00 AM,medium
35.1368,-118.4948,10/30/2007 12:00:00 AM,medium
42.0603,43.4889,06/17/2011 05:38:00 PM,medium
3.185,101.7673,04/23/2008 07:30:00 AM,medium
6.2167,80.45,12/12/2008 12:00:00 AM,medium
-37.1577,175.6348,10/02/2016 12:00:00 AM,small
37.6322,-82.0927,03/04/2015 12:00:00 AM,medium
56.0917,-4.6431,01/26/2014 12:00:00 PM,medium
6.2644,125.6678,01/20/2010 12:00:00 AM,medium
-16.433,179.366,12/10/2007 12:00:00 AM,medium
9.3591,122.8211,10/05/2013 12:00:00 AM,medium
44.6336,-123.4284,01/18/2012 03:53:00 PM,unknown
14.4882,121.3088,11/23/2007 12:00:00 AM,medium
1.1656,-76.8755,03/21/2015 12:00:00 AM,medium
44.1942,-123.5484,02/07/2015 09:59:00 AM,unknown
7.4943,122.3435,10/08/2013 02:00:00 AM,medium
31.1,77.16,08/17/2008 12:00:00 AM,medium
23.4333,120.7803,08/10/2009 12:00:00 AM,large
24.4279,94.0564,09/11/2007 12:00:00 AM,medium
33.1206,75.3142,10/26/2014 12:00:00 AM,medium
25.4941,82.5725,07/31/2016 12:00:00 AM,small
-36.9829,147.1399,09/04/2010 12:00:00 AM,medium
60.6272,5.9061,06/08/2016 09:30:00 AM,medium
56.1956,-4.7485,09/08/2009 12:30:00 PM,medium
10.0606,76.6331,08/07/2013 08:00:00 AM,medium
38.4476,-82.4314,11/09/2014 12:00:00 AM,small
49.9745,-119.4471,02/09/2015 12:00:00 AM,small
43.0034,-123.7092,02/07/2015 01:43:00 PM,unknown
34.6987,105.7155,07/26/2013 12:00:00 AM,very_large
27.5,84.6663,07/22/2013 12:00:00 AM,medium
30.6785,78.3475,08/09/2010 12:00:00 AM,medium
-1.0,36.7667,05/03/2010 02:00:00 AM,medium
29.36,80.126,07/20/2010 12:00:00 AM,medium
-22.9035,-43.2096,04/06/2010 12:00:00 AM,very_large
45.2814,-120.2926,02/14/2014 08:35:00 AM,unknown
50.39136664,-121.2766549,08/06/2016 01:37:00 PM,small
34.7982,71.3823,11/16/2014 03:00:00 PM,medium
34.8679,126.991,07/09/2011 12:00:00 AM,medium
44.6342,-123.7763,02/12/2015 10:08:00 PM,unknown
32.6635,130.2964,06/26/2012 12:00:00 AM,medium
30.0315,101.0144,07/14/2011 12:00:00 AM,large
56.7694,-4.9783,09/13/2016 11:00:00 PM,medium
21.2331,103.9847,07/28/2013 12:00:00 AM,medium
46.9483,-123.762,01/05/2015 05:56:00 AM,medium
43.433,-123.5684,02/16/2016 03:00:00 PM,medium
10.5641,123.2547,10/05/2013 12:00:00 AM,medium
8.5008,124.4309,11/24/2009 12:00:00 AM,medium
50.7181,-1.8649,04/24/2016 05:00:00 AM,medium
29.5177,106.5361,04/14/2012 01:00:00 AM,medium
38.5367,68.78,06/12/2011 12:00:00 AM,medium
43.419,-124.0469,03/06/2014 11:14:00 AM,unknown
13.4,123.3667,10/29/2007 12:00:00 AM,medium
49.305,-121.6494,06/29/2011 10:30:00 AM,large
42.5846,-123.3816,02/26/2015 03:21:00 PM,unknown
49.8063,-95.2098,06/25/2016 09:00:00 AM,large
37.3287,-81.3134,02/27/2016 12:15:00 PM,small
43.2632,-124.2654,04/14/2013 01:03:00 PM,unknown
45.8175,-118.8279,09/05/2013 06:50:00 PM,unknown
10.1831,125.1251,01/03/2008 12:00:00 AM,medium
28.2785,103.566,05/20/2007 12:00:00 AM,medium
44.9216,-123.0565,01/13/2010 01:00:00 PM,medium
-7.1283,107.5614,10/06/2008 12:00:00 AM,medium
-22.9397,-43.2076,04/06/2010 12:00:00 AM,medium
26.8727,94.9275,08/16/2013 12:00:00 AM,medium
47.5738,-103.2478,06/10/2011 04:15:00 PM,medium
4.3013,-74.8055,04/14/2010 12:00:00 AM,medium
-4.3333,137.0,12/14/2009 12:00:00 AM,medium
10.3351,123.8799,07/28/2013 07:00:00 AM,medium
27.0011,93.7273,09/10/2010 12:00:00 AM,medium
40.8462,-122.8385,03/14/2016 11:30:00 AM,medium
47.3462,-122.5584,12/28/1998 12:00:00 AM,small
3.1868,101.7686,09/19/2009 05:30:00 PM,small
27.7898,86.3499,07/22/2013 12:00:00 AM,medium
-22.2173,-42.7169,01/12/2011 12:00:00 AM,medium
44.3127,-116.076,02/27/2016 12:00:00 AM,small
40.7358,-123.2306,01/16/2016 09:00:00 AM,medium
10.6901,-61.5191,09/27/2016 12:00:00 AM,small
35.7735,-83.09,09/13/2015 12:00:00 AM,small
43.3057,-122.5053,02/03/2012 12:32:00 AM,unknown
45.1676,-122.125,06/08/2014 06:31:00 AM,unknown
7.0519,100.5049,11/13/2010 11:00:00 PM,medium
47.4085,-121.4068,12/10/2015 12:45:00 AM,medium
56.3907,-4.1122,12/21/2012 12:00:00 AM,medium
29.5935,79.6805,06/19/2013 12:00:00 AM,medium
23.7327,92.7463,07/14/2014 06:00:00 PM,medium
9.8012,76.9006,05/31/2011 12:00:00 AM,medium
17.9384,-76.6479,10/31/2007 12:00:00 AM,medium
28.1214,120.9413,09/19/2007 12:00:00 AM,large
17.3064,121.1548,10/15/2016 11:00:00 PM,medium
43.1888,-110.9541,08/14/2014 06:00:00 PM,medium
45.5162,-122.3608,06/05/2014 11:41:00 AM,unknown
14.0354,74.6624,06/14/2011 12:00:00 AM,medium
45.5877,-122.7739,12/08/2015 03:00:00 PM,medium
34.209,74.3524,04/15/2014 12:00:00 AM,small
2.5384,-75.5299,03/19/2009 12:00:00 AM,medium
-22.4891,-43.1828,01/03/2011 11:00:00 PM,medium
39.6844,140.7284,05/06/2014 12:00:00 AM,small
-9.9231,120.4286,01/09/2012 12:00:00 AM,medium
4.3331,113.9949,01/22/2014 12:00:00 AM,unknown
45.0521,-118.9724,03/11/2011 02:43:00 AM,unknown
33.9385,-117.1324,12/28/2010 02:00:00 PM,small
10.2833,123.8667,08/04/2013 10:00:00 AM,small
15.954,120.9766,10/20/2016 12:00:00 AM,medium
40.1007,125.3763,07/24/2016 12:00:00 AM,unknown
45.6947,-123.8788,12/23/2015 04:25:00 PM,unknown
-4.065,-78.951,06/27/2007 12:00:00 AM,medium
34.6998,-82.8804,02/04/2010 07:00:00 AM,small
10.3472,123.8852,05/24/2008 12:00:00 AM,medium
26.6375,118.1817,06/14/2010 12:00:00 AM,medium
43.2989,-122.8776,12/17/2015 12:27:00 PM,unknown
43.1372,-79.0415,03/09/2011 12:00:00 PM,small
31.0766,77.3916,08/07/2011 12:00:00 AM,medium
57.6111,-152.2806,09/12/2011 11:00:00 PM,small
28.1347,83.2369,07/16/2016 09:00:00 AM,medium
-6.5817,106.7895,02/26/2012 09:00:00 AM,medium
11.2027,-60.6372,12/25/2012 03:00:00 AM,medium
34.0978,74.4016,04/03/2015 03:00:00 PM,medium
13.8758,124.3099,09/26/2011 12:00:00 AM,large
33.8667,73.7667,02/25/2007 12:00:00 AM,medium
38.6627,48.6376,10/28/2010 12:00:00 AM,medium
29.58,80.2214,07/04/2013 12:00:00 AM,medium
38.907,-77.0874,03/10/2011 12:00:00 AM,medium
21.5,110.6877,09/21/2010 12:00:00 AM,large
50.4729,-122.7105,09/20/2015 12:00:00 AM,medium
-6.8907,107.6169,03/25/2013 08:00:00 AM,large
34.9667,108.4058,10/10/2008 12:00:00 AM,medium
27.3721,88.708,06/08/2013 05:00:00 PM,medium
44.2851,-118.975,03/16/2011 05:56:00 PM,unknown
34.4406,-97.128,06/18/2015 06:45:00 AM,small
33.241,75.234,02/22/2012 12:00:00 AM,medium
18.7632,73.347,07/19/2015 03:00:00 PM,small
28.4333,83.1202,08/23/2014 11:00:00 PM,medium
35.2685,75.6271,10/26/2015 12:00:00 AM,medium
17.2826,121.1666,10/18/2010 12:00:00 AM,medium
28.1171,83.2497,08/27/2010 12:00:00 AM,medium
51.0569,0.3218,12/22/2013 12:00:00 AM,medium
45.5249,-122.7082,01/20/2012 12:00:00 AM,small
-22.8888,-43.0731,04/06/2010 12:00:00 AM,medium
25.0699,109.2608,06/15/2010 08:00:00 AM,medium
28.8519,81.7086,06/18/2013 12:00:00 AM,medium
17.1246,121.3148,10/08/2009 12:00:00 AM,medium
19.455,-70.707,12/11/2007 12:00:00 AM,medium
-21.1313,148.4943,12/25/2010 12:00:00 AM,medium
25.203,90.5573,07/19/2016 12:00:00 AM,large
28.67,115.89,06/25/2008 12:00:00 AM,medium
0.6194,-77.7404,10/20/2014 07:33:00 PM,small
-22.8222,-43.1809,04/06/2010 12:00:00 AM,medium
42.1697,-124.3148,11/20/2012 06:27:00 PM,unknown
47.7968,-122.3876,01/15/1997 10:30:00 PM,large
21.443,92.0076,10/30/2012 09:00:00 AM,medium
40.0042,71.4913,05/28/2016 05:00:00 PM,medium
37.4609,-121.8759,09/27/2016 12:00:00 AM,medium
18.1689,-76.6852,02/16/2011 12:00:00 AM,medium
47.2265,-122.2558,01/13/2011 12:00:00 AM,small
33.3746,104.9714,10/03/2016 07:30:00 AM,medium
-2.847,-79.1108,09/29/2014 07:40:00 AM,small
7.4685,80.6201,02/15/2013 12:00:00 AM,medium
28.4499,83.3453,09/03/2016 12:00:00 AM,medium
16.58074281,98.31365118,06/11/2011 12:00:00 AM,medium
44.4017,-123.8213,03/14/2011 11:00:00 PM,medium
12.352,-84.7932,06/23/2014 12:00:00 AM,medium
31.3237,76.7622,08/11/2015 12:00:00 AM,medium
35.2865,-85.1789,08/24/2013 12:00:00 AM,small
-22.0734,-70.1827,08/10/2015 12:00:00 AM,medium
33.3343,75.1969,03/22/2015 11:00:00 PM,medium
8.4984,123.3032,08/30/2012 12:00:00 AM,medium
44.699,-122.2226,09/29/2013 03:09:00 AM,unknown
44.7972,-106.9562,07/09/2011 12:00:00 AM,medium
26.1984,94.8158,08/19/2010 06:30:00 AM,medium
45.5558,-122.7346,12/25/2012 06:57:00 PM,unknown
47.8085,-122.3005,12/18/2012 01:30:00 PM,medium
45.8389,-118.6435,01/11/2014 10:22:00 AM,unknown
47.7851,-114.0149,06/19/2011 03:00:00 PM,small
24.4638,92.4943,05/18/2016 08:00:00 AM,medium
41.0124,28.9759,09/09/2009 12:00:00 AM,medium
-6.9697,106.7233,11/04/2011 12:00:00 AM,medium
10.5029,-66.9323,11/29/2010 11:00:00 PM,medium
-22.7474,-44.1285,04/06/2010 12:00:00 AM,medium
45.523,-122.709,03/01/2011 09:00:00 AM,small
24.5629,118.0076,06/15/2010 12:00:00 AM,medium
-38.0195,143.4171,10/02/2016 12:00:00 AM,small
6.8241,100.9417,11/07/2009 12:00:00 AM,medium
34.2304,-117.2997,10/23/2016 07:30:00 PM,small
46.1185,-123.2275,03/04/2016 09:10:00 AM,unknown
26.4457,118.2043,10/01/2016 12:00:00 AM,large
1.2449,125.0069,11/27/2009 12:00:00 AM,medium
5.0569,-75.5271,03/28/2011 12:00:00 AM,medium
-31.9554,115.8468,03/22/2010 11:00:00 PM,medium
47.6357,-122.3848,01/01/1997 12:00:00 AM,medium
23.0587,-109.6972,09/01/2009 12:00:00 AM,medium
43.6703,-123.9264,01/05/2016 08:21:00 AM,unknown
45.2231,-123.5676,12/28/1998 12:00:00 AM,small
28.3328,83.3742,09/03/2013 12:00:00 AM,medium
7.6213,-72.9303,11/20/2010 12:00:00 AM,medium
33.2059,35.2693,03/09/2011 12:00:00 AM,medium
15.0909,-88.2072,09/28/2015 09:00:00 AM,small
44.6811,-124.0538,01/16/2011 12:00:00 AM,medium
18.7734,82.8555,09/15/2015 06:00:00 PM,medium
4.9558,114.9881,10/26/2008 12:00:00 AM,medium
26.6017,106.657,05/20/2015 11:30:00 AM,medium
-22.9229,-43.3057,04/06/2010 12:00:00 AM,medium
45.5285,-122.722,02/15/2011 09:00:00 AM,medium
29.3014,108.1536,04/02/2007 12:00:00 AM,medium
43.024,-88.0271,09/08/2015 11:45:00 AM,medium
5.4992,116.2805,01/16/2015 03:00:00 PM,medium
17.4038,121.1891,10/16/2016 12:00:00 AM,medium
51.7331,-3.2614,02/08/2014 12:00:00 AM,medium
48.5973,-122.4219,12/11/2010 12:00:00 AM,small
32.6173,75.264,08/20/2015 11:00:00 PM,medium
8.3886,123.1689,01/13/2014 09:00:00 AM,large
45.5317,-122.2528,03/03/2014 01:46:00 PM,unknown
16.95,122.03,11/04/2010 06:30:00 AM,medium
17.9683,97.9422,08/03/2011 12:00:00 AM,medium
14.9935,74.0478,10/02/2009 12:00:00 AM,medium
47.9476,-122.3046,04/07/2013 08:00:00 AM,medium
28.5716,109.4807,07/13/2010 07:20:00 AM,medium
10.7886,122.5363,07/30/2016 12:00:00 AM,medium
54.3242,-130.254,10/23/2008 12:00:00 AM,medium
0.2417,35.6614,11/20/2013 12:00:00 AM,medium
43.6516,-123.6606,01/18/2016 10:39:00 AM,unknown
0.0515,34.7225,05/02/2015 03:00:00 PM,medium
23.75406693,92.74128531,09/13/2010 09:00:00 AM,medium
30.4581,68.4119,09/24/2012 12:00:00 AM,medium
51.4643,-117.4803,09/28/2010 09:00:00 AM,small
38.2942,-81.6267,03/04/2015 12:00:00 AM,small
45.0193,-123.9495,02/12/2012 10:54:00 AM,unknown
9.0772,-79.4882,08/31/2015 12:00:00 AM,medium
-0.4333,37.2,11/03/2009 12:00:00 AM,medium
45.1946,-122.1782,03/02/2014 10:34:00 AM,unknown
41.683,25.2549,03/15/2015 12:01:00 AM,medium
37.0937,-119.7531,01/19/2016 12:00:00 AM,small
6.2793,124.7126,10/04/2016 03:00:00 PM,medium
28.1605,84.0907,07/11/2010 09:00:00 AM,medium
9.0688,-79.4944,08/31/2015 12:00:00 AM,medium
44.4065,-123.9538,03/17/2012 06:50:00 AM,unknown
50.73216095,-1.278137277,04/01/2016 12:00:00 AM,small
-28.0605,152.3855,01/21/2011 12:00:00 AM,medium
5.9975,116.5956,10/03/2007 12:00:00 AM,large
37.6084,-122.4242,03/24/2011 12:30:00 PM,small
44.421,-123.5446,01/19/2012 08:45:00 AM,unknown
2.6985,102.0025,11/27/2014 07:00:00 PM,medium
33.1617,75.3278,06/09/2011 12:00:00 AM,medium
14.7822,74.2279,11/08/2010 07:00:00 PM,medium
26.0814,94.803,08/14/2010 12:00:00 AM,medium
44.624,-123.5551,02/12/2014 07:49:00 AM,unknown
47.7651,-122.3856,01/21/2016 09:20:00 AM,medium
-16.889,145.6841,03/26/2010 10:00:00 AM,medium
-33.9096,151.2694,06/05/2016 12:00:00 AM,medium
32.9129,-117.2575,06/09/2016 12:00:00 AM,medium
46.4891,12.2186,08/04/2015 11:00:00 PM,medium
28.5237,82.5891,08/14/2014 12:00:00 AM,medium
51.3734,0.4609,05/31/2016 10:30:00 AM,small
3.2294,101.711,11/03/2012 12:00:00 AM,medium
37.5715,-82.6473,08/22/2014 09:30:00 PM,small
48.4632,-124.0862,12/12/2010 12:00:00 AM,medium
27.72,83.4724,09/19/2008 12:00:00 AM,medium
25.7902,94.1318,07/10/2016 12:00:00 AM,medium
3.8125,103.3724,08/07/2011 05:45:00 PM,large
43.2952,-122.6318,05/01/2011 08:03:00 AM,unknown
16.8937,120.7783,08/19/2013 12:00:00 AM,medium
-6.6687,106.5464,04/02/2014 12:00:00 AM,medium
36.1575,72.0903,03/03/2015 12:00:00 AM,large
51.1881,-115.5834,06/20/2013 08:00:00 AM,medium
46.1896,-123.8215,12/19/2012 12:00:00 AM,medium
9.2279,-82.3808,05/24/2015 11:30:00 PM,medium
45.4096,-122.6629,09/29/2013 09:30:00 PM,medium
37.2506,43.6143,03/07/2013 12:00:00 AM,medium
45.934,-123.5096,12/08/2015 06:50:00 PM,unknown
36.6952,139.8042,09/11/2015 12:00:00 AM,medium
24.8961,93.4957,08/19/2010 12:00:00 AM,medium
35.6024,-83.426,03/29/2010 11:00:00 AM,small
40.5238,-75.7796,11/22/2011 12:00:00 AM,medium
38.8815,-107.6129,07/28/2013 12:00:00 AM,small
27.0377,88.3603,09/14/2012 12:00:00 AM,medium
46.8332,-123.5888,03/04/2014 12:00:00 AM,unknown
47.7573,-122.3786,01/10/2006 09:00:00 AM,small
47.5455,-122.3983,01/12/2010 06:00:00 PM,small
-2.5338,140.7058,01/15/2008 12:00:00 AM,large
10.2669,123.8317,08/14/2013 10:00:00 AM,medium
34.0049,73.7526,02/08/2010 12:00:00 AM,medium
13.9176,122.1009,10/18/2014 03:00:00 PM,small
37.9979,-108.0336,07/20/2016 02:30:00 PM,medium
27.6391,104.0529,10/04/2012 08:00:00 AM,very_large
27.044,89.5744,08/18/2009 01:00:00 PM,medium
45.6654,-123.927,02/03/2013 03:03:00 AM,unknown
40.247,73.3757,06/20/2016 05:00:00 PM,medium
24.9045,116.8552,06/12/2011 10:30:00 AM,medium
41.5951,41.9385,07/08/2016 12:00:00 AM,small
35.3143,74.1937,05/11/2011 03:00:00 PM,medium
19.1927,-99.8654,02/04/2010 10:00:00 PM,large
33.0165,74.9437,02/13/2011 10:00:00 PM,medium
38.1721,-81.5627,01/30/2011 09:00:00 AM,medium
45.2122,-122.2282,03/16/2011 12:04:00 PM,unknown
20.5402,-98.9492,09/15/2013 12:00:00 AM,very_large
23.4367,120.7211,09/19/2010 12:00:00 AM,medium
34.2445,-118.2242,01/18/2010 12:00:00 AM,medium
4.585,101.0334,03/01/2013 04:00:00 AM,medium
27.33,103.71,07/15/2008 12:00:00 AM,large
19.1095,72.8929,06/25/2010 12:00:00 AM,medium
27.9358,85.1893,07/19/2011 12:00:00 AM,medium
36.6015,-83.6816,06/20/2011 09:00:00 AM,medium
1.0585,34.3955,08/10/2013 03:00:00 AM,medium
38.6929,-123.428,03/14/2011 08:00:00 AM,small
10.0884,124.981,01/27/2011 12:00:00 AM,small
40.521,-80.138,05/18/2011 03:00:00 AM,small
27.8953,85.6016,08/07/2014 11:00:00 PM,medium
31.2403,77.9258,08/07/2011 01:00:00 AM,medium
6.4564,124.8763,07/29/2013 11:00:00 PM,medium
47.7619,-120.0968,08/21/2014 11:00:00 PM,medium
-0.6409,100.4419,03/25/2010 12:00:00 AM,medium
30.6509,79.5192,07/08/2011 12:00:00 AM,medium
44.1476,-94.026,09/26/2016 11:00:00 PM,medium
-6.5044,106.8776,02/09/2010 03:00:00 PM,medium
51.84,-2.68,09/05/2008 12:00:00 AM,small
39.9638,-111.2517,09/02/2013 08:30:00 PM,medium
44.4721,-123.4908,12/08/2015 12:22:00 AM,unknown
48.7489,-113.7718,06/03/2016 12:00:00 AM,medium
0.1679,29.984,09/26/2013 07:30:00 PM,medium
34.2088,74.3279,04/07/2015 12:00:00 AM,medium
72.6275,-77.8416,08/25/2010 12:00:00 AM,small
45.7204,-123.9171,12/19/2012 12:00:00 AM,medium
45.5701,-123.9425,10/31/2015 06:42:00 AM,unknown
-34.1564,150.6131,03/21/2011 09:00:00 AM,small
49.2336,-122.8714,10/25/2014 11:00:00 PM,small
24.8669,92.3576,05/09/2014 11:00:00 PM,small
27.5862,104.8613,01/28/2013 12:00:00 AM,medium
25.7428,93.9136,08/28/2007 12:00:00 AM,medium
1.0171,34.2544,07/18/2012 09:00:00 PM,medium
37.3042,-81.1194,03/13/2010 12:00:00 AM,medium
49.4288,17.6627,05/18/2010 12:00:00 AM,medium
-22.9529,-43.2631,04/06/2010 12:00:00 AM,medium
39.068,-106.3538,08/01/2010 02:30:00 AM,medium
26.8366,88.0839,07/01/2015 09:00:00 AM,medium
43.3283,-122.6985,05/08/2011 01:48:00 PM,unknown
29.841,79.7758,09/14/2012 12:00:00 AM,large
38.4807,-80.4138,07/13/2015 12:00:00 AM,small
-6.9031,106.9516,11/18/2012 12:00:00 AM,medium
44.4217,-121.8785,03/21/2012 10:10:00 AM,unknown
-27.4839,152.6019,01/11/2011 12:00:00 AM,small
10.3026,123.9067,09/17/2014 11:00:00 PM,small
7.217953309,126.1513837,03/11/2011 12:00:00 PM,medium
32.6457,130.5773,06/21/2008 12:00:00 AM,medium
20.92931962,92.22263842,06/15/2010 04:00:00 AM,medium
23.1333,106.4167,05/09/2008 12:00:00 AM,medium
9.6514,124.3655,10/12/2011 12:00:00 AM,medium
40.429,-79.9988,01/14/2014 09:00:00 AM,medium
40.9792,39.7365,11/21/2009 12:00:00 AM,medium
43.6691,-123.6525,03/28/2011 02:28:00 PM,unknown
9.0925,7.4831,07/12/2016 06:00:00 PM,medium
21.3684,-157.7892,02/03/2014 04:30:00 PM,small
29.4596,82.0446,06/10/2016 12:00:00 AM,medium
-6.1984,106.8099,12/31/2013 08:30:00 AM,medium
35.9631,-93.1774,08/14/2012 12:00:00 AM,medium
-41.31460954,174.7789668,04/05/2017 01:19:00 PM,small
24.5646,120.8922,09/14/2008 12:00:00 AM,medium
27.0599,88.4674,09/16/2013 03:00:00 PM,small
22.2841,120.7255,08/31/2013 07:00:00 AM,medium
43.6756,-123.7967,12/30/2011 12:00:00 AM,medium
33.9659,74.3313,03/23/2007 12:00:00 AM,medium
32.2338,77.1784,02/25/2011 12:00:00 AM,medium
40.8421,-124.0356,06/03/2010 12:00:00 AM,small
27.9271,83.529,08/03/2007 12:00:00 AM,medium
9.8964,123.42,11/25/2009 12:00:00 AM,medium
5.0657,-75.5082,04/13/2011 12:00:00 AM,small
23.3572,92.7878,08/26/2015 12:00:00 AM,medium
27.8173,83.4643,07/01/2011 04:30:00 AM,medium
47.8961,-122.3263,01/10/2006 09:00:00 AM,small
-0.3536,34.8078,04/19/2010 12:00:00 AM,medium
25.61560252,94.11603493,08/19/2010 06:00:00 PM,medium
49.4635,-117.4965,02/08/2015 09:00:00 AM,small
-22.3998,-43.0072,01/12/2011 12:00:00 AM,large
28.01031874,84.37740614,08/30/2008 12:00:00 AM,medium
26.4333,94.8833,06/17/2010 07:30:00 PM,medium
-35.7229,174.3227,09/28/2009 12:00:00 PM,medium
16.8237,120.687,10/19/2015 12:00:00 AM,medium
11.8895,119.939,09/14/2014 12:00:00 AM,medium
28.9012,118.512,06/19/2011 12:00:00 PM,medium
45.7062,-123.8857,03/28/2014 01:18:00 PM,unknown
41.7246,74.4438,06/27/2016 12:00:00 AM,medium
47.9933,-122.2136,11/17/2009 12:00:00 AM,small
41.1746,75.8147,06/27/2016 12:00:00 AM,medium
45.8859,-118.9699,11/23/2014 09:00:00 PM,unknown
33.6423,-109.3279,07/12/2011 12:00:00 AM,medium
21.3131,-157.829,11/03/2007 12:00:00 AM,small
-1.67,29.274,09/19/2007 12:00:00 AM,medium
10.3315,123.8789,08/21/2011 02:00:00 PM,medium
40.4336,-111.7471,09/07/2013 03:00:00 PM,medium
-1.2654,116.831,09/01/2007 12:00:00 AM,medium
35.5099,73.3361,08/03/2013 09:00:00 AM,medium
34.8695,-85.521,09/26/2009 12:00:00 AM,medium
7.16,-75.52,07/17/2008 12:00:00 AM,medium
30.6838,79.0479,06/25/2015 12:00:00 AM,medium
8.787,-82.344,11/25/2008 12:00:00 AM,medium
-7.3411,107.9547,02/01/2010 09:00:00 PM,medium
20.1544,-98.1993,08/07/2016 12:00:00 AM,medium
10.3333,123.0333,10/14/2007 12:00:00 AM,medium
47.2549,-122.2674,02/18/2014 12:00:00 AM,large
45.6182,-122.8089,12/12/2010 12:00:00 AM,medium
42.1433,-71.2165,03/15/2010 07:00:00 PM,small
43.2987,-122.8967,12/12/2015 10:30:00 PM,unknown
4.9726,115.0182,02/16/2011 03:00:00 PM,small
44.4387,-121.9542,08/10/2013 02:32:00 PM,unknown
13.2875,-87.0325,07/02/2014 04:30:00 PM,small
-33.7341,150.314,02/10/2012 12:00:00 AM,medium
10.294,123.8131,12/10/2010 12:00:00 AM,medium
27.81229512,84.67982275,07/27/2010 09:00:00 AM,medium
38.533,68.214,04/17/2007 12:00:00 AM,medium
9.8957,76.9346,08/05/2013 12:00:00 AM,medium
40.481,-79.8801,06/18/2015 12:00:00 AM,small
27.2084,88.4909,09/11/2007 12:00:00 AM,medium
34.1469,-117.8879,02/28/2014 12:00:00 AM,large
40.57,45.8107,06/18/2010 12:00:00 AM,medium
11.4816,75.9957,10/03/2009 12:00:00 AM,medium
49.3566,-124.3964,01/15/2010 04:00:00 AM,medium
41.215,-81.59,04/02/2015 12:00:00 AM,small
40.75,70.44,07/22/2007 12:00:00 AM,large
37.6456,-121.9157,03/25/2011 09:00:00 AM,small
44.4659,-109.8662,08/18/2007 12:00:00 AM,small
35.9672,109.0559,07/22/2013 12:00:00 AM,medium
-6.9092,106.8762,11/18/2012 12:00:00 AM,medium
31.808,130.6,06/28/2016 12:00:00 AM,medium
36.9186,-82.7256,03/07/2015 03:00:00 PM,medium
7.2753,81.0714,02/07/2011 12:00:00 AM,medium
-5.516,104.7608,10/04/2009 12:00:00 AM,medium
6.686,80.3874,05/19/2010 12:00:00 AM,medium
30.966,78.4151,08/20/2010 12:00:00 AM,medium
10.7901,-61.2984,12/25/2011 12:00:00 AM,large
7.2558,80.3019,04/29/2010 12:00:00 AM,medium
44.5498,-120.3381,08/14/2014 07:50:00 AM,unknown
15.2164,-91.5168,08/28/2010 12:00:00 AM,medium
9.9771,98.7176,10/05/2014 12:00:00 AM,medium
44.4216,-121.8784,12/25/2012 01:59:00 PM,unknown
47.2671,-122.4471,10/10/2015 03:00:00 PM,small
56.2908,-132.3459,08/01/2014 12:00:00 AM,medium
44.0765,-69.6188,06/15/2014 08:00:00 AM,small
26.1314,91.7548,09/22/2014 12:00:00 AM,small
45.9607,-123.9245,12/08/2015 12:41:00 PM,unknown
27.3667,87.2167,09/12/2007 12:00:00 AM,medium
51.4914,0.1292,01/12/2016 09:00:00 PM,small
45.9145,-73.4378,08/28/2011 12:00:00 AM,small
45.334,-122.5794,12/20/2015 12:00:00 AM,small
37.2821,-107.8751,10/18/2015 12:00:00 AM,medium
45.5353,-122.3716,04/27/2013 04:35:00 PM,unknown
34.1407,-117.1935,12/22/2010 09:00:00 AM,medium
6.5271,-10.3747,09/15/2015 06:00:00 PM,medium
34.3752,106.7588,07/26/2013 12:00:00 AM,medium
40.3647,-79.8666,10/30/2012 12:00:00 AM,medium
10.8916,-85.0141,07/12/2011 12:00:00 AM,medium
46.8077,-120.9174,05/15/2011 12:00:00 AM,small
16.4003,120.5876,05/27/2010 03:45:00 AM,medium
42.5435,-74.8163,03/26/2010 11:30:00 PM,small
33.5405,74.3723,09/06/2014 12:00:00 AM,medium
15.7051,74.2197,12/10/2013 10:30:00 AM,small
10.717,123.511,12/27/2011 12:00:00 AM,medium
27.8126,84.8051,07/18/2014 12:00:00 AM,small
29.8587,80.5547,08/07/2015 12:00:00 AM,medium
28.9446,82.2494,08/13/2014 12:00:00 AM,medium
30.7332,78.4401,09/20/2010 12:00:00 AM,medium
50.23,-121.58,07/01/2008 12:00:00 AM,small
10.5259,-66.9425,03/07/2011 12:00:00 AM,medium
37.9948,-108.0294,07/20/2016 02:30:00 PM,medium
7.6167,125.0573,10/11/2016 09:00:00 AM,unknown
35.526,-83.0946,02/05/2010 07:00:00 PM,medium
8.7463,-82.4569,11/22/2015 12:00:00 AM,medium
34.8685,72.3183,05/24/2008 12:00:00 AM,medium
2.9523,98.9765,01/14/2015 12:00:00 AM,medium
9.234,126.1696,01/09/2015 12:00:00 AM,medium
16.3105,120.6158,10/11/2016 09:00:00 AM,medium
10.6963,-61.5636,11/27/2010 12:00:00 AM,medium
25.0666,98.8225,11/27/2014 04:30:00 PM,medium
10.7069,106.7361,06/07/2008 12:00:00 AM,medium
26.1699,94.4922,07/11/2016 11:00:00 PM,large
46.1905,7.5449,06/04/2011 12:00:00 AM,medium
63.3783,10.1348,01/01/2012 12:00:00 AM,medium
27.2333,94.1167,10/29/2008 12:00:00 AM,medium
52.5391,-7.1531,12/31/2013 07:00:00 AM,medium
43.2984,-122.533,03/18/2014 11:58:00 AM,unknown
36.3079,74.6712,10/26/2015 12:00:00 AM,medium
10.2813,123.8257,08/01/2016 10:00:00 PM,small
48.3184,-124.456,02/22/2012 09:00:00 AM,medium
25.6172,96.3005,01/06/2015 07:05:00 PM,medium
55.8686,-4.8899,09/19/2011 12:00:00 AM,small
-3.99,-79.205,06/27/2007 12:00:00 AM,medium
45.897,-123.5356,03/24/2016 01:56:00 PM,unknown
-22.4115,-42.9705,04/06/2012 12:00:00 AM,large
24.1293,92.6921,09/29/2007 12:00:00 AM,medium
37.7811,-81.942,12/07/2013 02:30:00 AM,medium
-6.7333,110.8667,02/15/2008 12:00:00 AM,medium
44.4722,-123.4802,03/05/2014 09:00:00 PM,medium
45.9817,-122.8697,02/20/2016 03:41:00 AM,unknown
43.4026,-115.5605,09/12/2013 12:00:00 AM,medium
6.4123,100.293,01/22/2014 12:00:00 AM,medium
39.4052,-90.9836,12/12/2009 12:00:00 AM,small
34.0548,-116.9765,08/03/2014 03:30:00 PM,large
45.5598,-123.8923,01/08/2014 07:13:00 PM,unknown
33.8071,-116.9435,12/22/2010 09:00:00 AM,small
-7.0643,107.8832,03/09/2010 12:00:00 AM,medium
22.9798,121.1571,08/26/2007 12:00:00 AM,medium
44.5276,-120.3635,02/24/2014 12:05:00 PM,unknown
51.4942,-0.1595,11/21/2012 06:00:00 PM,medium
25.03561729,94.0144205,06/28/2011 12:00:00 AM,medium
39.1072,-84.5657,03/28/2008 12:00:00 AM,small
43.3166,12.8788,03/02/2011 12:00:00 AM,medium
33.1466,-117.2892,12/22/2010 02:30:00 AM,small
30.2411,78.9014,07/26/2015 12:00:00 AM,medium
33.3018,75.1793,08/14/2013 12:00:00 AM,medium
34.9769,132.2294,08/24/2013 03:00:00 PM,medium
48.3729,-119.9688,08/21/2014 11:00:00 PM,medium
6.9935,81.0473,12/24/2007 12:00:00 AM,medium
16.7221,121.0046,05/25/2011 12:00:00 AM,small
40.2938,-111.6581,09/07/2015 01:00:00 PM,small
6.9898,126.3173,02/26/2013 12:00:00 AM,medium
54.7111,-8.722,08/23/2009 03:00:00 PM,medium
47.4728,-122.2039,12/08/2007 12:00:00 AM,small
28.2649,83.7843,07/26/2010 12:00:00 AM,medium
42.7235,23.2389,10/11/2015 12:00:00 AM,small
27.124,104.7281,05/06/2010 11:00:00 PM,medium
16.8052,120.8222,10/16/2016 12:00:00 AM,medium
30.056,70.6369,09/16/2011 12:00:00 AM,medium
49.9537,-123.3589,06/29/2014 05:00:00 AM,small
-34.0496,18.3629,11/16/2013 02:00:00 AM,medium
11.2246,-60.7428,10/31/2010 12:00:00 AM,medium
25.3833,94.1884,08/15/2013 12:00:00 AM,medium
38.8416,-104.8618,07/12/2014 03:00:00 PM,small
37.9152,40.2306,01/27/2013 12:00:00 AM,large
30.9015,78.7756,09/19/2010 12:00:00 AM,medium
22.8833,104.5333,08/09/2008 12:00:00 AM,medium
52.8792,1.4366,06/23/2016 11:00:00 PM,small
43.7506,-124.1228,02/09/2015 01:14:00 PM,unknown
7.0808,80.7354,04/23/2011 12:00:00 AM,medium
21.462,-158.121,12/07/2007 02:30:00 PM,small
40.448,-80.0595,05/19/2011 08:00:00 AM,medium
65.0216,-16.6849,07/22/2014 12:00:00 AM,large
45.3,-122.3438,01/24/2016 06:24:00 AM,unknown
12.82402778,75.21163889,06/27/2017 01:10:00 PM,small
26.1666,91.7042,09/23/2015 12:00:00 AM,medium
25.15,121.55,10/05/2007 12:00:00 AM,medium
36.5499,-104.8122,06/27/2015 12:00:00 AM,medium
45.9126,-123.5045,09/23/2014 08:56:00 PM,unknown
6.905,-73.0021,05/17/2011 06:00:00 PM,medium
5.9521,116.6733,12/19/2011 01:40:00 AM,large
11.2434,-60.7195,10/31/2010 12:00:00 AM,medium
10.6871,-61.6002,07/29/2010 12:00:00 AM,small
7.1721,-10.9093,08/04/2015 12:00:00 AM,medium
43.9585,6.699,02/08/2014 11:10:00 AM,medium
50.7043,-3.0706,02/10/2014 03:00:00 PM,small
26.6597,106.7157,06/10/2012 12:00:00 AM,medium
33.098,-116.6468,07/19/2015 12:00:00 AM,small
27.21545164,85.91452544,07/25/2016 12:00:00 AM,medium
30.3642,79.3158,08/18/2013 12:00:00 AM,medium
14.5572,-90.53,10/19/2015 12:00:00 AM,small
29.4469,81.4867,08/10/2010 12:00:00 AM,medium
27.4159,87.6909,07/10/2016 09:00:00 AM,large
47.9896,-122.363,03/06/2015 10:00:00 PM,small
27.5,85.35,11/05/2009 12:00:00 AM,medium
16.9433,120.9099,10/16/2016 12:00:00 AM,medium
47.9194,-122.3152,02/07/2015 07:00:00 AM,medium
33.1261,75.4481,11/06/2014 06:00:00 PM,medium
27.7165,85.4279,08/03/2011 12:00:00 AM,small
43.9266,8.1243,01/17/2014 12:00:00 AM,medium
26.0977,94.7031,06/07/2013 12:00:00 AM,medium
44.1799,18.6599,01/08/2010 12:00:00 AM,medium
29.5885,80.2098,08/08/2009 02:00:00 AM,large
35.2555,59.211,02/05/2010 04:00:00 PM,medium
27.8569,85.1287,08/27/2015 12:00:00 AM,medium
10.2462,77.582,11/23/2010 08:00:00 AM,medium
10.71,125.01,02/17/2012 09:00:00 AM,medium
7.8471,126.0509,12/28/2014 02:00:00 AM,medium
34.6758,73.0428,07/27/2015 12:00:00 AM,small
-6.6234,106.7087,03/25/2013 02:00:00 AM,large
11.1302,125.2603,01/03/2015 03:30:00 PM,medium
29.3083,80.5792,08/17/2009 11:00:00 PM,medium
8.9496,-79.6336,09/22/2015 12:00:00 AM,medium
-25.8451,28.0851,09/05/2015 12:00:00 AM,small
32.5383,-96.9854,10/12/2009 12:00:00 AM,small
42.3381,-124.4119,04/07/2015 08:06:00 AM,unknown
15.0376,108.4489,11/11/2010 12:00:00 AM,medium
44.3785,-123.8119,03/15/2011 01:30:00 AM,unknown
64.0005,-149.1366,07/03/2016 12:00:00 AM,medium
-3.644,126.6609,07/24/2010 12:00:00 AM,medium
26.97,86.74,06/30/2010 03:00:00 AM,medium
35.46,-105.19,07/05/2008 12:00:00 AM,medium
8.4889,-13.2376,08/08/2013 10:00:00 PM,medium
43.3575,-115.5397,09/12/2013 12:00:00 AM,medium
39.0973,-84.5609,05/03/2011 09:00:00 AM,medium
-26.6913,153.0551,02/21/2015 12:00:00 AM,small
44.0928,9.9381,10/31/2010 11:00:00 PM,medium
42.9179,-124.1107,09/29/2013 08:56:00 AM,unknown
42.2872,-110.1938,09/12/2013 11:00:00 PM,medium
44.081,-122.7513,12/30/2011 12:00:00 AM,small
44.4216,-121.8784,12/17/2015 07:53:00 AM,unknown
40.904,-73.9141,03/30/2010 07:19:00 AM,small
44.594,-93.8473,06/23/2014 12:00:00 AM,medium
50.9115,-1.2827,01/31/2014 03:00:00 PM,medium
44.5694,-123.617,01/22/2012 12:00:00 AM,medium
11.2777,77.1236,10/30/2007 12:00:00 AM,medium
46.1209,-123.2351,12/02/2015 10:19:00 AM,unknown
46.028,-123.2443,12/19/2015 01:10:00 PM,unknown
7.8953,123.8436,02/21/2008 12:00:00 AM,medium
42.175,26.5736,02/14/2010 12:00:00 AM,medium
10.1528,-84.1489,09/16/2013 12:00:00 AM,medium
9.5988,76.5289,08/07/2011 12:00:00 AM,medium
45.6993,-121.895,02/15/2007 12:00:00 AM,medium
5.4661,100.2743,09/11/2013 11:40:00 PM,medium
-2.516,140.5146,06/04/2010 12:00:00 AM,medium
35.9862,-86.992,05/02/2010 12:00:00 AM,medium
44.9683,-93.2365,06/19/2014 07:00:00 PM,medium
-12.1456,-77.0252,07/31/2014 05:00:00 AM,small
30.7394,78.5306,06/12/2013 10:00:00 PM,medium
10.3968,123.9075,02/14/2012 08:00:00 AM,medium
38.1944,15.4337,11/23/2011 12:00:00 AM,medium
1.3542,116.3816,12/22/2008 12:00:00 AM,medium
7.4649,126.1847,12/04/2012 12:00:00 AM,very_large
25.48,94.1383,07/25/2016 12:30:00 PM,medium
43.2612,-122.4197,03/18/2016 09:46:00 PM,unknown
9.9574,-84.0879,10/29/2015 12:00:00 AM,medium
23.8314,120.704,06/14/2010 12:00:00 AM,medium
44.0344,-91.6396,04/25/2008 12:00:00 AM,small
45.9952,-122.8771,02/13/2016 10:33:00 AM,unknown
45.5161,-122.3695,11/01/2015 12:41:00 AM,unknown
-34.0746,18.3653,08/28/2013 11:00:00 PM,small
46.0161,9.2572,07/07/2011 12:00:00 AM,medium
25.0821,91.7783,11/16/2015 12:00:00 AM,small
39.1265,-121.0386,03/29/2011 12:00:00 AM,medium
11.2084,-60.7582,11/14/2013 12:00:00 AM,medium
16.3452,120.689,10/03/2009 12:00:00 AM,medium
-22.878,-43.103,04/06/2010 12:00:00 AM,medium
32.4399,-97.7881,06/03/2016 08:00:00 AM,medium
33.7465,-117.7349,12/22/2010 12:00:00 AM,medium
44.1609,-124.1148,01/19/2016 01:13:00 PM,unknown
34.0096,74.5915,03/30/2015 12:00:00 AM,medium
22.7559,103.1612,12/23/2013 09:00:00 AM,medium
34.6551,133.9195,08/10/2009 12:00:00 AM,medium
33.1289,75.4325,06/08/2011 12:00:00 AM,medium
20.8938,105.5845,08/15/2015 12:00:00 AM,small
29.11803174,80.67774011,09/20/2008 12:00:00 AM,medium
44.9258,-123.0521,12/16/2014 09:00:00 AM,small
40.2278,-80.6534,04/10/2015 12:00:00 AM,small
12.3476,-84.79,06/23/2014 12:00:00 AM,medium
16.39,120.66,09/23/2008 12:00:00 AM,medium
16.7133,120.9878,10/20/2016 12:00:00 AM,medium
44.1473,-71.9691,10/01/2010 09:30:00 AM,small
25.6269,94.1139,07/15/2013 12:00:00 AM,medium
44.9719,-116.8583,08/01/2013 08:29:00 PM,unknown
38.8758,-121.1358,03/13/2016 12:00:00 AM,small
37.7306,-82.7511,08/28/2015 12:00:00 AM,medium
45.9111,-74.4678,04/15/2014 12:00:00 PM,medium
56.2453,-4.8893,02/23/2014 12:00:00 PM,medium
34.0679,-117.805,04/25/2010 09:00:00 AM,medium
40.4074,-111.8509,07/16/2013 10:00:00 PM,small
25.1472,91.7483,02/22/2015 08:30:00 PM,medium
35.6733,-83.6643,03/18/2010 12:00:00 AM,small
24.7979,92.9974,07/22/2015 12:00:00 AM,medium
51.28876789,-0.154356568,01/13/2007 12:00:00 AM,medium
57.6717,-2.3389,12/31/2015 12:00:00 AM,medium
54.6801,13.435,12/26/2011 12:00:00 AM,medium
44.3298,-121.9948,09/29/2013 10:07:00 PM,unknown
40.7944,45.0619,04/14/2010 12:00:00 AM,medium
26.7914,88.363,08/16/2009 01:30:00 AM,medium
43.0204,0.0161,02/27/2015 03:00:00 PM,medium
30.9085,78.3299,08/15/2015 12:00:00 AM,medium
23.5134,111.0843,08/17/2013 01:50:00 AM,medium
29.607,79.9298,06/29/2011 12:00:00 AM,medium
22.4179,103.9155,09/15/2010 12:00:00 AM,medium
14.6066,-90.5276,05/30/2010 12:00:00 AM,large
34.0796,74.0357,03/23/2015 12:00:00 AM,medium
0.770919162,35.56563507,12/29/2012 01:00:00 PM,large
35.7244,-81.3408,07/27/2013 11:00:00 PM,small
-3.6945,102.4206,03/27/2010 06:00:00 PM,medium
33.1467,75.5488,04/16/2012 12:00:00 AM,medium
46.6752,-121.0489,08/12/2014 03:15:00 PM,medium
30.6004,78.3154,09/30/2013 12:00:00 AM,medium
16.4664,120.5746,10/09/2009 12:00:00 AM,large
39.1312,-120.9276,12/01/2010 12:00:00 AM,medium
37.11344851,-111.3112067,08/30/2015 12:00:00 AM,medium
31.07,103.49,07/01/2008 12:00:00 AM,large
50.3162,-117.8532,04/29/2008 12:00:00 AM,small
26.1044,91.7082,09/22/2014 12:00:00 AM,small
30.8741,76.9576,09/19/2010 12:00:00 AM,medium
45.3098,-122.9363,01/18/2015 03:54:00 AM,unknown
44.158,-123.5777,03/13/2016 11:53:00 AM,unknown
-9.2114,-76.1311,03/05/2008 12:00:00 AM,medium
50.6082,-118.8419,04/30/2014 12:00:00 AM,medium
32.6791,-97.2405,12/28/2015 09:00:00 AM,small
14.6394,121.0922,02/25/2008 12:00:00 AM,small
46.1951,-123.7746,03/18/2014 06:17:00 PM,unknown
33.6794,74.2525,09/03/2015 12:00:00 AM,medium
55.2115,-6.2546,07/26/2015 12:00:00 AM,small
46.8875,-113.9251,08/21/2014 12:00:00 AM,small
44.8859,-123.9584,03/14/2012 01:18:00 PM,unknown
40.5765,-111.6788,07/05/2013 11:30:00 PM,medium
42.6493,18.1014,06/14/2016 10:00:00 AM,medium
-22.4123,-42.9664,01/12/2011 04:00:00 AM,very_large
-18.9481,48.3774,02/18/2012 12:00:00 AM,medium
9.751185639,77.08971658,06/27/2017 01:10:00 PM,medium
47.4997,-123.0626,11/16/2009 12:00:00 AM,small
1.3994,99.2454,07/27/2015 06:00:00 PM,small
1.4394,34.3082,09/01/2011 12:00:00 AM,medium
20.5667,105.9,01/04/2008 12:00:00 AM,medium
40.21,-80.5741,07/12/2015 01:00:00 PM,small
10.4669,-66.9431,11/27/2010 11:00:00 PM,medium
37.8695,-122.521,03/24/2011 09:00:00 AM,small
-6.8911,107.5782,12/19/2013 12:00:00 AM,medium
19.7827,-70.6871,12/05/2012 12:00:00 AM,medium
-40.1119,176.257,07/14/2013 12:00:00 AM,small
5.8215,-0.2072,06/20/2010 12:00:00 AM,medium
38.1684,-84.8703,05/03/2011 09:00:00 AM,medium
55.8657,-4.2571,01/15/2008 12:00:00 AM,medium
45.6654,-123.927,12/20/2015 05:10:00 AM,unknown
18.4468,-72.4577,10/01/2010 12:00:00 AM,medium
-7.4001,109.6666,06/23/2016 12:00:00 AM,medium
16.9643,120.8163,10/08/2009 12:00:00 AM,medium
37.1609,-83.3732,05/03/2010 12:00:00 AM,small
40.4372,-80.0813,02/24/2016 11:00:00 PM,medium
31.5699,78.2844,09/20/2010 12:00:00 AM,medium
16.5145,80.6526,06/02/2016 02:00:00 AM,small
26.9978,88.167,07/01/2015 12:00:00 AM,medium
35.3047,69.5546,03/31/2014 03:00:00 PM,small
14.7698,-88.7731,09/06/2015 12:00:00 AM,medium
43.4771,-72.4066,03/02/2016 08:00:00 AM,small
28.2,99.4,08/31/2013 08:04:00 AM,large
12.3484,-84.7928,06/23/2014 12:00:00 AM,medium
42.6027,-124.3966,03/22/2012 05:23:00 AM,unknown
40.6383,-74.5007,09/08/2011 12:00:00 AM,medium
10.3863054,124.980934,01/14/2014 12:00:00 AM,medium
28.8687,82.1707,08/22/2011 12:00:00 AM,medium
11.4477,75.8289,10/03/2009 12:00:00 AM,medium
42.1144,-75.9324,06/27/2013 12:00:00 AM,small
37.9951,-83.4667,04/14/2015 12:00:00 AM,small
26.8545,88.3372,09/28/2011 12:00:00 AM,medium
-15.746,-73.8721,03/09/2012 11:00:00 PM,medium
38.733,-120.7629,02/04/2015 04:15:00 AM,small
28.833,80.9,09/21/2008 12:00:00 AM,medium
34.3618,-117.8098,07/23/2015 12:00:00 AM,small
14.6444,121.0335,06/24/2011 12:00:00 AM,very_large
43.4641,6.4793,06/15/2010 12:00:00 AM,medium
38.8117,-104.8538,07/04/2015 12:00:00 AM,small
-3.814,136.3632,07/01/2014 11:00:00 PM,medium
9.9108,-84.1762,10/01/2010 12:00:00 AM,medium
45.9974,-123.2577,01/13/2011 01:00:00 AM,unknown
41.6737,-91.5322,04/17/2013 11:30:00 PM,medium
31.3161,103.8764,08/18/2012 12:00:00 AM,medium
46.1185,-123.2274,12/22/2014 07:07:00 AM,unknown
37.7922,-84.3918,03/08/2012 07:00:00 PM,small
46.8598,8.9745,05/13/2016 12:00:00 AM,small
34.7476,139.3785,10/16/2013 08:00:00 AM,very_large
40.63499096,-91.28401244,03/30/2010 08:00:00 AM,medium
3.0949,101.746,10/15/2008 12:00:00 AM,medium
15.421,-61.4285,01/07/2014 09:00:00 AM,medium
34.1327,74.5594,03/15/2015 12:00:00 AM,small
24.9336,93.8275,06/19/2008 12:00:00 AM,medium
9.2332,-79.6961,12/08/2010 12:00:00 AM,medium
39.5513,-119.9038,08/11/2014 03:00:00 PM,small
37.9148,69.8054,05/07/2010 08:00:00 AM,large
41.8393,44.706,03/15/2010 12:00:00 AM,medium
3.1425,101.7805,08/13/2015 07:00:00 PM,small
17.0821,120.9695,05/04/2016 12:00:00 AM,medium
37.8893,-122.4614,12/16/2014 09:00:00 AM,small
37.4814,-82.5186,04/20/2007 12:00:00 AM,small
-41.335096,174.735459,11/15/2016 03:00:00 PM,small
38.196,15.5445,10/01/2009 12:00:00 AM,large
46.8391,-121.7714,08/19/2015 11:49:00 AM,medium
30.0667,79.0193,06/29/2011 12:00:00 AM,large
29.1935,119.7975,06/14/2011 12:00:00 AM,small
48.9511,-122.7756,01/09/2013 12:00:00 AM,medium
7.8347,98.3138,10/05/2013 02:15:00 PM,small
27.344,104.8805,01/28/2013 12:00:00 AM,very_large
43.6359,-122.16,12/22/2014 08:21:00 AM,unknown
-22.9631,-43.0252,04/06/2010 12:00:00 AM,medium
-37.7239,176.5249,01/29/2011 08:00:00 AM,medium
14.0007,-89.4691,10/12/2014 12:00:00 AM,medium
42.424,-124.4134,01/25/2012 01:18:00 PM,unknown
44.5932,-120.2621,05/22/2015 03:27:00 PM,unknown
42.6214,-124.3982,01/19/2012 08:19:00 AM,unknown
28.14,106.2055,01/04/2015 03:39:00 PM,medium
8.833,-82.8014,11/11/2015 12:00:00 AM,small
13.202,-61.2674,09/29/2016 12:00:00 AM,medium
26.4205,94.9731,08/16/2013 12:00:00 AM,medium
37.3931,-122.357,03/24/2011 12:00:00 AM,small
39.4396,-81.1495,04/11/2015 08:30:00 AM,small
19.162,73.6873,07/30/2014 09:00:00 AM,large
28.285,83.8521,09/19/2014 12:00:00 AM,medium
7.1904,124.5335,09/29/2009 10:30:00 PM,medium
0.8292,127.3641,12/27/2011 12:00:00 AM,large
8.5612,-74.9185,11/13/2010 12:00:00 AM,medium
45.0159,-123.9385,02/10/2012 12:17:00 PM,unknown
27.1034,93.6885,08/05/2011 12:00:00 AM,medium
7.6447,80.8147,02/07/2011 12:00:00 AM,medium
44.6163,22.7941,02/20/2010 02:00:00 AM,medium
16.3748,120.6101,11/04/2007 12:00:00 AM,medium
44.5339,-124.0746,03/01/2011 04:14:00 PM,unknown
10.2443,123.8332,10/12/2011 12:30:00 PM,medium
27.4888,93.0153,08/15/2011 12:00:00 AM,medium
44.2886,-124.1131,12/18/2015 11:19:00 AM,unknown
43.6905,-123.9755,03/30/2011 07:01:00 AM,unknown
33.4942,130.3342,07/14/2010 12:00:00 AM,medium
10.6487,-61.4954,10/25/2011 09:30:00 AM,medium
36.3044,73.4245,08/20/2010 12:00:00 AM,medium
19.3379,73.7767,07/25/2013 01:30:00 AM,small
44.6553,-123.8195,11/19/2012 04:25:00 PM,unknown
33.8911,74.9781,03/15/2015 06:00:00 PM,small
-25.4003,152.9012,03/28/2013 12:00:00 AM,small
9.8678,76.7705,10/27/2010 06:00:00 PM,medium
10.597,123.478,12/27/2011 10:00:00 AM,medium
47.6816,-109.7873,08/14/2013 12:00:00 AM,medium
29.2983,80.7651,06/17/2014 11:00:00 PM,small
23.899,94.1434,08/01/2015 12:00:00 AM,medium
34.6218,-118.5585,02/28/2014 12:00:00 AM,large
1.01,34.3317,08/11/2011 12:00:00 AM,medium
37.072,-107.8717,02/14/2016 12:00:00 AM,small
15.5779,-89.7321,10/15/2015 12:00:00 AM,medium
-6.6006,106.8002,08/26/2010 12:00:00 AM,medium
48.0364,-123.426,01/18/2010 12:00:00 AM,small
14.6429,-90.5352,09/27/2015 12:00:00 AM,medium
44.3804,9.0563,01/19/2014 12:00:00 AM,medium
45.5259,-122.7066,02/25/2007 02:30:00 PM,small
34.208,77.5101,08/06/2010 12:30:00 AM,large
-18.1284,178.4448,05/15/2010 12:00:00 AM,medium
45.0432,-110.732,07/17/2013 12:00:00 AM,medium
7.0225,125.2242,08/05/2015 12:00:00 AM,medium
45.5591,-123.9272,12/11/2015 02:04:00 AM,unknown
-16.4724,168.2362,10/24/2013 12:00:00 AM,medium
40.8044,-74.4478,03/24/2016 06:00:00 PM,small
32.5755,-116.9016,01/07/2008 12:00:00 AM,medium
49.1758,-122.1494,10/02/2013 05:00:00 PM,medium
-22.9149,-43.1109,04/06/2010 12:00:00 AM,medium
41.4873,72.3313,06/16/2016 11:00:00 PM,medium
37.55914605,70.42777802,05/21/2010 12:00:00 AM,large
18.1563,-92.979,12/16/2013 12:00:00 AM,medium
40.4115,-80.7844,03/18/2015 09:00:00 AM,small
40.2205,-81.5529,01/02/2014 12:00:00 AM,medium
10.6593,125.0546,03/17/2011 12:00:00 AM,medium
23.7,113.4,08/06/2008 12:00:00 AM,medium
52.6118,-121.5477,07/16/2015 06:00:00 PM,medium
10.509,124.9789,03/16/2011 12:00:00 AM,medium
37.8024,-81.9312,07/11/2013 12:00:00 AM,medium
44.6677,-123.8172,11/19/2012 04:02:00 PM,unknown
31.2077,77.193,06/03/2008 12:00:00 AM,medium
5.3149,115.2203,12/19/2015 12:00:00 AM,medium
31.8246,77.4702,02/12/2014 12:00:00 AM,large
31.5771,103.7368,07/03/2011 08:00:00 AM,small
25.0118,94.3136,07/07/2016 12:00:00 AM,large
28.25,83.1792,08/14/2009 06:00:00 PM,medium
43.2372,-79.8324,02/24/2016 09:00:00 AM,small
44.1165,-122.4413,02/10/2012 10:21:00 PM,unknown
33.0068,74.9455,08/05/2016 12:00:00 AM,medium
27.5742,85.1509,08/14/2014 03:00:00 PM,medium
28.1193,95.1645,02/18/2013 12:00:00 AM,medium
1.0195,34.3554,08/14/2010 06:00:00 AM,medium
40.9108,-111.8191,05/22/2011 12:00:00 AM,small
36.9338,138.6578,12/18/2014 11:00:00 PM,small
32.3109,77.2195,09/13/2010 11:00:00 PM,medium
12.0478,125.4357,02/17/2008 12:00:00 AM,medium
23.6454,109.9679,08/19/2013 07:47:00 AM,medium
26.8016,88.0499,10/01/2012 12:00:00 AM,large
25.1019,93.3729,08/11/2015 12:00:00 AM,medium
3.8355,113.7131,01/22/2014 12:00:00 AM,unknown
33.27140108,75.17707406,09/23/2010 12:00:00 AM,medium
3.1918,98.5022,11/30/2013 07:00:00 PM,medium
-6.8255,106.742,11/18/2012 12:00:00 AM,medium
33.2706,75.7702,07/27/2015 12:00:00 AM,small
48.3626,-120.4339,07/28/2011 12:00:00 AM,medium
60.0613,6.5483,01/17/2011 08:00:00 AM,medium
22.3312,91.8252,06/24/2012 12:00:00 AM,large
24.9007,91.8644,02/16/2016 11:00:00 PM,small
18.3153,-74.3853,10/03/2016 12:00:00 AM,medium
33.7099,74.7959,03/23/2015 12:00:00 AM,large
13.8217,120.9839,09/27/2013 10:30:00 PM,medium
19.4662,72.8276,09/21/2015 12:00:00 AM,medium
5.483,10.416,10/16/2008 12:00:00 AM,medium
43.8161,-115.2846,09/29/2013 12:00:00 AM,medium
56.6215,-132.6394,09/11/2015 12:00:00 AM,medium
39.4896,-80.1708,04/25/2011 06:00:00 AM,medium
24.3504,121.7755,06/20/2016 12:00:00 AM,medium
10.9628,77.5947,06/25/2013 08:00:00 AM,medium
36.2204,-81.4311,07/27/2013 12:00:00 AM,medium
44.4634,-123.509,04/03/2012 04:34:00 PM,unknown
44.0118,-123.7793,06/09/2013 05:52:00 PM,unknown
45.5317,-122.2526,12/17/2012 07:25:00 AM,unknown
-38.1583,144.35,12/13/2008 12:00:00 AM,small
-6.5644,106.2522,01/14/2012 12:00:00 AM,medium
50.7386,-2.9034,07/14/2012 12:00:00 AM,medium
-35.047,173.7463,02/23/2008 12:00:00 AM,small
43.3047,-122.5128,02/23/2015 06:43:00 AM,unknown
47.0708,-122.7007,01/10/2006 09:00:00 AM,medium
23.6539,121.0134,09/15/2008 12:00:00 AM,medium
32.6209,-107.9645,07/27/2011 12:00:00 AM,small
10.7603,-61.4578,09/07/2008 12:00:00 AM,medium
27.1141,88.4658,07/20/2011 12:00:00 AM,small
26.4596,87.2758,08/02/2007 12:00:00 AM,medium
45.68819748,-122.7038482,02/14/2011 06:30:00 PM,small
38.3686,-81.6026,03/12/2015 11:50:00 AM,medium
-19.366,-65.948,02/09/2014 06:00:00 PM,large
39.875223,22.5703077,12/17/2009 12:00:00 AM,medium
31.0595,109.0381,10/14/2010 05:40:00 AM,medium
21.23704301,92.19530189,06/15/2010 12:00:00 AM,medium
37.25,-107.87,07/13/2008 12:00:00 AM,medium
14.8851,120.2329,09/22/2013 12:00:00 AM,large
44.7448,-106.9249,07/07/2011 12:00:00 AM,medium
27.3773,88.559,07/21/2010 08:00:00 AM,medium
26.2363,94.8133,07/06/2010 12:00:00 AM,medium
26.7636,119.2801,09/23/2013 04:41:00 PM,medium
37.6536,-112.9821,10/08/2011 05:00:00 AM,large
25.6278,94.1051,08/19/2015 03:00:00 PM,medium
0.9374,-79.6671,05/03/2010 09:00:00 AM,medium
25.1167,121.4833,10/05/2007 12:00:00 AM,medium
44.4006,-122.3871,01/16/2011 12:00:00 AM,medium
-6.9373,107.474,03/25/2013 08:00:00 AM,large
59.6639,-151.4688,10/28/2013 03:00:00 PM,medium
-36.7056,146.8154,03/01/2012 08:00:00 AM,medium
37.9176,-82.4895,03/06/2015 12:00:00 AM,medium
40.4445,-111.7078,07/06/2013 11:00:00 PM,small
22.6239,91.6743,05/21/2016 09:00:00 AM,small
-20.9733,148.9689,03/19/2012 12:00:00 AM,medium
46.0603,-122.8952,12/08/2015 07:13:00 PM,unknown
28.0872,83.2935,06/20/2014 12:00:00 AM,small
30.4326,78.0767,09/19/2010 12:00:00 AM,medium
27.09,86.37,07/27/2008 12:00:00 AM,medium
46.9241,-120.5021,01/23/2016 12:00:00 AM,medium
27.1005,87.7831,07/25/2016 11:00:00 PM,medium
36.8502,-83.316,04/17/2013 12:00:00 AM,medium
29.158,81.5714,05/19/2016 11:00:00 PM,medium
23.1321,113.2685,12/20/2015 12:00:00 AM,large
22.78,104.95,07/22/2008 12:00:00 AM,medium
36.727,71.611,04/05/2007 12:00:00 AM,medium
42.3749,8.9095,06/10/2015 03:00:00 PM,medium
47.2543,-122.5514,10/04/2011 03:00:00 AM,medium
10.316,123.8804,08/22/2011 03:30:00 PM,medium
-29.4878,-51.3442,11/11/2013 12:00:00 AM,medium
39.0715,-107.1995,07/17/2013 04:00:00 PM,medium
36.9604,-119.4511,04/20/2010 12:00:00 AM,small
-22.52,-63.8,02/09/2009 12:00:00 AM,medium
39.12,-84.6621,05/03/2011 09:00:00 AM,small
37.3595,-122.1264,01/20/2010 03:00:00 PM,small
-11.9009,-76.6643,02/15/2009 01:45:00 PM,medium
-33.9595,18.377,11/16/2013 11:00:00 PM,small
43.2334,-123.2294,02/03/2016 04:26:00 PM,unknown
6.7916,125.1489,11/24/2009 12:00:00 AM,medium
-36.7109,146.9226,07/14/2010 12:00:00 AM,medium
39.88211093,-87.23175652,04/09/2015 12:15:00 PM,small
48.7195,-113.7188,07/17/2012 12:00:00 AM,medium
-41.0875,175.1498,12/01/2009 09:00:00 AM,small
37.7806,-82.9667,05/02/2010 12:00:00 AM,medium
-1.2239,134.0157,04/18/2016 12:00:00 AM,large
32.8391,103.9768,08/16/2010 12:00:00 AM,medium
21.8411,106.6741,09/05/2013 12:00:00 AM,very_large
30.7333,78.4399,07/10/2011 12:00:00 AM,medium
23.74182634,92.7141905,09/13/2010 12:00:00 AM,medium
14.923,121.0246,01/11/2014 12:00:00 AM,medium
41.7323,45.334,04/26/2010 12:00:00 AM,medium
23.0137,91.7174,08/14/2014 11:00:00 PM,medium
44.5072,-114.2346,01/03/2015 12:34:00 AM,medium
34.2413,-118.2208,02/06/2010 12:00:00 AM,small
8.4408,-80.8605,04/30/2016 12:00:00 AM,small
42.1436,24.7502,06/20/2015 12:00:00 AM,small
-22.6567,-43.0398,04/06/2010 12:00:00 AM,medium
47.8268,-122.3678,11/23/2011 07:00:00 AM,small
53.30801118,-0.931903558,04/27/2012 12:00:00 PM,medium
36.0748,-81.9243,07/15/2013 11:00:00 PM,medium
40.3911,-80.0766,09/29/2010 12:00:00 AM,small
-0.7133,37.051,02/01/2010 11:00:00 AM,medium
22.894,91.5327,10/19/2007 12:00:00 AM,medium
40.31,47.56,07/10/2008 12:00:00 AM,medium
18.0388,-76.574,08/28/2008 12:00:00 AM,medium
13.901105,-60.969451,11/30/2016 03:24:00 PM,small
43.2453,-79.9367,07/16/2010 06:00:00 AM,medium
45.0915,-123.7641,01/08/2014 06:51:00 AM,unknown
45.4654,-117.39,07/17/2012 10:30:00 AM,unknown
33.245,75.247,12/20/2008 12:00:00 AM,medium
12.042,-86.2998,08/20/2010 12:00:00 AM,medium
32.664,130.6507,06/11/2015 12:00:00 AM,small
47.4074,-102.7912,07/18/2011 12:00:00 AM,medium
40.69,30.458,09/28/2008 12:00:00 AM,medium
46.1936,-123.7999,05/09/2014 03:43:00 PM,medium
53.6057,-9.7083,04/05/2010 06:00:00 PM,small
38.4316,-106.1009,08/01/2014 04:30:00 PM,small
9.9077,98.6937,07/01/2014 12:00:00 AM,small
47.9897,-122.3631,03/03/2015 10:00:00 PM,small
45.9953,-122.8771,12/08/2015 09:21:00 PM,unknown
13.8193,124.1754,10/01/2009 12:00:00 AM,medium
27.3765,88.7628,06/27/2013 11:00:00 PM,medium
29.9932,102.9955,08/11/2007 12:00:00 AM,medium
34.6507,74.7362,03/19/2012 11:00:00 PM,medium
47.9459,-122.3039,01/12/2014 06:00:00 PM,medium
-23.2789,-46.7392,03/10/2016 12:00:00 AM,medium
29.2833,80.675,10/06/2009 12:00:00 AM,large
18.0918,-76.9429,12/01/2015 12:00:00 AM,small
53.03,-119.22,07/01/2008 12:00:00 AM,small
-23.42446618,-46.71737124,12/04/2009 12:00:00 AM,medium
29.3588,81.31,06/23/2012 12:00:00 AM,medium
40.3722,-91.3955,06/11/2011 12:00:00 AM,medium
5.9122,116.1465,10/12/2014 02:00:00 PM,small
36.0562,-87.4745,04/27/2011 08:00:00 AM,small
0.0277,34.7841,05/03/2015 12:00:00 AM,small
45.6069,-123.4604,12/28/2011 04:15:00 PM,unknown
40.5243,-79.6673,07/05/2011 12:00:00 AM,small
18.7723,99.2853,07/05/2016 12:00:00 AM,medium
37.6178,-121.9451,11/30/2012 12:00:00 AM,medium
40.0205,-80.3194,05/13/2011 03:00:00 PM,small
35.0254,-111.7414,01/06/2016 12:00:00 AM,medium
14.9847,108.3348,11/15/2013 12:00:00 AM,medium
9.4237,76.9371,08/06/2011 12:00:00 AM,medium
34.0775,-117.2599,12/22/2010 08:00:00 AM,small
7.8383,123.2967,01/13/2014 09:00:00 AM,large
1.47,111.4116,06/08/2016 03:00:00 AM,medium
45.4842,-123.6748,01/16/2011 12:00:00 AM,medium
10.6144,-66.5806,11/29/2010 12:00:00 AM,medium
42.2395,-124.3642,03/07/2013 01:06:00 PM,unknown
34.1647,-117.8178,12/12/2014 09:00:00 AM,small
38.4165,-123.0994,03/24/2011 09:45:00 AM,small
26.222,94.9152,08/14/2010 12:00:00 AM,medium
-10.3038,150.4476,10/26/2007 12:00:00 AM,medium
21.7254,101.453,03/19/2016 12:00:00 AM,medium
-22.5527,-43.6897,04/06/2010 12:00:00 AM,medium
26.0137,94.5163,08/04/2013 12:00:00 AM,medium
37.356,-2.0371,04/28/2013 12:00:00 AM,medium
18.5158,73.1822,05/07/2014 05:30:00 PM,small
10.34,123.9275,10/16/2010 12:00:00 AM,medium
40.5494,45.6449,06/18/2010 12:00:00 AM,medium
24.1965,73.703,09/11/2014 12:00:00 AM,medium
40.9959,45.6886,04/27/2010 06:00:00 AM,medium
0.6301,30.0355,05/10/2016 09:00:00 AM,large
16.95,121.045,08/17/2008 12:00:00 AM,medium
43.3215,22.0726,04/07/2015 12:00:00 AM,small
9.6563,-84.0236,11/04/2010 12:00:00 AM,medium
26.1407,91.7645,06/26/2014 11:00:00 PM,small
37.4563,-82.4223,05/03/2010 12:00:00 AM,small
10.4524,123.2617,12/26/2011 12:00:00 AM,medium
44.9688,33.6051,08/27/2010 12:00:00 AM,medium
24.808,93.117,09/06/2011 08:00:00 AM,medium
19.4272,-155.8801,11/28/2007 12:00:00 AM,medium
38.4837,111.2345,11/27/2013 08:30:00 AM,medium
40.4507,-79.9773,06/05/2010 05:00:00 PM,medium
10.06,-84.1841,10/27/2015 12:00:00 AM,small
19.8413,-96.8005,08/26/2013 12:00:00 AM,medium
28.601,81.601,08/10/2007 12:00:00 AM,medium
31.9111,108.6989,07/19/2010 08:00:00 AM,medium
41.08647095,73.07114867,04/10/2016 04:00:00 PM,medium
-38.2907,177.3655,03/02/2012 12:00:00 AM,medium
44.71,-122.2336,01/11/2014 01:02:00 PM,unknown
40.4191,-79.9647,09/28/2010 08:00:00 PM,small
46.1836,-123.8203,07/17/2007 12:00:00 AM,small
33.5708,73.494,03/20/2007 12:00:00 AM,medium
33.6549,74.6326,10/22/2008 12:00:00 AM,medium
20.5004,-97.4647,08/26/2013 08:20:00 PM,medium
28.5833,112.3735,05/06/2013 11:00:00 PM,medium
43.7599,-124.1229,01/16/2011 01:56:00 PM,unknown
37.9933,-108.012,07/20/2016 02:30:00 PM,medium
47.4296,-122.5337,01/19/1997 12:00:00 AM,small
45.4604,-122.6394,02/05/2016 02:33:00 PM,unknown
38.6331,-82.5309,05/03/2010 12:00:00 AM,medium
37.9002,-122.4749,03/24/2011 12:00:00 AM,small
43.6828,-123.6691,02/12/2015 02:37:00 AM,unknown
-23.6419326,-46.4273239,09/08/2009 12:00:00 AM,medium
-8.773461589,120.280149,06/06/2008 12:00:00 AM,medium
12.5769,-86.0418,06/12/2015 12:00:00 AM,medium
27.5684,85.2254,09/17/2012 09:00:00 AM,medium
-14.2781,-170.5825,12/29/2009 12:00:00 AM,medium
22.9183,110.9949,06/02/2010 12:00:00 AM,medium
35.2507,-88.166,07/25/2016 12:00:00 AM,medium
43.6492,-123.6629,12/01/2012 04:48:00 AM,unknown
43.3982,-75.3733,03/30/2012 12:00:00 AM,medium
47.717,-121.225,11/17/2015 12:00:00 AM,medium
47.7741,-120.0311,07/28/2010 06:00:00 PM,medium
-22.3838,-43.0787,01/12/2011 04:00:00 AM,large
8.2117,77.312,05/20/2016 01:10:00 AM,small
23.6866,93.017,08/27/2015 12:00:00 AM,medium
0.2833,34.75,08/11/2007 12:00:00 AM,large
24.544,85.3492,08/09/2014 08:00:00 AM,medium
43.2436,25.0328,11/06/2015 03:00:00 PM,small
25.0333,98.4667,07/19/2007 12:00:00 AM,large
15.6019,73.8093,07/12/2016 12:00:00 AM,small
40.6875,-105.3546,07/28/2013 06:15:00 AM,medium
-38.551,146.196,06/22/2011 12:00:00 AM,large
30.6521,79.5566,08/08/2011 12:00:00 AM,medium
3.4856,-76.6104,04/12/2016 09:00:00 AM,small
34.3852,132.4553,07/13/2010 12:00:00 AM,medium
26.74452462,88.40011959,08/16/2009 09:00:00 AM,medium
27.1344,88.4575,08/20/2009 12:00:00 AM,medium
25.4243,88.2746,06/30/2015 12:00:00 AM,medium
4.4982,101.3947,12/30/2014 04:30:00 AM,small
44.4156,-123.5633,04/12/2015 01:03:00 PM,unknown
44.1453,-110.9964,06/08/2016 12:00:00 AM,medium
-19.9167,-43.9333,12/16/2008 12:00:00 AM,medium
44.158,-123.5777,03/30/2012 11:34:00 AM,unknown
5.2519,96.0444,11/26/2008 12:00:00 AM,medium
-38.6378,143.8912,01/12/2011 07:00:00 AM,medium
40.4905,-111.7377,07/16/2013 10:00:00 PM,small
38.6498,-123.3792,03/12/2016 12:00:00 AM,medium
17.948,-76.333,09/04/2008 12:00:00 AM,medium
17.4012,121.3034,08/31/2010 12:00:00 AM,medium
43.2982,-122.9342,11/20/2012 09:34:00 AM,unknown
37.5455,-82.7779,02/05/2014 08:30:00 AM,medium
43.4379,-124.0083,09/02/2013 01:47:00 PM,unknown
25.5114,90.215,06/16/2015 06:15:00 AM,medium
27.5567,85.1173,07/25/2016 11:00:00 PM,medium
42.1331,-122.6123,04/30/2012 12:00:00 AM,medium
35.8568,-82.6957,04/25/2013 12:00:00 AM,medium
0.8479,-78.0609,06/05/2011 12:00:00 AM,medium
47.7079,-117.4909,08/29/2014 06:00:00 PM,small
45.5832,-122.7689,03/31/2010 12:00:00 AM,small
40.5813,-79.8024,05/23/2011 10:00:00 PM,small
16.5857,120.4201,10/20/2016 12:00:00 AM,medium
10.3607,123.8842,08/16/2015 12:00:00 AM,small
39.7573,140.7185,08/09/2013 09:00:00 AM,medium
25.9548,104.5178,08/29/2012 05:00:00 AM,medium
25.8877,94.7861,07/06/2010 12:00:00 AM,medium
28.1296,83.5004,08/23/2014 11:00:00 PM,medium
27.9167,83.0833,08/24/2007 12:00:00 AM,medium
-37.5825,175.1538,10/02/2016 12:00:00 AM,medium
44.0428,-123.8772,12/30/2011 12:00:00 AM,small
13.3382,-61.1912,12/24/2013 11:00:00 PM,very_large
36.3812,52.8557,11/27/2013 12:00:00 AM,medium
37.4076,-81.7889,03/03/2015 11:00:00 PM,medium
25.6623,94.1072,10/10/2010 06:00:00 AM,medium
40.4891,-79.93,04/18/2016 09:00:00 AM,medium
25.9611,91.3681,07/07/2016 12:00:00 AM,medium
-45.8243,170.5957,06/19/2013 10:00:00 PM,medium
9.9995,77.0309,08/04/2013 11:00:00 PM,medium
28.1314,84.8272,08/08/2016 12:00:00 AM,medium
17.5861,73.1742,06/22/2015 03:30:00 AM,medium
24.7339,93.9161,03/27/2010 08:00:00 PM,medium
34.5353,69.1696,03/28/2007 12:00:00 AM,large
11.2965,-60.6312,11/17/2007 12:00:00 AM,medium
40.4519,-79.9787,03/17/2014 02:20:00 PM,medium
36.0378,-81.5949,03/06/2011 12:00:00 AM,medium
30.6014,78.3449,08/13/2013 08:00:00 AM,medium
39.1537,-84.2361,03/14/2015 12:00:00 AM,small
36.2556,73.6075,10/26/2015 12:00:00 AM,small
7.192836513,125.9690316,01/05/2012 03:30:00 AM,very_large
10.0604,76.635,08/17/2012 03:30:00 PM,large
34.9926,72.3661,06/24/2015 12:00:00 AM,medium
37.9958,-122.2363,03/24/2011 12:00:00 AM,medium
6.0522,124.9168,03/30/2011 12:00:00 AM,medium
37.4053,-122.2577,12/13/2015 05:46:00 PM,small
40.2598,73.3043,06/20/2016 05:00:00 PM,medium
22.344,91.8161,07/01/2011 06:00:00 AM,large
44.0229,-123.9079,11/15/2011 08:57:00 AM,unknown
42.9172,-124.1019,03/10/2016 02:51:00 PM,unknown
14.8435,120.2683,10/01/2016 12:00:00 AM,medium
9.630751852,125.5700193,11/19/2007 12:00:00 AM,medium
27.9911,82.3018,08/16/2014 12:00:00 AM,large
-4.3313,-79.7811,03/18/2015 11:00:00 PM,small
10.715,122.2342,10/07/2013 08:00:00 AM,medium
49.0022,-122.7576,03/31/2011 12:30:00 AM,small
-28.6604,153.277,01/09/2011 12:00:00 AM,medium
36.7069,-105.4304,07/08/2015 03:00:00 PM,medium
37.3888,69.8255,08/05/2014 12:00:00 AM,medium
7.6195,125.6278,01/14/2012 10:00:00 PM,medium
28.3921,82.4696,09/16/2014 03:30:00 AM,medium
16.624,97.938,08/13/2008 12:00:00 AM,medium
30.7314,78.4347,07/18/2013 12:00:00 AM,small
51.3681,-0.4367,07/05/2007 12:00:00 AM,small
47.5792,-120.8005,09/05/2013 11:00:00 PM,medium
47.7307,-121.4089,12/12/2010 10:00:00 AM,medium
26.1978,91.7665,04/20/2010 12:00:00 AM,medium
40.8826,-73.9227,09/01/2011 12:00:00 AM,small
-8.1578,115.113,12/13/2010 12:00:00 AM,medium
20.89202644,-156.2165371,07/21/2016 09:00:00 AM,small
47.5881,-120.6271,12/09/2015 12:00:00 AM,medium
13.986,75.452,08/12/2008 11:00:00 PM,large
24.819,94.3551,07/31/2015 09:00:00 AM,medium
7.2022,-72.9835,12/07/2011 12:00:00 AM,medium
27.8667,83.4833,09/29/2007 12:00:00 AM,medium
38.4006,-81.6171,07/12/2013 12:00:00 AM,medium
44.7829,-122.6175,04/25/2011 06:23:00 AM,unknown
9.0891,99.8589,11/04/2010 09:00:00 AM,medium
45.9656,-74.3311,04/15/2014 10:00:00 AM,small
27.9526,84.227,06/28/2012 12:00:00 AM,medium
5.1749,-75.9712,09/27/2010 03:00:00 AM,medium
32.216,106.675,06/30/2015 12:00:00 AM,medium
28.2653,83.6032,08/29/2010 11:00:00 PM,medium
34.5443447,105.6828853,07/15/2011 12:00:00 AM,large
30.4749,79.2293,02/23/2011 12:00:00 AM,medium
29.9121,78.1723,08/12/2011 12:00:00 AM,medium
42.1205,24.1185,03/21/2015 12:00:00 AM,medium
28.266,84.8942,06/26/2015 12:00:00 AM,large
21.7773,92.1991,08/01/2015 03:00:00 AM,small
5.8404,118.1018,01/29/2011 02:00:00 AM,medium
40.0945423,-80.75848389,04/28/2017 01:17:00 PM,small
-7.1788,107.6012,05/05/2015 12:00:00 AM,medium
38.4072,-82.4261,05/18/2011 03:00:00 AM,small
21.4051,39.8504,09/18/2015 11:00:00 PM,medium
33.5574,-117.8178,11/01/2013 03:00:00 PM,medium
3.1082,101.756,07/22/2016 12:00:00 AM,medium
26.19037705,91.77306002,07/10/2017 02:21:00 PM,small
30.7635,105.7051,08/10/2009 11:00:00 PM,medium
-32.6532,-70.012,01/25/2016 12:00:00 AM,medium
30.28,109.48,07/13/2008 12:00:00 AM,medium
38.7612,-104.8318,10/11/2015 12:00:00 AM,large
14.4039,-90.6986,05/29/2010 12:00:00 AM,medium
-0.4814,37.1285,05/10/2010 10:00:00 PM,medium
34.1542,-117.9057,12/03/2014 09:00:00 AM,small
46.0205,-122.8777,12/11/2015 08:54:00 AM,unknown
47.803,-122.3941,12/12/2014 12:30:00 AM,small
37.1629,-111.373,07/18/2013 03:00:00 PM,medium
47.488,-122.3633,12/08/2015 11:00:00 PM,medium
25.463,92.2121,06/13/2015 12:00:00 AM,medium
42.3153,18.8587,03/10/2015 12:00:00 AM,medium
1.5928,35.5673,07/28/2011 09:00:00 AM,medium
35.1433,-118.4688,06/12/2015 04:50:00 PM,small
27.35,87.6667,08/24/2010 12:00:00 AM,medium
43.5009,-108.164,06/24/2015 12:00:00 AM,medium
43.3047,-122.5166,11/30/2012 09:46:00 AM,unknown
10.7335,-61.5592,11/27/2010 12:00:00 AM,medium
16.0667,120.9167,09/12/2009 12:00:00 AM,medium
18.2,120.65,07/29/2008 12:00:00 AM,medium
46.1199,-123.3467,02/17/2014 08:30:00 AM,unknown
24.9111,94.4759,08/01/2015 12:00:00 AM,medium
11.8861,108.2058,05/02/2008 12:00:00 AM,medium
44.3999,-122.4303,02/15/2011 03:18:00 AM,unknown
56.2451,-4.8814,02/22/2012 12:00:00 AM,medium
15.7067,73.9551,08/07/2011 12:00:00 AM,medium
-7.3674,109.7303,12/04/2014 12:00:00 AM,large
51.3832,0.3782,01/17/2014 12:00:00 PM,medium
45.3987,-122.4997,02/25/2014 04:09:00 PM,unknown
10.3504,123.8815,07/28/2013 12:00:00 AM,medium
30.6207,34.8149,12/22/2009 12:00:00 AM,medium
12.1639,107.4326,09/27/2012 12:00:00 AM,medium
-44.0582,169.3808,09/10/2013 06:30:00 PM,medium
29.8246,94.413,06/18/2016 12:00:00 AM,medium
32.6443,130.6279,06/11/2015 09:00:00 AM,small
44.029,-124.1288,12/18/2015 09:00:00 AM,small
40.4327,-80.0383,03/11/2010 03:00:00 PM,small
27.8458,95.2253,09/19/2012 12:00:00 AM,medium
13.4868,43.872,05/22/2016 12:00:00 AM,medium
-18.0873,177.3814,01/24/2012 12:00:00 AM,medium
39.5874,-107.1974,02/15/2016 09:00:00 AM,medium
6.0581,116.2824,10/14/2013 03:35:00 PM,medium
20.7844,97.0235,10/17/2014 06:30:00 PM,medium
35.7108,-83.4998,08/05/2011 12:00:00 AM,small
45.176,-122.1635,01/22/2012 09:40:00 PM,unknown
28.0816,83.2934,06/20/2014 12:00:00 AM,medium
12.9368,77.6177,07/09/2016 11:00:00 PM,medium
27.88159864,83.77762394,10/06/2010 04:00:00 AM,medium
9.8907,99.0616,03/30/2011 04:30:00 AM,small
33.33280503,75.21320384,02/03/2008 12:00:00 AM,medium
19.3074,101.8343,06/28/2013 12:00:00 AM,medium
22.752,120.7925,05/22/2016 12:00:00 AM,unknown
27.8883,85.5097,07/20/2016 12:00:00 AM,medium
47.6388,-120.5933,09/05/2013 11:00:00 PM,medium
18.0622,-76.7763,09/30/2010 08:00:00 AM,medium
44.0747,-118.9756,04/27/2011 07:43:00 PM,unknown
45.331,-122.5437,03/10/2011 11:00:00 AM,medium
14.5337,-90.5289,09/27/2015 12:00:00 AM,medium
5.984,116.5742,04/10/2011 03:00:00 AM,medium
34.8813,-118.8962,12/13/2015 07:45:00 PM,medium
7.824426765,126.1489178,01/02/2011 11:00:00 PM,medium
38.2616,69.118,04/03/2007 08:35:00 AM,medium
45.6542,-121.5491,02/18/2014 04:50:00 PM,unknown
44.4216,-121.8784,03/14/2012 06:59:00 PM,unknown
18.2807,83.0394,08/25/2013 03:00:00 PM,small
19.0997,72.8974,08/17/2010 01:00:00 PM,medium
49.0535,-122.8644,01/07/2011 03:00:00 PM,small
32.7708,-117.0873,12/28/2010 09:30:00 AM,small
18.4149,121.0495,11/04/2010 12:00:00 AM,medium
2.9346,101.7777,11/12/2012 03:50:00 PM,medium
41.4497,-8.2594,04/03/2013 12:00:00 PM,medium
-22.2832,-64.2333,01/25/2014 09:00:00 AM,large
27.3667,86.0868,09/05/2009 11:00:00 PM,medium
42.213,-120.1115,07/03/2015 04:40:00 PM,unknown
30.4559,106.6332,07/19/2010 12:00:00 AM,medium
45.9608,-123.9244,09/09/2013 10:13:00 AM,unknown
23.8986,91.7599,06/03/2010 12:00:00 AM,medium
40.3875,-79.7569,12/16/2007 12:00:00 AM,medium
40.5531,46.0089,05/02/2010 12:00:00 AM,medium
31.944,77.1179,09/20/2010 12:00:00 AM,medium
44.6573,-123.8372,12/05/2012 11:50:00 AM,unknown
3.1623,101.7444,11/15/2012 06:00:00 PM,medium
35.4462,-82.3746,05/06/2013 12:00:00 AM,medium
47.9435,-122.3082,03/06/2014 09:00:00 AM,medium
46.8189,-120.8603,09/05/2013 11:00:00 PM,medium
7.257,126.1579,01/14/2012 09:00:00 AM,medium
-22.4912,-43.1856,10/10/2009 12:00:00 AM,medium
8.577,124.785,11/24/2009 12:00:00 AM,medium
42.083,44.7,06/11/2014 12:00:00 AM,medium
14.743,108.7301,11/25/2011 12:00:00 AM,medium
28.0054,82.68,06/19/2014 11:00:00 PM,medium
-17.2353,-66.532,02/08/2014 12:00:00 AM,large
40.0205,71.5777,05/28/2016 05:00:00 PM,medium
33.1253,74.8288,09/03/2014 12:00:00 AM,medium
33.4552,-117.6667,10/20/2010 12:00:00 AM,small
45.5492,-122.1828,12/26/1996 12:00:00 AM,small
30.8796,119.4211,02/20/2013 01:47:00 PM,medium
33.0716,74.839,08/07/2016 12:00:00 AM,medium
34.0893,74.0241,05/12/2014 12:00:00 AM,small
42.0819,-122.5921,01/16/2011 08:49:00 AM,unknown
45.6895,-123.9123,02/17/2011 07:21:00 PM,unknown
13.8516,-61.0429,10/31/2010 12:00:00 AM,medium
50.0804,-116.8792,07/12/2012 12:00:00 AM,medium
16.7999,120.8211,10/20/2016 12:00:00 AM,medium
11.2529,124.9736,03/17/2011 12:00:00 AM,medium
25.5265,93.8673,10/09/2010 12:00:00 AM,medium
27.80766085,84.69570744,07/29/2010 08:00:00 AM,medium
6.1454,80.4119,11/06/2007 12:00:00 AM,medium
46.103,-123.204,12/12/2007 12:00:00 AM,medium
43.9701,39.4476,06/04/2016 12:00:00 AM,large
-19.5378,-40.949,12/21/2013 12:00:00 AM,large
16.392,120.5996,08/06/2009 12:00:00 AM,medium
28.0297,85.0934,08/21/2015 11:47:00 AM,medium
44.1029,-124.1207,11/07/2006 09:00:00 AM,medium
24.7837,121.5308,09/30/2015 12:00:00 AM,large
48.0414,-122.5949,03/20/2011 12:00:00 AM,medium
34.4399,-119.6615,03/21/2011 11:00:00 PM,small
29.0387,82.7442,08/19/2013 12:00:00 AM,medium
30.2524,78.9228,06/24/2013 10:00:00 PM,medium
-22.3758,-43.1314,02/03/2008 12:00:00 AM,medium
44.6467,7.6639,05/30/2008 12:00:00 AM,medium
-4.4585,136.8448,04/29/2010 08:45:00 PM,small
-0.3264,100.1535,01/27/2013 12:00:00 AM,very_large
-0.0568,-51.1818,03/28/2013 12:30:00 AM,medium
36.0282,74.548,12/25/2015 11:14:00 PM,medium
38.7439,-104.8474,09/12/2013 06:00:00 PM,medium
43.6539,-123.8148,03/17/2012 06:16:00 PM,unknown
47.9144,-122.32,03/15/2015 12:00:00 AM,small
51.41495704,-117.4693413,05/10/2017 01:28:00 PM,small
50.2722,-4.7891,01/26/2014 06:00:00 PM,small
42.2322,-111.7272,09/08/2013 04:45:00 PM,medium
-13.4862,-71.7832,01/10/2014 07:30:00 PM,medium
17.686,121.8726,11/04/2010 12:00:00 AM,medium
16.5281,107.5007,10/07/2016 12:00:00 AM,medium
60.1346,-2.0885,08/06/2007 12:00:00 AM,medium
34.1538,-83.6417,07/16/2010 08:00:00 PM,small
-2.5559,140.7156,12/31/2013 06:00:00 PM,medium
14.0256,-84.5919,08/28/2014 09:00:00 AM,medium
-2.6857,118.8947,05/01/2007 12:00:00 AM,medium
43.0421,-91.1811,08/20/2009 12:00:00 AM,small
5.0343,-75.3723,04/13/2011 06:00:00 PM,large
32.0987,77.1495,09/06/2010 12:00:00 AM,medium
9.2087,125.5901,08/27/2013 07:30:00 PM,medium
50.3625,-4.4558,03/22/2013 05:00:00 AM,medium
-46.7748,167.6337,05/20/2014 12:00:00 AM,small
7.6804,122.1511,10/08/2013 12:00:00 AM,medium
46.0226,-122.8802,02/27/2016 02:01:00 PM,unknown
38.2211,-81.4472,03/22/2016 11:00:00 AM,small
-0.4834,100.3387,03/30/2010 12:00:00 AM,medium
12.9746,80.2119,11/14/2015 12:00:00 AM,medium
30.15,78.7753,06/30/2011 12:00:00 AM,medium
33.047,-116.833,08/07/2008 12:00:00 AM,small
16.9945,120.8209,06/19/2012 12:00:00 AM,medium
33.1445,75.5469,04/03/2015 12:00:00 AM,medium
26.1062,91.8717,07/25/2015 09:00:00 AM,medium
47.4825,-122.2487,03/10/2011 11:00:00 AM,small
47.2537,-122.2667,03/10/2011 03:00:00 AM,medium
10.310885,123.823355,11/05/2016 02:00:00 PM,small
13.6891,-89.2361,10/12/2014 12:00:00 AM,small
38.432,-81.7718,06/20/2016 10:00:00 AM,small
-45.8618,170.509,05/01/2014 04:00:00 AM,small
49.3507,-124.4677,12/10/2014 10:00:00 AM,small
30.796,78.623,09/04/2010 12:00:00 AM,medium
14.1105,-87.2507,09/28/2015 12:00:00 AM,medium
8.9607,99.8832,03/30/2011 12:00:00 AM,medium
1.3314,120.925,10/27/2008 12:00:00 AM,medium
7.8675,123.3647,08/07/2015 12:00:00 AM,small
6.8907,-73.4081,10/21/2014 03:00:00 AM,small
49.3478,-123.1897,03/21/2013 12:00:00 AM,small
-1.1747,36.8304,05/07/2012 08:00:00 PM,large
18.5202,-72.4111,10/17/2010 12:00:00 AM,medium
37.0943,-121.9776,03/14/2012 09:00:00 AM,small
39.1267,-84.5319,05/07/2013 12:00:00 AM,medium
47.8885,-119.9177,07/19/2016 03:00:00 PM,medium
12.89163444,74.88548779,06/25/2010 12:00:00 AM,medium
-22.937,-42.4916,04/06/2010 12:00:00 AM,medium
47.5812,-122.6051,12/12/2010 09:00:00 AM,medium
22.3682,114.0519,06/07/2008 12:00:00 AM,medium
33.2108,-116.4331,06/10/2016 01:04:00 AM,small
10.3286,123.8896,07/20/2013 11:00:00 PM,medium
45.8467,-118.8928,06/22/2013 01:41:00 PM,unknown
18.0502,-76.3994,04/21/2016 12:00:00 AM,small
33.1817,-117.0005,03/26/2011 09:00:00 AM,medium
47.5944,-122.3881,11/22/2009 12:00:00 AM,medium
48.6223,-122.4446,12/10/2010 12:00:00 AM,small
45.6517,-122.8516,12/07/2015 04:34:00 PM,unknown
42.1397,-122.5846,02/06/2015 12:00:00 AM,small
40.5196,-80.1376,04/06/2011 12:00:00 AM,small
-43.5897,172.6894,07/01/2013 12:00:00 AM,small
23.4231,111.2884,06/15/2010 12:00:00 AM,medium
35.1812,-82.7308,06/07/2010 01:30:00 AM,small
16.8668,120.7834,08/22/2015 03:00:00 AM,medium
6.4824,125.0439,04/02/2011 12:20:00 PM,medium
45.9951,-122.877,01/17/2016 07:52:00 PM,unknown
-41.0387,172.9486,04/21/2013 12:00:00 AM,medium
49.5622,-123.2317,07/30/2008 12:00:00 AM,medium
27.7783,98.4579,07/16/2011 10:00:00 AM,medium
41.8907,44.7519,04/25/2010 12:00:00 AM,medium
40.5371,-112.1385,09/11/2013 06:00:00 PM,small
36.127,-118.8093,02/27/2010 12:00:00 AM,small
10.3717,-61.3917,08/21/2009 12:00:00 AM,small
-1.852959,30.114407,12/06/2016 02:22:00 PM,small
16.9729,120.6294,09/03/2010 12:00:00 AM,medium
9.5009,98.9984,12/06/2010 11:00:00 PM,medium
31.6865,77.1043,07/31/2016 11:00:00 PM,medium
18.4293,121.0796,10/08/2009 12:00:00 AM,medium
27.07,87.73,08/24/2010 12:00:00 AM,medium
41.736,-111.8209,05/16/2016 09:00:00 AM,medium
26.7973,88.1389,08/09/2016 04:00:00 AM,medium
50.9001,0.4864,12/22/2012 09:00:00 AM,medium
31.1054,77.1727,07/25/2010 12:00:00 AM,medium
47.4895,-122.3635,12/09/2015 12:00:00 AM,small
41.5687,41.958,04/06/2012 12:00:00 AM,medium
44.5395,-123.3807,11/22/2012 04:15:00 PM,unknown
32.7883,-97.0317,07/24/2007 12:00:00 AM,small
28.2631,84.2461,07/05/2015 06:00:00 PM,medium
53.8452,-1.7615,06/07/2016 12:00:00 AM,medium
-22.5221,-43.2192,03/18/2013 12:00:00 AM,medium
39.2535,-111.6396,09/02/2013 06:00:00 PM,medium
30.9206,78.3276,05/31/2011 12:00:00 AM,medium
37.1143,-121.9339,12/19/2010 12:00:00 AM,small
13.7874,-89.16,10/10/2011 12:00:00 AM,very_large
44.19,-72.4914,05/30/2011 08:00:00 AM,small
25.4788,94.1399,10/09/2010 12:00:00 AM,medium
34.6987,135.8019,09/03/2011 12:00:00 AM,medium
6.3704,-75.4408,04/22/2011 12:00:00 AM,medium
46.626,-121.4326,03/22/2016 09:00:00 AM,small
51.3903,0.3215,01/17/2014 06:20:00 AM,small
43.3845,-124.2211,03/13/2012 02:34:00 AM,unknown
44.3104,-123.6313,04/04/2012 03:27:00 PM,unknown
48.0486,-119.9232,04/03/2016 12:00:00 AM,small
28.2001,85.4611,04/28/2015 12:00:00 AM,large
-22.82,-43.1789,04/06/2010 12:00:00 AM,small
9.8747,-84.3841,11/11/2015 12:00:00 AM,small
54.8705,-8.121,09/22/2010 11:00:00 PM,medium
49.9132,-119.4897,01/19/2016 12:00:00 AM,small
37.4067,-82.4382,11/04/2015 12:00:00 AM,medium
-6.084,145.208,03/04/2009 12:00:00 AM,medium
-6.3494,147.1646,11/25/2007 12:00:00 AM,medium
25.9612,105.3409,06/28/2010 02:30:00 PM,large
37.0791,76.6344,07/06/2016 12:00:00 AM,large
33.1078,74.7756,08/06/2015 12:00:00 AM,medium
6.3314,124.9485,06/25/2015 12:00:00 AM,medium
24.1046,108.0198,08/28/2013 12:00:00 PM,medium
45.6202,-123.4091,02/07/2013 04:53:00 PM,unknown
38.1723,-84.8775,05/03/2011 08:00:00 AM,medium
48.5473,-120.7645,08/11/2013 03:00:00 PM,large
13.4582,144.7187,09/17/2014 12:00:00 AM,small
-5.5208,104.448,10/04/2009 12:00:00 AM,medium
54.2076,-4.4653,06/16/2012 12:00:00 AM,medium
34.4854,132.44,08/20/2014 04:00:00 AM,large
-10.2101,123.5999,01/16/2010 12:00:00 AM,medium
-20.3837,-43.499,01/03/2012 08:00:00 AM,medium
-39.0675,174.3119,07/29/2016 05:45:00 AM,medium
38.163,-82.5052,04/12/2014 12:00:00 PM,small
7.021,80.5913,09/25/2015 12:00:00 AM,medium
40.0505,-105.3715,07/13/2011 06:00:00 PM,medium
34.638,105.6122,08/22/2007 12:00:00 AM,medium
-29.4985,152.3913,10/08/2010 08:00:00 PM,medium
31.10587659,77.17798485,07/12/2011 12:00:00 AM,small
4.3388,113.9955,01/22/2014 12:00:00 AM,unknown
-32.9747,-71.5376,08/06/2014 12:00:00 AM,small
61.0883,-145.91,01/27/2014 12:00:00 AM,large
44.3471,9.3134,11/10/2014 12:00:00 AM,medium
38.122,128.0,07/24/2008 12:00:00 AM,medium
24.956,121.3249,05/02/2010 12:00:00 AM,medium
43.3047,-122.5168,12/04/2012 10:50:00 AM,unknown
18.5347,-72.4097,10/20/2009 12:00:00 AM,small
38.5653,-80.4459,07/13/2015 12:00:00 AM,small
-22.9011,-43.4438,12/11/2013 12:00:00 AM,medium
31.6817,77.1209,12/07/2015 12:00:00 AM,medium
37.0293,-119.4475,03/26/2011 12:00:00 AM,medium
-14.3322,-170.7998,12/28/2009 12:00:00 AM,medium
49.2966,-123.1357,03/28/2007 12:00:00 AM,medium
50.8203367,-122.0359223,11/15/2015 12:00:00 AM,medium
38.6987,-77.0008,05/15/2014 12:00:00 AM,small
-17.5513,177.6328,01/25/2012 12:00:00 AM,medium
-39.372,176.2391,04/27/2011 12:00:00 AM,medium
37.3212,-82.3434,05/03/2010 12:00:00 AM,small
46.0411,-123.2481,12/09/2015 11:08:00 AM,unknown
36.5538,-121.748,03/08/2016 12:00:00 AM,small
44.4677,-123.5014,12/17/2015 05:14:00 PM,unknown
41.8741,-1.2144,04/13/2007 12:00:00 AM,medium
6.4111,124.8338,12/09/2010 12:00:00 AM,medium
45.3871,-114.0541,08/29/2013 03:00:00 PM,medium
7.5842,125.8331,02/17/2013 02:30:00 PM,very_large
28.2091,82.8541,07/26/2016 11:00:00 PM,large
47.5571,-122.39,12/28/2010 09:00:00 AM,small
38.568,-119.8048,04/10/2016 12:00:00 AM,medium
32.7327,74.8556,08/11/2011 12:00:00 AM,medium
8.5415,-80.1978,09/17/2015 12:00:00 AM,medium
-6.9656,107.7271,10/29/2015 12:00:00 AM,medium
27.2644,88.1365,08/19/2009 08:30:00 PM,medium
52.87,-118.2704,10/08/2016 09:55:00 AM,medium
7.0653,125.6072,07/04/2011 12:00:00 AM,large
52.6514,-2.4971,11/27/2012 12:00:00 AM,medium
28.2741,83.7417,08/09/2013 12:00:00 AM,medium
35.1544,74.0453,08/04/2013 12:00:00 AM,medium
34.2425,-117.0219,12/13/2009 12:00:00 AM,small
33.7732,74.1011,03/15/2015 12:00:00 AM,medium
45.5354,-122.2319,10/22/2014 08:30:00 PM,small
28.1901,83.6972,08/22/2011 12:00:00 AM,medium
27.3414,86.7506,09/12/2013 11:00:00 PM,medium
-6.5873,106.7932,05/26/2012 12:00:00 AM,large
7.8882,98.3071,10/26/2007 01:00:00 AM,medium
37.123,-82.7953,05/20/2015 12:00:00 AM,small
50.3763,-4.4927,02/04/2014 12:00:00 AM,medium
-38.1951,145.134,04/25/2010 09:00:00 PM,medium
16.3694,120.6059,06/24/2011 12:00:00 AM,medium
-12.9379,-38.4764,04/27/2015 12:00:00 AM,medium
43.3181,-123.0611,01/19/2012 04:00:00 AM,small
37.3035,-83.1265,05/28/2016 01:15:00 PM,large
29.9111,109.5516,09/27/2014 06:10:00 AM,medium
45.3619,-122.3648,01/24/2012 12:00:00 AM,small
27.5086,85.0855,09/18/2010 12:00:00 AM,medium
30.0554,102.6171,07/08/2016 11:00:00 PM,medium
-7.972,112.6278,01/06/2008 12:00:00 AM,medium
2.9832,98.1938,02/07/2013 12:00:00 AM,medium
29.8521,80.553,10/04/2016 12:00:00 AM,medium
33.7474,-117.5834,09/15/2015 09:00:00 AM,small
7.1623,80.4484,05/18/2016 12:00:00 AM,very_large
27.04,88.264,07/22/2009 12:00:00 AM,medium
-16.9135,145.7231,03/05/2008 12:00:00 AM,small
33.3,-116.9135,11/26/2008 12:00:00 AM,medium
41.5585,-73.402,03/07/2011 02:00:00 AM,medium
-27.4601,152.0525,01/10/2011 12:00:00 AM,medium
25.6157,96.3167,07/04/2014 12:00:00 AM,large
7.9015,123.7719,07/27/2011 11:00:00 PM,medium
16.6066,120.6202,08/19/2013 12:00:00 AM,medium
7.5694,126.1388,08/16/2011 07:00:00 PM,medium
31.747,35.5915,04/15/2007 12:00:00 AM,large
-29.7826,30.8331,09/06/2012 11:00:00 PM,medium
33.7001,35.6275,11/30/2015 09:00:00 AM,medium
28.2912,83.9422,06/30/2014 11:00:00 PM,small
14.5932,-90.4979,09/23/2014 02:30:00 PM,medium
28.0458,83.6695,07/05/2012 12:00:00 AM,medium
25.5006,90.0896,10/20/2014 12:00:00 AM,medium
7.0932,125.5583,01/14/2008 12:00:00 AM,medium
11.2326,124.9577,03/19/2011 12:00:00 AM,medium
27.3167,86.5,07/03/2011 12:00:00 AM,medium
45.4311,-123.9426,05/05/2013 05:37:00 PM,unknown
40.8308,14.43,10/21/2011 12:00:00 AM,medium
-18.2883,146.0225,02/03/2011 12:00:00 AM,medium
30.3056,79.3286,07/24/2013 12:00:00 AM,medium
29.2484,79.5371,09/18/2010 12:00:00 AM,medium
26.1662,91.7138,05/11/2013 09:00:00 AM,medium
39.1333,-84.662,05/03/2011 09:00:00 AM,small
43.6619,-123.3424,04/01/2012 05:14:00 PM,unknown
5.0255,-75.5236,03/20/2011 03:00:00 PM,medium
-30.3167,30.6667,06/18/2008 12:00:00 AM,medium
28.02,84.96,07/16/2010 12:00:00 AM,medium
43.6164,-122.1355,03/10/2012 08:45:00 PM,unknown
40.1833,-79.8965,02/05/2008 12:00:00 AM,medium
15.5935,73.9434,06/14/2011 08:00:00 AM,medium
46.9602,7.3968,05/14/2016 12:00:00 AM,small
25.8376,94.5234,08/04/2013 12:00:00 AM,medium
3.2468,-76.2226,11/24/2008 12:00:00 AM,medium
19.0719,-97.0474,09/09/2013 11:00:00 PM,medium
34.9354,73.8295,10/26/2015 12:00:00 AM,medium
34.818,-118.8953,07/18/2015 06:00:00 PM,medium
7.92237225,126.270676,01/17/2011 12:00:00 AM,small
41.3912,-122.1826,07/02/2016 02:30:00 PM,large
43.6411,-123.6626,02/07/2015 02:37:00 PM,unknown
26.0481,94.4619,08/04/2013 12:00:00 AM,medium
22.6205,91.6591,01/30/2013 12:00:00 AM,large
41.8368,12.6528,12/02/2013 12:00:00 AM,large
49.031,-122.7408,05/01/2014 12:00:00 AM,small
-1.2631,36.8512,04/04/2012 08:00:00 AM,large
24.6997,85.6285,06/05/2016 11:00:00 PM,medium
-13.1592608,-72.53217241,04/23/2016 12:00:00 AM,medium
37.7552,-122.4375,03/07/2016 12:00:00 AM,small
34.9098,-111.7268,07/07/2014 12:00:00 AM,small
19.0603,-97.1009,09/16/2013 12:00:00 AM,medium
34.1516,-117.8864,12/12/2014 05:30:00 AM,small
26.1324,91.8342,09/22/2014 12:00:00 AM,small
47.6261,-122.3667,04/05/2010 09:00:00 AM,small
27.7115,83.9072,07/19/2013 11:00:00 PM,medium
33.2451,75.2257,08/06/2007 12:00:00 AM,medium
34.1972,-118.9815,10/31/2014 11:00:00 PM,medium
31.4161,77.4153,09/19/2010 12:00:00 AM,medium
13.8891,-60.9268,12/24/2013 11:00:00 PM,large
29.5089,81.6693,06/29/2015 12:00:00 AM,medium
43.8156,-91.2105,04/22/2016 12:00:00 AM,large
11.7521,125.4568,12/06/2014 09:30:00 AM,small
-8.2876,114.9767,02/04/2012 12:00:00 AM,medium
50.5466,-5.0379,04/07/2016 12:00:00 AM,medium
21.4758,101.5675,07/01/2011 12:00:00 AM,medium
47.9863,-122.2301,03/13/2011 01:55:00 PM,medium
8.3295,77.1963,12/09/2010 11:00:00 PM,medium
14.1169,120.9326,07/14/2010 02:00:00 AM,medium
22.5777,114.0684,04/20/2008 12:00:00 AM,medium
13.0805,-85.9925,09/26/2015 12:00:00 AM,small
-38.6309,143.8872,07/13/2016 12:00:00 AM,medium
34.0497,-118.8053,03/20/2011 12:00:00 AM,small
18.9642,-99.6511,09/20/2010 10:00:00 PM,large
27.6788,85.514,08/07/2015 12:00:00 AM,medium
41.189,44.892,10/02/2011 12:00:00 AM,large
45.3926,-122.5272,03/10/2011 12:00:00 AM,medium
30.4068,79.3351,08/05/2010 08:00:00 AM,medium
33.0086,74.9426,09/04/2014 12:00:00 AM,small
14.6283,-90.5324,04/27/2016 12:00:00 AM,medium
18.5061,99.2357,09/08/2012 12:00:00 AM,medium
11.3176,-60.5841,12/25/2012 03:00:00 AM,medium
28.4101,129.5901,10/19/2010 12:00:00 AM,medium
45.5803,-122.875,12/07/2015 12:00:00 AM,medium
37.3312,-122.2116,03/12/2016 12:00:00 AM,medium
9.8815,-83.9401,03/18/2015 12:00:00 AM,medium
-41.5561,174.1455,07/21/2013 12:00:00 AM,medium
37.9728,-122.5573,03/24/2011 12:00:00 AM,medium
-18.1347,178.4267,10/09/2016 11:00:00 PM,medium
35.3368,-84.0317,01/17/2013 09:00:00 AM,large
31.07383383,103.4928695,09/24/2008 12:00:00 AM,medium
42.6267,-73.8514,06/08/2016 09:00:00 AM,small
19.6167,-100.3,02/05/2010 12:00:00 AM,medium
45.5379,-122.2243,05/16/2016 12:00:00 AM,unknown
8.7031,124.7439,11/24/2009 12:00:00 AM,medium
-7.3196,109.7856,12/04/2014 12:00:00 AM,medium
27.1748,88.6458,06/07/2012 04:30:00 AM,large
45.8404,-118.8886,07/22/2013 11:33:00 AM,unknown
16.3597,120.5634,08/12/2013 08:00:00 AM,small
6.8835,-73.4166,05/18/2011 03:30:00 AM,medium
7.2943,80.854,10/26/2014 11:00:00 PM,medium
7.5314,126.013,01/11/2007 12:00:00 AM,medium
28.9,80.87,07/18/2008 12:00:00 AM,medium
46.1138,-123.2157,12/19/2013 12:00:00 AM,medium
36.27,-121.8076,11/03/2008 12:00:00 AM,small
45.5161,-122.3609,03/15/2012 08:11:00 PM,unknown
-4.276,15.266,10/29/2007 12:00:00 AM,medium
43.7,-114.371,09/20/2008 12:00:00 AM,small
27.059,88.4694,07/15/2014 12:00:00 AM,small
39.2925,-121.0591,03/29/2011 12:00:00 AM,medium
7.1878,0.3927,08/28/2008 12:00:00 AM,medium
23.1297,120.6161,05/23/2010 03:00:00 PM,medium
16.4244,120.678,08/19/2013 12:00:00 AM,medium
46.8155,-120.923,10/10/2009 11:00:00 AM,medium
44.2386,-124.1115,11/01/2012 02:20:00 PM,unknown
40.5453,-79.809,04/17/2015 12:00:00 AM,small
47.9569,-122.2675,03/08/2014 12:00:00 AM,medium
28.2856,83.0426,07/04/2016 12:00:00 AM,medium
9.6224,124.2986,10/16/2011 12:00:00 AM,medium
45.7746,-123.9446,01/04/2015 08:00:00 AM,unknown
15.4123,74.2664,07/03/2013 02:00:00 AM,medium
25.8702,94.7844,07/28/2016 11:00:00 PM,medium
26.0214,94.5224,08/19/2015 12:00:00 AM,medium
32.872,131.0044,04/16/2016 12:00:00 AM,medium
31.5423,104.1298,08/12/2010 12:00:00 AM,medium
32.804,-88.3108,09/21/2009 12:00:00 AM,medium
27.2284,111.8963,04/29/2016 12:00:00 AM,medium
27.737,84.6073,08/14/2014 12:00:00 AM,medium
40.6937,-105.2659,07/25/2013 03:25:00 PM,small
44.0327,-123.8565,03/13/2012 09:56:00 AM,unknown
47.645,-122.416,12/05/2007 12:00:00 AM,small
-0.6549,-78.874,02/14/2011 12:00:00 AM,medium
43.1325,-124.3505,12/24/2014 07:14:00 AM,unknown
38.499,-80.7205,07/13/2015 12:00:00 AM,small
11.7548,125.4606,02/15/2008 12:00:00 AM,medium
33.7354,-116.8146,09/07/2014 12:00:00 AM,small
12.9141,74.856,06/27/2011 12:00:00 AM,large
-42.05,145.6333,08/25/2009 12:00:00 AM,medium
43.1462,23.7144,10/11/2013 05:00:00 PM,medium
29.9964,80.201,07/28/2013 12:00:00 AM,small
24.7459,93.4251,08/11/2015 12:00:00 AM,medium
40.78,-74.27,06/29/2008 12:00:00 AM,small
36.0242,-86.8811,05/02/2010 12:00:00 AM,small
38.0072,-108.044,07/20/2016 02:30:00 PM,medium
13.7705,-60.969,10/30/2010 12:00:00 AM,medium
14.4236,-90.4792,06/06/2015 12:00:00 AM,medium
33.6846,74.2453,03/15/2015 06:00:00 PM,medium
35.0203,-85.2634,09/18/2012 12:00:00 AM,medium
39.7188,-121.6113,03/13/2012 02:30:00 PM,small
33.5599,-117.54,03/24/2011 01:30:00 AM,medium
22.3544,110.947,09/15/2009 12:00:00 AM,large
45.5887,-122.0698,10/10/2008 12:00:00 AM,medium
-8.1969,111.336,05/24/2010 12:00:00 AM,medium
27.8987,84.5386,10/05/2016 12:00:00 AM,medium
27.5003,90.5081,07/21/2011 11:00:00 PM,medium
26.6455,101.2607,09/15/2015 10:50:00 PM,medium
22.7662,104.9389,04/25/2010 11:00:00 PM,medium
37.657,-81.9237,03/04/2015 12:00:00 AM,medium
22.3405,103.9989,09/13/2011 03:00:00 PM,medium
31.0304,103.1831,06/25/2014 12:00:00 AM,small
50.9761,-2.1668,03/09/2016 12:00:00 AM,small
34.2447,35.665,02/01/2012 12:00:00 AM,medium
26.8867642,88.28044714,08/16/2009 02:00:00 AM,medium
-7.3683,112.7145,09/15/2009 04:40:00 AM,medium
48.4608,-123.5437,01/05/2011 08:30:00 PM,small
33.3041,75.1982,10/25/2015 12:00:00 AM,medium
37.5748,-82.6454,05/12/2016 09:00:00 AM,medium
-5.8457,144.2004,07/01/2015 08:00:00 AM,small
45.5598,-123.8924,03/05/2014 07:17:00 PM,unknown
49.0115,-124.8257,10/21/2014 10:39:00 PM,medium
45.2091,-116.7067,01/21/2015 12:00:00 AM,small
26.191688,91.810079,12/15/2016 02:22:00 PM,small
54.6086,-3.5679,12/22/2013 12:00:00 AM,small
28.0257,85.7262,05/12/2015 12:00:00 AM,medium
43.5091,-108.1822,04/26/2016 10:40:00 PM,small
43.9984,-123.6954,03/30/2012 12:44:00 AM,unknown
29.5687,82.2837,07/16/2016 12:00:00 AM,medium
18.7686,73.3678,06/22/2015 12:00:00 AM,small
44.5687,-80.9204,05/19/2015 12:00:00 AM,small
50.7389,-2.901,06/29/2011 11:00:00 PM,small
25.2568,92.3825,08/19/2015 12:00:00 AM,medium
19.2046,84.1917,10/12/2014 12:00:00 AM,large
34.6056,76.0539,06/25/2015 12:00:00 AM,medium
10.2452,-66.5867,11/25/2010 12:00:00 AM,medium
28.4517,119.9169,08/16/2009 03:00:00 PM,medium
-39.6412,177.0065,04/26/2011 09:00:00 AM,small
41.2554,-111.8305,05/30/2011 09:00:00 AM,small
18.1578,100.1589,09/20/2007 12:00:00 AM,medium
41.7385,-111.8132,06/11/2009 12:00:00 AM,small
33.7152,-118.3125,11/18/2011 12:00:00 AM,medium
27.8835,96.9262,08/16/2015 12:00:00 AM,medium
29.1145,81.6865,06/18/2013 12:00:00 AM,medium
43.4234,-115.3855,09/12/2013 12:00:00 AM,medium
21.3849,-157.946,12/19/2010 06:00:00 AM,small
16.40331346,120.589519,08/08/2009 06:00:00 PM,large
37.8514,-107.7791,07/07/2015 02:00:00 AM,medium
34.2716,-118.0282,12/12/2009 12:00:00 AM,small
47.6168,-116.6798,01/08/2015 09:47:00 AM,small
37.3869,113.1122,07/09/2013 11:00:00 PM,medium
32.2239,76.3226,07/18/2015 12:00:00 AM,medium
35.6126,135.9674,09/16/2013 12:00:00 AM,medium
34.0347,73.3334,02/06/2011 12:00:00 AM,medium
16.5364,120.8512,10/03/2009 12:00:00 AM,medium
39.4416,-123.8033,03/11/2016 09:00:00 AM,medium
28.0822,96.5316,05/01/2016 12:00:00 AM,medium
52.9192,-2.1718,08/02/2013 10:00:00 PM,small
10.3018,77.1711,11/08/2009 12:00:00 AM,medium
26.8844,98.8704,07/09/2014 03:00:00 AM,medium
22.4254,91.8022,07/26/2015 07:00:00 AM,small
1.2951,110.2716,02/27/2011 06:00:00 AM,medium
47.4348,-122.9922,12/12/2010 12:00:00 AM,medium
44.0302,-123.679,01/31/2008 12:00:00 AM,medium
35.2882,73.2242,10/26/2015 12:00:00 AM,unknown
-6.8345,107.4706,12/28/2014 03:00:00 AM,medium
8.425227,-13.22917996,08/14/2017 03:39:00 PM,very_large
35.7006,-82.8078,11/09/2015 12:00:00 AM,unknown
45.5829,-122.7686,03/05/2014 09:00:00 AM,medium
26.1295,91.7056,09/22/2014 12:00:00 AM,small
17.2568,-96.0289,08/24/2010 09:00:00 AM,medium
32.2237,76.3369,08/08/2014 12:00:00 AM,medium
-38.6663,178.0235,09/19/2014 12:00:00 AM,small
8.4758,-13.2025,08/18/2010 08:00:00 AM,medium
16.2,108.133,10/16/2008 12:00:00 AM,medium
-6.669735615,106.3009238,06/19/2011 06:00:00 PM,medium
14.6115,121.1601,03/10/2016 08:00:00 AM,small
-19.6528,-40.8424,12/21/2013 12:00:00 AM,medium
9.2171,126.1466,03/19/2011 12:00:00 AM,medium
-7.5958,111.1281,02/21/2012 11:30:00 PM,medium
50.8378,-118.9805,04/26/2012 10:00:00 AM,medium
-7.3627,108.5865,10/09/2016 12:00:00 AM,medium
42.5337,-96.3726,05/25/2011 10:00:00 AM,small
27.3172,86.5,08/28/2012 12:00:00 AM,medium
27.167,88.3652,08/20/2010 12:00:00 AM,medium
33.4482,110.2098,08/12/2015 12:30:00 AM,medium
39.5828,-111.1921,09/02/2012 12:00:00 AM,medium
47.8268,-122.3149,03/13/2011 12:00:00 AM,medium
27.4503,87.74,08/09/2016 01:37:00 PM,small
35.4825,73.9015,08/03/2013 09:00:00 AM,medium
14.6893,-88.8098,11/21/2015 10:30:00 PM,medium
28.0084,82.821,06/20/2014 12:00:00 AM,small
25.6127,96.2961,05/23/2016 08:15:00 PM,medium
-22.9247,-43.1993,04/06/2010 12:00:00 AM,medium
-6.9563,107.0222,11/18/2012 12:00:00 AM,medium
13.6905,-89.32,10/12/2014 12:00:00 AM,medium
45.6334,-121.3359,12/11/2010 10:00:00 PM,small
-0.3203,30.4192,10/27/2010 12:00:00 AM,medium
45.97,9.2386,12/26/2013 12:00:00 AM,medium
31.5986,78.4384,06/16/2013 12:00:00 AM,medium
8.8427,98.3834,08/20/2007 12:00:00 AM,medium
8.6815,-70.7016,07/03/2011 12:00:00 AM,medium
23.9655,120.964,07/13/2013 03:00:00 AM,medium
-7.3519,109.7489,10/14/2016 12:00:00 AM,medium
18.7828,82.7935,09/16/2015 12:00:00 AM,medium
2.6752,-75.6447,07/25/2013 03:30:00 PM,medium
15.2892,-91.0892,09/10/2010 12:00:00 AM,medium
28.5746,77.2791,12/24/2015 10:00:00 AM,small
32.7044,108.9952,11/24/2014 03:00:00 PM,small
40.5459,39.5272,11/21/2009 12:00:00 AM,medium
1.3484,34.3991,09/11/2011 12:00:00 AM,large
28.2924,83.871,08/17/2015 12:00:00 AM,medium
34.1802,74.2718,04/17/2011 12:00:00 AM,medium
-33.859,151.2099,07/22/2011 12:00:00 AM,medium
10.3318,123.8866,10/13/2011 09:00:00 AM,medium
7.825,98.3819,08/09/2015 12:00:00 AM,small
51.9007,0.0431,02/07/2014 09:00:00 AM,medium
30.5151,78.3684,08/09/2010 12:00:00 AM,medium
44.7176,-122.242,02/06/2014 12:02:00 AM,unknown
30.365,78.0641,08/26/2010 08:00:00 AM,medium
-13.5138,-71.9911,04/03/2011 01:30:00 AM,medium
12.75,124.033,10/17/2007 12:00:00 AM,large
40.6268,-79.7383,11/01/2012 08:00:00 AM,medium
30.557,79.56,07/30/2007 12:00:00 AM,medium
2.9437,-76.7719,10/13/2007 12:00:00 AM,large
-22.8733,-43.1014,04/06/2010 12:00:00 AM,medium
-6.7564,107.4983,01/18/2014 01:30:00 PM,medium
10.6943,-61.5175,09/07/2012 11:00:00 PM,medium
16.5141,80.6058,10/11/2010 12:00:00 AM,medium
36.5494,110.0849,07/22/2013 12:00:00 AM,medium
61.039,-149.7829,09/15/2015 09:00:00 AM,small
25.5718,94.1211,08/21/2010 06:00:00 PM,medium
28.0537,83.961,07/02/2011 12:00:00 AM,medium
45.5772,-122.1198,01/17/2011 04:45:00 PM,unknown
49.3471,-120.0742,11/17/2015 04:00:00 PM,medium
17.0977,-96.0625,09/28/2010 04:00:00 AM,medium
-18.7913,-42.3753,12/17/2013 10:00:00 AM,medium
10.0757,-84.4793,09/29/2010 12:00:00 AM,medium
26.9122,87.919,08/10/2008 12:00:00 AM,medium
44.4064,-123.9539,02/15/2014 03:36:00 PM,unknown
18.2106,-76.6735,04/18/2010 12:00:00 AM,medium
34.2236,-118.1964,11/12/2009 12:00:00 AM,small
39.1994,-107.2271,08/19/2010 03:40:00 PM,medium
26.1807,94.5497,08/04/2013 12:00:00 AM,medium
39.8033,-80.7651,07/25/2013 04:55:00 AM,medium
17.7718,-64.802,10/06/2010 12:00:00 AM,medium
3.4677,-76.5908,05/16/2011 09:50:00 AM,medium
12.8414,101.1186,09/19/2009 12:00:00 AM,medium
34.8662,-118.8813,05/06/2016 05:00:00 PM,small
15.2892,-61.2642,04/12/2010 12:00:00 AM,small
31.6223,78.0193,06/17/2013 12:00:00 AM,medium
27.6072,86.9985,08/20/2009 12:00:00 AM,medium
16.0769,121.7536,11/23/2008 12:00:00 AM,medium
44.027,-123.83,12/30/2011 04:04:00 AM,unknown
44.7236,-122.2499,03/12/2016 03:19:00 PM,unknown
27.3746,88.7648,08/26/2009 12:00:00 AM,medium
44.5407,-69.625,03/30/2010 12:00:00 AM,small
44.0302,-123.8405,01/06/2008 12:00:00 AM,small
-29.5706,-50.7578,04/23/2011 08:00:00 AM,medium
14.194,121.1481,09/09/2009 12:00:00 AM,medium
6.887,125.4383,05/04/2011 09:00:00 AM,medium
36.5851,109.4875,07/13/2013 10:05:00 AM,small
31.5216,78.1346,08/20/2014 11:00:00 PM,medium
38.5095,-105.9679,08/10/2014 06:44:00 PM,small
11.855,75.361,07/20/2007 12:00:00 AM,medium
47.8287,-122.3534,12/09/2010 06:30:00 AM,small
36.7014,-111.886,08/09/2015 03:00:00 PM,medium
2.7229,101.9421,10/17/2014 07:39:00 PM,small
32.9522,75.1533,12/11/2012 12:00:00 AM,medium
18.09,102.516,08/15/2008 12:00:00 AM,medium
5.9657,116.6037,02/07/2011 12:00:00 AM,medium
26.1963,91.8074,07/14/2016 12:00:00 AM,small
50.6226,-3.3428,03/20/2014 12:00:00 AM,medium
8.2922,98.9153,03/29/2011 09:00:00 AM,large
36.89,-87.6597,08/19/2009 12:00:00 AM,small
44.3543,-123.7083,02/21/2011 04:40:00 AM,medium
34.2092,74.321,03/05/2015 12:00:00 AM,medium
45.5616,-123.9343,01/21/2011 05:49:00 PM,unknown
45.3828,-122.5715,01/19/2012 03:00:00 PM,small
27.5509,88.6475,07/21/2010 08:00:00 AM,medium
14.8123,-91.4944,05/26/2010 12:00:00 AM,medium
42.9429,-76.0673,03/29/2014 11:00:00 PM,small
30.1035,78.4265,09/19/2010 12:00:00 AM,medium
16.32713063,120.6601881,07/28/2011 10:30:00 AM,medium
47.7278,-122.2818,12/13/2010 09:00:00 AM,medium
47.7632,-122.321,01/19/2010 07:30:00 AM,medium
20.17,-98.0492,08/06/2016 12:00:00 AM,large
22.0104,91.9538,06/01/2015 02:00:00 PM,medium
35.1649,102.4839,08/22/2008 12:00:00 AM,medium
21.0,99.0,06/18/2011 10:00:00 AM,large
7.922409713,123.6862992,11/20/2007 12:00:00 AM,medium
10.4913,-66.906,11/26/2010 04:00:00 AM,medium
23.4575,120.5742,08/10/2009 12:00:00 AM,large
-23.4499,-46.923,03/07/2015 11:00:00 PM,medium
32.7995,-97.2688,07/01/2007 12:00:00 AM,medium
40.1129,-123.7984,03/20/2012 09:00:00 AM,medium
10.6895,-61.5731,11/27/2010 12:00:00 AM,medium
24.8,121.67,09/28/2008 12:00:00 AM,medium
-7.5411,110.4456,01/26/2014 12:00:00 PM,unknown
36.2566,-115.6442,08/18/2013 03:00:00 PM,medium
3.142,101.6593,05/09/2013 12:00:00 AM,medium
40.1031,-80.7009,05/11/2016 06:00:00 PM,medium
46.7802,-114.4064,02/10/2015 05:30:00 AM,small
33.6859,-117.6656,07/20/2013 01:30:00 PM,small
32.351,77.2234,09/03/2009 12:00:00 AM,medium
11.3143,-60.5417,10/31/2010 08:00:00 AM,medium
45.97,8.98,07/14/2008 12:00:00 AM,medium
34.224,-84.3896,06/05/2014 12:00:00 AM,small
15.2556,-61.2697,04/12/2010 12:00:00 AM,small
37.478,-82.5158,03/17/2015 12:00:00 AM,medium
8.385243799,124.3458148,11/20/2007 12:00:00 AM,medium
10.0692,125.6036,01/13/2014 09:00:00 AM,large
34.1716,-118.993,12/11/2014 12:00:00 AM,medium
38.7205,-106.2342,09/30/2013 11:00:00 AM,medium
37.2199,69.7078,05/06/2008 12:00:00 AM,medium
45.8515,-118.9001,10/04/2012 09:09:00 PM,unknown
24.1077,94.0396,08/01/2015 06:30:00 AM,large
25.6633,94.4703,10/08/2010 12:00:00 AM,medium
-4.0602,-78.9638,04/30/2014 04:30:00 AM,small
40.5812,-80.672,03/16/2011 07:00:00 PM,medium
21.0324,105.7586,08/15/2015 12:00:00 AM,medium
47.6656,-122.2992,01/10/2006 09:00:00 AM,small
38.5952,101.1839,11/06/2015 11:00:00 PM,medium
8.6542,124.7556,11/24/2009 12:00:00 AM,medium
18.3297,82.9565,10/12/2014 06:00:00 PM,medium
45.6621,13.8002,10/14/2014 12:00:00 AM,medium
37.4833,21.65,11/18/2007 12:00:00 AM,medium
27.201,88.4883,09/07/2007 12:00:00 AM,large
-1.4771,102.4382,01/26/2013 04:45:00 AM,medium
27.8324,84.5512,07/23/2016 06:10:00 AM,medium
27.6969,111.9933,03/26/2013 09:15:00 PM,medium
10.0747,125.5672,12/24/2013 09:00:00 PM,medium
4.678,-74.138,11/29/2011 12:00:00 AM,medium
30.7007,77.8644,05/23/2016 01:00:00 AM,small
53.3799,-1.6613,10/27/2008 12:00:00 AM,medium
34.3427,73.4359,03/19/2014 12:00:00 AM,medium
52.5108,-9.678,02/16/2014 12:00:00 AM,large
46.9795,-123.8439,01/06/2015 09:00:00 AM,medium
10.92631521,77.79584597,05/12/2017 01:28:00 PM,small
7.8822,98.4129,06/10/2014 04:30:00 PM,small
27.8426,85.3418,08/28/2015 02:00:00 AM,medium
39.0182,-122.5716,12/11/2014 09:00:00 AM,small
3.1073,101.6641,11/24/2014 06:30:00 PM,small
46.8856,-123.7131,11/26/2012 12:00:00 AM,medium
-4.5419,105.2198,07/29/2013 12:00:00 AM,medium
54.9809,-5.96,12/01/2013 11:00:00 PM,medium
51.1184,-4.2136,11/29/2012 12:00:00 AM,medium
38.9941,-84.7316,07/03/2011 12:00:00 AM,large
18.0761,-76.2914,08/27/2012 09:00:00 PM,medium
7.4695,80.6121,01/09/2011 12:00:00 AM,medium
47.7125,-122.3793,12/26/2006 11:00:00 PM,small
36.9061,-82.3048,08/26/2015 03:00:00 PM,small
43.618,40.0443,09/24/2013 12:00:00 AM,medium
35.6194,-82.3219,05/06/2013 02:00:00 AM,medium
22.63,110.15,06/30/2008 12:00:00 AM,medium
42.1474,19.6946,12/04/2010 12:00:00 AM,medium
44.2997,-123.6395,03/26/2012 11:30:00 PM,unknown
31.3527,-89.3347,11/17/2015 12:00:00 AM,medium
44.288,-124.1129,10/14/2016 12:00:00 AM,small
42.4135,-71.6974,03/15/2010 02:00:00 AM,small
-13.1409,-74.2155,01/20/2010 12:00:00 AM,medium
-7.2732,109.3203,04/08/2012 09:00:00 PM,medium
-18.5333,47.3167,04/06/2009 12:00:00 AM,medium
45.5598,-123.8924,12/08/2015 06:29:00 PM,unknown
42.1288,-122.5376,02/06/2015 08:14:00 AM,unknown
45.6655,-123.9269,02/06/2015 09:02:00 AM,unknown
38.0008,-108.0364,07/20/2016 02:30:00 PM,medium
47.7471,-121.0968,12/08/2015 03:00:00 PM,medium
-7.5458,112.2273,01/27/2014 12:00:00 AM,large
48.34812216,-124.5245511,05/22/2015 06:10:00 AM,small
28.6363,77.3957,01/05/2015 09:00:00 AM,small
31.4135,77.895,09/15/2010 12:00:00 AM,medium
42.0124,20.9482,08/03/2015 12:00:00 AM,medium
33.3308,75.1774,02/16/2011 06:00:00 PM,medium
15.6046,-90.0853,08/21/2007 12:00:00 AM,medium
16.0309,121.9912,12/11/2013 09:00:00 PM,medium
44.4722,-123.4802,03/28/2014 12:00:00 AM,small
42.2322,-123.6423,02/04/2015 08:42:00 AM,unknown
-37.9673,177.0457,06/18/2011 09:00:00 AM,medium
30.5475,114.3093,06/16/2008 12:00:00 AM,medium
35.5063,73.8056,04/03/2016 12:00:00 AM,large
39.7419,-105.4095,04/12/2016 12:00:00 AM,small
42.9646,-123.8241,12/24/2015 03:00:00 PM,medium
33.908,73.9339,11/30/2012 12:00:00 AM,medium
38.0,71.0,05/22/2009 06:00:00 PM,medium
9.7268,76.8081,08/17/2012 12:00:00 AM,medium
13.2548,-61.1805,10/30/2010 12:00:00 AM,medium
14.6685,-91.2697,05/29/2010 11:00:00 PM,medium
39.7814,118.0646,08/06/2016 05:00:00 AM,medium
-39.9455,176.9248,04/26/2011 09:00:00 AM,medium
36.1736,74.3001,09/07/2010 12:00:00 AM,medium
34.1559,-118.2235,02/28/2014 06:00:00 PM,medium
44.9331,-116.9055,08/09/2015 02:21:00 PM,unknown
13.7156,-89.2521,11/08/2009 12:00:00 AM,medium
29.346,81.0083,08/10/2015 11:00:00 PM,medium
14.0865,-87.2172,09/26/2011 12:00:00 AM,medium
27.5778,85.1717,10/02/2016 08:00:00 AM,medium
26.9865,87.8982,09/05/2015 03:00:00 PM,medium
45.0676,-123.709,02/06/2015 10:10:00 AM,unknown
-30.4489,30.6551,06/20/2008 12:00:00 AM,medium
34.0952,73.4942,02/09/2010 12:00:00 AM,medium
48.095,-122.499,03/12/2011 12:00:00 AM,small
-7.5856,109.6747,12/20/2013 05:00:00 AM,medium
45.4701,-122.6587,10/15/2016 06:08:00 PM,small
32.8008,-117.207,01/06/2008 12:00:00 AM,small
29.2409,95.9761,06/06/2012 12:00:00 AM,medium
34.5382,74.2493,08/17/2014 06:00:00 PM,medium
16.3533,120.6763,08/06/2015 04:00:00 PM,medium
45.9066,-115.4587,02/18/2016 12:00:00 AM,small
49.1461,-122.3236,03/24/2007 03:30:00 AM,large
28.4513,82.2801,06/18/2013 09:00:00 AM,large
13.921,-60.9402,10/31/2010 12:00:00 AM,medium
4.5326,-74.1359,05/27/2010 12:00:00 AM,medium
-36.5119,174.6807,12/04/2009 12:00:00 AM,medium
13.0785,123.8347,12/28/2010 12:00:00 AM,medium
37.39,112.49,07/10/2008 12:00:00 AM,medium
29.3802,79.4633,07/12/2013 12:00:00 AM,medium
21.38070054,92.01072983,06/24/2012 12:00:00 AM,large
38.009,-108.0462,07/20/2016 02:30:00 PM,medium
38.0455,-120.3454,10/16/2016 12:00:00 AM,medium
28.1436,84.6979,04/10/2015 11:00:00 PM,large
28.1681,105.4411,07/13/2010 12:00:00 AM,medium
-22.9112,-43.0503,04/06/2010 12:00:00 AM,medium
-18.9191,47.5505,01/14/2015 09:00:00 AM,medium
28.4754,-16.2498,02/02/2010 12:00:00 AM,medium
26.99195749,88.42280921,07/17/2011 12:00:00 AM,medium
47.6569,-120.2266,11/09/2015 11:45:00 AM,medium
37.755,-81.8917,06/13/2010 12:00:00 AM,medium
45.6062,-122.4161,12/07/2015 12:00:00 AM,small
43.6698,40.298,07/20/2014 12:00:00 AM,small
39.1883,-107.2341,07/31/2010 06:46:00 PM,medium
39.1139,-84.4888,03/10/2015 03:00:00 PM,small
11.0029,-73.7733,07/30/2010 12:00:00 AM,medium
44.7633,-121.2328,01/08/2012 01:26:00 PM,unknown
17.5586,-98.9483,10/03/2015 11:00:00 PM,medium
50.7187,-1.8577,02/21/2014 12:00:00 AM,large
8.5367,124.7997,01/17/2014 12:00:00 AM,medium
5.3628,-3.9903,06/24/2010 12:00:00 AM,medium
15.0666,-87.3245,05/20/2014 12:00:00 AM,medium
23.5102,106.1624,06/22/2013 05:30:00 AM,medium
43.7488,-124.1195,12/24/2014 07:13:00 AM,unknown
37.2573,-87.1772,03/04/2015 09:00:00 AM,medium
-3.0287,118.9062,04/22/2012 12:00:00 AM,medium
43.669,-123.6525,03/16/2011 04:20:00 PM,unknown
22.7596,113.8701,05/11/2014 09:00:00 AM,small
32.789,130.8208,04/16/2016 12:00:00 AM,small
47.1831,-122.2507,01/05/2015 07:39:00 AM,small
32.2862,77.1613,03/17/2008 12:00:00 AM,medium
43.45091955,-73.3260807,04/20/2017 05:55:00 PM,large
-22.3696,-65.1487,09/18/2009 12:00:00 AM,medium
7.8272,98.3131,10/05/2013 12:00:00 AM,small
27.703,85.3183,07/21/2011 12:00:00 AM,medium
21.3539,-157.8117,01/03/2014 01:45:00 AM,small
29.9,81.1333,08/18/2008 12:00:00 AM,medium
28.0306,83.8617,07/04/2010 12:00:00 AM,medium
30.8928,78.48,07/25/2013 12:00:00 AM,medium
45.86,-123.5544,12/20/2014 10:34:00 AM,unknown
39.631,-106.0433,07/07/2011 12:00:00 AM,small
6.706,-75.9917,09/27/2010 12:00:00 AM,large
10.4476,-61.3169,09/19/2010 03:00:00 PM,medium
45.5653,-122.7774,01/25/2011 12:00:00 AM,small
47.5498,-122.1185,07/03/2008 10:30:00 AM,small
44.3998,-122.4302,01/19/2011 04:39:00 AM,unknown
8.44,126.34,11/20/2008 12:00:00 AM,medium
16.9897,120.7538,08/16/2016 12:00:00 AM,medium
0.0072,-78.4781,08/12/2014 01:00:00 PM,medium
22.0596,103.1644,08/04/2015 12:00:00 AM,medium
35.9205,-83.9572,01/15/2013 12:00:00 AM,medium
15.5931,73.8119,06/17/2011 12:00:00 AM,medium
41.4845,72.314,06/16/2016 11:00:00 PM,medium
32.9411,-117.2404,01/07/2016 12:00:00 AM,small
45.6372,-123.2668,12/10/2015 09:44:00 PM,unknown
47.6543,-122.9374,02/06/2015 01:00:00 AM,medium
32.7029,75.9568,08/26/2010 12:00:00 AM,medium
8.5695,98.2559,09/15/2007 12:00:00 AM,medium
33.6296,74.5264,07/02/2016 08:00:00 AM,medium
19.056,-69.3822,08/17/2008 12:00:00 AM,medium
39.3138,-122.9465,10/13/2009 12:00:00 AM,medium
10.3658,123.8897,08/02/2007 12:00:00 AM,medium
35.3991,-83.5909,01/02/2014 12:00:00 AM,medium
7.376079815,125.277963,11/20/2007 12:00:00 AM,medium
13.2959,123.4848,07/26/2011 12:00:00 AM,large
47.2426,-115.8608,01/17/2011 12:00:00 AM,medium
30.9009,77.4668,09/19/2010 12:00:00 AM,medium
10.4066,99.0412,01/09/2012 12:00:00 AM,medium
18.7631,73.3471,08/15/2015 07:30:00 AM,small
10.3454,123.8998,08/24/2009 01:00:00 PM,medium
37.1184,-82.8262,04/23/2015 12:00:00 AM,small
33.4383,-112.0399,08/23/2012 12:00:00 AM,medium
51.6082,-3.7718,12/31/2009 12:00:00 AM,small
-22.26551841,-42.53712263,01/12/2011 05:40:00 AM,very_large
10.1181,-84.2146,08/27/2013 12:00:00 AM,medium
10.3708,123.7619,10/18/2010 05:00:00 PM,medium
27.59,86.1,09/02/2010 12:00:00 AM,medium
-9.3584,-77.5984,01/28/2010 03:00:00 PM,medium
14.4837,-87.7152,10/16/2015 06:00:00 PM,medium
14.7038,-91.0873,09/27/2015 12:00:00 AM,medium
47.7004,-122.274,12/12/2010 12:00:00 AM,small
48.0467,-119.9064,02/09/2015 09:00:00 AM,small
-22.8929,-43.1124,04/06/2010 12:00:00 AM,medium
21.3895,-158.137,01/12/2011 12:00:00 AM,small
16.375,107.5989,11/01/2010 12:00:00 AM,medium
31.9906,76.7907,07/06/2013 12:00:00 AM,small
45.4922,-123.6863,12/20/2014 01:12:00 PM,unknown
-7.3887,108.5802,10/09/2016 12:00:00 AM,medium
43.6187,-80.1432,01/13/2013 12:00:00 AM,medium
-8.6252,-77.8341,01/09/2011 12:00:00 AM,medium
6.9374,125.4141,01/17/2011 12:00:00 AM,medium
31.9006,102.2256,06/30/2015 12:00:00 AM,medium
47.5984,-122.33,05/03/2012 11:00:00 PM,medium
5.3511,100.2531,09/24/2015 09:00:00 AM,large
40.4278,-79.9321,03/04/2008 12:00:00 AM,medium
45.5609,-123.9064,12/09/2012 05:29:00 PM,unknown
22.7102,113.5051,06/07/2008 12:00:00 AM,medium
11.3432,76.8285,11/07/2015 12:00:00 AM,small
-36.5115,174.6865,12/04/2009 12:00:00 AM,medium
19.0402,72.9089,08/22/2013 11:00:00 AM,medium
44.0304,-92.4671,08/18/2007 12:00:00 AM,small
35.2594,-82.7102,09/21/2009 12:00:00 AM,small
-5.7897,-35.1916,06/14/2014 06:00:00 PM,small
58.1728,-3.8575,08/03/2016 12:00:00 AM,small
7.0543,80.693,09/25/2015 02:30:00 PM,medium
16.3602,120.4935,07/19/2015 07:00:00 AM,small
-29.4478,-51.346,12/10/2013 11:00:00 PM,small
28.3962,83.2549,09/02/2013 11:00:00 PM,medium
45.7617,-122.7346,03/13/2011 01:00:00 PM,medium
44.4366,-121.9399,03/26/2011 01:29:00 PM,unknown
41.0974,-80.6793,05/06/2012 12:00:00 AM,medium
15.5721,108.4671,11/05/2009 12:00:00 AM,large
9.9869,-84.407,10/11/2007 12:00:00 AM,large
28.1906,82.314,10/02/2010 06:00:00 PM,medium
3.1028,101.6899,09/26/2007 12:00:00 AM,medium
34.3515,-118.5393,01/05/2016 12:00:00 AM,medium
27.8178,84.4443,06/27/2016 05:00:00 AM,medium
35.7497,71.7059,02/25/2015 12:00:00 AM,medium
28.1321,84.4723,07/01/2016 12:00:00 AM,large
-41.7331,174.2538,07/21/2013 12:00:00 AM,medium
-7.6667,111.1167,12/31/2007 12:00:00 AM,medium
29.3802,79.4633,07/12/2013 12:00:00 AM,medium
-22.2486,-42.5428,01/12/2011 12:00:00 AM,medium
-38.2134,178.3197,07/08/2010 12:00:00 AM,medium
27.7223,83.4763,06/30/2010 12:00:00 AM,medium
49.0365,-122.8323,12/15/2010 06:30:00 AM,medium
30.4521,78.754,07/27/2013 12:00:00 AM,medium
28.0401,83.8901,08/25/2010 12:00:00 AM,medium
-41.5833,171.8985,05/11/2016 12:00:00 AM,medium
44.9135,-120.4526,04/24/2012 02:22:00 AM,unknown
12.58,122.29,10/02/2008 12:00:00 AM,medium
38.6725,-81.3907,10/21/2016 06:00:00 PM,medium
-8.1272,115.3426,02/04/2012 12:00:00 AM,medium
6.9794,81.071,02/01/2011 12:00:00 AM,small
40.4537,-111.662,09/15/2015 03:30:00 PM,medium
42.3236,86.3841,06/18/2011 05:38:00 PM,medium
-8.1062,115.2126,01/23/2014 06:00:00 PM,large
32.9834,75.6953,08/07/2016 12:00:00 AM,medium
35.3539,74.8595,08/20/2010 12:00:00 AM,medium
39.4631,-79.009,04/17/2015 12:00:00 AM,small
27.1667,109.9167,09/05/2009 12:00:00 AM,large
27.6991,84.4179,07/02/2011 12:00:00 AM,medium
14.0651,-87.182,09/28/2015 12:00:00 AM,small
9.8539,76.9468,08/05/2013 12:00:00 AM,medium
29.7535,80.4934,06/30/2016 11:00:00 PM,medium
49.2165,-2.046,01/05/2016 11:00:00 PM,small
44.3104,-123.6314,12/02/2012 08:32:00 AM,unknown
18.7335,-72.4133,10/12/2007 12:00:00 AM,large
7.9441,98.288,10/08/2013 09:00:00 AM,small
29.184,81.6018,09/02/2007 12:00:00 AM,medium
43.6396,-122.1757,03/12/2016 05:59:00 PM,unknown
43.4066,-124.0499,03/30/2012 01:07:00 PM,unknown
55.1106,-121.7879,06/25/2011 01:30:00 AM,medium
29.1964,81.7557,08/15/2008 12:00:00 AM,medium
46.647,-121.171,12/09/2015 12:00:00 AM,medium
-7.0712,108.3655,02/09/2010 09:00:00 AM,medium
40.08,-111.59,08/07/2008 12:00:00 AM,medium
3.1523,101.6832,05/09/2013 12:00:00 AM,medium
27.8916,85.5036,09/02/2010 03:00:00 AM,medium
27.6314,85.0813,07/16/2015 12:00:00 AM,small
20.2947,98.9344,10/28/2008 12:00:00 AM,large
14.9233,-91.1352,09/27/2015 12:00:00 AM,medium
16.94054188,73.46485294,07/25/2010 12:00:00 AM,medium
5.3151,115.2202,12/19/2015 12:00:00 AM,medium
45.5761,-122.7604,04/05/2011 03:02:00 AM,unknown
46.3291,11.2315,01/21/2014 08:20:00 PM,medium
45.9776,-123.1857,01/15/2011 09:20:00 PM,unknown
35.9,104.2214,08/16/2014 12:00:00 AM,medium
8.204811901,125.302781,11/20/2007 12:00:00 AM,medium
-44.5838,168.2992,01/04/2014 12:00:00 PM,large
47.7668,-122.387,03/12/2010 06:15:00 AM,medium
30.742,78.4543,08/18/2013 12:00:00 AM,medium
22.0629,-159.4954,08/11/2014 12:00:00 AM,medium
26.159,91.8178,09/22/2014 12:00:00 AM,small
8.7868,-82.8662,11/23/2015 12:00:00 AM,medium
29.4578,81.4655,07/16/2016 11:00:00 PM,large
50.6533,-119.1604,03/14/2015 06:30:00 PM,small
4.41,-73.86,07/14/2008 12:00:00 AM,medium
26.3333,91.25,10/29/2008 12:00:00 AM,medium
33.3551,74.5128,09/06/2014 12:00:00 AM,medium
26.72,95.029,07/01/2013 12:00:00 AM,medium
25.4192,94.108,07/29/2011 12:00:00 AM,medium
39.2534,-84.5376,05/03/2011 09:00:00 AM,small
47.8311,-119.9011,07/19/2016 12:00:00 AM,medium
13.4379,-88.2756,05/22/2014 11:00:00 PM,medium
3.8844,-72.9175,05/23/2010 12:00:00 AM,medium
39.5256,-107.7776,07/30/2011 12:00:00 AM,small
27.2482,105.2893,07/17/2014 04:00:00 AM,medium
36.0833,-117.9771,08/26/2010 03:00:00 PM,medium
35.31194721,76.31257094,07/31/2011 12:00:00 AM,large
43.6572,-123.8607,01/19/2012 12:00:00 AM,small
5.7515,117.9802,01/31/2011 03:00:00 PM,medium
37.7811,-81.942,12/06/2013 04:00:00 PM,medium
40.3034,-79.8406,05/15/2014 11:00:00 PM,small
46.775,-123.0886,03/05/2014 12:00:00 AM,large
-41.3913,173.1976,05/26/2011 12:00:00 AM,medium
14.8009,74.118,10/11/2016 03:30:00 AM,medium
34.1587,-117.8622,11/21/2014 02:11:00 AM,medium
27.3736,88.7323,09/07/2013 03:00:00 PM,medium
28.4202,84.8996,05/03/2015 12:00:00 AM,small
27.1861,87.1305,07/24/2016 09:00:00 AM,large
35.6706,-82.5955,01/16/2013 12:00:00 AM,medium
36.8499,-83.3133,05/02/2016 12:00:00 AM,medium
25.1187,121.6916,04/25/2010 03:00:00 PM,large
-23.0291,-43.4897,04/06/2010 12:00:00 AM,medium
27.0095,88.2592,05/26/2009 12:00:00 AM,medium
-8.8176,13.2272,03/23/2010 06:00:00 AM,medium
43.4379,-123.4033,03/21/2012 05:43:00 PM,unknown
27.7667,86.1334,09/07/2009 07:00:00 AM,medium
10.8237,-61.0955,12/11/2013 12:00:00 AM,medium
19.3062,101.1732,07/10/2014 12:00:00 AM,medium
41.5702,24.7372,09/15/2014 11:00:00 PM,large
47.3236,-122.3679,05/14/2011 09:00:00 AM,small
6.7646,80.8682,01/11/2011 09:00:00 AM,medium
25.1718,93.123,08/27/2009 12:00:00 AM,medium
-29.86,30.9642,07/25/2016 12:00:00 AM,medium
28.4493,82.9305,09/02/2013 11:00:00 PM,medium
22.6461,88.3403,08/31/2007 12:00:00 AM,medium
36.0972,72.4515,07/27/2015 12:00:00 AM,medium
36.9828,-82.9777,05/03/2010 12:00:00 AM,small
32.5552,76.1249,06/12/2013 12:00:00 AM,medium
44.772,-122.202,11/20/2008 12:00:00 AM,medium
44.7786,-124.0704,12/22/2015 09:45:00 AM,unknown
45.7744,-123.4034,09/24/2014 08:11:00 PM,unknown
52.2396,-1.448,01/31/2015 03:00:00 PM,medium
13.3114,109.2094,11/07/2010 12:00:00 AM,medium
13.1358,123.3608,01/20/2011 02:30:00 PM,medium
44.8873,-124.027,12/08/2015 04:16:00 PM,unknown
18.0723,-76.4254,09/13/2010 11:00:00 PM,medium
45.1077,-123.8351,01/11/2014 11:59:00 AM,unknown
11.4991,76.4949,06/25/2013 12:00:00 AM,small
14.889,120.864,10/02/2007 12:00:00 AM,medium
31.572,130.5149,07/03/2007 12:00:00 AM,medium
37.9867,68.69,05/14/2009 12:00:00 AM,medium
33.4445,-117.6364,01/06/2011 10:00:00 PM,medium
17.9484,-96.1674,07/17/2011 12:00:00 AM,medium
27.5205,89.7466,09/14/2012 12:00:00 AM,medium
47.4739,-55.8277,10/11/2016 12:00:00 AM,medium
18.2348,-72.5364,06/02/2011 12:00:00 AM,small
45.4772,-122.5092,12/07/2015 12:00:00 AM,small
27.0736,88.4779,08/20/2009 12:00:00 AM,medium
41.0863,28.7701,09/27/2016 12:00:00 AM,medium
9.762920707,125.5033192,11/19/2007 12:00:00 AM,medium
32.525,-116.9999,05/05/2010 12:00:00 AM,medium
27.0366,88.263,08/05/2010 12:00:00 AM,medium
-0.3152,-78.9724,12/28/2009 11:00:00 PM,medium
44.3666,-73.8973,05/27/2011 06:00:00 PM,small
44.192,-123.5263,07/28/2015 01:34:00 AM,unknown
24.9,102.0,08/09/2008 12:00:00 AM,medium
45.5588,-123.9254,11/18/2015 09:13:00 AM,unknown
27.401,105.2866,04/27/2013 12:00:00 AM,medium
41.1838,-74.5187,08/15/2011 12:00:00 AM,small
30.5728,77.6521,06/16/2013 12:00:00 AM,medium
43.8406,-122.627,03/12/2012 12:00:00 AM,small
-22.8852,-43.0631,04/06/2010 12:00:00 AM,medium
29.33,80.1,07/18/2008 12:00:00 AM,medium
16.93911427,73.4745894,07/24/2010 09:00:00 AM,medium
39.9963,-111.3962,08/02/2015 01:50:00 PM,small
43.34,-115.4769,09/12/2013 12:00:00 AM,medium
50.8676,-121.7343,08/19/2014 10:00:00 PM,medium
-16.5539,145.3773,05/25/2012 12:00:00 AM,medium
51.0055,-118.2421,05/02/2011 08:45:00 PM,medium
38.5117,-122.9237,03/11/2016 11:00:00 PM,medium
-0.2648,-78.5074,05/02/2011 12:15:00 PM,medium
48.4529,-123.4721,12/12/2010 08:00:00 AM,medium
10.38,123.9,08/21/2011 02:00:00 PM,medium
-6.8721,106.8903,11/04/2011 12:00:00 AM,medium
10.7692,-61.4078,05/30/2012 12:00:00 AM,large
39.9378,124.6807,08/23/2007 12:00:00 AM,medium
47.93826839,-122.3097015,01/03/2013 04:00:00 AM,medium
45.0979,-123.7665,10/14/2011 09:19:00 AM,unknown
39.8403,141.772,07/31/2010 07:30:00 AM,medium
28.2724,83.7412,11/14/2014 12:00:00 AM,small
39.3108,-119.5756,06/09/2015 12:00:00 AM,small
31.8028,76.757,08/08/2015 12:00:00 AM,medium
30.9983,103.6194,07/02/2011 12:00:00 AM,medium
15.3587,-61.2765,10/20/2016 12:00:00 AM,medium
46.0033,-123.2426,12/09/2015 12:02:00 AM,unknown
31.06891436,103.4823163,05/17/2008 12:00:00 AM,large
37.9184,-122.6696,12/19/2014 12:05:00 PM,small
44.6314,-124.0064,01/26/2016 06:23:00 PM,unknown
15.8,107.88,10/12/2008 12:00:00 AM,medium
35.3063,75.6414,06/04/2010 12:00:00 AM,medium
19.1646,72.9325,06/08/2010 12:00:00 AM,medium
30.81507336,78.2242533,06/29/2011 12:00:00 AM,medium
36.1718,-82.0016,02/25/2016 12:00:00 AM,medium
45.5773,-122.7616,12/08/2015 03:30:00 PM,unknown
44.5729,-120.2892,05/22/2015 06:24:00 PM,unknown
25.426,94.6024,10/13/2013 07:30:00 PM,medium
10.33602912,123.8359355,06/02/2008 06:00:00 AM,medium
9.93670355,11.90682343,10/12/2007 12:00:00 AM,medium
48.3526,23.525,06/04/2016 11:00:00 PM,medium
28.3884,82.2826,08/19/2010 11:00:00 PM,medium
-7.3379,108.2004,07/22/2014 12:00:00 AM,small
28.178,83.6987,07/14/2011 12:00:00 AM,medium
34.2689,75.1495,07/21/2015 12:00:00 AM,medium
7.8177,126.0499,12/16/2011 04:30:00 PM,large
33.6024,-117.4532,01/21/2010 11:30:00 AM,small
31.703,76.936,07/07/2013 12:00:00 AM,medium
26.0093,94.5238,07/06/2010 12:00:00 AM,medium
22.7943,-83.1322,07/09/2013 12:00:00 AM,medium
43.1226,23.1253,05/29/2012 12:00:00 AM,medium
45.4479,-123.9572,06/28/2011 03:34:00 PM,unknown
12.3506,-84.8089,06/23/2014 12:00:00 AM,medium
4.8833,114.95,11/05/2008 12:00:00 AM,medium
38.8774,-123.1113,01/20/2010 09:00:00 AM,small
0.5,34.85,08/11/2007 12:00:00 AM,medium
37.1813,-121.9935,01/20/2010 09:25:00 AM,small
14.6395,-90.5268,04/27/2016 03:00:00 PM,medium
27.1614,93.7525,09/02/2013 12:00:00 AM,large
16.976,120.9076,07/04/2015 12:00:00 AM,small
17.0869,120.9762,08/28/2010 12:00:00 AM,medium
18.241,73.4469,06/26/2016 12:00:00 AM,small
33.5692,130.6789,07/14/2010 08:00:00 AM,medium
26.1868,91.6739,09/01/2015 12:00:00 AM,medium
7.5833,125.8333,01/11/2014 12:00:00 AM,medium
25.51614662,94.2341227,06/21/2011 12:00:00 AM,medium
30.2902,79.151,07/23/2013 12:00:00 AM,medium
50.6263,-2.3177,09/10/2015 12:00:00 AM,medium
12.8277,75.0772,07/21/2010 12:00:00 AM,medium
16.4041,120.5956,08/27/2011 12:00:00 AM,medium
41.5663,-72.6667,03/30/2010 03:00:00 PM,small
43.3375,-122.766,11/03/2012 03:32:00 PM,unknown
45.9608,-123.9244,03/27/2014 10:03:00 AM,unknown
40.015,71.5577,05/28/2016 05:00:00 PM,medium
33.9861,73.8369,03/20/2016 12:00:00 AM,small
17.8975,73.2961,06/19/2010 08:00:00 AM,medium
56.2365,-4.8875,09/13/2010 06:00:00 PM,medium
46.0975,-123.7458,12/11/2015 12:19:00 PM,unknown
-22.945,-43.3223,04/06/2010 12:00:00 AM,medium
-4.254,103.049,12/11/2012 08:00:00 AM,medium
28.9973,101.5333,05/25/2007 12:00:00 AM,medium
44.1867,7.1583,02/23/2014 05:00:00 AM,large
49.7715,-116.9091,02/07/2015 12:00:00 AM,small
29.0834,81.5834,08/30/2010 12:00:00 AM,medium
45.1132,-123.1519,12/13/2015 04:18:00 PM,unknown
-6.9675,107.888,01/03/2013 12:00:00 AM,medium
57.5232,-3.2089,11/01/2009 12:00:00 AM,medium
11.1345,124.9677,03/16/2011 12:00:00 AM,medium
44.4175,-71.6923,04/29/2008 12:00:00 AM,small
30.2733,79.233,07/24/2013 12:00:00 AM,medium
43.7905,-123.8551,01/16/2011 12:00:00 AM,medium
16.4487,120.5747,10/09/2009 12:00:00 AM,large
-1.5253,29.2908,05/16/2010 12:00:00 AM,very_large
18.9954,105.4625,04/01/2011 06:00:00 AM,large
15.3739,73.8911,06/23/2016 09:00:00 AM,medium
57.0969,-3.9946,12/22/2014 12:00:00 AM,medium
51.417,-116.4484,08/09/2008 12:00:00 AM,medium
31.9563,77.1135,07/26/2015 12:00:00 AM,small
34.2946,75.4832,04/26/2013 12:00:00 AM,medium
27.0257,88.4301,06/17/2015 12:00:00 AM,small
-22.8213,-43.3991,12/10/2013 12:00:00 AM,medium
14.0737,-87.2087,09/28/2015 03:00:00 PM,small
-7.3112,109.8377,12/11/2014 12:00:00 AM,medium
33.4209,75.2045,01/13/2012 08:00:00 AM,medium
39.125,-84.4645,01/09/2012 10:00:00 PM,small
13.6068,124.2856,11/19/2007 12:00:00 AM,medium
38.9749,-110.15,08/08/2008 12:00:00 AM,small
37.8343,-82.4048,03/04/2015 12:00:00 AM,small
30.6326,78.9953,07/20/2014 12:00:00 AM,small
37.0711,-122.0224,03/21/2011 10:00:00 AM,medium
5.7884,95.2897,12/27/2014 12:00:00 AM,medium
44.6901,22.4154,09/18/2014 12:00:00 AM,medium
40.7676,-111.7669,04/15/2009 09:00:00 AM,small
30.306,78.0648,05/22/2016 03:00:00 PM,small
10.0539,76.8294,08/05/2013 05:30:00 AM,small
31.0826,78.066,08/18/2013 12:00:00 AM,medium
44.4607,-123.5106,02/07/2012 02:00:00 PM,unknown
27.1761,105.6141,07/01/2016 08:00:00 AM,large
9.4405,-79.7754,07/02/2015 12:00:00 AM,medium
29.9987,103.0255,04/01/2016 12:00:00 AM,small
39.191,-107.2774,08/19/2010 03:00:00 PM,medium
3.2909,101.6352,11/03/2009 12:00:00 AM,medium
-39.0336,177.4174,04/26/2011 12:00:00 AM,medium
38.5374,-122.6475,03/13/2016 12:00:00 AM,medium
51.6014,-3.3425,12/27/2012 12:00:00 AM,medium
8.814,125.4336,02/04/2011 12:00:00 AM,medium
-1.2645,116.831,12/21/2008 12:00:00 AM,medium
27.7565,88.632,06/07/2012 12:00:00 AM,large
14.7559,121.2024,07/23/2014 03:30:00 AM,small
29.4748,119.2812,04/20/2010 02:30:00 PM,medium
28.2154,110.2225,05/18/2010 09:00:00 PM,medium
35.7385,-82.6665,12/04/2015 12:00:00 AM,small
-29.9584,30.9036,05/08/2016 12:00:00 AM,small
35.7102,-83.5554,09/26/2009 12:00:00 AM,small
22.3252,114.2393,05/22/2013 04:00:00 AM,medium
7.2549,126.1557,05/30/2013 03:00:00 PM,medium
34.1008,-118.1585,12/21/2010 12:00:00 AM,small
34.4499,-119.8538,12/12/2014 12:00:00 AM,small
40.3883,-79.8126,01/15/2014 12:00:00 AM,small
4.4376,-75.4976,11/24/2011 12:00:00 AM,medium
51.0389,-2.2781,11/28/2009 12:00:00 AM,medium
44.4109,-117.3092,03/03/2014 10:12:00 AM,unknown
-8.2049,115.4104,03/14/2012 12:00:00 AM,large
-22.8267,-43.6221,12/13/2013 12:00:00 AM,small
13.7442,123.5378,10/17/2016 12:00:00 AM,medium
54.5888,-0.9425,01/10/2016 12:00:00 AM,medium
50.7272,-2.9298,02/26/2014 12:00:00 AM,unknown
25.3291,112.1963,08/17/2013 12:00:00 AM,medium
28.1631,85.9834,05/01/2012 08:00:00 AM,medium
-39.0468,146.3552,03/22/2011 11:00:00 PM,medium
27.5002,86.5833,09/17/2012 09:00:00 AM,medium
47.4615,-122.5458,12/12/2010 12:00:00 AM,medium
45.5104,-122.7072,03/18/2011 09:08:00 AM,unknown
30.1642,78.2936,07/17/2016 12:00:00 AM,medium
45.9956,-122.8773,12/09/2015 01:57:00 PM,unknown
45.8015,-123.9657,09/04/2014 01:12:00 PM,unknown
32.9913,75.1915,08/07/2013 12:00:00 AM,small
19.071,-97.0476,08/07/2016 01:37:00 PM,medium
30.4084,77.0666,08/22/2010 12:00:00 AM,medium
28.0022,85.133,06/29/2016 09:00:00 AM,medium
40.3892,-79.8627,06/29/2013 12:00:00 AM,medium
12.9564,109.0574,11/22/2013 11:00:00 PM,medium
34.5184,131.8181,07/28/2013 12:00:00 AM,medium
52.5726,1.7307,04/11/2012 12:00:00 AM,small
16.0971,108.1089,09/03/2009 12:00:00 AM,medium
12.349,-84.8116,06/23/2014 12:00:00 AM,medium
37.5339,-82.0999,05/03/2010 12:00:00 AM,small
33.5752,-117.763,12/22/2010 02:18:00 AM,medium
6.6643,80.3897,05/30/2008 12:00:00 AM,medium
22.75,104.48,07/26/2008 12:00:00 AM,medium
35.6825,71.7675,07/19/2016 12:00:00 AM,medium
-25.572,-48.7906,03/09/2011 12:00:00 AM,medium
40.6357,-80.0271,03/15/2011 11:00:00 PM,medium
18.3806,-66.3319,05/18/2014 04:30:00 PM,small
26.5836,93.0038,07/24/2011 12:30:00 PM,medium
4.0677,113.831,01/22/2014 12:00:00 AM,unknown
18.2084,-76.8169,10/30/2010 12:00:00 AM,medium
41.529,-73.7755,11/11/2015 08:30:00 AM,medium
49.8889,-119.3756,06/02/2015 12:00:00 AM,small
38.9424,-84.8459,06/30/2015 12:00:00 AM,small
30.5279,-87.9085,08/01/2013 08:00:00 AM,small
-28.0481,153.2456,01/07/2011 12:00:00 AM,medium
43.596,-91.2256,08/18/2007 12:00:00 AM,medium
37.5534,-122.026,11/30/2012 12:00:00 AM,medium
-38.3932,143.0792,10/02/2016 12:00:00 AM,small
40.5276,-79.7953,12/21/2013 07:00:00 AM,small
-6.681,106.9064,01/15/2013 09:00:00 AM,medium
3.9433,103.2131,09/08/2014 05:00:00 PM,small
33.3379,-117.4843,12/22/2010 12:00:00 AM,medium
-23.1812,150.748,11/24/2010 11:00:00 PM,medium
16.6803,98.3667,07/28/2013 12:00:00 AM,large
43.0266,-76.3302,06/17/2013 04:30:00 AM,small
-0.487,30.1695,12/03/2015 12:00:00 AM,large
27.9783,84.8982,08/15/2012 12:00:00 AM,medium
25.1333,93.9667,08/31/2007 12:00:00 AM,medium
38.854,-104.9342,08/09/2013 11:00:00 PM,medium
15.7156,73.8049,09/30/2013 12:00:00 AM,medium
25.5576,91.8506,08/26/2007 12:00:00 AM,medium
28.54,83.62,08/01/2010 12:00:00 AM,medium
14.0391,124.1621,11/16/2011 12:00:00 AM,medium
45.7239,-123.2,11/17/2015 06:30:00 AM,unknown
38.6353,20.5585,11/20/2015 12:00:00 AM,large
45.2508,-123.8481,10/30/2012 08:03:00 AM,unknown
47.3042,-123.1553,01/05/2015 09:40:00 AM,medium
15.4951,73.8288,05/22/2014 09:00:00 AM,small
39.2751,-111.1903,09/11/2013 11:00:00 PM,medium
14.229,74.8122,08/12/2008 12:00:00 AM,small
14.381,121.0254,05/08/2011 06:00:00 PM,small
6.503,124.7817,10/21/2013 11:00:00 PM,large
16.2882,120.5875,07/13/2015 12:00:00 AM,medium
25.0634,94.3415,07/31/2015 11:00:00 PM,medium
33.0375,-116.8331,12/19/2013 04:15:00 PM,small
32.1632,108.8829,07/18/2010 08:00:00 PM,large
30.8183,78.6186,08/20/2010 12:00:00 AM,medium
47.0568,-123.0135,12/03/2007 12:00:00 AM,medium
30.1176,78.7472,08/15/2014 12:00:00 AM,medium
27.8884,85.2118,08/29/2015 02:00:00 PM,medium
36.4174,-84.283,03/09/2012 12:00:00 AM,medium
34.224,-118.2002,01/20/2010 12:00:00 AM,small
27.6832,85.4434,08/23/2010 05:00:00 AM,medium
24.837,93.9128,10/08/2010 12:00:00 AM,medium
17.8171,121.3106,12/17/2010 12:00:00 AM,medium
-23.7141,-46.4137,01/21/2010 12:00:00 AM,medium
-0.7668,-80.3008,03/24/2012 12:00:00 AM,medium
45.5624,-122.7441,02/15/2014 03:00:00 PM,medium
42.7341,-123.3711,11/15/2012 02:15:00 PM,unknown
41.3484,-73.4226,03/06/2011 12:00:00 AM,medium
47.5399,-121.8094,02/19/2014 09:00:00 AM,medium
38.8634,-104.917,07/10/2013 12:00:00 AM,medium
28.2405,116.6619,05/23/2010 08:00:00 AM,medium
45.5635,-123.5827,12/30/2011 04:52:00 PM,unknown
4.7608,-74.0214,11/16/2010 09:00:00 AM,medium
18.2733,83.0645,10/31/2010 12:00:00 AM,medium
41.4671,-81.8242,04/08/2011 12:00:00 AM,small
27.8852,83.6275,07/22/2013 12:00:00 AM,medium
-22.9376,-43.2421,04/06/2010 12:00:00 AM,medium
22.7674,121.0448,10/09/2016 12:00:00 AM,medium
43.6461,-122.1936,02/09/2015 10:56:00 AM,unknown
34.222,-118.3666,10/09/2013 02:30:00 PM,medium
27.1499,88.38,07/16/2007 12:00:00 AM,medium
6.9634,80.3643,04/28/2008 12:00:00 AM,medium
22.7099,113.9349,12/20/2015 11:40:00 PM,large
12.1012,121.3734,02/14/2013 11:55:00 AM,medium
45.3958,-122.4635,02/25/2014 12:00:00 AM,medium
20.8482,92.4524,10/07/2010 11:00:00 PM,medium
33.8453,-116.8176,11/03/2015 07:00:00 PM,medium
11.5375,122.3749,11/16/2011 12:00:00 AM,medium
-12.7823,-74.9756,01/23/2010 12:00:00 AM,medium
44.2789,-118.969,08/22/2013 04:12:00 PM,unknown
28.2636,83.9724,07/19/2011 11:00:00 PM,medium
44.4126,-124.0022,12/17/2015 05:12:00 PM,unknown
27.1954,88.6115,09/17/2009 12:00:00 AM,medium
27.891,85.149,09/25/2011 12:00:00 AM,medium
-18.0327,178.1266,10/07/2010 08:00:00 AM,medium
-13.2873,-72.1137,01/23/2010 12:00:00 AM,medium
35.2588,-111.6179,09/10/2013 07:30:00 AM,medium
26.908,87.9258,08/19/2009 11:00:00 PM,medium
37.5495,-83.4892,05/08/2009 12:00:00 AM,small
1.0267,34.3788,08/10/2013 03:00:00 AM,medium
33.712,-115.3871,07/19/2015 12:00:00 AM,medium
-8.3262,114.928,01/23/2014 06:00:00 PM,unknown
50.4335,-127.4846,09/24/2010 09:30:00 PM,medium
20.688,105.7431,08/15/2015 12:00:00 AM,medium
-22.9214,-43.0878,04/06/2010 12:00:00 AM,medium
35.1087,-95.6457,06/18/2015 12:00:00 AM,small
9.7917,-83.9815,10/15/2015 01:00:00 PM,medium
44.6452,-123.5804,03/25/2016 12:18:00 AM,unknown
5.3363,-4.0276,06/12/2009 12:00:00 AM,large
39.7375,-121.4969,01/02/2016 12:00:00 AM,medium
28.2465,85.3644,06/28/2016 12:00:00 AM,medium
44.4,-123.8369,12/18/2015 03:22:00 AM,unknown
27.3329,86.0798,08/21/2012 12:00:00 AM,large
13.8601,-89.9044,09/26/2010 12:00:00 AM,medium
2.7982,98.7883,11/09/2013 11:00:00 PM,medium
34.0982,104.3024,07/21/2011 12:00:00 AM,medium
27.1032,93.6884,07/19/2011 12:00:00 AM,medium
19.1993,73.0109,08/17/2010 12:00:00 AM,medium
16.0161,120.9637,10/18/2010 12:00:00 AM,medium
42.4341,-122.6355,12/18/2012 03:42:00 PM,unknown
-12.9828,-38.4837,04/27/2015 12:00:00 AM,medium
35.3526,74.8683,07/29/2010 12:00:00 AM,medium
-2.233,101.4173,03/13/2008 12:00:00 AM,medium
39.485,-82.079,04/29/2013 12:00:00 AM,medium
22.2092,92.1868,08/20/2015 12:00:00 AM,medium
44.699,-122.2226,11/21/2012 08:26:00 AM,unknown
50.6079,-3.3803,07/11/2016 07:00:00 PM,medium
47.4957,-121.7868,03/03/2014 12:00:00 AM,unknown
14.6568,121.6009,11/29/2004 12:00:00 AM,medium
-22.9153,-43.0715,04/06/2010 12:00:00 AM,medium
4.312,101.1519,11/25/2011 12:00:00 AM,medium
27.0375,88.2627,08/06/2010 12:00:00 AM,medium
38.0145,-84.4953,01/13/2013 12:00:00 AM,medium
38.2897,-120.5983,12/11/2015 12:00:00 AM,medium
41.8362,41.887,09/25/2016 11:00:00 PM,medium
7.8963,98.3095,06/06/2010 12:00:00 AM,small
39.556,-106.3967,12/27/2014 06:45:00 PM,small
5.923,116.1394,09/08/2013 04:00:00 PM,medium
50.4729,-122.7103,09/20/2015 12:00:00 AM,medium
40.498,-80.302,08/11/2011 12:00:00 AM,small
39.5479,-111.1688,09/02/2012 12:00:00 AM,medium
50.3961,-122.2207,08/04/2013 12:00:00 AM,medium
40.0607,-80.6841,04/05/2011 12:00:00 AM,small
56.2238,-4.847,10/28/2014 12:00:00 AM,small
29.5105,108.6476,05/15/2012 11:00:00 AM,large
-34.1192,18.4545,06/18/2014 11:00:00 PM,small
44.5457,-117.4194,07/13/2015 02:15:00 PM,unknown
30.7866,78.6171,07/25/2013 12:00:00 AM,medium
4.9721,114.9659,08/20/2010 11:00:00 PM,medium
25.4916,91.2698,06/28/2010 12:00:00 AM,medium
36.8871,-83.4601,03/15/2012 11:00:00 PM,small
15.7318,-90.8924,03/12/2014 11:00:00 PM,medium
38.5293,-84.599,04/21/2011 12:00:00 AM,small
9.388,-82.4858,06/29/2015 12:00:00 AM,small
47.5147,-123.0597,03/14/2011 03:15:00 AM,medium
38.8327,-104.8466,05/21/2015 12:00:00 AM,medium
28.2826,83.7508,08/06/2013 12:00:00 AM,medium
7.1675,121.935,08/03/2013 07:30:00 AM,medium
32.08087401,103.6656168,06/24/2017 01:10:00 PM,catastrophic
38.0,73.0,07/21/2007 12:00:00 AM,medium
36.526,-79.108,08/28/2015 12:00:00 AM,medium
54.2467,-0.3717,03/04/2010 12:00:00 AM,medium
0.4695,35.6128,12/29/2012 01:00:00 PM,large
47.7246,-122.2811,02/28/2011 03:00:00 AM,medium
6.5309,125.4616,03/20/2008 11:00:00 PM,medium
47.23,-122.2575,12/12/2010 09:00:00 AM,medium
-33.2961,-70.2686,01/15/2012 12:00:00 AM,medium
42.5518,-123.5356,04/03/2016 09:00:00 AM,small
30.4008,79.0278,09/03/2010 12:00:00 AM,medium
38.0604,-108.1234,07/27/2010 03:00:00 PM,medium
27.13862165,88.22551799,08/23/2011 12:00:00 AM,medium
27.2317,86.822,07/19/2011 12:00:00 AM,medium
6.7397,80.1744,04/27/2008 12:00:00 AM,medium
33.5452,73.7062,01/05/2007 12:00:00 AM,medium
19.43,-72.648,09/03/2008 12:00:00 AM,medium
35.7317,135.9804,09/16/2013 02:56:00 AM,medium
53.1468,-7.2068,08/16/2008 12:00:00 AM,medium
46.1067,-115.9105,03/30/2012 12:00:00 AM,small
-38.8932,174.5986,12/28/2010 12:00:00 AM,medium
50.5848,-3.4585,02/04/2014 11:00:00 PM,small
-4.8386,119.6038,06/10/2008 12:00:00 AM,medium
45.3573,-122.9626,01/19/2012 01:19:00 PM,unknown
0.4406,35.7774,06/02/2008 12:00:00 AM,large
16.3273,120.5753,05/10/2011 12:00:00 AM,medium
47.706,-122.2214,12/13/2010 02:00:00 PM,medium
34.0935,74.9112,03/12/2007 12:00:00 AM,medium
7.1907,80.0317,05/01/2008 12:00:00 AM,medium
9.5207,77.0198,06/02/2011 12:00:00 AM,medium
45.7717,-122.7428,12/11/2010 06:30:00 PM,medium
27.163,94.0,08/14/2008 12:00:00 AM,medium
2.943,101.698,03/22/2007 12:00:00 AM,medium
49.7022,-116.9114,02/07/2015 12:00:00 AM,small
43.2965,-122.9157,03/06/2011 08:43:00 AM,unknown
16.4193,120.62,06/24/2011 12:00:00 AM,medium
45.1357,-123.896,12/20/2014 12:07:00 PM,unknown
-22.9117,-43.0744,04/06/2010 12:00:00 AM,medium
44.413,-103.8842,04/26/2016 12:00:00 AM,small
5.1894,102.6857,12/19/2014 05:00:00 PM,medium
-22.923,-43.0907,04/06/2010 12:00:00 AM,medium
32.8054,130.7061,04/15/2016 12:00:00 AM,small
34.1531,-118.5228,03/21/2011 10:05:00 AM,medium
28.2929,82.2617,07/13/2010 09:00:00 AM,medium
17.27,121.0536,09/12/2009 12:00:00 AM,medium
30.9058,78.0906,07/24/2013 12:00:00 AM,medium
43.1083,23.6083,05/19/2007 12:00:00 AM,medium
-0.5605,37.0488,04/21/2013 12:00:00 AM,large
45.5616,-123.9343,01/21/2016 08:20:00 PM,unknown
12.1137,-86.2409,10/16/2014 11:00:00 PM,small
-22.8271,-43.0544,04/06/2010 12:00:00 AM,large
10.0715,-84.7575,10/24/2007 12:00:00 AM,medium
29.0313,114.5389,06/23/2011 12:00:00 AM,very_large
28.2568,85.3679,09/11/2016 12:00:00 AM,medium
-22.9012,-42.9548,04/06/2010 12:00:00 AM,medium
47.272,-122.6069,12/28/1998 12:00:00 AM,small
21.9814,-104.8381,06/22/2011 12:00:00 AM,medium
42.6065,23.0414,07/02/2015 05:40:00 AM,small
26.1619,91.7697,06/27/2014 12:00:00 AM,small
-1.437,119.9833,07/24/2008 12:00:00 AM,medium
44.337,-121.995,12/23/2013 06:51:00 PM,unknown
36.8532,75.4377,07/27/2015 12:00:00 AM,medium
28.2748,83.7432,07/29/2015 11:00:00 PM,medium
45.563,-117.5167,04/08/2011 07:38:00 PM,unknown
47.5631,-122.2132,03/16/2015 01:00:00 AM,small
27.32,103.72,08/25/2007 12:00:00 AM,medium
26.4216,117.9097,06/18/2010 05:35:00 PM,medium
33.9639,74.9597,09/17/2012 12:00:00 AM,medium
49.1606,-122.5288,10/31/2012 12:00:00 AM,small
27.7172,83.4658,07/03/2011 12:00:00 AM,medium
25.0604,93.9877,09/08/2007 12:00:00 AM,medium
15.6045,107.9408,10/15/2007 12:00:00 AM,medium
32.3665,77.0857,10/11/2013 03:00:00 PM,medium
25.0951,92.3567,06/13/2012 12:00:00 AM,medium
1.8509,34.8863,11/12/2011 12:00:00 AM,very_large
43.2571,-124.2706,04/03/2012 04:09:00 PM,unknown
27.0667,89.5833,09/07/2007 12:00:00 AM,medium
48.2632,-124.3011,04/07/2013 09:21:00 AM,medium
28.6904,99.2543,07/06/2016 12:00:00 AM,large
38.2897,-120.5983,12/11/2015 12:00:00 AM,medium
23.827,108.8148,02/08/2016 12:00:00 AM,medium
30.4043,79.3308,07/18/2013 12:00:00 AM,medium
30.1454,78.6007,09/18/2010 12:00:00 AM,medium
21.786,83.8847,08/10/2013 10:00:00 AM,medium
48.1428,-122.7748,10/13/2013 06:00:00 PM,small
47.9899,-122.3635,12/28/2014 02:30:00 PM,small
19.2675,104.8433,05/07/2007 12:00:00 AM,large
19.9006,-99.3417,05/26/2013 12:00:00 AM,large
27.2743,92.9064,07/16/2011 12:00:00 AM,medium
7.1916,126.1086,04/22/2011 02:30:00 AM,large
10.3879,123.9179,08/14/2011 09:00:00 AM,medium
-7.509,107.6982,05/06/2011 11:00:00 PM,medium
47.9211,-122.2926,04/01/2011 11:45:00 AM,small
44.8207,-119.4508,09/28/2013 02:44:00 PM,unknown
45.5315,-122.2559,03/02/2014 02:00:00 PM,medium
5.2833,-75.2667,11/20/2010 12:00:00 AM,medium
43.2906,-122.566,10/16/2012 04:22:00 AM,unknown
27.7884,84.4866,09/06/2010 05:00:00 AM,medium
43.2577,-122.4142,02/09/2014 08:02:00 AM,unknown
34.2219,-118.2286,02/06/2010 03:30:00 AM,small
26.9343,88.4486,10/15/2016 12:00:00 AM,small
40.0707,-75.3278,06/27/2015 12:00:00 AM,small
32.7913,-96.8139,05/31/2016 12:00:00 AM,medium
53.11450322,-1.638238361,06/26/2017 01:10:00 PM,medium
8.4539,124.6193,06/23/2009 12:00:00 AM,medium
-41.5877,175.2362,05/09/2008 12:00:00 AM,medium
12.89307458,74.88567317,06/27/2010 11:00:00 PM,medium
47.3851,-122.8044,12/12/2010 12:00:00 AM,medium
44.401,-123.9243,02/22/2012 02:03:00 PM,unknown
30.2001,67.003,02/10/2010 12:00:00 AM,medium
17.1833,-96.1833,09/30/2010 09:00:00 AM,medium
44.2408,9.6882,10/25/2011 12:00:00 AM,medium
42.899,-124.0854,12/02/2012 12:00:00 AM,medium
-10.7142,24.8656,03/08/2016 12:00:00 AM,medium
46.195,-123.7731,01/24/2012 06:35:00 PM,unknown
-7.4056,108.5406,10/09/2016 12:00:00 AM,medium
25.6226,96.2946,01/25/2016 12:00:00 AM,medium
-6.681,106.9754,12/26/2014 12:00:00 AM,medium
47.3927,-123.1452,02/05/2012 10:00:00 AM,small
31.587,78.315,09/19/2008 12:00:00 AM,medium
60.0484,-130.9916,06/09/2012 12:00:00 AM,medium
39.0979,-84.561,01/27/2012 12:00:00 AM,small
34.0887,74.0227,10/21/2010 11:00:00 PM,medium
37.9693,-107.9697,07/16/2013 06:00:00 PM,medium
-23.2311,-46.6136,01/05/2007 12:00:00 AM,medium
27.4761,103.763,06/25/2011 12:00:00 AM,very_large
42.9651,-123.8152,02/20/2011 12:00:00 AM,medium
-15.6929,-71.8688,12/10/2014 07:00:00 PM,medium
17.6,121.3667,10/18/2010 12:00:00 AM,medium
7.9035,125.3449,08/27/2014 04:00:00 PM,medium
7.1855,80.7675,02/14/2015 09:00:00 AM,small
37.4078,-82.4405,07/14/2015 12:00:00 AM,small
25.7238,89.9032,09/23/2014 12:00:00 AM,small
2.951259964,99.05794408,12/01/2015 06:00:00 PM,medium
26.8546,88.3373,07/19/2012 12:00:00 AM,medium
52.604,-8.2479,07/24/2014 06:00:00 PM,small
16.4187,120.6868,08/21/2015 12:00:00 AM,medium
41.4184,-81.6849,05/12/2011 05:00:00 PM,medium
27.822,84.4935,06/27/2010 04:00:00 AM,medium
38.3314,-81.5791,05/06/2016 07:30:00 AM,medium
12.5054,125.0039,11/19/2007 12:00:00 AM,medium
43.4122,-115.3971,09/12/2013 12:00:00 AM,medium
35.5834,-118.5328,08/19/2013 05:00:00 PM,small
47.2884,-120.4116,05/16/2015 12:00:00 AM,medium
10.007,76.7105,08/17/2012 04:00:00 PM,medium
18.418,121.0613,10/18/2010 11:00:00 PM,medium
-17.0661,145.6937,10/19/2010 12:00:00 AM,medium
3.5181,-76.2244,03/13/2014 08:30:00 AM,large
24.9849,92.8411,05/20/2008 12:00:00 AM,medium
28.7956,82.2314,07/15/2011 12:00:00 AM,large
3.8581,-76.8501,10/07/2011 09:00:00 AM,large
45.8892,6.7933,05/02/2015 12:00:00 AM,small
23.2693,56.4742,06/24/2013 12:00:00 AM,medium
10.6468,122.2416,08/27/2011 12:00:00 AM,small
20.904,-156.2441,04/24/2009 09:00:00 AM,small
21.34682521,-158.121915,12/19/2010 09:00:00 AM,medium
38.3795304,71.44957392,07/21/2015 12:00:00 AM,medium
33.0829,74.8333,08/20/2012 12:00:00 AM,medium
16.7437,120.8269,08/19/2013 12:00:00 AM,medium
46.1857,-123.7518,12/19/2015 03:49:00 PM,unknown
31.69137979,77.13222306,08/06/2011 10:00:00 PM,medium
47.5293,-120.6323,03/28/2011 04:00:00 PM,medium
7.8166,126.05,11/20/2008 12:00:00 AM,medium
18.1283,-66.681,08/24/2014 03:00:00 AM,small
37.0903,108.5845,07/15/2013 12:00:00 AM,medium
52.267,-7.1194,12/31/2013 06:30:00 PM,small
14.6969,-90.444,05/29/2010 12:00:00 AM,medium
38.4575,-118.6757,08/06/2014 12:00:00 AM,medium
3.2971,101.6314,11/03/2009 12:00:00 AM,medium
6.2746,-75.6039,05/31/2008 12:00:00 AM,large
29.88884727,80.56522226,07/05/2017 07:39:00 PM,medium
27.9586,84.2805,07/02/2009 12:00:00 AM,medium
34.977,-85.3665,09/21/2009 08:00:00 AM,medium
42.6452,23.2109,05/20/2007 12:00:00 AM,medium
51.7245,-2.3113,03/30/2016 12:00:00 AM,medium
1.0498,34.2334,04/18/2010 12:00:00 AM,medium
47.7017,-122.392,01/06/2006 08:00:00 AM,small
36.3167,138.4333,01/19/2008 12:00:00 AM,medium
33.4298,-117.629,11/26/2008 12:00:00 AM,small
50.7472,-2.7122,12/16/2015 12:00:00 AM,medium
15.8228,121.4923,10/01/2011 12:00:00 AM,medium
-37.8023,145.0218,09/29/2011 12:00:00 AM,medium
34.0626,-117.8053,12/22/2010 12:00:00 AM,small
36.23,111.38,09/08/2008 08:00:00 AM,medium
-20.073,-41.1197,12/30/2010 09:00:00 AM,medium
14.0439,120.9031,06/03/2013 03:00:00 PM,medium
20.9629,107.0722,07/28/2013 12:00:00 AM,medium
48.3438,-124.518,12/22/2008 12:00:00 AM,small
-22.5814,17.1399,03/15/2011 11:00:00 PM,small
-22.9259,-43.184,04/06/2010 12:00:00 AM,medium
45.3959,-122.4788,03/20/2011 09:40:00 AM,unknown
21.6906,105.7952,09/05/2013 12:00:00 AM,very_large
39.55,-123.4246,10/16/2009 12:00:00 AM,small
25.5007,93.9854,07/22/2015 12:00:00 AM,medium
43.1391,-124.2858,01/16/2011 06:37:00 AM,unknown
45.7063,-123.8857,03/28/2014 12:02:00 PM,unknown
36.3085,74.8219,05/15/2010 12:00:00 AM,medium
-23.0289,-43.489,04/06/2010 12:00:00 AM,medium
-6.9237,107.0,03/28/2015 11:00:00 PM,medium
47.2892,-120.4036,04/27/2016 03:00:00 PM,large
31.1011,77.1793,07/07/2010 12:00:00 AM,medium
-2.9591,-79.6754,01/24/2013 12:00:00 AM,large
40.5558,-80.2174,05/21/2011 12:00:00 AM,medium
44.4378,-124.075,01/16/2011 12:00:00 AM,small
22.2106,-159.4773,08/06/2016 09:00:00 AM,small
40.4248,-79.9369,07/04/2011 07:30:00 PM,small
42.0549,-124.2683,12/24/2014 09:01:00 AM,unknown
31.5583,95.2747,05/11/2016 12:00:00 AM,medium
-27.5685,151.9941,09/16/2013 08:40:00 PM,medium
27.7657,84.4694,01/28/2016 09:00:00 PM,medium
17.0,-95.0,07/17/2011 12:00:00 AM,medium
28.058,83.3588,09/17/2010 12:00:00 AM,medium
19.4,-100.3667,02/05/2010 12:00:00 AM,medium
20.7889,-156.0581,04/23/2009 10:30:00 PM,small
13.7084,123.2388,07/25/2011 12:00:00 AM,medium
36.2629,-115.6158,07/12/2013 03:00:00 PM,medium
39.4394,141.192,08/09/2013 12:00:00 AM,medium
34.0312,-118.4309,03/06/2008 12:00:00 AM,small
9.5033,100.0055,12/07/2010 09:00:00 AM,medium
28.0579,84.0719,08/28/2010 09:00:00 AM,medium
9.9983,76.7329,06/22/2014 03:00:00 AM,medium
47.3765,-122.3241,03/27/2015 08:30:00 AM,medium
1.0121,34.2355,05/16/2010 06:00:00 PM,medium
43.365,-115.4442,09/12/2013 12:00:00 AM,medium
-33.9038,19.1565,08/28/2013 11:00:00 PM,small
45.6207,-121.6091,03/30/2012 07:38:00 AM,unknown
35.505,137.8195,07/14/2010 12:00:00 AM,medium
27.86624658,84.63118672,09/17/2010 09:00:00 AM,medium
6.2379,-75.5283,04/10/2011 08:00:00 AM,medium
27.20517346,86.65683342,07/03/2011 12:00:00 AM,medium
10.6906,-61.591,08/23/2012 12:00:00 AM,medium
50.1047,14.4185,06/01/2011 05:00:00 PM,small
55.7496,-2.1046,12/06/2008 12:00:00 AM,small
34.8482,73.5651,10/26/2015 12:00:00 AM,medium
52.6041,-2.4063,11/28/2012 12:00:00 AM,medium
27.7,83.45,07/01/2011 12:00:00 AM,medium
32.677,109.0241,08/07/2007 12:00:00 AM,medium
33.4418,-117.6454,04/09/2015 12:00:00 AM,small
33.4702,73.8859,08/17/2014 12:00:00 AM,medium
12.282,124.6167,12/08/2008 12:00:00 AM,medium
-8.198,115.1374,02/18/2013 12:00:00 AM,medium
-22.8547,-43.0921,04/06/2010 12:00:00 AM,medium
16.4605,120.5765,10/09/2009 12:00:00 AM,medium
9.2903,123.26,05/13/2008 12:00:00 AM,medium
48.5473,-120.7645,08/10/2013 08:30:00 PM,large
34.6651,73.961,03/18/2014 12:00:00 AM,medium
45.2309,-121.7017,01/16/2011 10:45:00 PM,medium
41.8601,24.4277,02/11/2015 12:00:00 AM,medium
-17.7849,177.4476,03/31/2012 12:00:00 AM,medium
24.3069,93.125,09/16/2010 03:00:00 AM,medium
42.046,43.4965,06/12/2014 12:00:00 AM,small
6.2189,124.6815,06/21/2008 12:00:00 AM,medium
17.2961,121.1877,05/25/2011 12:00:00 AM,medium
37.5957,-121.9277,03/24/2011 03:20:00 PM,medium
25.6263,94.1057,08/20/2015 06:00:00 PM,medium
-9.4333,159.95,01/21/2010 12:00:00 AM,medium
6.6218,9.3405,10/18/2013 12:00:00 AM,medium
-3.001,120.1957,11/08/2009 12:00:00 AM,large
34.1033,-119.0802,03/01/2015 04:30:00 AM,medium
30.3799,78.4862,07/11/2015 12:00:00 AM,medium
9.36,-79.9001,11/25/2012 12:00:00 AM,medium
46.1857,-123.7518,01/23/2014 02:07:00 PM,unknown
-22.398,-42.5823,01/12/2011 12:00:00 AM,medium
47.7929,-122.3899,03/13/2011 10:50:00 AM,small
27.8609,85.7763,08/25/2014 01:00:00 PM,medium
28.03,84.2945,08/30/2008 12:00:00 AM,medium
50.146,-116.9567,06/19/2013 12:00:00 AM,medium
31.5041,77.9521,07/07/2010 12:00:00 AM,medium
17.39,-93.306,11/04/2007 12:00:00 AM,very_large
38.7839,-84.9013,03/07/2016 12:00:00 AM,small
50.9975,-126.4039,09/26/2010 06:00:00 PM,small
18.7687,73.3679,08/01/2015 03:15:00 PM,medium
15.2662,120.2051,09/09/2009 12:00:00 AM,medium
47.7305,-122.2824,12/12/2010 12:00:00 AM,small
38.3046,-81.8131,12/06/2013 12:00:00 AM,medium
47.9367,-122.3102,12/19/2012 03:30:00 PM,small
45.5017,-122.6608,02/18/2016 06:31:00 PM,unknown
18.5079,-69.9373,10/03/2016 12:00:00 AM,small
38.615,-82.4835,05/03/2010 12:00:00 AM,small
12.5142,125.1598,12/08/2008 12:00:00 AM,medium
39.1098,-84.5571,04/27/2011 12:00:00 AM,small
19.5167,-70.5866,09/20/2009 12:00:00 AM,small
34.0901,74.0256,06/05/2010 12:00:00 AM,medium
2.0336,100.0764,11/21/2015 04:30:00 AM,large
27.6292,104.0479,09/10/2012 02:00:00 PM,large
41.74309277,-70.61794177,07/07/2017 01:23:00 PM,small
-45.8767,170.6273,06/04/2015 12:00:00 AM,medium
12.4359,9.1854,01/14/2015 12:00:00 AM,medium
-22.2833,-42.6833,01/12/2011 12:00:00 AM,medium
45.6486,-123.3321,12/09/2015 01:11:00 AM,unknown
37.5789,-122.5168,10/12/2007 12:00:00 AM,medium
27.05,90.8,08/29/2008 12:00:00 AM,medium
56.3311,-3.6107,01/14/2015 11:00:00 PM,small
22.3608,103.8646,08/05/2016 12:00:00 AM,medium
37.336,-83.1295,03/04/2015 11:00:00 PM,small
61.5677,9.7416,06/10/2011 12:00:00 AM,small
28.1737,94.7596,08/18/2015 12:00:00 AM,medium
44.1463,-124.1175,12/20/2014 11:56:00 AM,unknown
33.9337,74.9985,04/05/2008 12:00:00 AM,medium
27.0869,93.6086,08/17/2014 12:00:00 AM,large
-5.4195,104.3496,09/14/2009 06:00:00 PM,medium
49.1573,13.9553,06/07/2013 12:00:00 AM,medium
37.4204,-81.4409,12/30/2013 10:00:00 PM,small
5.9555,116.0924,11/27/2008 12:00:00 AM,medium
47.0645,-122.4007,01/10/2006 09:00:00 AM,small
40.0101,-111.6393,08/13/2015 11:00:00 PM,small
14.9102,-91.3605,05/30/2010 12:00:00 AM,medium
44.4287,-121.9005,12/21/2015 12:02:00 PM,unknown
9.53,123.31,06/29/2008 12:00:00 AM,medium
10.676,106.6939,08/31/2012 01:00:00 AM,medium
12.0311,124.9919,01/08/2011 12:00:00 AM,medium
28.7565,103.4583,03/08/2016 06:00:00 PM,medium
15.2011,120.741,09/26/2009 02:30:00 PM,medium
-1.2654,29.9846,03/04/2010 11:00:00 PM,medium
-22.8901,-43.097,04/06/2010 12:00:00 AM,medium
16.7259,120.665,08/19/2013 12:00:00 AM,medium
10.1,125.6,01/04/2010 12:00:00 AM,medium
22.344,91.8188,08/23/2008 04:00:00 PM,medium
7.418396315,80.60846422,04/27/2010 12:00:00 AM,medium
28.3034,83.3773,07/26/2010 12:00:00 AM,medium
-39.484,176.9136,04/26/2011 09:00:00 AM,medium
45.6236,-123.3758,03/26/2014 01:27:00 PM,unknown
31.7293,-106.5152,07/02/2014 09:00:00 AM,small
38.8783,-104.9442,02/07/2016 03:00:00 PM,small
29.913,79.3532,12/10/2011 12:00:00 AM,medium
28.2656,83.8188,07/30/2015 12:00:00 AM,medium
39.2376,-8.6859,04/03/2013 12:00:00 AM,large
55.3022,-1.8699,12/26/2012 12:00:00 AM,medium
16.4979,120.6559,08/30/2010 12:00:00 AM,medium
26.888,88.2796,10/15/2016 12:00:00 AM,medium
5.852,118.0556,01/16/2013 12:45:00 PM,medium
38.7164,-123.3974,03/14/2016 12:00:00 AM,medium
36.99351356,-106.2829351,07/04/2016 09:00:00 AM,medium
18.4313,-77.1919,12/01/2015 12:00:00 AM,medium
-4.0377,103.2653,02/13/2010 05:00:00 PM,medium
28.2782,84.2758,07/18/2013 11:00:00 PM,medium
11.2695,76.2227,09/19/2009 12:00:00 AM,medium
28.55,114.252,07/01/2009 12:00:00 AM,medium
18.3978,73.5086,08/03/2016 09:00:00 AM,medium
-7.3357,108.7275,01/03/2013 12:00:00 AM,medium
24.9441,67.0317,02/21/2012 08:00:00 AM,medium
34.1026,-118.3741,05/18/2016 12:20:00 AM,medium
18.012,121.171,10/18/2010 12:00:00 AM,medium
40.4338,-111.741,07/06/2013 03:15:00 PM,small
23.8447,93.0514,08/26/2015 12:00:00 AM,medium
4.3036,113.9573,09/25/2013 12:00:00 AM,small
11.2475,-74.2017,12/16/2011 12:00:00 AM,large
16.0203,-91.8946,09/29/2010 12:00:00 AM,medium
28.8665,79.5682,08/12/2011 12:00:00 AM,large
39.316,68.5748,05/09/2016 12:00:00 AM,small
31.1532,103.5154,07/03/2011 12:00:00 AM,medium
44.8126,-123.3978,12/18/2015 01:31:00 PM,unknown
31.5751,103.7281,07/17/2014 02:45:00 PM,medium
27.0,86.71,07/24/2008 12:00:00 AM,large
13.7645,-87.434,10/21/2015 12:00:00 AM,medium
46.2149,-119.1444,05/21/2016 12:00:00 AM,small
37.6758,-82.2679,03/11/2015 03:00:00 PM,small
28.2322,83.7228,08/27/2014 06:00:00 AM,medium
29.722,80.5118,06/17/2013 12:00:00 AM,medium
41.3936,-122.1916,08/26/2015 03:00:00 AM,medium
26.0462,68.2767,04/15/2010 12:00:00 AM,medium
4.6889,96.6855,07/02/2013 12:00:00 AM,medium
16.7132,120.9868,10/16/2016 12:00:00 AM,medium
37.4808,126.9936,07/27/2011 12:00:00 AM,large
39.5542,-107.5798,09/17/2007 12:00:00 AM,medium
-22.5195,-43.2003,12/06/2013 12:00:00 AM,medium
-8.7588,31.1137,02/21/2010 12:00:00 AM,medium
46.798,-116.9799,03/10/2011 12:00:00 AM,small
27.0927,85.5502,06/27/2016 12:00:00 AM,medium
39.0315,-81.5639,04/16/2011 06:00:00 PM,small
28.28,83.55,09/20/2009 12:00:00 AM,medium
34.1114,77.5874,08/06/2010 12:30:00 AM,very_large
-7.0549,107.1344,03/11/2010 12:00:00 AM,medium
37.6141,-119.076,10/16/2016 03:00:00 PM,medium
-7.2269,108.3289,08/26/2010 12:00:00 AM,medium
14.2202,-91.2264,05/04/2015 01:32:00 PM,medium
10.3178,123.7808,10/07/2016 11:00:00 PM,medium
-3.6498,128.1849,07/29/2013 11:00:00 PM,medium
57.5777,-4.1427,05/21/2016 12:00:00 AM,medium
51.2585,-116.722,07/22/2011 11:00:00 PM,medium
10.7667,123.9833,02/10/2010 12:00:00 AM,medium
12.0467,108.4403,08/25/2013 11:00:00 PM,medium
40.8986,72.9086,06/03/2010 12:00:00 AM,medium
45.7081,-121.5015,02/14/2014 04:00:00 PM,small
40.4537,-111.6621,07/05/2011 02:30:00 AM,medium
31.2351,111.0239,05/03/2015 04:30:00 PM,medium
33.2359,75.2439,03/10/2014 12:00:00 AM,medium
29.0697,82.106,06/18/2013 10:00:00 PM,medium
43.3394,-122.7225,03/22/2012 02:49:00 AM,unknown
45.2944,-122.3279,12/26/2008 12:00:00 AM,medium
10.42450171,123.9428072,12/27/2011 12:00:00 AM,medium
33.0365,74.4889,09/26/2014 12:00:00 AM,medium
44.3984,-123.7788,02/27/2014 12:00:00 AM,large
-40.9345,145.6226,10/07/2016 12:00:00 AM,medium
25.5772,91.8666,09/23/2014 03:00:00 AM,small
9.9903,76.7898,10/17/2011 12:00:00 AM,medium
45.5812,-123.9456,12/24/2012 05:14:00 PM,unknown
54.5888,-0.983,07/31/2016 12:00:00 AM,medium
43.486,-91.2132,09/23/2016 12:00:00 AM,medium
27.2948,87.9377,08/24/2010 12:00:00 AM,medium
16.94057232,73.46476377,07/26/2010 12:00:00 AM,medium
-26.9286,-49.3653,09/09/2009 12:00:00 AM,medium
53.0586,-3.0939,05/15/2013 08:45:00 AM,medium
44.1214,-122.4137,03/16/2012 05:45:00 AM,unknown
35.567,71.7986,05/17/2015 12:00:00 AM,medium
25.5498,92.0757,06/13/2012 12:00:00 AM,medium
6.9734,81.0836,02/20/2011 12:00:00 AM,medium
43.2804,-79.8919,11/28/2014 08:30:00 AM,small
38.0139,-120.3961,01/11/2016 11:00:00 AM,medium
10.0341,98.6585,10/12/2010 12:00:00 AM,medium
49.8453,19.7156,06/07/2010 12:00:00 AM,medium
0.5599,30.0372,07/10/2016 11:00:00 PM,medium
5.7369,116.384,10/09/2014 06:00:00 AM,small
26.88405686,88.28087032,08/20/2009 08:30:00 PM,medium
20.5373,-98.4812,08/07/2016 01:37:00 PM,small
42.1764,-124.3143,04/14/2012 12:24:00 PM,unknown
24.8142,93.5444,06/10/2012 12:00:00 AM,very_large
27.863,84.914,08/10/2007 12:00:00 AM,medium
27.3425,88.2426,09/01/2013 06:00:00 PM,medium
8.1112,98.3153,08/31/2016 12:45:00 PM,small
11.3237,76.9101,11/07/2015 12:00:00 AM,small
6.6369,3.3539,11/07/2015 12:00:00 AM,medium
29.5477,79.3211,09/19/2010 12:00:00 AM,medium
36.1435,-121.6551,12/29/2010 12:00:00 AM,small
13.3481,123.5074,05/08/2011 12:00:00 AM,small
36.71594657,-83.60661439,04/23/2017 06:27:00 PM,small
-6.7209,107.0182,03/10/2016 12:00:00 AM,medium
21.4329,-157.9254,12/22/2014 10:00:00 AM,medium
47.5827,-122.4027,01/09/2013 04:30:00 AM,medium
17.3592,121.461,10/18/2010 12:00:00 AM,medium
44.7727,-122.6407,01/19/2012 10:08:00 AM,unknown
35.2436,-82.4872,12/01/2010 09:00:00 AM,medium
14.6268,-90.4842,09/27/2015 12:00:00 AM,medium
37.6162,-107.8186,08/07/2016 12:00:00 AM,small
37.8107,-83.8069,06/22/2011 12:00:00 AM,medium
-6.2899,145.8593,12/04/2008 12:00:00 AM,medium
47.8636,-121.6737,01/05/2015 12:00:00 AM,small
54.4874,-0.6136,11/27/2012 12:00:00 AM,medium
39.4732,-79.0597,01/02/2016 12:00:00 AM,medium
41.7114,44.6826,06/13/2015 11:00:00 PM,large
41.7757,-78.5023,09/03/2010 06:53:00 PM,small
45.709,-121.4902,12/30/2013 06:51:00 AM,unknown
-6.9085,106.9284,11/18/2012 12:00:00 AM,medium
6.3444,124.941,06/23/2015 12:00:00 AM,medium
48.1411,-116.4853,03/30/2012 12:00:00 AM,medium
36.2476,-121.7817,04/07/2009 03:00:00 PM,small
29.5333,80.4333,09/15/2007 12:00:00 AM,medium
60.3751,6.477,01/17/2011 12:00:00 AM,medium
10.8167,122.4167,07/29/2013 05:30:00 AM,medium
45.3959,-122.4788,03/13/2012 09:38:00 AM,unknown
30.6358,77.5435,07/17/2010 12:00:00 AM,medium
25.0477,92.801,07/25/2010 12:00:00 AM,medium
35.2646,71.9975,02/01/2016 12:00:00 AM,small
42.0625,48.2928,10/10/2012 12:00:00 AM,medium
36.5221,-81.8103,08/07/2016 12:00:00 AM,small
16.316,120.7414,08/20/2008 12:00:00 AM,medium
32.5348,-97.835,06/03/2016 09:30:00 AM,medium
37.8751,-122.5621,03/24/2011 09:00:00 AM,medium
17.265,121.2088,10/18/2010 11:00:00 PM,medium
1.0172,122.1997,02/01/2008 12:00:00 AM,medium
25.70223725,94.04619681,08/13/2010 12:00:00 AM,medium
12.902,120.9867,06/08/2011 12:00:00 AM,medium
-37.9622,177.0314,05/27/2010 11:00:00 PM,medium
27.1176,88.1069,07/20/2016 12:00:00 AM,large
28.2324,83.0006,07/04/2016 12:00:00 AM,medium
30.7395,77.2847,08/24/2012 12:00:00 AM,medium
7.6632,125.7011,05/24/2011 02:00:00 AM,medium
32.4613,-84.9431,02/28/2016 12:00:00 AM,small
24.7844,115.0278,05/06/2010 12:00:00 AM,medium
36.7908,-84.1668,02/06/2010 12:00:00 AM,small
45.0979,-123.7664,04/24/2014 07:32:00 AM,unknown
29.3167,81.5833,06/18/2013 09:00:00 AM,large
44.3573,-123.6903,03/13/2012 01:01:00 AM,unknown
53.964,-2.015,01/08/2016 12:36:00 AM,small
32.8091,110.1125,08/03/2010 03:00:00 AM,medium
10.1833,123.6833,10/15/2010 12:00:00 AM,medium
8.6184,125.6732,01/17/2007 12:00:00 AM,medium
10.1999,123.7215,05/08/2011 12:00:00 PM,medium
21.7697,102.9841,09/05/2013 12:00:00 AM,very_large
56.3656,-3.4468,01/09/2013 12:00:00 AM,medium
-25.3689,-57.4476,08/06/2013 12:00:00 AM,small
23.9723,96.8566,10/06/2010 10:00:00 PM,medium
8.5061,98.6715,03/30/2011 08:00:00 AM,small
32.5655,76.1201,02/16/2012 12:00:00 AM,medium
14.5755,-90.4959,10/01/2015 09:30:00 PM,medium
43.3755,-123.5176,06/04/2010 06:48:00 AM,small
55.3752,-3.9355,01/15/2010 02:00:00 AM,small
48.3486,-124.5316,11/16/2009 01:00:00 PM,small
50.83295612,0.183118764,03/15/2016 12:00:00 AM,small
10.1648,-84.1933,09/16/2013 12:00:00 AM,medium
15.4522,108.3927,11/16/2013 04:00:00 PM,medium
45.88,-118.9662,12/09/2015 07:06:00 AM,unknown
44.4944,-109.9919,06/16/2015 12:00:00 AM,small
33.3376,75.1922,02/26/2015 12:00:00 AM,medium
28.089,84.4125,08/30/2008 12:00:00 AM,medium
9.363,-83.6344,10/23/2012 12:00:00 AM,medium
32.3898,72.7253,08/16/2015 12:00:00 AM,medium
34.9053,-85.3786,03/10/2015 12:00:00 AM,small
47.52,-72.7,07/23/2008 12:00:00 AM,small
-22.0811,-42.6935,01/12/2011 04:00:00 AM,large
35.005,137.9084,04/20/2013 12:00:00 AM,medium
16.885,-99.8562,10/18/2014 12:00:00 AM,small
-6.083,145.1667,11/03/2013 04:00:00 AM,medium
26.3185,94.5247,06/14/2016 08:00:00 AM,medium
41.1006,-80.6351,03/12/2015 04:00:00 AM,small
10.00028043,98.54866159,06/03/2009 11:00:00 PM,medium
44.8247,18.5713,02/22/2015 12:00:00 AM,medium
42.9302,42.1147,03/10/2016 12:00:00 AM,medium
20.2526,-74.4867,11/07/2010 12:00:00 AM,medium
28.1836,82.8643,07/22/2016 12:00:00 AM,medium
37.57,-122.515,12/28/2010 10:30:00 PM,small
39.3707,-106.7839,05/28/2008 12:00:00 AM,small
41.3431,72.9293,05/15/2016 12:00:00 AM,medium
27.5138,87.8086,07/15/2016 11:00:00 PM,medium
11.81,78.2253,09/07/2015 12:00:00 AM,medium
21.3161,107.3397,08/17/2010 12:00:00 AM,medium
-38.6984,176.0774,11/28/2013 11:00:00 PM,medium
34.0823,74.056,03/11/2014 12:00:00 AM,large
32.2108,76.2833,06/12/2013 12:00:00 AM,medium
28.3667,82.1667,03/21/2007 12:00:00 AM,medium
41.7915,45.7566,10/11/2015 12:00:00 AM,medium
26.1844,91.7896,06/26/2014 11:00:00 PM,small
45.6888,-123.8837,02/18/2011 06:48:00 AM,unknown
19.1355,72.9981,08/28/2011 12:00:00 AM,medium
-44.0527,169.38,09/10/2013 12:00:00 AM,medium
43.6619,-123.6534,03/24/2015 12:18:00 AM,unknown
34.2607,75.4446,05/30/2015 12:00:00 AM,small
12.3484,-84.8195,06/23/2014 12:00:00 AM,medium
1.0472,34.3413,10/05/2016 07:00:00 PM,medium
-44.8431,170.6453,05/26/2010 12:00:00 AM,medium
38.3922,-81.5896,05/10/2011 03:00:00 PM,small
38.2323,-81.5377,03/12/2010 12:00:00 AM,medium
28.1996,84.0011,07/16/2015 12:00:00 AM,medium
42.3377,23.0879,03/17/2015 12:00:00 AM,medium
-23.1077,-44.248,01/01/2010 06:00:00 AM,very_large
47.577,-120.7947,06/10/2011 09:00:00 AM,medium
30.4517,78.1443,07/24/2015 12:00:00 AM,small
6.133,125.0245,08/22/2008 12:00:00 AM,medium
-19.944,-43.9107,01/02/2012 08:00:00 AM,medium
24.995,121.57,09/28/2008 12:00:00 AM,medium
45.5812,-123.9456,12/17/2015 02:31:00 PM,unknown
21.444,92.1117,06/27/2015 09:00:00 AM,small
40.5147,-79.8543,07/12/2015 12:00:00 AM,small
30.6738,77.3544,06/16/2013 12:00:00 AM,medium
4.4183,-75.5003,11/17/2011 12:00:00 AM,medium
10.6,122.6167,09/20/2007 12:00:00 AM,medium
21.5202,91.9696,03/08/2012 08:30:00 AM,medium
-27.6041,151.9802,01/11/2011 12:00:00 AM,medium
41.7497,-77.299,08/01/2011 12:00:00 AM,small
44.3956,-122.144,03/13/2013 06:26:00 PM,unknown
24.992,105.8107,06/11/2012 12:00:00 AM,medium
41.3596,41.68,11/12/2015 12:00:00 AM,medium
49.5645,-57.8946,06/13/2009 12:00:00 AM,medium
24.2451,94.0691,09/10/2007 12:00:00 AM,medium
22.1978,111.3083,09/21/2010 12:00:00 AM,large
37.7123,-82.3079,05/02/2016 02:45:00 PM,medium
-22.9399,-43.1943,04/06/2010 12:00:00 AM,medium
-8.0333,111.4,02/27/2008 12:00:00 AM,medium
27.21962595,89.5187916,05/20/2010 12:00:00 AM,medium
40.7388,-111.6712,03/21/2011 09:00:00 AM,small
23.47,120.9572,06/14/2010 12:00:00 AM,medium
22.47,102.62,07/12/2008 12:00:00 AM,large
65.9794,-21.4541,07/10/2014 01:00:00 PM,small
4.9039,-1.7529,06/25/2010 12:00:00 AM,medium
8.5055,125.7407,01/18/2010 12:00:00 AM,medium
14.0592,-87.155,06/13/2015 03:00:00 PM,medium
39.9892,-95.3153,05/26/2015 09:00:00 AM,small
43.6692,-115.6967,02/07/2016 03:00:00 PM,small
44.4307,-121.8752,03/21/2012 07:17:00 PM,unknown
38.8386,-120.0386,04/12/2016 06:00:00 PM,small
32.5764,75.8466,08/27/2011 12:00:00 AM,medium
7.0859,124.1745,08/30/2014 12:00:00 AM,medium
53.4242,-7.9408,10/10/2012 08:00:00 PM,medium
20.855,77.7274,06/20/2012 05:45:00 PM,large
38.6743,-82.5388,05/11/2011 12:00:00 AM,small
47.5857,-120.682,12/09/2015 12:00:00 AM,medium
37.0712,-107.8722,06/08/2016 05:45:00 PM,small
35.4437,-82.2585,08/28/2008 12:00:00 AM,small
34.3061,77.3265,08/06/2010 12:30:00 AM,large
31.1066,77.209,07/05/2012 12:00:00 AM,medium
41.1676,44.8485,10/18/2015 03:16:00 AM,small
10.7539,-61.4407,10/31/2011 06:00:00 AM,medium
25.6237,94.1136,08/12/2015 12:00:00 AM,medium
15.3055,-61.3642,09/09/2007 12:00:00 AM,medium
23.0206,113.1213,06/19/2014 05:00:00 AM,small
9.9602,98.6657,10/05/2014 12:00:00 AM,medium
33.1595,75.8011,02/06/2010 12:00:00 AM,medium
34.11901266,73.87646407,07/29/2010 12:00:00 AM,medium
44.7568,-122.4789,12/23/2014 08:56:00 AM,unknown
57.7856,-152.4346,07/25/2007 12:00:00 AM,medium
3.4238,125.6078,12/30/2014 12:00:00 AM,medium
-1.0828,35.8666,04/17/2013 12:00:00 AM,medium
4.8903,101.9787,11/12/2010 12:00:00 AM,medium
36.6878,-84.2444,04/14/2015 12:00:00 AM,small
18.3477,-64.7736,05/13/2013 12:00:00 AM,medium
-18.0208,178.515,01/08/2013 11:00:00 PM,medium
40.436,-80.0111,06/28/2016 03:30:00 AM,small
48.6041,-122.4294,11/27/2009 12:00:00 AM,small
39.723,-91.3708,05/04/2009 12:00:00 AM,small
26.8811,88.2779,07/01/2015 12:00:00 AM,medium
-36.9706,148.3028,07/18/2016 12:00:00 AM,medium
28.3037,83.8005,07/30/2015 12:15:00 AM,medium
27.30669194,86.77497513,07/03/2011 12:00:00 AM,medium
41.8984,45.458,04/27/2010 12:00:00 AM,medium
37.8404,-122.1996,02/21/2012 08:55:00 AM,small
15.8294,78.0501,06/25/2007 12:00:00 AM,medium
43.7276,7.2325,11/05/2014 12:00:00 AM,medium
45.9229,-123.1408,12/22/2012 02:22:00 PM,unknown
47.7453,-122.3806,03/16/2014 11:00:00 PM,medium
41.7985,41.8393,09/25/2016 11:00:00 PM,medium
35.7131,-93.8001,06/16/2015 09:00:00 AM,small
9.9431,76.3738,08/02/2014 09:00:00 AM,small
28.2265,82.553,06/18/2013 12:00:00 AM,medium
16.5121,80.6296,05/20/2010 11:00:00 PM,medium
56.2266,-4.8567,01/14/2014 03:00:00 PM,medium
28.3685,82.3731,12/15/2014 12:00:00 AM,medium
-6.9343,110.1969,01/04/2006 09:00:00 AM,medium
42.9179,-124.1107,11/20/2012 04:57:00 AM,unknown
8.5138,123.3022,11/15/2011 12:00:00 AM,medium
57.6984,-130.0184,07/13/2016 12:00:00 AM,medium
39.7184,-107.0321,08/28/2015 01:30:00 PM,medium
54.9753,-2.2471,12/29/2015 12:00:00 AM,medium
27.1675,88.3651,09/16/2012 12:00:00 AM,medium
32.7556,129.8735,06/28/2016 11:00:00 PM,medium
14.674,-90.457,10/31/2014 02:00:00 AM,small
6.9894,122.1187,11/22/2013 08:00:00 AM,medium
35.519,-83.1598,01/15/2013 12:00:00 AM,medium
-38.5854,143.9341,01/12/2011 12:00:00 AM,medium
44.4291,-124.048,02/22/2012 12:00:00 AM,small
42.228,-72.629,09/06/2008 12:00:00 AM,medium
43.3211,-2.4281,03/12/2016 12:00:00 AM,medium
8.4814,123.2198,02/02/2015 10:10:00 AM,medium
47.5652,-122.5864,12/12/2010 12:00:00 AM,medium
32.99,75.1892,06/21/2016 12:00:00 AM,medium
23.9111,106.6145,05/07/2010 11:40:00 PM,medium
-27.5659,151.9979,03/01/2010 02:00:00 AM,medium
12.9541,123.544,06/15/2016 12:00:00 AM,medium
37.2101,-83.1137,07/21/2011 09:00:00 AM,medium
35.9993,-81.564,05/17/2009 12:00:00 AM,small
50.9644,-4.1795,11/12/2015 12:00:00 AM,medium
-22.3701,-42.9772,01/12/2011 12:00:00 AM,medium
43.7225,-122.3485,11/08/2015 05:16:00 PM,unknown
37.9873,-122.8135,03/21/2015 06:00:00 PM,medium
37.3233,-107.8546,09/19/2013 05:30:00 PM,medium
38.498,-106.08,08/23/2008 12:00:00 AM,small
33.8342,-111.4726,01/21/2010 10:00:00 PM,small
30.6179,78.3233,08/17/2012 12:00:00 AM,medium
-41.2951,174.0073,09/25/2013 09:30:00 AM,medium
27.6363,86.2326,08/08/2014 11:00:00 PM,medium
35.2227,72.4258,08/08/2010 12:00:00 AM,medium
10.3177097,123.8475216,12/10/2010 12:00:00 AM,medium
47.2906,-122.4942,10/10/2010 12:00:00 AM,small
40.4788,-111.7448,07/16/2013 11:00:00 PM,small
47.9277,-122.309,12/28/2014 09:30:00 AM,small
13.6094,-88.8488,11/08/2009 12:00:00 AM,medium
-8.0204,-34.9817,07/16/2011 12:00:00 AM,medium
3.4267,101.7926,11/10/2012 08:30:00 PM,medium
38.4886,48.6744,04/27/2010 12:00:00 AM,medium
29.5388,80.9963,06/18/2013 12:00:00 AM,medium
33.3390327,75.1916877,03/19/2011 12:00:00 AM,medium
44.0601,-123.8216,03/10/2016 10:29:00 AM,unknown
1.007,34.4013,04/24/2010 12:00:00 AM,medium
36.8619,-83.1806,03/04/2015 09:00:00 PM,medium
31.13,77.09,08/08/2008 12:00:00 AM,medium
43.7487,-124.1194,10/16/2012 05:42:00 AM,unknown
34.4989,73.0549,09/19/2014 12:00:00 AM,small
44.6107,-120.1516,07/20/2015 08:49:00 AM,unknown
52.5211,-121.599,08/04/2014 12:00:00 AM,medium
49.6547,-119.6991,07/06/2014 11:30:00 AM,small
35.359,74.8686,10/26/2015 12:00:00 AM,medium
32.9112,-116.5369,02/18/2011 12:00:00 AM,medium
29.8496,80.5544,09/11/2007 12:00:00 AM,medium
42.7143,26.3995,08/15/2015 12:00:00 AM,medium
39.0369,-119.722,07/20/2014 12:00:00 AM,small
-26.3938,153.0898,10/10/2010 07:00:00 PM,small
50.856,0.5943,01/03/2014 12:00:00 AM,medium
45.8262,-123.961,04/02/2012 11:57:00 AM,unknown
35.6369,-82.5377,07/04/2013 12:00:00 AM,medium
8.4683,-73.2843,11/28/2012 12:00:00 AM,large
32.3709,77.2466,06/14/2011 12:00:00 AM,medium
6.0366,7.0888,06/15/2012 12:00:00 AM,medium
-38.1718,146.392,11/14/2007 02:00:00 AM,large
-6.5097,106.7959,11/21/2012 05:00:00 PM,medium
17.4147,121.1495,10/18/2010 12:00:00 AM,medium
16.4564,120.5855,10/04/2009 12:00:00 AM,medium
-4.5,121.729,10/30/2008 12:00:00 AM,medium
43.4046,-123.3342,03/28/2014 11:35:00 AM,unknown
-3.6404,37.66,11/22/2011 02:00:00 AM,medium
28.3853,83.4625,07/30/2015 12:00:00 AM,medium
43.6554,-123.6579,12/21/2014 08:51:00 AM,unknown
-7.6149,111.0578,02/21/2012 11:30:00 PM,medium
-6.8396,107.5844,11/23/2010 11:00:00 PM,medium
5.0936,102.9896,12/11/2008 12:00:00 AM,medium
47.92499887,-122.3099327,01/29/2011 01:00:00 PM,small
45.4716,-111.6368,04/17/2016 12:00:00 AM,small
-6.195,106.6254,02/23/2014 12:00:00 AM,large
24.4072,94.0644,08/01/2015 12:00:00 AM,medium
7.1733,124.2185,09/07/2014 12:00:00 AM,small
14.8271,120.2685,07/09/2016 12:00:00 AM,small
16.4992,120.566,10/09/2009 12:00:00 AM,medium
54.2485,-4.4647,12/03/2015 04:30:00 PM,medium
27.758,85.4197,06/28/2016 12:00:00 AM,small
30.3629,79.2143,07/10/2013 04:30:00 AM,medium
14.5742,-87.7286,10/16/2015 11:00:00 PM,medium
44.1447,39.0616,02/11/2011 12:00:00 AM,medium
28.1981,81.8494,09/27/2010 09:00:00 AM,medium
37.56106267,70.42633455,05/17/2010 12:00:00 AM,medium
3.8258,101.383,12/01/2014 08:00:00 PM,medium
-40.1513,176.8426,04/27/2011 12:00:00 AM,medium
15.4546,108.6849,11/11/2010 03:00:00 PM,medium
23.641,108.281,06/11/2007 12:00:00 AM,medium
23.7527,92.694,09/16/2010 12:00:00 AM,medium
33.0107,74.9397,10/22/2010 12:00:00 AM,medium
47.3174,-122.1323,02/21/2014 12:00:00 AM,medium
9.2102,-82.3705,06/29/2015 12:00:00 AM,medium
20.4516,105.1433,06/23/2014 12:00:00 AM,medium
16.8828,120.7802,10/08/2009 12:00:00 AM,medium
35.6253,-82.5166,01/17/2016 03:00:00 PM,small
20.8939,-156.6464,09/15/2016 12:00:00 AM,medium
30.7351,79.0666,06/16/2013 07:30:00 PM,very_large
-8.1587,115.1771,01/23/2014 06:00:00 PM,large
43.2885,-122.5843,03/22/2012 09:17:00 AM,unknown
18.4054,-77.1007,04/16/2008 12:00:00 AM,medium
-41.286411,174.769403,11/12/2016 03:00:00 PM,small
19.756,-72.206,02/15/2010 12:00:00 PM,medium
27.8868,85.5107,08/27/2014 12:00:00 AM,medium
49.9747,-94.3946,06/26/2014 12:00:00 AM,small
45.8515,-118.9,11/09/2013 08:04:00 PM,unknown
40.4802,-106.8393,04/27/2015 12:00:00 AM,medium
40.5573,-80.707,03/24/2008 12:00:00 AM,small
-38.1543,145.11,02/24/2015 12:00:00 AM,small
46.4093,6.9932,08/14/1995 12:00:00 AM,large
37.0976,-122.0027,03/24/2011 04:00:00 PM,medium
41.8582,41.9574,09/25/2016 11:00:00 PM,medium
26.138,94.25,08/19/2008 12:00:00 AM,medium
-6.822,107.6073,03/16/2014 12:00:00 AM,medium
38.8162,-76.9216,05/11/2008 05:45:00 AM,medium
14.7568,-91.1338,09/06/2015 03:00:00 PM,medium
31.958,77.1104,08/11/2010 05:00:00 AM,medium
38.9097,-121.0365,03/15/2011 11:00:00 PM,medium
-22.9849,-43.697,04/06/2010 12:00:00 AM,medium
35.8562,74.5101,05/26/2013 12:00:00 AM,medium
22.6214,114.0818,06/06/2008 12:00:00 AM,medium
17.4054,-91.2988,10/15/2015 12:00:00 AM,medium
-33.7106,151.3013,08/18/2014 12:00:00 AM,small
10.9654,76.5516,10/09/2014 12:00:00 AM,medium
36.8607,-121.687,02/26/2010 12:00:00 AM,small
9.3825,98.7612,03/27/2011 12:00:00 AM,medium
21.555,-158.2475,11/22/2008 12:00:00 AM,medium
35.4781,74.5049,08/03/2013 09:00:00 AM,medium
44.6398,-123.9361,12/20/2015 08:21:00 AM,unknown
1.0333,34.25,08/10/2013 03:00:00 AM,medium
27.8541,98.683,08/18/2010 01:30:00 AM,large
46.1669,-123.8109,12/27/2013 12:11:00 PM,unknown
36.3128,74.6511,06/04/2010 12:00:00 AM,medium
44.9861,-122.7444,03/03/2014 01:30:00 PM,unknown
40.6893,-105.291,07/12/2013 03:25:00 PM,medium
-0.9672,100.4322,04/16/2008 12:00:00 AM,medium
43.513,-108.1842,04/26/2016 12:30:00 PM,small
13.6944,123.7851,02/21/2008 12:00:00 AM,medium
10.1014,-83.4578,06/14/2012 12:00:00 AM,medium
42.279,-124.4045,11/21/2012 04:19:00 AM,unknown
28.4763,83.5309,07/26/2010 12:00:00 AM,medium
51.211,-4.1252,11/02/2013 11:00:00 PM,small
23.9939,94.0573,08/01/2015 12:00:00 AM,medium
26.49349035,91.72137514,09/01/2015 12:00:00 AM,medium
38.6487,-83.7193,05/03/2011 09:00:00 AM,medium
27.21782272,89.51924545,07/13/2010 12:00:00 AM,medium
-5.8141,-35.2059,06/15/2014 12:00:00 AM,medium
27.016,86.85,08/10/2007 12:00:00 AM,medium
11.3742,77.899,10/31/2015 12:00:00 AM,small
40.7918,-77.7785,06/25/2014 12:00:00 AM,small
6.9615,122.0727,10/09/2013 12:00:00 AM,medium
7.2805,80.6136,12/04/2010 11:00:00 PM,medium
49.7843,-121.4471,10/09/2016 12:00:00 AM,medium
37.335,-107.8397,09/19/2013 05:30:00 PM,medium
45.9159,-123.1427,12/16/2012 09:17:00 PM,unknown
-0.1331,-77.4613,12/13/2014 08:30:00 PM,medium
47.0014,-122.1817,12/12/2010 04:30:00 AM,medium
-29.6634,-51.1339,04/23/2011 08:00:00 AM,medium
6.0103,80.362,05/29/2016 09:00:00 AM,small
63.51315907,-149.978032,07/15/2016 11:00:00 PM,medium
1.8257,113.8995,10/06/2010 12:00:00 AM,medium
-6.9889,107.4471,03/25/2013 08:00:00 AM,large
7.6483,125.6118,08/17/2015 06:30:00 PM,medium
29.6491,94.3615,06/13/2011 08:00:00 AM,medium
21.9907,92.4951,06/30/2013 06:00:00 AM,medium
38.0458,-122.7733,03/24/2011 12:00:00 AM,small
27.58124358,83.85213651,08/21/2010 11:00:00 PM,medium
27.5072,86.1424,07/18/2016 12:00:00 AM,large
29.9551,78.1677,07/17/2016 09:00:00 AM,medium
44.6567,-123.7496,12/20/2014 03:23:00 PM,unknown
16.6846,-93.7203,07/04/2016 12:00:00 PM,small
7.8794,98.2916,09/26/2015 11:00:00 PM,medium
23.4535,120.4256,06/24/2007 12:00:00 AM,medium
28.8848,113.5538,06/10/2011 08:00:00 AM,medium
33.303,77.8876,09/16/2012 12:00:00 AM,medium
41.25354118,-111.8395453,05/19/2011 09:00:00 PM,medium
32.1896,77.187,07/25/2011 08:00:00 AM,medium
3.0732,101.6637,12/04/2015 06:35:00 PM,medium
9.8232,77.1498,08/17/2012 12:00:00 AM,medium
45.644,-123.3503,12/07/2015 02:02:00 PM,unknown
14.0814,-87.1953,07/18/2010 12:00:00 AM,medium
10.2165,123.7344,05/28/2011 11:00:00 AM,medium
14.5894,121.07,10/25/2012 12:00:00 AM,medium
-45.0775,168.4885,05/20/2010 09:00:00 AM,medium
44.7849,-123.9048,02/28/2013 07:53:00 AM,unknown
35.6562,74.9448,04/17/2011 12:00:00 AM,medium
-7.2643,108.2036,07/24/2014 02:00:00 AM,small
44.285,-118.975,03/28/2011 02:02:00 PM,unknown
56.0701,-3.1715,08/06/2011 12:00:00 AM,small
42.5889,-74.32,06/16/2013 12:00:00 AM,small
43.2693,28.0252,03/17/2015 12:00:00 AM,medium
44.3995,-123.8499,12/17/2015 10:34:00 PM,unknown
28.0436,103.9743,06/28/2014 03:00:00 PM,medium
34.6534,73.4374,02/06/2011 12:00:00 AM,medium
-0.0406,100.0614,04/24/2014 12:00:00 AM,small
-7.6213,109.547,12/26/2007 12:00:00 AM,large
50.1067,-122.9765,02/04/2007 12:00:00 AM,medium
43.5097,-114.3388,09/02/2013 11:00:00 PM,small
46.1155,-123.3271,01/28/2012 11:10:00 AM,unknown
22.2209,-159.5682,03/11/2012 12:00:00 AM,small
25.67,94.1066,08/29/2008 12:00:00 AM,medium
6.2069,7.0678,07/17/2011 12:00:00 AM,medium
44.6323,-124.0505,01/16/2011 02:00:00 PM,medium
-22.8547,-43.0848,04/06/2010 12:00:00 AM,medium
10.2054,-83.9041,12/13/2014 11:00:00 PM,medium
48.8399,-123.4997,12/12/2010 08:00:00 AM,medium
28.2318,82.3527,07/19/2013 12:00:00 AM,medium
9.3224,-82.4732,03/02/2011 11:00:00 PM,medium
16.5157,80.6525,08/31/2010 09:00:00 AM,medium
30.6887,103.9291,07/07/2013 12:00:00 AM,very_large
33.0289,74.9489,01/03/2010 02:00:00 AM,medium
39.4279,-86.4209,06/07/2008 12:00:00 AM,medium
47.992,-122.3662,05/02/2011 04:00:00 PM,small
19.0833,101.0833,07/18/2008 12:00:00 AM,medium
7.9756,122.3698,08/05/2013 12:00:00 AM,medium
40.5531,-80.0726,04/08/2008 12:00:00 AM,small
43.7477,-124.1181,01/16/2011 12:27:00 PM,unknown
48.5936,89.5403,07/10/2016 12:00:00 AM,large
31.8833,78.6167,09/10/2009 12:00:00 AM,medium
5.34,100.24,09/30/2008 12:00:00 AM,medium
38.0432,111.8293,07/31/2008 12:00:00 AM,medium
10.0486,76.7606,08/05/2013 12:00:00 AM,medium
45.5842,4.7549,06/14/2010 12:00:00 AM,medium
35.1148,73.0068,03/09/2014 09:00:00 AM,medium
34.1482,77.5971,08/06/2010 12:30:00 AM,large
-0.8021,100.6444,12/24/2012 01:30:00 AM,medium
25.4075,110.375,03/20/2016 12:00:00 AM,medium
36.5796,139.6333,09/10/2015 12:00:00 AM,medium
46.4873,7.2253,07/13/2014 12:00:00 AM,small
15.2458,-61.2809,04/12/2010 12:00:00 AM,small
36.5705,75.1296,08/20/2010 12:00:00 AM,medium
45.5635,-123.5827,12/27/2011 07:52:00 PM,unknown
11.338,76.8806,10/21/2012 09:00:00 AM,medium
-22.9066,-43.1259,04/06/2010 12:00:00 AM,small
44.2886,-124.1131,12/17/2015 08:12:00 PM,unknown
54.9735,-2.0946,01/07/2016 12:00:00 AM,medium
50.2405,-57.5886,12/03/2013 10:00:00 AM,small
24.9356,93.8443,07/31/2010 09:00:00 AM,medium
45.5635,-123.5826,11/27/2011 05:43:00 PM,unknown
10.0442,-84.2106,11/18/2015 01:11:00 AM,small
30.9086,77.1103,09/19/2010 12:00:00 AM,medium
26.10973183,91.80317334,07/06/2017 07:39:00 PM,medium
11.1297,-84.7783,10/09/2014 12:00:00 AM,medium
38.1181,-83.5162,02/05/2014 09:00:00 AM,medium
37.4164,-82.7851,03/09/2015 12:00:00 AM,medium
42.689,-122.6023,12/13/2015 09:23:00 AM,unknown
14.6,-88.9144,09/24/2015 12:00:00 AM,small
33.05,-116.836,07/19/2015 12:00:00 AM,small
-22.9458,-43.2167,04/06/2010 12:00:00 AM,medium
34.1036,-116.9702,07/18/2015 03:20:00 PM,small
51.2595,-0.1557,02/18/2014 05:20:00 PM,medium
-17.8045,177.9985,03/02/2010 12:00:00 AM,small
6.7631,81.0209,10/29/2014 07:30:00 AM,large
44.524,-93.9072,06/18/2014 09:00:00 AM,small
19.849,-97.4997,09/15/2013 12:00:00 AM,very_large
18.9523,-72.7053,09/07/2009 08:00:00 AM,medium
47.2711,-122.452,02/18/2014 03:00:00 PM,small
9.9451,-84.3678,06/03/2015 03:00:00 PM,medium
15.309,-88.551,10/14/2014 11:00:00 PM,medium
45.5635,-123.5828,12/08/2015 11:31:00 PM,unknown
43.6476,-123.8412,12/30/2011 07:41:00 AM,unknown
16.4357,120.5763,08/08/2007 12:00:00 AM,medium
23.8466,120.9889,06/05/2012 12:00:00 AM,large
43.293,-4.825,07/21/2015 12:00:00 AM,medium
-11.9431,-76.7094,12/16/2009 12:00:00 AM,medium
16.8431,121.1138,11/14/2014 12:00:00 AM,medium
27.0638,88.4659,06/20/2011 08:30:00 PM,medium
19.0811,73.0226,06/18/2013 10:30:00 AM,medium
45.7014,-122.7145,03/01/2011 10:20:00 AM,medium
7.5206,80.7014,02/08/2011 06:00:00 PM,medium
30.8974,77.0588,10/03/2016 11:00:00 AM,medium
45.592,-121.627,01/18/2011 02:18:00 PM,unknown
10.5896,-61.1339,12/02/2011 12:00:00 AM,small
16.9214,73.593,06/25/2013 10:15:00 AM,medium
16.6962,120.6583,10/20/2016 12:00:00 AM,medium
13.3137,109.2164,12/25/2010 12:00:00 AM,medium
23.1749,120.2974,08/10/2009 12:00:00 AM,large
-41.2737,173.287,05/27/2011 04:00:00 AM,medium
9.6341,-84.3662,11/04/2010 12:00:00 AM,medium
50.9519,0.4703,02/10/2014 12:00:00 AM,medium
46.5455,-122.0818,01/07/2009 09:00:00 AM,medium
4.6401,114.4396,01/03/2008 12:00:00 AM,small
54.9992,-7.3305,12/14/2011 08:00:00 AM,medium
-6.7912,110.8371,01/21/2014 06:00:00 PM,unknown
7.9329,81.0081,01/09/2011 12:00:00 AM,medium
37.2743,-107.9352,07/23/2010 02:30:00 PM,small
34.5587,-118.4938,10/16/2015 12:00:00 AM,large
3.1498,101.704,10/17/2014 08:00:00 PM,small
32.6598,76.853,07/07/2010 12:00:00 AM,medium
-22.9801,-43.2328,04/06/2010 12:00:00 AM,medium
29.0184,102.3447,05/07/2015 06:00:00 PM,medium
45.6069,-123.4605,12/09/2015 03:00:00 AM,unknown
29.139,81.623,08/06/2016 01:37:00 PM,medium
39.0081,-122.6192,12/11/2014 09:00:00 AM,small
3.0879,101.687,04/29/2011 04:00:00 AM,small
-12.0929,-77.0832,11/25/2013 03:06:00 AM,small
9.5192,123.0845,09/22/2014 11:00:00 PM,unknown
47.0252,-122.9082,12/13/2010 07:30:00 AM,medium
30.6494,79.5269,08/15/2015 12:00:00 AM,medium
10.6933,-61.4484,08/06/2010 11:00:00 AM,medium
31.0722,77.1402,07/02/2013 11:00:00 PM,medium
21.23291114,92.19905362,06/15/2010 04:00:00 AM,medium
18.777,109.8832,10/02/2010 03:10:00 PM,medium
33.0498,74.6264,08/14/2013 12:00:00 AM,medium
1.0765,34.4164,08/10/2013 03:00:00 AM,medium
50.7662,-1.2772,06/21/2015 08:00:00 AM,small
43.7777,-115.5106,08/04/2014 12:00:00 AM,medium
40.3316,-78.9261,06/16/2015 12:00:00 AM,small
24.7543,93.5039,06/07/2010 12:00:00 AM,medium
18.9774,72.8102,08/29/2011 12:30:00 PM,medium
16.5127,120.6336,10/08/2009 12:00:00 AM,medium
46.3662,-123.8109,11/18/2012 12:00:00 AM,medium
-23.1864,-46.8844,01/06/2011 12:00:00 AM,medium
34.2068,-118.1733,01/18/2010 12:00:00 AM,medium
39.4714,-111.1546,08/23/2013 09:00:00 AM,medium
34.1386,-86.125,12/28/2015 12:00:00 AM,medium
35.8269,-82.5494,01/15/2013 12:00:00 AM,medium
10.313,123.8946,07/20/2013 11:00:00 PM,medium
9.7789,-84.125,10/09/2007 12:00:00 AM,medium
34.3091,-118.2537,01/21/2010 12:00:00 AM,small
23.475,120.8994,05/23/2010 12:00:00 AM,medium
46.6901,8.7412,03/14/2016 11:00:00 PM,medium
45.3917,6.7124,07/11/2016 12:00:00 AM,large
32.7571,77.4138,08/04/2010 12:00:00 AM,medium
13.5317,-85.5325,08/25/2010 12:00:00 AM,medium
27.7625,83.5165,07/25/2016 11:00:00 PM,medium
29.57990613,80.50476155,08/12/2007 12:00:00 AM,medium
43.4756,-110.7826,04/17/2014 06:00:00 PM,small
44.3729,-123.8078,03/28/2014 06:36:00 AM,unknown
2.8917,-75.4375,03/16/2014 12:00:00 AM,large
37.0133,70.3589,05/02/2014 12:00:00 AM,very_large
16.4016,120.5967,10/08/2009 12:00:00 AM,large
0.8734,36.0893,05/08/2013 12:00:00 AM,medium
13.7,124.35,10/28/2007 12:00:00 AM,large
44.5396,-123.3807,12/23/2012 11:36:00 PM,unknown
18.5225,-69.8693,08/03/2014 12:00:00 AM,medium
43.1294,-124.3342,12/22/2015 05:12:00 PM,medium
33.3852,74.2562,08/09/2015 01:00:00 PM,medium
45.7021,-114.6379,06/03/2015 12:00:00 AM,medium
44.1885,-124.114,01/16/2011 03:42:00 PM,unknown
39.5676,-105.9334,06/05/2011 12:00:00 AM,medium
-6.655,106.9059,01/21/2014 12:00:00 AM,medium
34.1093,73.9067,09/05/2014 06:00:00 PM,medium
54.8226,-5.9506,07/17/2007 12:00:00 AM,small
47.7028,-121.957,06/11/2010 12:00:00 AM,small
38.4001,-82.4685,05/18/2011 12:00:00 AM,small
40.1205,-74.7969,04/20/2015 12:00:00 AM,small
30.895,77.089,12/21/2008 12:00:00 AM,medium
20.8605,92.489,10/01/2008 12:00:00 AM,medium
43.0004,-123.7172,02/07/2015 01:06:00 AM,unknown
44.9771,-123.8848,01/17/2015 12:00:00 AM,small
44.3998,-122.4303,01/16/2011 08:27:00 AM,unknown
5.9012,116.2113,08/09/2015 06:00:00 AM,medium
23.7131,92.7362,06/19/2015 12:00:00 AM,medium
-3.9287,139.2902,08/23/2015 12:00:00 AM,medium
7.2075,122.2299,08/04/2013 03:00:00 PM,medium
7.1145,80.314,05/27/2011 12:00:00 AM,medium
32.7738,-117.1282,07/19/2015 12:00:00 AM,small
4.6176,-74.1899,12/08/2011 12:00:00 AM,medium
38.5464,69.3203,04/03/2015 12:00:00 AM,medium
5.4204,116.7968,01/14/2014 09:00:00 AM,medium
38.6451,-82.4937,05/11/2011 12:00:00 AM,medium
45.4956,-119.7667,09/15/2013 06:08:00 PM,unknown
29.0958,80.3125,08/20/2009 12:00:00 AM,medium
23.6143,110.0501,08/17/2013 12:00:00 AM,large
10.6501,-61.4004,06/14/2013 09:00:00 AM,small
18.2216,121.0489,12/17/2010 12:00:00 AM,medium
33.7721,104.8531,09/21/2010 04:30:00 AM,large
31.1,77.1645,09/19/2008 12:00:00 AM,large
43.3037,-122.5262,01/17/2011 03:31:00 PM,unknown
40.43,-80.6005,05/23/2016 11:00:00 PM,small
26.3897,94.9439,08/16/2013 12:00:00 AM,medium
35.978,103.685,11/06/2007 12:00:00 AM,medium
39.3007,-119.6542,06/04/2015 12:00:00 AM,small
47.7371,-122.2869,12/12/2010 12:00:00 AM,small
44.5397,-123.3811,03/22/2012 07:01:00 PM,unknown
9.9275,-84.4557,11/01/2014 01:23:00 AM,small
13.9457,121.1622,06/26/2010 04:30:00 PM,medium
37.8762,15.1933,03/04/2011 12:00:00 AM,medium
16.292,120.5941,10/20/2016 12:00:00 AM,medium
31.8931,78.63,07/27/2013 12:00:00 AM,medium
47.5564,-122.3485,12/12/2010 12:00:00 AM,small
40.1107,-110.4572,09/12/2013 06:40:00 AM,medium
-44.765,167.9904,09/10/2013 12:00:00 AM,large
-23.54612792,-46.6288398,01/21/2010 02:00:00 AM,medium
43.6091,-115.2605,09/04/2015 12:00:00 AM,medium
45.5017,-122.6867,12/18/2015 06:00:00 PM,medium
-15.999,-67.5836,09/24/2013 03:00:00 PM,medium
33.8426,-116.8648,08/30/2013 03:00:00 PM,medium
5.9437,116.0946,06/09/2010 02:00:00 PM,medium
6.009,116.5268,04/10/2011 09:00:00 AM,medium
25.6219,96.2887,04/02/2016 12:00:00 AM,large
41.7396,20.9306,03/15/2010 12:00:00 AM,medium
40.4407,-79.9928,05/20/2011 12:00:00 AM,small
43.1835,-124.2066,12/30/2011 08:02:00 AM,unknown
41.4807,72.3032,06/16/2016 11:00:00 PM,medium
28.2632,83.3482,09/03/2013 12:00:00 AM,medium
40.4041,-79.7822,03/10/2008 12:00:00 AM,small
40.3687,127.586,09/02/2010 12:00:00 AM,medium
47.9361,-122.3059,03/13/2011 11:00:00 PM,small
23.4462,112.1351,09/25/2016 03:00:00 PM,medium
47.6422,-122.4147,01/01/1997 12:00:00 AM,small
30.1719,80.8576,07/04/2013 12:00:00 AM,medium
38.1077,-81.4493,11/20/2013 11:00:00 PM,medium
41.83059462,-103.7141647,07/04/2016 11:00:00 PM,small
16.5676,73.6608,07/22/2010 12:00:00 AM,medium
42.2817,-123.6152,02/07/2015 09:29:00 AM,unknown
17.0661,73.5027,08/18/2010 04:30:00 AM,medium
31.1003,77.1751,07/26/2015 12:00:00 AM,small
45.9768,-123.1946,11/20/2015 10:41:00 AM,unknown
47.9266,-120.5128,07/24/2015 12:00:00 AM,small
32.6175,75.6157,08/20/2015 12:00:00 AM,medium
36.1748,-82.0071,04/02/2016 11:00:00 PM,small
51.0086,-116.4885,09/06/2013 12:00:00 AM,small
25.1416,92.3807,08/19/2015 12:00:00 AM,small
45.9,8.5968,11/15/2014 11:00:00 PM,medium
29.1917,80.8708,08/18/2009 12:00:00 AM,medium
37.8116,-79.7989,02/21/2015 12:00:00 AM,small
42.8868,-75.5741,07/08/2013 09:00:00 AM,small
12.3491,-84.8196,06/23/2014 12:00:00 AM,medium
26.9796,86.7001,09/15/2010 12:00:00 AM,medium
41.7902,23.157,02/15/2015 12:00:00 AM,small
31.0358,78.8578,08/01/2015 12:00:00 AM,medium
0.4,124.1,07/17/2008 12:00:00 AM,medium
43.7495,-109.9673,10/08/2013 11:30:00 AM,medium
29.1832,81.5999,08/14/2011 12:00:00 AM,medium
24.5582,88.1825,04/19/2015 09:00:00 AM,small
30.0705,80.2364,07/19/2015 03:00:00 PM,small
51.4536,-1.3166,07/20/2007 12:00:00 AM,small
13.2609,-61.1819,10/04/2010 12:00:00 AM,medium
45.4818,-122.6513,03/01/2011 04:00:00 AM,medium
17.3738,-92.8213,09/29/2010 12:00:00 AM,large
34.1134,-118.3239,03/01/2014 08:00:00 PM,medium
38.5063,-82.2986,04/03/2015 11:00:00 PM,small
39.561,-111.1754,09/02/2012 12:00:00 AM,medium
45.2729,-122.6717,10/18/2007 12:00:00 AM,small
43.4,-124.2213,01/19/2012 09:21:00 AM,unknown
47.7124,-122.1839,12/09/2015 12:00:00 AM,medium
23.73478778,92.72124394,10/05/2009 12:00:00 AM,medium
28.0993,82.8332,08/16/2008 12:00:00 AM,medium
40.0018,-105.3914,07/14/2011 12:00:00 AM,medium
26.1961,91.7825,06/22/2016 12:00:00 PM,medium
49.86140688,-119.7077573,04/11/2016 12:00:00 AM,medium
9.1805,-79.0896,06/05/2015 03:00:00 PM,medium
27.4907,86.1078,08/13/2013 11:00:00 PM,medium
12.3129,-84.8199,06/23/2014 12:00:00 AM,medium
-22.9196,-43.0732,04/06/2010 12:00:00 AM,medium
22.7519,120.781,06/11/2012 12:00:00 AM,medium
37.7939,-82.3635,05/03/2010 12:00:00 AM,small
25.0728,92.3636,08/19/2015 12:00:00 AM,medium
-1.601,123.5476,07/07/2012 12:00:00 AM,large
31.7099,76.933,07/10/2011 12:00:00 AM,medium
27.1758,88.5294,01/14/2016 05:15:00 AM,medium
33.2504,75.2102,07/12/2015 12:00:00 AM,small
-6.0082,-77.2506,10/17/2012 12:00:00 AM,large
13.64,123.2804,09/05/2012 12:00:00 AM,medium
-16.4652,179.3942,01/17/2008 12:00:00 AM,medium
14.9064,-87.593,10/29/2015 12:00:00 AM,medium
35.2361,-85.226,01/25/2010 02:00:00 AM,small
5.3737,100.3049,10/13/2016 12:00:00 AM,medium
14.0468,-87.1528,06/13/2015 09:00:00 AM,medium
17.9693,-77.2433,04/18/2010 12:00:00 AM,medium
45.6408,-121.9302,03/30/2014 10:42:00 AM,unknown
-41.4003,147.0876,07/11/2016 03:00:00 PM,small
15.3826,73.9239,09/01/2012 04:30:00 AM,medium
51.7444,-2.279,01/02/2014 09:00:00 AM,medium
10.0,-84.1167,09/09/2007 12:00:00 AM,medium
57.3121,-4.8501,02/28/2014 12:00:00 AM,large
30.9012,77.0958,08/14/2010 12:00:00 AM,medium
33.2394,75.2405,05/14/2014 12:00:00 AM,small
17.1167,100.8333,08/23/2007 12:00:00 AM,medium
39.1031,-84.512,07/03/2011 12:00:00 AM,large
-33.2968,-70.2492,06/17/2012 12:00:00 AM,large
-3.3729,35.8526,11/27/2011 12:00:00 AM,medium
0.4671,35.5333,12/29/2012 01:00:00 PM,large
32.6625,103.6056,07/21/2011 12:00:00 AM,medium
16.9623,121.2711,10/18/2010 11:00:00 PM,medium
-37.7383,145.1344,01/14/2011 01:25:00 PM,small
29.3559,81.3097,12/25/2008 12:00:00 AM,medium
7.3667,125.85,01/12/2014 12:00:00 AM,medium
-5.8673,145.0996,10/18/2016 12:00:00 AM,medium
34.5288,-120.1725,12/03/2014 11:30:00 AM,small
35.3599,73.9791,08/11/2010 12:00:00 AM,large
35.625,65.7424,05/04/2007 12:00:00 AM,medium
44.3562,-123.7155,02/28/2011 09:05:00 AM,unknown
25.2745,113.1123,08/16/2013 06:00:00 PM,medium
46.27197927,7.599044836,07/22/2016 12:00:00 AM,large
10.182,123.6703,12/10/2010 12:00:00 AM,small
28.6985,82.7065,08/15/2014 09:00:00 AM,medium
47.2664,-122.4491,11/09/2014 12:00:00 AM,small
45.5113,-122.7069,03/28/2007 09:00:00 AM,small
52.5362,-0.6835,06/13/2016 12:00:00 AM,medium
44.3189,11.2603,05/15/2010 11:00:00 PM,medium
27.172,88.5292,10/15/2016 12:00:00 AM,medium
34.9376,70.754,03/26/2016 12:00:00 AM,medium
42.2481,22.8963,03/21/2015 12:00:00 AM,medium
34.1534,77.5768,06/08/2012 12:00:00 AM,medium
24.0406,84.0696,07/18/2015 05:30:00 PM,medium
40.2315,125.0964,07/24/2016 12:00:00 AM,unknown
45.8126,-108.6856,05/18/2016 03:30:00 PM,small
32.6506,110.7888,06/19/2011 12:00:00 AM,very_large
30.2853,78.9829,09/14/2012 08:00:00 AM,very_large
53.5967,-2.46,12/30/2015 12:00:00 AM,medium
33.1488,75.5526,04/17/2011 12:00:00 AM,medium
21.23967983,92.19314477,06/15/2010 04:00:00 AM,medium
45.8549,6.8171,08/27/2015 08:30:00 AM,medium
25.4053,97.8542,05/03/2010 09:00:00 AM,medium
-0.2751,100.2804,11/22/2015 09:00:00 AM,medium
47.5095,-122.3915,12/10/2010 12:00:00 AM,small
-33.7117,150.3299,03/02/2012 07:45:00 PM,small
34.3426,-84.0226,05/19/2013 12:00:00 AM,medium
31.5728,77.8561,08/29/2016 11:00:00 PM,medium
45.5762,-122.7605,06/05/2012 03:10:00 PM,unknown
37.9591,-122.3238,03/24/2011 03:00:00 PM,medium
44.9344,-73.051,05/04/2011 02:00:00 AM,medium
10.2143,125.5872,01/13/2014 09:00:00 AM,large
11.3403,76.8267,05/04/2014 12:00:00 AM,small
34.258,75.4189,07/24/2015 12:00:00 AM,medium
39.28598942,-77.54963507,05/05/2017 01:22:00 PM,small
7.1633,125.8992,02/23/2008 12:00:00 AM,medium
-40.3271,175.8188,09/25/2010 05:00:00 AM,medium
10.5133,-61.2714,12/02/2011 12:00:00 AM,small
38.917,-123.0556,03/23/2011 12:00:00 AM,medium
30.5345,79.0853,10/18/2013 09:00:00 AM,medium
44.3507,-103.7826,06/01/2013 12:00:00 AM,small
45.3226,-73.7771,04/14/2007 12:00:00 AM,small
9.387,99.2003,11/23/2011 12:00:00 AM,medium
-7.6926,109.5337,12/20/2013 03:00:00 PM,large
7.9007,123.7741,08/15/2012 01:00:00 AM,large
40.9647,-72.9684,03/30/2010 12:00:00 AM,small
27.7923,84.7001,09/18/2012 12:00:00 AM,medium
-41.7073,173.9339,07/21/2013 12:00:00 AM,medium
-7.113,107.4737,02/23/2010 08:00:00 AM,very_large
46.1152,-123.3252,03/12/2012 04:58:00 PM,unknown
28.2333,83.9533,09/08/2007 12:00:00 AM,large
27.9449,83.5109,11/01/2013 12:00:00 PM,very_large
6.8202,-72.8756,11/20/2010 12:00:00 AM,medium
45.2711,-123.8355,10/04/2014 09:38:00 PM,unknown
9.833,-3.1,08/09/2008 12:00:00 AM,large
-22.5046,-43.1823,04/06/2010 12:00:00 AM,medium
5.3491,100.2521,10/18/2016 06:45:00 AM,small
16.7667,120.7617,08/19/2013 12:00:00 AM,medium
36.8693,-80.6597,03/10/2011 12:00:00 AM,medium
38.4262,-82.4781,07/21/2010 08:00:00 AM,medium
28.3048,83.6011,07/18/2014 09:00:00 AM,small
34.4332,76.2851,08/01/2013 08:00:00 PM,medium
50.7053,-127.5062,09/24/2010 12:00:00 AM,medium
3.4463,101.5543,10/20/2014 09:00:00 AM,medium
14.5558,-90.7998,09/23/2015 12:00:00 AM,medium
27.6934,111.6641,06/11/2012 07:54:00 PM,medium
6.9025,80.9083,11/24/2010 12:00:00 AM,medium
-32.8224,-69.9146,02/13/2013 12:00:00 AM,medium
-35.3261,174.0922,01/29/2011 08:00:00 AM,medium
16.402,120.597,10/05/2009 12:00:00 AM,medium
47.5685,-122.4055,11/30/2012 12:00:00 AM,medium
27.7513,85.8166,09/14/2010 12:00:00 AM,medium
50.7968,-121.3232,05/23/2015 12:00:00 AM,medium
16.5141,80.6053,08/26/2010 09:00:00 AM,medium
28.7,104.5167,08/25/2007 12:00:00 AM,medium
45.1373,-122.0822,01/07/2011 01:56:00 PM,unknown
23.7313,92.7187,09/14/2015 01:30:00 AM,medium
9.8988,76.3902,09/24/2010 01:00:00 AM,medium
27.7702,85.8692,08/02/2014 02:30:00 AM,large
35.4299,-82.2055,05/07/2013 12:00:00 AM,medium
41.4088,72.8282,05/11/2011 12:00:00 AM,medium
6.8586,37.7542,05/11/2016 12:00:00 AM,large
38.5393,-123.0933,02/08/2014 12:00:00 AM,medium
8.6068,124.8964,07/26/2014 02:00:00 AM,medium
8.6251,125.9211,01/13/2014 09:00:00 AM,large
43.6911,-124.1362,03/05/2014 07:49:00 AM,unknown
36.2967,-80.2462,01/24/2010 02:00:00 AM,small
22.7611,120.6824,05/22/2016 12:00:00 AM,unknown
26.89,88.28,06/29/2008 12:00:00 AM,medium
24.5436,121.8279,10/21/2010 12:00:00 AM,medium
5.3298,-75.0495,11/20/2010 12:00:00 AM,medium
44.3999,-123.8595,12/20/2015 11:24:00 AM,unknown
57.6897,-2.042,01/29/2016 12:00:00 AM,small
30.7059,76.9844,09/11/2010 04:00:00 PM,medium
19.5178,83.1809,05/18/2008 12:00:00 AM,medium
40.0118,-121.1872,03/13/2016 12:00:00 AM,medium
26.8928,89.4497,08/18/2009 06:00:00 PM,medium
10.4578,123.7756,02/05/2011 12:00:00 AM,medium
34.4002,74.2798,04/04/2016 12:00:00 AM,small
37.9478,-107.8548,07/18/2011 11:00:00 PM,small
42.0252,42.1061,08/18/2013 12:00:00 AM,medium
26.8833,88.2833,09/07/2007 12:00:00 AM,medium
4.1176,113.8359,12/30/2013 12:00:00 AM,medium
4.8333,114.8333,01/20/2010 12:20:00 AM,medium
39.6988,-110.8572,10/07/2016 08:30:00 AM,medium
23.7505,113.0005,03/06/2012 07:35:00 PM,medium
30.3822,78.0949,07/31/2013 08:00:00 AM,medium
41.3842,-124.0682,11/08/2015 12:00:00 AM,medium
43.8187,-115.3455,09/29/2013 12:00:00 AM,large
47.962,-122.2221,02/22/2012 01:30:00 AM,medium
37.1552,-87.7898,04/28/2011 12:00:00 AM,medium
51.1182,-3.7175,12/24/2012 12:00:00 AM,small
9.8011,124.2467,07/28/2011 12:00:00 AM,medium
34.0786,74.3836,03/15/2015 12:00:00 AM,medium
31.7083,76.9316,08/07/2011 07:00:00 AM,medium
56.4679,-2.9977,12/29/2013 04:00:00 PM,small
43.3672,-110.4327,08/27/2016 02:30:00 PM,medium
33.4407,-86.7896,04/07/2014 09:00:00 AM,small
37.7356,111.3054,06/13/2008 10:20:00 AM,large
45.3512,-121.9736,01/17/2011 04:42:00 PM,unknown
-6.1014,145.0722,12/22/2014 11:00:00 PM,medium
33.4005,104.9219,12/03/2013 08:30:00 PM,medium
42.367,-124.4188,11/20/2012 07:03:00 AM,unknown
38.9102,16.5877,11/22/2011 12:00:00 AM,medium
42.6798,-122.6169,11/20/2012 09:11:00 AM,unknown
26.8797,87.9172,09/03/2015 12:00:00 AM,medium
30.9936,78.4594,08/18/2014 12:00:00 AM,medium
10.4867,-66.9211,11/27/2010 11:00:00 PM,medium
14.7395,74.2566,10/02/2009 12:00:00 AM,medium
44.871,-122.6445,04/27/2014 12:00:00 AM,small
51.2934,-0.1532,12/24/2013 04:00:00 AM,medium
20.04,105.35,10/05/2007 12:00:00 AM,large
1.0835,35.4707,12/29/2012 01:00:00 PM,large
19.3379,73.7767,07/25/2013 05:00:00 AM,medium
29.5193,80.4687,06/17/2013 12:00:00 AM,medium
35.6601,-95.2882,05/29/2015 12:00:00 AM,small
21.6598,110.9276,09/21/2010 08:00:00 AM,medium
3.1621,101.684,05/08/2013 03:00:00 AM,medium
45.9767,-123.1947,12/08/2015 02:02:00 PM,unknown
39.0744,-84.6449,04/21/2011 12:00:00 AM,medium
10.3402,125.0778,01/27/2011 12:00:00 AM,small
11.2462,124.9944,01/02/2011 12:00:00 AM,medium
21.2558,-157.8072,03/06/2012 01:30:00 AM,small
27.7649,87.199,09/02/2008 12:00:00 AM,medium
25.1604,93.6795,03/04/2012 12:00:00 AM,medium
28.9525,101.5041,07/13/2010 04:00:00 AM,medium
3.0536,101.7329,01/20/2015 07:00:00 PM,small
11.41,76.69,06/25/2008 12:00:00 AM,medium
46.1199,-123.3467,12/19/2012 06:02:00 PM,unknown
31.7018,76.9424,07/07/2013 12:00:00 AM,small
-6.9759,109.1949,04/08/2012 09:00:00 PM,medium
16.58058045,98.31350436,06/24/2011 12:00:00 AM,large
29.3199,102.7348,07/27/2010 05:00:00 AM,large
41.0524,40.6167,08/26/2010 06:00:00 PM,medium
42.1764,-124.3144,01/19/2013 11:03:00 AM,unknown
44.4304,-124.0496,12/17/2015 10:02:00 PM,unknown
46.1306,-123.8073,03/31/2014 09:22:00 AM,unknown
-3.1448,119.7979,04/27/2011 08:00:00 PM,medium
40.1548,-79.7389,04/19/2015 12:00:00 AM,medium
57.6513,-4.1153,07/15/2011 12:00:00 AM,medium
22.2009,92.2168,08/08/2011 12:00:00 AM,medium
35.9778,-86.8239,05/02/2010 12:00:00 AM,medium
50.5662,-123.1173,09/19/2009 02:00:00 AM,medium
27.337,88.609,08/28/2008 12:00:00 AM,medium
19.1849,-96.1585,09/17/2015 12:00:00 AM,large
7.4166,126.0011,01/28/2013 07:00:00 PM,medium
36.0464,103.8128,03/17/2012 07:40:00 PM,medium
0.9039,123.0963,01/18/2015 12:00:00 AM,large
36.0959,-86.8568,05/09/2010 12:00:00 AM,small
43.3656,-91.218,06/23/2013 03:20:00 AM,medium
-45.8237,170.5972,06/20/2013 12:00:00 AM,medium
-17.6231,178.2678,02/28/2014 12:00:00 AM,unknown
59.5112,10.271,05/24/2016 12:00:00 AM,medium
47.9433,-122.1879,01/13/2011 12:00:00 AM,small
48.328,-124.4976,01/14/2011 07:00:00 PM,large
40.7331,-123.0545,02/18/2016 12:00:00 AM,small
36.723,137.79,08/19/2008 12:00:00 AM,medium
41.0555,-124.1271,01/19/2012 05:00:00 PM,small
25.3919,114.8246,05/16/2013 12:00:00 AM,large
50.5845,-1.2566,02/08/2014 12:00:00 AM,medium
21.639,-158.0599,11/21/2008 12:00:00 AM,medium
40.949,-73.8992,04/30/2014 11:00:00 PM,small
47.7358,-122.2861,12/13/2010 09:00:00 AM,medium
16.2137,107.2806,10/17/2010 12:00:00 AM,medium
6.0211,116.497,05/06/2012 03:00:00 PM,medium
35.6312,-82.4086,09/29/2015 03:00:00 PM,small
8.572,125.4908,01/30/2011 12:00:00 AM,medium
-7.6667,111.117,04/28/2008 12:00:00 AM,large
42.1763,-124.3142,03/30/2012 09:21:00 AM,unknown
28.7835,119.3033,10/04/2016 05:00:00 PM,large
49.8095,-119.3774,06/10/2012 12:00:00 AM,medium
29.8,95.7,09/16/2008 12:00:00 AM,medium
45.9951,-122.877,12/10/2015 10:12:00 PM,unknown
21.4384,92.0082,06/15/2010 12:00:00 AM,medium
37.489,-83.3588,07/08/2013 12:00:00 AM,medium
35.4608,-118.7773,08/19/2013 05:00:00 PM,medium
27.322,88.6087,04/17/2010 12:00:00 AM,small
28.7038,80.9787,10/08/2010 12:00:00 AM,medium
-34.4075,150.8535,06/03/2010 11:00:00 PM,small
40.3364,-105.6744,07/18/2013 12:00:00 AM,medium
34.9489,137.1998,08/29/2008 12:00:00 AM,medium
-22.8781,-43.0455,04/06/2010 12:00:00 AM,medium
19.436,-99.365,08/25/2008 12:00:00 AM,medium
44.8993,-123.1155,12/05/2012 12:00:00 AM,medium
42.6016,-123.3834,03/28/2014 11:27:00 AM,unknown
28.4298,95.8776,05/31/2010 12:00:00 AM,medium
19.19,73.009,06/21/2016 09:00:00 AM,small
45.7686,4.8111,12/09/2013 11:00:00 PM,small
49.3856,-123.2588,01/07/2016 01:30:00 AM,medium
24.5204,92.7264,05/18/2016 08:00:00 AM,unknown
47.9849,-113.6809,07/16/2014 12:00:00 AM,small
45.8569,-118.9066,10/02/2015 12:02:00 PM,unknown
28.57,83.45,06/27/2008 12:00:00 AM,medium
8.2531,98.9476,03/30/2011 12:00:00 AM,medium
27.0136,92.6351,07/01/2016 12:00:00 AM,large
32.3237,77.1935,07/08/2011 12:00:00 AM,medium
21.3681,-157.7894,07/26/2016 12:00:00 AM,medium
4.9879,114.9553,10/26/2008 12:00:00 AM,medium
7.8784,98.2997,06/13/2015 12:00:00 AM,medium
1.507,-77.2223,12/15/2011 12:00:00 AM,large
34.2601,75.4466,08/13/2013 12:00:00 AM,medium
41.1272,-111.9381,02/27/2014 12:00:00 AM,medium
16.7432,120.8269,09/26/2009 12:00:00 AM,large
27.772,85.9052,09/09/2013 11:00:00 PM,medium
22.3145,104.095,09/05/2013 12:00:00 AM,very_large
19.1209,72.8406,06/12/2015 11:15:00 AM,small
28.2635,83.6118,07/30/2015 11:00:00 PM,medium
53.9923,-1.7949,09/23/2010 11:00:00 PM,small
19.9333,-97.85,08/23/2007 12:00:00 AM,medium
40.4376,-80.0176,01/11/2012 12:00:00 AM,small
55.6976,-121.6296,06/25/2011 01:30:00 AM,medium
27.7167,88.5577,06/03/2012 12:00:00 AM,medium
1.397,103.872,09/03/2008 12:01:00 AM,small
-41.32446098,174.7660073,04/06/2017 01:19:00 PM,small
16.9379,120.9263,08/21/2015 12:00:00 AM,medium
43.0091,-75.0289,07/06/2013 12:00:00 AM,small
12.8446,75.2476,06/18/2013 08:00:00 AM,medium
36.0636,74.2869,08/01/2010 12:00:00 AM,medium
35.1792,-118.4825,10/15/2015 12:00:00 AM,medium
13.8383,124.2714,01/19/2015 12:00:00 AM,medium
-41.7506,174.2633,07/21/2013 12:00:00 AM,medium
10.7349,122.9747,03/07/2008 12:00:00 AM,medium
9.8306,76.9408,06/02/2011 12:00:00 AM,medium
13.9716,121.9162,12/18/2015 12:00:00 AM,medium
1.3801,124.8238,01/14/2014 12:00:00 AM,large
14.7333,121.6,09/11/2013 12:00:00 AM,medium
39.7628,-105.6448,04/19/2016 12:00:00 AM,small
27.0998,93.6287,06/14/2008 12:00:00 AM,large
45.3054,-121.816,05/22/2013 04:06:00 PM,unknown
30.2485,78.8847,07/06/2010 12:00:00 AM,medium
16.4185,120.6003,08/15/2012 12:00:00 AM,medium
37.8871,-122.4484,03/24/2011 12:00:00 AM,small
37.4598,-82.6605,08/13/2013 04:58:00 PM,small
33.2395,75.2406,07/22/2014 05:30:00 AM,small
44.2136,8.4163,03/09/2014 12:00:00 AM,medium
2.8,98.5333,11/22/2009 12:00:00 AM,medium
44.3978,-123.9328,01/16/2011 04:20:00 PM,unknown
41.6507,14.5982,11/27/2015 12:00:00 AM,small
26.1771,91.7599,05/11/2013 12:00:00 AM,medium
7.3521,126.1544,05/23/2011 12:00:00 AM,medium
37.4082,-81.4261,02/22/2016 12:00:00 AM,small
19.1008,84.0502,10/12/2014 12:00:00 AM,medium
12.7796,75.5844,10/03/2010 07:00:00 PM,medium
50.766,-1.2786,04/27/2014 12:00:00 AM,small
32.9961,75.1994,08/08/2015 12:00:00 AM,medium
47.3473,-122.3217,03/08/2014 12:00:00 AM,medium
49.1797,-121.7407,11/08/2014 02:00:00 PM,small
-22.962,-43.1737,04/06/2010 12:00:00 AM,medium
22.4827,111.3604,09/21/2010 12:00:00 AM,medium
-28.5358,153.3923,01/27/2012 12:00:00 AM,medium
43.3593,-124.1619,03/13/2012 07:39:00 AM,unknown
57.579,-4.5973,12/30/2015 12:00:00 AM,small
5.35,100.266,10/10/2008 12:00:00 AM,medium
28.0054,82.68,06/19/2014 11:00:00 PM,medium
10.8334,-60.9436,10/31/2010 08:00:00 AM,medium
-0.936,122.1815,10/12/2010 12:00:00 AM,medium
26.9986,95.4993,06/25/2012 12:00:00 AM,medium
-7.7333,109.0,11/22/2009 12:00:00 AM,medium
27.5523,91.752,04/22/2016 09:30:00 PM,medium
25.7713,93.8067,08/13/2011 08:00:00 AM,medium
35.8736,-93.9131,12/29/2015 12:00:00 AM,small
34.2342,-118.2246,01/21/2010 03:00:00 PM,small
27.0875,88.6556,06/30/2015 12:00:00 AM,medium
16.3712,120.6076,10/18/2010 11:00:00 PM,medium
50.3859,-4.7497,11/17/2010 04:00:00 AM,medium
32.8273,-116.8487,12/22/2008 12:00:00 AM,small
47.9196,-122.315,02/07/2015 06:00:00 PM,medium
-6.9959,107.5044,04/05/2012 02:00:00 PM,medium
30.4,79.349,07/30/2007 12:00:00 AM,medium
39.5667,2.65,12/14/2008 12:00:00 AM,medium
-23.0,-43.24,11/16/2009 12:00:00 AM,medium
45.5626,-123.8916,12/03/2012 10:44:00 PM,unknown
30.0694,101.44,07/06/2016 12:00:00 AM,medium
40.3927,-80.1091,03/08/2011 08:00:00 AM,medium
22.3513,91.8295,07/27/2015 12:00:00 AM,small
37.4096,-81.4268,02/23/2016 12:00:00 AM,small
57.381,-5.4751,10/28/2014 12:00:00 AM,small
42.6118,-124.3924,03/29/2012 10:00:00 PM,small
34.0942,74.0226,08/19/2013 12:00:00 AM,medium
44.5259,-109.9704,08/12/2012 12:00:00 AM,medium
-40.1685,176.8242,04/26/2011 09:00:00 AM,medium
31.6916,76.5102,08/09/2015 12:00:00 AM,small
43.3978,-124.2206,03/13/2016 02:30:00 PM,small
37.6782,-119.7669,12/30/2010 09:00:00 AM,small
47.3681,-123.1595,11/17/2009 12:00:00 AM,medium
42.918,-124.1108,02/17/2011 12:35:00 PM,unknown
27.0409,103.4086,08/03/2014 04:03:00 PM,medium
60.7593,7.0991,08/02/2015 09:00:00 AM,medium
58.3336,-134.4739,09/29/2015 12:00:00 AM,small
18.0677,-77.0476,09/29/2010 12:00:00 AM,medium
27.777,85.3717,09/11/2008 12:00:00 AM,medium
14.5703,121.1682,06/02/2012 12:00:00 AM,medium
27.137,103.95,09/18/2008 12:00:00 AM,medium
6.6206,80.1721,06/01/2014 11:00:00 PM,medium
27.8235,101.8873,08/30/2012 11:00:00 PM,large
27.8837,93.0515,08/01/2013 12:00:00 AM,medium
13.9719,-84.6701,06/10/2015 11:00:00 PM,small
6.8066,80.9779,10/03/2010 12:00:00 AM,medium
30.0702,78.3027,08/11/2007 12:00:00 AM,medium
43.1843,-124.2454,02/08/2015 04:35:00 AM,unknown
27.05374234,88.42572376,07/19/2011 12:00:00 AM,medium
-3.4326,126.6457,07/25/2010 12:00:00 AM,large
-2.5236,140.718,02/22/2014 06:00:00 PM,large
40.7443,-74.0424,04/16/2011 12:00:00 AM,small
10.4891,-66.9146,11/29/2010 12:00:00 AM,medium
-22.9006,-43.0784,04/06/2010 12:00:00 AM,medium
9.1922,-83.6055,11/04/2010 12:00:00 AM,medium
-3.6849,119.6525,05/05/2011 12:00:00 AM,medium
28.2654,104.1313,07/05/2013 05:00:00 AM,medium
49.7701,-117.4619,05/18/2008 12:00:00 AM,small
29.7911,80.058,09/19/2010 12:00:00 AM,medium
47.1496,-68.9434,07/07/2016 12:00:00 AM,medium
35.2856,73.1642,04/04/2016 12:00:00 AM,large
21.4406,92.118,06/27/2015 09:00:00 AM,small
42.7188,25.7153,05/29/2012 12:00:00 AM,medium
33.9445,74.799,03/30/2015 12:00:00 AM,medium
57.147,-5.0937,03/08/2015 12:00:00 AM,small
-43.6069,172.7072,03/05/2014 01:53:00 PM,large
45.9768,-123.1946,12/17/2012 07:40:00 AM,unknown
38.5312,-81.7334,03/05/2015 12:00:00 AM,medium
-22.9033,-43.1201,04/06/2010 12:00:00 AM,medium
11.1807,-60.7651,04/18/2012 12:00:00 AM,medium
35.0148,75.6213,08/07/2010 12:00:00 AM,large
4.8525,100.7943,08/25/2007 12:00:00 AM,medium
44.1159,-124.1216,02/09/2015 05:33:00 PM,unknown
29.1491,81.6165,07/21/2014 12:00:00 AM,small
43.6515,-123.6607,04/07/2011 03:48:00 AM,unknown
27.6661,86.0332,08/02/2010 12:00:00 AM,medium
31.0215,77.1038,09/22/2010 12:00:00 AM,medium
38.5734,-85.2981,04/01/2016 12:00:00 AM,small
32.4318,77.2147,06/29/2011 12:00:00 AM,medium
27.7768,85.8888,07/16/2015 12:00:00 AM,medium
30.4297,97.1598,06/22/2012 03:00:00 PM,large
31.46626719,76.86927482,12/29/2015 12:00:00 AM,medium
10.2288,77.4767,12/07/2015 12:00:00 AM,medium
46.0603,-122.8952,12/12/2015 09:33:00 AM,unknown
11.03424851,124.8442658,11/08/2013 12:00:00 AM,very_large
33.5667,107.9833,08/29/2007 12:00:00 AM,medium
24.8063,93.9482,07/06/2011 12:00:00 AM,medium
15.5063,73.8362,09/07/2007 12:00:00 AM,medium
-21.3039,47.6346,02/27/2012 12:00:00 AM,very_large
16.4034,120.5962,08/15/2012 12:00:00 AM,medium
1.0053,34.4011,03/01/2010 07:00:00 PM,very_large
39.2105,-107.2343,08/19/2010 03:00:00 PM,medium
15.2932,74.1447,06/19/2011 12:00:00 AM,medium
44.0434,-124.0743,12/18/2015 12:00:00 AM,medium
41.10519866,70.51167011,05/04/2016 02:00:00 PM,medium
27.4916,85.4416,06/29/2015 12:00:00 AM,medium
47.88901904,-122.3275065,04/08/2013 12:00:00 PM,medium
9.0103,99.0886,03/27/2011 12:00:00 AM,medium
5.389,100.2906,10/22/2008 12:00:00 AM,medium
36.1316,-81.6885,07/07/2013 12:00:00 AM,small
6.9517,121.9823,06/24/2008 12:00:00 AM,medium
35.0819,-84.5287,11/10/2009 09:00:00 AM,medium
30.7,77.08,09/22/2008 12:00:00 AM,medium
36.4461,-92.4623,04/25/2011 11:00:00 PM,small
39.0712,70.4275,07/10/2015 12:00:00 AM,medium
23.0112,120.666,08/10/2009 12:00:00 AM,very_large
40.2975,-80.6196,01/02/2011 12:00:00 AM,small
37.5773,71.7041,07/16/2015 03:00:00 PM,medium
33.4406,75.1996,08/07/2011 12:00:00 AM,medium
22.7176,92.8416,09/13/2010 12:00:00 AM,medium
27.7,92.8,08/12/2009 12:00:00 AM,medium
9.6941,125.5523,01/23/2011 06:00:00 PM,medium
39.982,-75.2055,04/16/2011 09:30:00 PM,medium
34.7414,71.8631,06/29/2016 12:00:00 AM,medium
6.9762,80.7748,01/09/2011 12:00:00 AM,medium
36.8088,-3.348,02/22/2010 06:00:00 PM,medium
-13.3042,-72.1167,10/17/2010 11:00:00 PM,medium
44.4001,-122.2637,12/07/2015 05:55:00 PM,unknown
25.5098,93.8794,07/22/2015 12:00:00 AM,medium
33.7456,-117.6357,12/22/2010 03:00:00 AM,small
40.1261,-123.8237,02/11/2015 12:00:00 AM,small
9.3248,-79.8867,08/01/2013 08:00:00 AM,medium
14.6217,-90.4956,09/27/2015 12:00:00 AM,medium
16.957,121.3328,07/27/2011 04:00:00 PM,medium
0.0571,37.6561,11/03/2009 12:00:00 AM,medium
11.8348,75.4856,07/27/2015 09:30:00 AM,small
-4.193,138.1165,08/02/2011 12:00:00 AM,medium
51.0199,0.3638,02/10/2014 12:00:00 AM,medium
53.3705,-2.9411,07/20/2010 12:15:00 PM,small
19.8981,101.1396,08/21/2013 11:00:00 PM,very_large
9.2924,-79.7478,05/09/2014 12:00:00 AM,small
25.4549,119.0076,09/01/2011 06:25:00 AM,medium
42.9633,-123.8572,12/23/2015 12:17:00 PM,unknown
18.2152,-76.9659,10/31/2007 12:00:00 AM,medium
11.7095,76.074,06/25/2007 12:00:00 AM,large
24.8628,94.4182,08/30/2009 12:00:00 AM,medium
6.968,80.9486,03/14/2011 12:00:00 AM,medium
9.6515,124.3656,10/16/2011 12:00:00 AM,medium
16.4072,120.5829,10/08/2009 12:00:00 AM,medium
-32.9563,-70.2129,02/11/2011 10:00:00 PM,medium
35.6508,-82.5308,07/04/2013 12:00:00 AM,small
-41.23655207,174.8067213,07/10/2017 02:21:00 PM,small
8.4966,123.3034,05/28/2013 12:00:00 AM,medium
49.1504,-122.4926,10/31/2012 04:30:00 AM,small
35.2959,73.21,05/25/2013 12:00:00 AM,medium
34.6685,-118.4041,10/16/2015 12:00:00 AM,large
45.4257,-75.6896,07/08/2007 12:00:00 AM,small
47.9122,-122.2954,03/13/2011 11:00:00 PM,small
29.6131,79.494,09/19/2010 06:00:00 PM,medium
23.8917,90.9733,09/10/2007 12:00:00 AM,medium
-7.0132,110.4545,01/18/2014 12:00:00 AM,medium
21.9607,-159.3585,02/26/2012 09:00:00 AM,small
14.6317,-90.4792,09/27/2015 12:00:00 AM,medium
25.6115,96.2907,03/30/2015 09:00:00 AM,medium
44.2025,-124.1133,12/06/2015 02:25:00 AM,unknown
47.946,-122.3049,01/07/2013 12:00:00 AM,medium
10.2585,123.8196,10/19/2014 12:00:00 AM,small
29.8901,95.5728,07/06/2013 09:30:00 PM,medium
18.5038,120.9096,11/26/2007 12:00:00 AM,medium
43.2123,-123.3549,11/20/2012 01:18:00 PM,unknown
45.5701,-123.9425,03/28/2014 04:01:00 PM,unknown
11.811,125.1507,03/17/2011 12:00:00 AM,medium
3.7122,114.1991,02/21/2012 12:00:00 AM,medium
19.6241,72.9084,09/04/2012 09:00:00 AM,medium
46.2052,-122.9165,02/22/2012 06:00:00 PM,small
37.8298,-122.2272,04/13/2012 09:00:00 AM,small
10.26707152,123.8299199,08/24/2010 09:00:00 PM,medium
35.192,76.2579,09/07/2010 12:00:00 AM,medium
41.6432,24.0725,03/28/2015 12:00:00 AM,medium
25.8509,97.4381,03/20/2014 12:00:00 AM,unknown
24.9786,93.5027,07/29/2010 12:00:00 AM,medium
60.7835,-148.771,10/25/2016 01:00:00 PM,small
54.5121,-128.5677,05/28/2007 12:00:00 AM,large
31.265,121.505,08/18/2012 12:00:00 AM,medium
-23.3025,-46.5551,03/10/2016 12:00:00 AM,medium
16.3103,120.6153,10/16/2016 12:00:00 AM,medium
0.3335,34.4833,12/02/2011 12:00:00 AM,medium
29.7225,82.5068,07/01/2009 11:00:00 PM,medium
45.5635,-123.5826,03/14/2015 07:16:00 AM,unknown
40.0039,-105.4029,08/29/2016 10:05:00 PM,medium
26.026,97.3715,07/04/2009 12:00:00 AM,large
10.4548,-84.8751,11/04/2010 12:00:00 AM,medium
47.7518,-122.3813,02/10/2015 03:00:00 PM,medium
25.2946,92.8339,08/26/2007 12:00:00 AM,medium
10.5339,123.7183,05/07/2008 12:00:00 AM,medium
-8.5955,125.572,02/06/2011 12:00:00 AM,medium
22.741,120.7253,05/22/2016 12:00:00 AM,medium
7.0449,126.4497,01/11/2014 12:00:00 AM,large
28.299,84.0366,07/11/2010 09:00:00 AM,medium
-41.2865,174.7533,08/10/2015 05:20:00 PM,small
33.4431,75.1915,08/14/2013 12:00:00 AM,medium
53.3599,-2.0828,06/11/2016 03:00:00 PM,medium
15.3904,73.8182,07/25/2015 12:00:00 AM,small
52.9566,-6.0935,11/16/2009 12:00:00 AM,medium
32.5282,75.1199,08/02/2013 04:30:00 AM,medium
33.6303,-117.5615,12/22/2010 05:15:00 AM,small
45.3717,-74.1359,09/23/2010 11:00:00 PM,medium
45.5188,-122.7003,06/06/2010 11:00:00 PM,small
40.3493,-79.8003,07/23/2013 12:00:00 AM,small
-1.6985,29.3711,03/26/2010 12:00:00 AM,large
21.2228,104.0836,09/05/2013 12:00:00 AM,very_large
7.1107,-76.4089,05/09/2015 12:00:00 AM,medium
34.3951,75.6233,05/17/2010 12:00:00 AM,medium
45.5584,-123.5991,11/18/2015 07:46:00 AM,unknown
16.0781,78.8743,07/23/2016 11:00:00 PM,medium
29.8208,107.9439,06/23/2016 11:00:00 PM,medium
16.3603,120.6757,07/12/2015 03:00:00 PM,small
54.6188,-3.0544,11/25/2009 12:00:00 AM,medium
14.836,120.2761,05/31/2010 04:30:00 PM,medium
38.2717,-112.473,05/22/2011 12:30:00 PM,small
40.5399,-80.9,03/21/2010 02:00:00 AM,small
4.6502,-74.399,04/16/2011 12:00:00 AM,medium
40.2935,-105.529,09/15/2013 12:00:00 AM,medium
58.2977,-134.4003,11/14/2009 12:00:00 AM,small
15.6365,74.1158,10/06/2013 04:30:00 PM,medium
25.1784,106.0995,06/05/2011 12:00:00 AM,medium
14.7833,-90.9667,05/30/2010 12:00:00 AM,medium
45.7513,7.376,05/30/2008 12:00:00 AM,medium
36.731,-83.5619,05/07/2013 12:00:00 AM,medium
40.9213,-74.1772,06/02/2015 07:30:00 AM,small
7.192857627,125.969436,01/15/2012 08:00:00 AM,medium
-3.7027,128.1777,06/16/2010 12:00:00 AM,medium
-0.5487,37.0498,05/04/2010 09:00:00 PM,medium
32.0985,76.2665,08/12/2007 12:00:00 AM,large
19.0669,-97.1119,08/05/2016 12:00:00 AM,medium
9.6227,-83.8359,11/04/2010 12:00:00 AM,medium
26.1226,91.7162,06/22/2012 12:00:00 AM,medium
25.583,91.893,09/23/2015 03:00:00 PM,medium
45.9023,-123.1429,03/15/2012 02:01:00 PM,unknown
18.7919,97.9203,10/01/2013 12:00:00 AM,large
37.8121,-107.6645,08/03/2011 12:00:00 AM,medium
7.9046,123.7227,12/30/2010 08:00:00 PM,medium
44.1705,-124.0874,12/21/2015 09:00:00 AM,small
19.5633,-96.9479,08/06/2016 12:00:00 AM,medium
28.1046,84.6634,07/03/2015 11:00:00 PM,small
51.7153,-3.9201,06/20/2016 12:00:00 AM,medium
-3.96,29.4318,03/30/2015 04:00:00 PM,medium
8.6771,98.2938,09/11/2013 12:00:00 PM,medium
47.5935,-122.2425,03/15/2015 08:00:00 PM,small
36.1364,-82.443,08/18/2010 07:30:00 PM,medium
44.4979,8.9042,12/26/2013 12:00:00 AM,medium
-4.4032,136.0438,05/05/2008 12:00:00 AM,medium
31.5007,78.1758,07/17/2016 12:00:00 AM,small
42.2261,-87.8107,05/21/2014 12:00:00 AM,small
-26.2396,-69.6364,07/25/2016 09:00:00 AM,medium
7.0022,80.703,05/19/2010 12:00:00 AM,medium
16.1078,73.7167,07/22/2011 12:00:00 AM,small
21.1589,-156.9621,04/13/2010 12:00:00 AM,medium
37.03,138.85,09/07/2007 12:00:00 AM,medium
-7.5907,107.7705,05/06/2011 03:00:00 PM,large
44.1144,-116.1053,09/05/2013 06:30:00 PM,medium
45.4912,-122.678,09/06/2013 08:22:00 AM,unknown
45.6028,-122.4371,12/14/2015 11:00:00 PM,medium
16.6052,120.6311,08/19/2013 12:00:00 AM,medium
36.9933,-122.0206,12/02/2012 12:00:00 AM,medium
46.0472,-122.8382,12/08/2015 12:00:00 AM,small
-26.8833,-48.65,11/24/2008 12:00:00 AM,very_large
-7.4576,107.9608,11/25/2012 12:00:00 AM,medium
38.4832,-82.4247,12/06/2014 12:00:00 AM,small
45.9866,-123.3857,12/08/2015 10:05:00 PM,unknown
30.7864,78.616,08/15/2015 12:00:00 AM,medium
31.8795,76.9161,07/07/2013 03:00:00 AM,medium
28.2317,84.8756,07/04/2016 12:00:00 AM,medium
44.1388,18.1252,01/04/2015 12:00:00 AM,medium
-6.0356,144.9513,10/19/2016 12:00:00 AM,medium
24.6005,92.3814,06/03/2010 05:00:00 AM,medium
34.154,-117.8632,12/12/2014 09:00:00 AM,small
39.3194,-76.6163,04/30/2014 04:00:00 PM,medium
45.5328,-122.2346,10/22/2014 08:33:00 PM,unknown
34.2101,74.3445,04/06/2011 12:00:00 AM,medium
44.5415,18.5879,12/05/2010 08:00:00 AM,medium
40.6905,46.3667,04/21/2010 12:00:00 AM,medium
9.9792,-83.8525,10/31/2011 12:00:00 AM,medium
23.7273,109.2347,06/03/2010 12:00:00 AM,medium
21.25,104.0,09/25/2008 12:00:00 AM,medium
5.3149,115.2202,12/19/2015 12:00:00 AM,medium
24.935,121.377,08/08/2015 12:00:00 AM,medium
39.2515,-84.6515,04/25/2011 12:00:00 AM,medium
30.4305,78.0803,07/19/2014 05:00:00 AM,small
27.6454,84.125,07/06/2011 12:00:00 AM,medium
43.2984,-122.533,12/02/2012 07:14:00 AM,unknown
30.0718,80.2369,07/19/2013 12:00:00 AM,medium
44.4078,-123.8978,03/30/2012 01:49:00 PM,unknown
28.22020061,84.17758452,07/11/2010 09:00:00 AM,medium
33.7576,-109.2835,07/19/2013 12:00:00 AM,small
60.55,6.5516,10/20/2008 12:00:00 AM,medium
27.6063,87.2196,06/30/2010 09:00:00 AM,medium
35.4059,-83.2578,07/01/2013 12:00:00 AM,medium
14.6297,-90.5025,09/27/2015 12:00:00 AM,medium
37.9107,69.0971,04/12/2014 11:00:00 PM,large
43.6796,-91.2194,08/19/2007 12:00:00 AM,medium
-12.432,-75.0369,01/20/2014 04:00:00 AM,large
29.6699,91.1549,03/29/2013 06:00:00 AM,very_large
27.7489,107.4656,05/30/2010 12:00:00 AM,medium
50.6756,-119.3135,02/16/2015 12:00:00 AM,small
3.3694,101.854,11/11/2015 12:00:00 AM,medium
1.3743,34.4057,08/10/2013 03:00:00 AM,medium
27.8196,85.2114,06/18/2013 12:00:00 AM,medium
46.8677,-121.5386,11/13/2007 12:00:00 AM,small
40.5172,-80.0941,12/23/2011 12:00:00 AM,small
10.0506,98.6677,05/09/2011 12:00:00 AM,medium
35.8975,75.52,08/05/2008 12:00:00 AM,large
-7.2269,108.0197,05/06/2011 12:00:00 AM,medium
40.9822,-80.3433,06/23/2015 09:00:00 PM,medium
45.3426,-122.6341,12/21/2014 09:00:00 AM,small
-28.2167,-65.8667,01/24/2014 06:00:00 PM,large
4.5791,101.3882,12/30/2014 05:30:00 PM,medium
10.47892965,125.0030939,12/26/2012 04:00:00 AM,medium
-8.4454,-38.0702,05/03/2011 12:00:00 AM,medium
-42.4635,173.5421,09/10/2010 12:00:00 AM,medium
29.3833,81.3167,08/29/2008 12:00:00 AM,medium
45.9816,-122.8697,02/28/2011 05:28:00 AM,unknown
47.8205,-122.2813,12/01/2012 12:00:00 AM,medium
30.733,78.439,07/30/2007 12:00:00 AM,medium
27.5799,91.8569,04/22/2016 02:30:00 AM,medium
37.4198,-107.8385,08/07/2016 12:00:00 AM,medium
45.8043,-72.9643,05/10/2010 11:00:00 PM,medium
6.98,-75.15,04/12/2012 12:00:00 AM,large
33.1662,75.3098,09/05/2007 12:00:00 AM,medium
1.1837,124.53,01/03/2013 12:00:00 AM,medium
44.1504,-73.7605,03/13/2016 12:00:00 AM,small
39.1153,-84.4881,04/12/2011 09:00:00 AM,small
37.4038,-82.4931,04/14/2015 11:00:00 PM,medium
16.8989,-99.9452,05/13/2015 12:00:00 AM,medium
-18.7913,-42.3753,12/17/2013 08:00:00 AM,medium
-41.3874,172.8235,05/16/2010 09:00:00 AM,medium
7.4678,80.6241,02/01/2011 12:00:00 AM,medium
34.6768,-83.9076,09/20/2009 12:00:00 AM,small
9.2404,123.2211,05/14/2008 12:00:00 AM,medium
22.4209,103.8838,05/12/2011 12:00:00 AM,medium
44.6345,-123.7762,01/13/2013 08:29:00 PM,unknown
34.4667,72.6792,04/10/2016 12:00:00 AM,small
43.3126,-122.8463,01/19/2012 02:01:00 AM,unknown
11.7,125.0667,01/01/2011 12:00:00 AM,small
2.5833,98.8333,11/22/2009 12:00:00 AM,medium
39.3193,-120.3218,02/06/2015 12:00:00 AM,unknown
34.5554,73.3569,07/16/2016 11:00:00 PM,medium
28.1038,85.0548,03/01/2012 12:00:00 AM,medium
35.6975,51.3831,10/03/2013 12:00:00 AM,small
50.729,-2.9383,05/06/2008 12:00:00 AM,medium
38.9226,-121.0257,01/15/2016 05:00:00 PM,small
10.3606,-67.3097,07/03/2011 12:00:00 AM,medium
48.5917,-116.8291,03/30/2012 12:00:00 AM,small
21.3,106.623,09/25/2008 12:00:00 AM,medium
9.9147,77.011,08/04/2013 12:00:00 AM,very_large
30.6427,114.318,06/19/2011 12:00:00 AM,medium
40.9826,-123.6397,01/27/2016 12:00:00 AM,small
10.5363,-66.9492,09/20/2010 12:00:00 AM,medium
41.4,48.3367,04/09/2010 12:00:00 AM,medium
35.2902,-111.5932,07/20/2010 12:00:00 AM,medium
-22.887,-43.0571,04/06/2010 12:00:00 AM,medium
27.5754,91.9754,08/05/2016 12:00:00 AM,medium
-17.9392,178.2452,04/01/2012 12:00:00 AM,medium
41.1204,-76.1398,03/02/2011 12:00:00 AM,medium
19.2078,98.7884,09/29/2011 01:00:00 AM,large
16.6252,80.6128,06/25/2007 12:00:00 AM,medium
37.3298,-82.7228,02/06/2010 12:00:00 AM,medium
40.8478,-73.6527,05/01/2014 02:15:00 AM,small
27.44,92.2833,08/12/2011 12:00:00 AM,medium
35.7322,-87.1288,05/02/2010 12:00:00 AM,medium
33.0001,131.0,07/12/2012 12:00:00 AM,large
46.3428,-61.0951,04/16/2014 12:00:00 AM,small
45.4291,-122.658,01/20/2012 02:47:00 PM,unknown
34.5117,-84.444,07/31/2013 11:00:00 PM,medium
5.314,-4.0351,06/05/2014 09:00:00 AM,medium
41.7,41.8,09/30/2008 12:00:00 AM,medium
2.011,112.943,12/26/2007 12:00:00 AM,medium
10.466,-66.894,11/20/2008 12:00:00 AM,medium
37.59,-105.248,08/06/2008 12:00:00 AM,small
-2.7414,134.5427,10/04/2010 08:00:00 AM,large
45.0628,-123.4924,10/08/2012 04:10:00 AM,unknown
42.9634,-123.8289,01/19/2012 09:53:00 AM,unknown
39.1186,-84.4826,06/11/2011 12:00:00 AM,medium
47.298,-120.1048,09/05/2013 11:00:00 PM,medium
57.3529,-5.5513,12/25/2012 12:00:00 AM,medium
38.4803,-81.9246,04/10/2015 12:00:00 AM,small
45.5799,4.736,11/05/2014 12:00:00 AM,medium
-22.8796,-43.1293,04/06/2010 12:00:00 AM,medium
30.3818,102.8154,05/09/2013 10:22:00 AM,medium
8.7342,104.9077,07/06/2015 12:00:00 AM,small
53.5947,-1.0083,02/12/2013 11:00:00 PM,medium
46.0475,-122.8983,01/19/2012 10:40:00 AM,unknown
19.699,-72.754,10/08/2007 12:00:00 AM,medium
-6.7022,106.981,12/26/2014 12:00:00 AM,medium
30.4041,79.3276,07/25/2013 12:00:00 AM,medium
15.4446,-90.9516,05/30/2010 12:00:00 AM,medium
-41.2941,174.7855,04/16/2014 09:30:00 PM,small
26.2083,94.5438,08/04/2013 12:00:00 AM,medium
35.9816,-119.9601,02/27/2010 12:00:00 AM,small
34.0968,74.4117,03/15/2015 12:00:00 AM,medium
16.419,120.5832,10/10/2016 11:00:00 PM,medium
12.8962,74.8859,07/16/2016 03:00:00 PM,small
43.6531,-123.8798,03/09/2014 07:04:00 AM,unknown
4.7062,96.6679,07/02/2013 12:00:00 AM,medium
34.1813,-117.1709,12/22/2010 12:00:00 AM,small
39.1369,-84.7904,04/25/2011 12:00:00 AM,small
23.1316,113.2666,05/06/2010 12:00:00 AM,medium
57.2847,-3.8087,04/28/2012 08:00:00 AM,medium
19.288,-99.6469,02/05/2010 12:00:00 AM,large
40.6864,-76.1962,06/27/2013 06:00:00 PM,small
42.6439,-124.4077,03/29/2012 07:30:00 PM,small
40.5241,-111.9272,09/03/2015 02:00:00 PM,medium
38.4998,-105.9315,08/10/2014 06:44:00 PM,small
3.2231,98.5297,11/21/2015 12:00:00 AM,medium
18.2724,-76.9104,02/16/2011 12:00:00 AM,medium
-22.8919,-43.0882,04/07/2010 03:00:00 PM,very_large
-22.9493,-43.2063,04/06/2010 12:00:00 AM,medium
24.6596,93.9784,06/09/2008 12:00:00 AM,medium
14.651,-90.5403,06/18/2008 12:00:00 AM,medium
34.1607,-117.8392,12/12/2014 09:00:00 AM,small
36.1444,137.2532,12/16/2014 12:00:00 AM,medium
38.6914,-85.2366,04/06/2014 06:30:00 PM,small
14.7836,-91.1836,10/20/2014 12:00:00 AM,small
-41.1274,146.1258,07/14/2013 06:00:00 PM,medium
45.2398,-123.602,12/28/1998 12:00:00 AM,small
45.9291,6.8971,05/02/2015 12:00:00 AM,small
-7.0216,106.9505,11/13/2008 12:00:00 AM,medium
19.0263,72.8676,07/10/2013 12:00:00 AM,medium
43.6698,40.298,07/27/2014 12:00:00 AM,small
40.4893,-112.1563,09/13/2013 02:25:00 PM,medium
42.7277,44.6302,06/23/2016 11:00:00 PM,medium
45.2508,-123.8481,12/08/2015 02:02:00 PM,unknown
28.10025822,84.42143526,08/30/2008 12:00:00 AM,medium
25.8266,94.1497,10/05/2013 11:00:00 PM,medium
29.3576,79.5519,07/20/2010 06:00:00 PM,medium
4.6366,114.937,04/19/2015 12:00:00 AM,small
-2.5221,140.7062,04/12/2014 01:00:00 AM,medium
10.43,123.9115,08/12/2013 04:45:00 PM,medium
6.9438,81.0684,12/26/2014 12:00:00 AM,medium
28.2598,84.0999,08/03/2010 09:00:00 AM,medium
44.5223,-119.69,02/25/2013 09:15:00 AM,unknown
-45.9034,170.0982,05/29/2010 06:45:00 AM,medium
-22.8999,-43.1227,04/06/2010 12:00:00 AM,medium
25.035,121.7648,09/01/2013 11:00:00 AM,medium
48.5035,-120.7111,09/05/2013 11:00:00 PM,large
10.6915,-61.5929,11/27/2010 12:00:00 AM,medium
42.2697,-121.4862,07/09/2015 08:00:00 PM,unknown
43.8807,-115.7367,08/13/2014 07:00:00 PM,small
33.8688,-117.6825,12/17/2014 02:00:00 AM,medium
16.455,120.56,09/23/2008 12:00:00 AM,medium
44.0772,-122.7348,03/24/2015 12:00:00 AM,small
51.4867,0.3114,04/18/2010 12:00:00 AM,small
45.3356,-117.0827,08/27/2013 04:23:00 AM,unknown
-1.8245,29.5948,05/07/2016 12:00:00 AM,large
-22.9654,-43.2345,04/06/2010 06:00:00 AM,medium
27.6674,86.7174,08/13/2011 12:00:00 AM,medium
28.298,84.9671,07/05/2016 12:00:00 AM,medium
20.8486,92.4504,05/24/2010 12:00:00 AM,medium
22.2139,-159.5233,06/08/2008 12:00:00 AM,small
14.6281,-90.5065,09/27/2015 12:00:00 AM,medium
15.4669,43.567,08/29/2009 12:00:00 AM,medium
14.7231,121.2541,05/29/2008 12:00:00 AM,medium
-7.0562,107.8995,09/08/2010 12:00:00 AM,medium
-34.103,-70.4516,05/22/2008 12:00:00 AM,medium
11.7841,124.8761,12/30/2014 09:00:00 AM,medium
35.3561,-85.2314,04/08/2009 08:00:00 AM,small
33.9917,-107.1577,07/23/2010 12:00:00 AM,small
47.9694,-122.2321,03/18/2014 07:20:00 AM,medium
51.0039,-118.198,06/06/2012 12:00:00 AM,medium
45.5548,-123.8991,11/19/2012 02:09:00 AM,unknown
56.2845,-120.7409,10/20/2015 12:00:00 AM,medium
15.5892,43.6319,06/02/2008 12:00:00 AM,medium
46.027,-123.6329,10/31/2012 09:22:00 AM,unknown
39.8751,69.8266,05/27/2016 03:30:00 PM,medium
43.5778,-124.1892,05/16/2011 01:51:00 PM,unknown
44.2613,18.024,03/06/2015 12:00:00 AM,medium
47.3042,-123.1524,03/16/2011 06:40:00 AM,medium
42.659,44.6407,04/15/2012 11:00:00 AM,medium
13.7836,124.391,10/15/2016 12:00:00 AM,medium
-12.9828,-38.4837,04/27/2015 12:00:00 AM,medium
36.7025,-105.3514,07/08/2013 03:00:00 PM,medium
45.5635,-123.5826,12/01/2013 03:57:00 PM,unknown
34.0373,-116.5898,01/21/2010 12:00:00 AM,small
38.0131,-108.0511,07/20/2016 02:30:00 PM,medium
38.3534,-81.6513,05/17/2010 11:00:00 PM,small
10.3166,123.8452,12/10/2010 09:00:00 AM,medium
1.3,35.6167,11/09/2008 12:00:00 AM,medium
14.951,-87.9338,08/29/2013 12:05:00 AM,medium
43.6474,-123.8512,03/30/2012 09:57:00 AM,unknown
21.3996,-157.8939,09/29/2015 12:00:00 AM,small
28.694,80.595,09/21/2008 12:00:00 AM,medium
18.5146,-72.3361,10/29/2007 12:00:00 AM,medium
10.666,-61.3832,10/31/2010 09:00:00 AM,medium
14.1939,121.1481,09/08/2009 11:30:00 PM,medium
29.5524,106.5458,01/03/2008 12:00:00 AM,small
7.253,125.3015,06/17/2014 03:00:00 PM,small
-1.1679,36.6905,04/27/2013 12:00:00 AM,medium
35.478,137.1406,07/16/2010 12:00:00 AM,medium
21.0853,92.1414,06/27/2015 10:30:00 AM,medium
39.7281,-91.3708,07/11/2015 02:00:00 AM,small
7.8705,126.3235,01/14/2011 11:00:00 PM,medium
44.6629,-123.7989,02/26/2011 06:12:00 PM,unknown
27.3824,86.0567,09/17/2011 12:00:00 AM,medium
-22.91017122,-43.09175971,04/06/2010 12:00:00 AM,small
33.0852,74.8799,07/05/2013 11:00:00 PM,medium
35.6425,-82.5264,07/04/2013 12:00:00 AM,medium
-8.1928,115.1178,01/23/2014 06:00:00 PM,unknown
44.1646,-124.0097,12/21/2015 09:00:00 AM,medium
26.1768,91.7702,07/14/2016 12:00:00 AM,small
10.1433,-83.9529,11/21/2010 12:00:00 AM,medium
-40.3348,175.8168,10/17/2011 12:00:00 AM,medium
35.5429,-82.7938,05/07/2013 12:00:00 AM,medium
11.9013,-86.06,05/02/2015 12:00:00 AM,large
45.3958,-122.4635,03/12/2011 04:26:00 AM,unknown
57.5051,-3.4067,09/02/2015 12:00:00 AM,medium
19.427,-99.1276,08/02/2010 12:00:00 AM,medium
40.6549,-89.5569,04/18/2013 12:00:00 AM,small
15.8076,-91.3148,09/20/2011 03:00:00 PM,large
27.8997,93.3497,04/02/2010 11:00:00 PM,large
17.3349,121.0364,09/12/2009 12:00:00 AM,medium
56.2264,-4.8565,03/06/2014 09:00:00 AM,large
-22.9577,-43.1992,04/06/2010 12:00:00 AM,medium
45.6237,-123.3757,12/01/2014 12:20:00 PM,unknown
45.8598,-123.9609,04/19/2012 07:38:00 PM,unknown
35.2219,-82.3226,12/07/2015 12:00:00 AM,small
18.5373,-73.8011,10/04/2016 12:00:00 AM,large
27.0816,88.4397,07/07/2015 12:00:00 AM,small
45.2052,-123.8386,12/28/2011 08:47:00 PM,unknown
15.5918,-61.3731,10/05/2010 12:00:00 AM,medium
15.5419,73.9214,08/17/2013 03:00:00 PM,medium
-22.8766,-43.0967,04/06/2010 12:00:00 AM,medium
10.2112,123.758,09/04/2012 06:20:00 PM,medium
31.978,-116.7776,12/28/2013 02:00:00 AM,medium
44.3562,-123.7155,02/21/2011 04:32:00 AM,unknown
13.3124,122.0557,09/09/2014 03:00:00 AM,medium
15.1718,120.7653,10/12/2013 05:30:00 AM,medium
47.8634,-122.282,03/21/2013 10:30:00 AM,medium
33.7706,74.0967,08/14/2013 12:00:00 AM,medium
14.665,-90.6158,08/28/2010 12:00:00 AM,medium
47.7124,-122.1839,12/09/2015 12:00:00 AM,medium
-37.1475,146.4399,09/04/2010 09:00:00 AM,medium
18.9741,101.1358,08/12/2013 12:00:00 AM,medium
0.4339,35.7876,08/20/2012 12:00:00 AM,large
31.5785,104.3531,07/09/2013 12:00:00 AM,medium
-21.7303,-43.3987,12/25/2013 03:00:00 PM,medium
3.3334,114.3859,02/18/2016 12:00:00 AM,medium
46.8769,7.289,07/13/2014 12:00:00 AM,small
46.9494,128.8603,08/13/2013 09:00:00 AM,medium
7.7364,123.0608,10/22/2015 02:30:00 AM,medium
39.6492,-106.5372,07/19/2011 12:00:00 AM,small
10.0599,125.6266,01/23/2011 12:00:00 AM,medium
9.6991,76.8168,08/17/2012 12:00:00 AM,medium
-2.5015,140.7206,03/17/2013 08:00:00 AM,medium
47.4705,-123.0976,03/13/2011 04:00:00 PM,medium
25.6167,96.3167,07/15/2010 12:00:00 AM,medium
26.9071,87.9217,06/30/2015 12:00:00 AM,medium
-6.6279,107.3461,02/15/2010 12:00:00 AM,medium
43.0392,-124.05,11/20/2012 07:30:00 AM,unknown
39.0821,-84.5245,03/12/2014 12:00:00 PM,medium
36.2585,-85.0777,02/08/2010 12:00:00 AM,small
-33.7099,150.3746,02/04/2010 04:30:00 PM,small
-1.2509,29.9821,10/03/2009 12:00:00 AM,medium
36.6984,-82.7628,04/07/2016 09:00:00 AM,small
1.2603,34.3175,08/29/2011 03:00:00 AM,large
57.5291,-4.1018,07/08/2011 12:00:00 AM,small
-26.5833,-53.5833,09/08/2009 12:00:00 AM,medium
53.042,-4.0337,10/23/2013 11:00:00 PM,medium
38.3163,-108.1735,05/26/2016 12:00:00 AM,medium
27.6264,83.3789,07/01/2011 12:00:00 AM,medium
12.1984,100.0092,04/21/2015 11:00:00 PM,small
-8.875,13.3267,01/20/2010 06:00:00 AM,medium
43.2096,27.938,05/15/2015 12:00:00 AM,medium
49.1453,-122.4921,10/31/2012 12:00:00 AM,medium
-9.0087,148.1139,11/23/2007 12:00:00 AM,large
45.0514,-93.1569,05/24/2012 12:00:00 AM,medium
-8.1413,111.2883,02/16/2011 08:00:00 AM,medium
1.7417,-75.6568,07/18/2013 12:00:00 AM,medium
38.5678,-90.6426,03/08/2011 05:00:00 AM,medium
33.5808,74.9035,04/19/2011 12:00:00 AM,medium
7.7895,-74.2239,06/06/2011 11:00:00 PM,medium
40.127,-80.8202,04/25/2011 12:00:00 AM,small
-3.7974,32.4382,10/05/2015 12:00:00 AM,medium
37.4774,-86.9225,03/09/2015 03:00:00 PM,medium
41.942,-75.2291,06/16/2008 12:00:00 AM,small
33.8468,-111.2858,09/22/2010 06:00:00 AM,medium
10.83392769,-60.93708891,12/07/2010 03:00:00 AM,medium
38.5064,-106.0795,07/15/2014 04:30:00 PM,medium
9.543,125.4427,02/02/2011 12:00:00 AM,medium
10.2976,123.8654,07/21/2013 12:00:00 AM,medium
39.8925,41.2522,07/22/2014 12:00:00 AM,small
33.287,77.2853,12/31/2014 12:00:00 AM,large
38.1107,-83.5013,05/02/2010 12:00:00 AM,small
34.0935,-116.9472,08/25/2010 02:10:00 PM,small
31.5158,78.2619,10/14/2010 07:30:00 PM,medium
7.5955,-80.38,03/02/2011 11:00:00 PM,medium
28.1336,106.8256,07/09/2010 08:00:00 AM,medium
45.9776,-123.1856,02/12/2014 02:50:00 AM,unknown
44.1779,-122.1315,12/07/2015 05:44:00 PM,unknown
15.6909,32.4165,10/08/2013 12:00:00 AM,medium
54.9632,-1.6138,01/14/2011 11:00:00 PM,small
48.5817,-120.7948,08/10/2015 12:00:00 AM,small
28.1223,-15.441,11/22/2007 12:00:00 AM,small
34.1548,-117.8708,12/12/2014 09:00:00 AM,small
0.4298,9.4461,10/08/2013 05:00:00 AM,medium
26.3221,80.4703,07/13/2016 11:00:00 PM,medium
6.043,116.4453,10/19/2007 12:00:00 AM,medium
-22.8988,-43.0885,04/06/2010 12:00:00 AM,medium
47.6647,-122.5048,03/13/2011 08:00:00 AM,medium
33.35406635,75.17240669,02/07/2011 12:00:00 AM,medium
-8.5579,115.4238,11/17/2008 12:00:00 AM,medium
10.077,76.322,10/22/2012 09:00:00 AM,medium
37.2537,-83.1872,03/08/2011 11:00:00 PM,medium
28.1011,-15.4314,01/31/2011 10:30:00 AM,medium
45.2824,-122.3327,08/29/2015 12:00:00 AM,medium
40.4243,-79.9373,07/18/2011 12:00:00 AM,medium
10.5139,-66.9486,11/30/2010 12:00:00 AM,medium
19.7041,-72.4006,04/08/2012 12:00:00 AM,medium
8.4966,123.3034,02/22/2013 12:00:00 AM,medium
27.2717,112.2414,08/29/2008 12:00:00 AM,medium
23.7281,92.7175,05/11/2013 09:00:00 AM,large
21.0559,105.829,11/03/2008 12:00:00 AM,medium
-6.8026,106.5218,12/11/2012 05:00:00 PM,medium
46.1703,-123.7298,11/13/2012 02:57:00 PM,unknown
33.2334,-86.5292,12/28/2015 06:00:00 PM,medium
45.5301,-122.7197,02/14/2014 04:34:00 AM,medium
15.6308,-61.441,12/24/2013 12:00:00 AM,medium
55.15,-3.0,07/10/2008 12:00:00 AM,small
30.9141,76.818,10/03/2010 12:00:00 AM,medium
49.3,-123.1341,12/03/2007 10:00:00 AM,small
20.0014,73.7917,11/20/2013 11:30:00 PM,medium
-22.3278,-43.0117,01/12/2011 12:00:00 AM,very_large
44.137,-123.5991,12/10/2014 12:00:00 AM,medium
19.7906,-97.2428,08/26/2013 12:00:00 AM,medium
-8.8189,158.1908,07/12/2015 02:00:00 AM,medium
6.5014,4.7797,05/06/2014 11:00:00 PM,small
45.5674,-123.9404,10/31/2015 01:26:00 PM,unknown
25.16,93.686,06/19/2015 12:00:00 AM,medium
46.19,-123.1258,04/05/2011 12:00:00 AM,medium
-23.2801,-46.7433,01/28/2010 08:00:00 PM,medium
44.7,18.31,01/08/2010 12:00:00 AM,medium
43.1389,-124.2858,12/30/2014 03:17:00 PM,unknown
26.7022,119.5637,08/08/2015 11:00:00 PM,medium
29.1585,79.1464,07/23/2014 11:30:00 PM,small
47.4412,-121.9607,04/15/2009 08:50:00 AM,small
7.6039,99.2821,06/24/2016 12:00:00 AM,medium
-22.3386,47.8534,05/13/2016 12:00:00 AM,medium
44.2302,-124.1094,01/16/2011 02:19:00 PM,unknown
44.4697,-123.4835,01/14/2016 10:56:00 PM,unknown
50.6314,-3.6395,02/18/2010 12:00:00 AM,small
34.4943,71.2562,01/04/2015 12:00:00 AM,medium
56.949,-2.316,08/22/2008 12:00:00 AM,small
43.6623,-123.3231,08/25/2012 03:25:00 PM,unknown
27.9196,83.8799,07/22/2013 12:00:00 AM,medium
39.34129618,-120.3442196,07/13/2016 12:00:00 AM,small
33.3216,75.1984,08/14/2013 12:00:00 AM,medium
15.0771,-91.0096,06/24/2014 12:00:00 AM,medium
10.38,123.89,10/19/2010 12:00:00 AM,medium
-8.2053,114.928,01/23/2014 06:00:00 PM,large
50.8122,-118.9592,06/23/2012 12:00:00 AM,medium
42.7675,0.5015,07/12/2015 12:00:00 AM,small
16.1863,-95.1924,07/17/2011 12:00:00 AM,medium
-3.6511,139.5928,09/02/2015 12:00:00 AM,medium
-19.0587,178.2123,11/16/2010 08:00:00 AM,medium
35.5288,-83.1002,02/05/2011 12:00:00 AM,medium
30.8522,76.991,08/13/2010 12:00:00 AM,medium
28.1281,83.3841,11/11/2015 09:00:00 AM,medium
40.5733,-105.343,09/27/2012 09:00:00 AM,medium
6.9793,80.4562,08/07/2016 12:00:00 AM,medium
25.3433,92.2897,05/11/2010 09:00:00 AM,medium
31.4891,-110.4081,07/10/2011 12:00:00 AM,medium
43.2988,-122.8778,01/16/2011 07:08:00 AM,unknown
47.562,13.6488,06/19/2013 10:00:00 PM,medium
40.7799,-123.3097,01/16/2016 09:22:00 AM,small
14.5767,121.4432,10/08/2009 12:00:00 AM,medium
14.4758,-90.5312,11/24/2015 12:00:00 AM,small
44.8891,-123.9915,01/16/2011 03:47:00 PM,unknown
27.5798729,91.85672387,11/22/2010 12:00:00 AM,medium
43.3212,-122.8122,01/19/2012 03:54:00 AM,unknown
8.8856,-75.7967,08/18/2008 12:00:00 AM,medium
34.4359,132.6337,06/23/2016 08:00:00 AM,small
3.1852,101.7679,05/21/2011 12:00:00 AM,medium
35.9251,-83.9534,12/01/2010 04:00:00 AM,medium
12.1984,100.0092,04/21/2015 11:00:00 PM,small
33.2412,75.2382,08/22/2012 12:00:00 AM,medium
45.8346,-123.011,12/09/2015 12:00:00 AM,medium
-0.6833,36.9667,11/03/2009 12:00:00 AM,medium
35.7279,-106.715,08/04/2008 12:00:00 AM,small
37.796,-82.4698,05/03/2010 12:00:00 AM,small
18.1437,-77.331,04/18/2010 12:00:00 AM,medium
-0.2633,-78.5061,04/29/2011 12:00:00 PM,medium
48.0955,-122.4937,05/27/2013 12:00:00 AM,medium
44.7213,-122.2454,01/17/2015 06:44:00 PM,unknown
11.3464,76.8076,04/13/2016 01:00:00 PM,small
28.5714,77.2135,01/29/2015 10:00:00 AM,small
45.5591,-123.9273,01/30/2013 03:36:00 PM,unknown
21.0233,107.293,07/01/2007 12:00:00 AM,medium
27.66868142,86.04142973,06/28/2017 01:10:00 PM,large
47.4074,-123.1412,01/14/2011 11:35:00 AM,medium
47.7459,-121.0941,03/05/2014 09:00:00 AM,medium
-35.1941,138.4697,10/10/2016 12:00:00 AM,medium
28.5167,83.3426,07/30/2015 12:00:00 AM,medium
27.61919882,111.4563986,05/06/2010 12:00:00 AM,medium
16.1509,120.4502,08/27/2011 01:00:00 AM,medium
26.1016,91.6906,05/11/2013 12:00:00 AM,medium
24.2315,92.6755,05/07/2013 12:00:00 AM,medium
41.7269,-111.7928,07/11/2009 03:00:00 PM,medium
45.6518,-123.312,05/26/2012 12:31:00 PM,unknown
35.1765,-83.2458,02/06/2016 12:00:00 AM,medium
28.2183,85.3573,09/11/2016 12:00:00 AM,medium
26.8843,88.1835,06/30/2015 11:00:00 PM,medium
3.0994,101.677,05/09/2013 12:00:00 AM,medium
34.0401,-118.5968,07/23/2014 08:30:00 AM,small
44.2553,-72.4875,05/05/2011 12:00:00 AM,small
40.9457,-73.9206,05/04/2016 12:00:00 AM,small
34.4751,-118.4492,11/19/2015 09:00:00 AM,medium
52.9621,-6.3668,09/06/2010 12:00:00 AM,small
26.1965,91.763,04/20/2010 12:00:00 AM,medium
27.499,87.106,08/29/2008 12:00:00 AM,medium
40.3204,-79.68,03/14/2014 07:00:00 PM,small
37.6921,-83.0302,05/16/2010 08:00:00 AM,small
18.5,-69.9833,07/06/2011 12:00:00 AM,medium
0.770421582,35.5656019,12/29/2012 01:00:00 PM,large
25.4551,84.5322,09/05/2015 12:00:00 AM,medium
31.4733,-110.3475,07/11/2011 12:00:00 AM,large
-41.0079,173.0089,06/16/2013 01:15:00 PM,medium
-44.8454,168.1112,03/22/2010 12:00:00 AM,medium
13.2493,121.2028,05/04/2015 12:00:00 AM,small
38.8843,-122.6062,12/11/2014 09:00:00 AM,small
23.2349,101.7673,09/02/2012 07:30:00 PM,medium
47.2586,-122.263,03/05/2014 09:00:00 AM,large
17.95,-76.35,10/17/2007 12:00:00 AM,medium
11.0333,122.2,09/11/2007 12:00:00 AM,medium
-6.8628,107.9299,09/25/2016 12:00:00 AM,medium
6.6149,3.3713,11/07/2015 06:00:00 AM,medium
-7.28,110.141,02/19/2007 12:00:00 AM,large
42.3051,-124.399,01/25/2012 12:37:00 PM,unknown
-6.1354,106.6113,02/23/2014 12:00:00 AM,large
-22.9312,-43.1854,04/06/2010 12:00:00 AM,medium
-29.5345,-53.3906,12/04/2009 12:00:00 AM,medium
40.4381,-80.0176,04/08/2014 04:00:00 AM,medium
31.4551,78.1996,06/16/2013 12:00:00 AM,medium
34.7976,70.977,04/11/2016 12:00:00 AM,medium
14.4702,78.8205,06/25/2007 12:00:00 AM,medium
-36.5124,174.6706,12/04/2009 12:00:00 AM,medium
36.8406,-83.3765,06/13/2013 12:00:00 AM,medium
29.5829,80.2182,07/28/2014 12:00:00 AM,medium
56.2265,-4.8568,11/20/2012 12:00:00 AM,medium
14.0831,-87.1978,07/12/2010 05:30:00 AM,medium
62.185,6.856,01/17/2011 08:00:00 AM,medium
6.3398,116.4461,07/04/2015 03:00:00 PM,medium
-12.1407,-77.0271,02/14/2014 12:00:00 AM,small
29.9641,106.9764,09/14/2014 12:00:00 AM,medium
50.6808,-3.2238,08/28/2013 12:00:00 AM,medium
10.1359,-61.444,12/02/2011 12:00:00 AM,small
23.7736,94.1201,08/01/2015 12:00:00 AM,medium
34.219,77.2665,03/30/2008 12:00:00 AM,medium
-2.1162,-79.023,04/13/2016 11:00:00 PM,medium
-7.4038,109.0947,04/21/2010 09:00:00 PM,medium
46.6368,-121.3942,03/08/2014 12:00:00 AM,medium
28.6809,77.1958,08/27/2011 12:00:00 AM,medium
-6.7536,111.0394,10/26/2009 12:00:00 AM,medium
5.3149,115.2203,12/19/2015 12:00:00 AM,medium
39.8842,-79.8521,05/13/2011 03:00:00 PM,small
-22.904,-43.1193,04/06/2010 12:00:00 AM,medium
28.5529,-81.7737,04/30/2013 09:00:00 PM,medium
30.6509,79.0264,08/20/2010 12:00:00 AM,medium
-22.9363,-43.2347,04/06/2010 12:00:00 AM,medium
26.1028,91.8806,08/22/2015 09:00:00 AM,medium
45.3334,26.3516,02/20/2010 02:00:00 AM,medium
8.7636,-82.6342,09/12/2014 12:00:00 AM,small
-33.9711,18.3716,11/16/2013 11:00:00 PM,medium
40.0116,-105.298,09/12/2013 11:00:00 PM,medium
12.3535,-84.8095,06/23/2014 12:00:00 AM,small
-6.1415,143.6517,09/11/2012 12:00:00 AM,medium
-6.3551,106.8493,12/20/2012 12:00:00 AM,medium
33.3645,75.1999,04/17/2011 03:00:00 PM,medium
6.973059881,81.08551842,04/19/2011 12:00:00 AM,small
-6.9811,106.5646,02/26/2012 05:00:00 PM,medium
41.0266,-92.4181,08/09/2010 09:00:00 AM,small
8.67,-83.064,10/15/2008 12:00:00 AM,medium
20.6347,-156.1258,10/05/2014 06:00:00 PM,small
27.8189,99.7022,07/02/2011 01:10:00 AM,medium
40.4479,-80.0309,11/02/2012 12:00:00 AM,medium
39.8958,-105.3357,09/12/2013 12:00:00 AM,medium
6.639631955,80.64175069,05/01/2011 12:00:00 AM,medium
39.4254,-120.0356,07/25/2013 04:00:00 PM,medium
49.84630472,19.71636831,05/18/2010 12:00:00 AM,medium
25.83762589,93.94633448,06/25/2017 01:10:00 PM,medium
16.6623,120.6663,05/27/2011 03:00:00 PM,medium
-39.9001,175.3072,08/13/2015 09:20:00 AM,medium
44.0645,-123.7898,01/27/2016 08:18:00 PM,unknown
19.9852,-155.2371,10/06/2015 12:00:00 AM,unknown
16.9648,73.5189,06/25/2007 12:00:00 AM,medium
40.6525,-80.0671,04/14/2011 02:00:00 AM,medium
32.6848,109.0293,07/18/2010 11:00:00 PM,medium
8.32,-73.15,06/24/2008 12:00:00 AM,medium
14.664,-90.5164,12/20/2014 11:30:00 AM,medium
36.4676,29.408,07/21/2014 12:00:00 AM,medium
9.5676,-79.6667,05/28/2013 12:00:00 AM,medium
42.1077,-122.6009,03/30/2012 01:44:00 PM,unknown
7.9588,123.548,08/23/2011 09:00:00 PM,medium
37.3963,-122.26,03/25/2011 11:00:00 PM,medium
27.8519,85.5248,09/25/2014 12:00:00 AM,medium
48.0745,-123.8193,08/27/2014 12:00:00 AM,small
28.25,82.7311,09/17/2011 12:00:00 AM,medium
39.0928,-84.1857,07/03/2011 12:00:00 AM,large
-1.2355,29.9832,08/23/2009 12:00:00 AM,medium
46.0165,-122.8755,12/24/2014 12:20:00 AM,unknown
39.9144,-80.1676,01/16/2014 12:00:00 AM,medium
32.8363,75.1489,08/06/2013 07:00:00 AM,medium
51.5392,-2.3939,01/24/2008 12:00:00 AM,medium
39.6082,-8.2888,08/17/2014 12:00:00 AM,medium
53.0532,-8.6064,10/16/2003 12:00:00 AM,medium
19.3556,-70.9189,06/03/2011 12:00:00 AM,medium
30.6018,114.2584,08/04/2007 12:00:00 AM,medium
32.7862,-116.8526,12/03/2014 12:00:00 AM,small
27.178,99.2868,03/18/2012 05:00:00 PM,medium
27.7218,106.9277,07/14/2014 12:00:00 AM,small
6.2433,-75.5767,09/27/2011 12:00:00 AM,medium
34.8733,72.6625,02/08/2010 12:00:00 AM,medium
37.3466,-107.8406,09/19/2013 05:30:00 PM,medium
19.34,73.7746,07/10/2016 08:30:00 AM,medium
45.8256,-123.9611,03/09/2016 02:09:00 PM,unknown
32.3573,77.3052,08/15/2013 11:00:00 PM,medium
31.1263,77.3525,07/26/2015 12:00:00 AM,medium
10.6949,-61.5611,11/27/2010 12:00:00 AM,medium
40.1162,-105.3896,04/20/2009 11:25:00 PM,small
-29.8124,30.978,03/04/2012 09:00:00 AM,medium
27.0723,102.7588,06/27/2012 06:14:00 AM,large
31.0343,78.7248,08/17/2013 12:00:00 AM,medium
38.5526,-105.0948,05/19/2015 12:00:00 AM,medium
37.4633,-81.8206,12/07/2013 12:00:00 AM,medium
32.737,74.876,08/11/2011 04:30:00 AM,medium
12.8747,74.9566,07/14/2015 12:00:00 AM,small
9.251,-83.8591,09/25/2011 12:00:00 AM,medium
16.3666,120.6832,08/30/2010 12:00:00 AM,medium
40.2215544,-80.66737084,03/13/2011 11:00:00 PM,medium
34.4388,104.0367,05/10/2012 12:00:00 AM,very_large
-22.3787,-42.994,01/12/2011 12:00:00 AM,large
40.4431,-111.7061,09/07/2013 03:00:00 PM,medium
15.3333,108.2167,11/09/2007 12:00:00 AM,medium
43.125,-124.2861,12/01/2012 01:30:00 AM,unknown
33.6917,76.0412,07/19/2011 12:00:00 AM,medium
13.3207,123.2658,05/08/2011 04:00:00 AM,medium
22.1915,104.4989,05/12/2011 12:00:00 AM,medium
11.404,76.6952,09/06/2015 07:10:00 AM,medium
39.155,-94.5107,05/14/2010 05:00:00 AM,small
26.9734,87.3412,07/11/2013 12:00:00 AM,medium
14.7085,-91.7314,09/04/2010 12:00:00 AM,medium
12.8715,74.8862,07/31/2010 08:00:00 AM,medium
-3.2342,102.2787,04/28/2016 12:00:00 AM,medium
33.04965334,75.29048614,03/26/2016 12:00:00 AM,medium
57.3496,-5.5493,12/19/2011 12:00:00 AM,medium
6.713960086,-72.73000859,08/28/2010 12:00:00 AM,medium
10.111,-84.809,10/16/2008 12:00:00 AM,medium
50.7401,-119.0225,02/16/2015 12:00:00 AM,small
44.41,-123.9627,03/12/2012 04:26:00 PM,unknown
56.3835,-3.235,11/13/2009 12:00:00 AM,small
16.9045,42.5584,04/13/2016 12:00:00 AM,large
32.2241,76.3374,07/31/2015 06:00:00 PM,medium
47.8146,-122.4974,12/13/2015 12:00:00 AM,small
43.6559,-123.8707,02/15/2014 02:49:00 PM,unknown
5.0882,118.4047,02/18/2012 01:30:00 AM,medium
10.2753,-61.4689,08/21/2010 09:00:00 AM,medium
24.652,121.6175,10/11/2009 12:00:00 AM,medium
6.7374,80.9568,04/20/2015 12:00:00 AM,large
48.8687,-122.1174,01/07/2009 12:00:00 AM,medium
26.0838,94.564,08/04/2013 12:00:00 AM,medium
39.9043,41.2679,04/10/2011 09:00:00 AM,medium
34.1481,77.6538,08/06/2010 12:30:00 AM,large
17.4541,121.2284,10/08/2009 12:00:00 AM,medium
47.9699,-123.4961,01/18/2010 03:00:00 PM,small
-22.7483,-43.4887,04/06/2010 12:00:00 AM,medium
40.8986,72.9053,05/24/2015 12:00:00 AM,medium
-7.6423,111.879,07/26/2015 12:00:00 AM,medium
-22.9824,-43.2987,04/06/2010 12:00:00 AM,small
33.3124,-116.5799,07/20/2014 12:00:00 AM,small
32.6751,109.0217,02/24/2008 12:00:00 AM,medium
47.2733,-122.2608,02/17/2014 09:00:00 AM,medium
-21.1806,48.0043,03/15/2010 12:00:00 AM,large
43.6904,-123.9756,03/21/2012 09:03:00 AM,unknown
34.3006,105.8268,07/26/2013 10:00:00 AM,medium
9.7244,125.4203,01/23/2011 12:00:00 AM,medium
-38.2662,145.014,06/04/2012 12:00:00 AM,medium
37.2919,-119.6701,03/23/2011 12:00:00 AM,medium
41.8089,41.7862,09/25/2016 11:00:00 PM,medium
47.5328,-122.073,11/13/2015 12:00:00 AM,large
-1.3833,-78.3167,02/03/2010 12:00:00 AM,medium
8.2036,124.9292,10/11/2010 04:00:00 PM,medium
43.7476,-124.118,12/24/2014 07:07:00 AM,unknown
43.3135,12.3009,04/08/2013 12:00:00 AM,medium
28.1778,83.7,10/06/2009 12:00:00 AM,medium
44.1208,-94.0453,06/18/2014 09:00:00 AM,small
47.6358,-120.1688,06/29/2015 03:00:00 PM,small
27.6229,113.8547,05/12/2010 12:00:00 AM,small
38.8783,-104.9445,02/06/2016 12:00:00 AM,small
47.6343,-122.398,03/14/2011 08:00:00 AM,medium
-2.866,-79.0892,03/18/2015 12:00:00 AM,medium
32.8747,130.9837,04/16/2016 12:00:00 AM,medium
28.1458,105.4597,08/17/2015 12:00:00 AM,medium
-23.0011,-43.2747,04/06/2010 12:00:00 AM,medium
9.85,124.1436,10/15/2013 08:12:00 AM,very_large
24.042,92.6724,08/27/2015 12:00:00 AM,medium
43.5411,-111.2683,05/08/2011 01:52:00 AM,small
44.5248,-93.9077,06/20/2014 12:00:00 AM,small
47.0015,12.5392,05/14/2013 12:00:00 AM,medium
42.9627,-123.8389,12/21/2015 12:40:00 PM,unknown
13.8457,-89.7445,10/19/2015 12:00:00 AM,medium
39.6416,-86.1251,06/20/2011 09:00:00 AM,small
-1.783,29.583,09/19/2007 12:00:00 AM,medium
33.9334,105.2333,05/25/2007 12:00:00 AM,medium
12.1009,121.3712,07/17/2015 12:00:00 AM,medium
37.1306,-82.834,03/05/2015 05:00:00 AM,medium
32.8869,130.9814,04/16/2016 09:00:00 AM,large
-4.138,-79.4069,03/18/2015 12:00:00 AM,medium
30.2745,120.1542,09/11/2010 12:00:00 AM,medium
51.2995,-117.5212,05/16/2014 12:00:00 AM,small
31.0176,103.4846,08/14/2010 08:00:00 AM,medium
28.0667,83.25,08/31/2007 12:00:00 AM,medium
10.6771,-61.4982,09/16/2012 08:00:00 AM,medium
54.4889,-0.5986,10/01/2014 12:00:00 AM,medium
44.0536,-123.5333,01/19/2012 12:55:00 PM,unknown
30.2416,78.8996,06/29/2011 12:00:00 AM,medium
-38.8702,175.2785,09/25/2010 09:00:00 AM,medium
23.0396,72.566,11/20/2009 06:30:00 PM,medium
42.8595,22.6773,03/17/2015 12:00:00 AM,medium
11.3484,76.7937,02/13/2008 12:00:00 AM,medium
43.1199,-124.3215,03/15/2015 07:55:00 PM,unknown
40.4673,-106.8302,05/12/2016 12:00:00 AM,small
6.99,81.0567,12/26/2014 12:00:00 AM,medium
-41.1212,146.1066,08/05/2013 11:30:00 AM,medium
36.0613,103.8344,09/14/2009 05:50:00 AM,medium
29.1265,81.2574,07/02/2011 12:00:00 AM,medium
43.6531,-123.8797,01/22/2016 12:15:00 AM,unknown
30.5004,79.3888,09/04/2010 12:00:00 AM,medium
26.5984,106.7069,07/01/2009 12:00:00 AM,medium
60.7771,-148.7315,04/11/2009 12:00:00 AM,medium
47.6828,-122.0794,12/12/2010 11:00:00 PM,medium
10.2754,123.8252,09/17/2014 09:00:00 AM,medium
47.6024,-122.4998,01/21/2016 09:00:00 AM,small
-16.5834,179.4221,04/05/2007 12:00:00 AM,medium
39.1058,-122.909,03/25/2013 12:00:00 AM,medium
39.7935,115.9423,08/21/2010 03:00:00 PM,medium
27.125,93.7145,07/15/2011 06:00:00 PM,small
45.6047,-123.4845,01/15/2011 12:00:00 AM,medium
44.4058,-123.95,11/19/2012 03:32:00 PM,unknown
10.2736,123.818,08/24/2010 11:00:00 PM,medium
55.7385,-1.9908,06/29/2012 12:00:00 AM,medium
33.1697,-116.565,09/06/2013 12:00:00 AM,medium
27.0988,104.5767,06/17/2015 11:00:00 PM,large
44.6552,-123.8193,09/22/2011 01:06:00 PM,unknown
-33.2792,151.5678,06/21/2016 12:00:00 AM,medium
38.3182,-80.7987,03/13/2010 12:00:00 AM,medium
35.7875,-83.1141,01/29/2012 09:00:00 AM,medium
35.6357,-82.2434,05/15/2013 12:00:00 AM,medium
35.7972,73.3185,07/29/2010 12:00:00 AM,medium
28.3537,82.6184,08/12/2014 03:30:00 AM,medium
25.7921,110.322,05/09/2011 01:30:00 PM,large
40.6197,48.462,04/05/2010 06:00:00 PM,medium
43.7553,-115.975,09/12/2013 12:00:00 AM,medium
54.071,-4.7495,10/16/2014 11:00:00 PM,small
44.4697,-123.4835,03/28/2014 02:35:00 PM,unknown
38.7763,-120.5737,09/27/2014 12:00:00 AM,small
1.0091,34.4073,08/10/2013 03:00:00 AM,medium
44.0211,-124.1014,03/05/2014 01:28:00 PM,unknown
35.1681,-5.2709,03/08/2016 12:00:00 AM,medium
16.5669,120.839,10/18/2010 11:00:00 PM,medium
-22.9113,-43.067,04/06/2010 12:00:00 AM,medium
4.8057,114.6671,09/09/2010 12:00:00 AM,medium
45.4941,-73.5674,01/25/2010 06:00:00 PM,small
-6.67,106.76,09/24/2008 12:00:00 AM,medium
28.8254,96.1509,04/07/2013 12:00:00 AM,medium
10.2833,125.0667,01/02/2011 12:00:00 AM,medium
-22.0575,-70.1833,08/25/2013 04:00:00 AM,medium
26.0765,68.5034,08/11/2011 11:00:00 PM,large
34.0884,-116.9194,08/17/2012 12:00:00 AM,medium
11.252,124.9599,03/19/2011 12:00:00 AM,medium
27.4489,104.8748,01/11/2013 09:00:00 AM,very_large
49.1893,-121.7555,11/26/2010 03:00:00 PM,medium
50.6353,-2.4266,04/18/2016 12:00:00 AM,medium
45.1373,-122.0822,01/03/2013 08:21:00 AM,unknown
57.08067616,-135.3618483,08/18/2015 10:00:00 AM,medium
52.1582,-10.4527,10/24/2011 12:00:00 AM,medium
46.1675,-123.6639,03/25/2015 02:42:00 PM,unknown
33.2443135,75.22742083,07/02/2007 12:00:00 AM,medium
14.9627,108.3574,11/22/2013 06:00:00 AM,medium
31.0931,77.1675,07/25/2010 09:00:00 AM,medium
4.6951,96.7494,11/26/2008 12:00:00 AM,medium
47.2943,12.9525,06/02/2013 12:00:00 AM,medium
-41.7689,145.5473,08/10/2007 12:00:00 AM,small
52.5471,-2.2783,11/28/2012 12:00:00 AM,medium
24.416,94.0984,08/01/2015 12:00:00 AM,medium
40.4467,-111.6867,07/06/2013 11:00:00 PM,medium
43.3374,-122.766,09/24/2014 07:40:00 PM,unknown
10.2466,-61.3092,12/07/2010 12:00:00 AM,small
34.1358,-117.1906,12/22/2010 12:00:00 AM,small
40.4377,-80.083,02/24/2016 11:00:00 PM,small
33.8256,-116.9762,11/21/2014 03:23:00 AM,small
39.1647,-84.4271,04/25/2011 08:00:00 PM,small
26.4205,94.9731,08/30/2013 12:00:00 AM,medium
37.8849,-80.3442,07/07/2016 12:00:00 AM,very_large
10.57172733,125.1066087,01/02/2011 12:00:00 AM,medium
39.7407,-105.3525,02/23/2016 12:00:00 AM,medium
40.4577,-79.9888,12/27/2015 12:00:00 AM,small
39.9984,-80.7785,03/11/2011 08:00:00 AM,small
-7.0394,110.4113,02/04/2014 12:00:00 AM,medium
23.1098,-82.3691,10/18/2010 12:00:00 AM,medium
42.9653,-123.8197,05/01/2011 09:18:00 AM,unknown
44.4023,-123.8744,12/24/2015 09:32:00 PM,unknown
55.6511,-121.5915,06/25/2011 12:00:00 AM,medium
34.265,108.9443,07/05/2011 10:40:00 AM,large
39.4811,-79.0669,01/02/2016 12:00:00 AM,small
32.9148,75.0556,09/06/2014 12:00:00 AM,medium
32.1002,76.2699,08/24/2012 12:00:00 AM,medium
18.878,102.9132,07/05/2011 12:00:00 AM,medium
40.7477,13.913,11/10/2009 12:00:00 AM,medium
42.0732,-122.6059,12/24/2015 01:41:00 PM,unknown
42.9627,-123.8387,12/21/2014 06:20:00 AM,unknown
38.3558,-76.3915,10/01/2010 03:00:00 PM,small
-18.0167,177.55,02/11/2007 12:00:00 AM,medium
23.37,116.7035,08/29/2012 12:00:00 AM,large
12.349,-84.8195,06/23/2014 12:00:00 AM,medium
-7.7819,112.3245,04/17/2011 12:00:00 PM,large
17.3112,-92.4393,09/12/2015 12:00:00 AM,medium
34.3591,73.4689,08/23/2012 12:00:00 AM,very_large
31.0349,116.6195,08/12/2015 12:00:00 AM,medium
12.8446,7.7094,11/14/2013 10:30:00 AM,medium
52.456,-2.4244,03/14/2007 12:00:00 AM,small
42.1,44.95,05/24/2010 11:00:00 PM,medium
41.0428958,-74.62911456,03/13/2010 11:00:00 PM,medium
13.8379,-88.8571,04/21/2014 03:00:00 PM,medium
51.8912,102.4276,06/28/2014 09:00:00 AM,medium
36.6952,137.873,11/22/2014 10:00:00 PM,medium
47.9615,-122.2272,01/16/2010 09:00:00 AM,small
44.1009,-71.6322,10/30/2012 12:00:00 AM,medium
48.1181,-123.4307,11/20/2009 12:00:00 AM,medium
-22.9138,-43.2728,04/06/2010 12:00:00 AM,medium
15.1029,108.5747,11/16/2010 12:00:00 AM,medium
13.667,-84.2435,09/04/2007 12:00:00 AM,medium
9.9323,-84.4453,04/14/2010 12:00:00 AM,medium
12.8836,120.9877,08/04/2011 12:00:00 AM,large
44.2443,-124.1116,12/27/2015 11:23:00 PM,unknown
33.2418,75.242,02/13/2008 12:00:00 AM,medium
6.0462,116.5964,04/10/2015 12:00:00 AM,medium
1.0059,34.401,08/11/2010 12:00:00 AM,medium
45.2001,-123.8942,05/23/2013 03:31:00 AM,unknown
9.2774,122.8787,10/05/2013 06:00:00 PM,medium
19.9166,94.3761,10/23/2010 12:00:00 AM,medium
23.9034,120.9334,05/28/2012 08:00:00 AM,medium
9.152,99.8663,11/04/2010 12:00:00 AM,medium
32.4035,77.5796,09/10/2009 12:00:00 AM,medium
39.6926,-80.5823,08/13/2013 03:00:00 PM,small
6.8745,81.0455,12/27/2014 12:00:00 AM,medium
20.7123,105.0378,02/16/2012 08:00:00 AM,medium
-41.6885,174.1664,07/21/2013 12:00:00 AM,medium
34.0869,-119.0604,11/30/2014 12:00:00 AM,small
31.0851,77.1665,07/13/2015 12:00:00 AM,small
33.2359,75.244,02/23/2014 06:00:00 PM,large
43.4317,83.2611,09/09/2011 02:00:00 AM,medium
6.3333,124.95,01/18/2011 12:00:00 AM,medium
18.5554,105.663,10/04/2010 12:00:00 AM,medium
38.2217,-80.5293,06/24/2016 12:00:00 AM,medium
0.1739,30.0839,10/15/2009 12:00:00 AM,small
38.9231,-111.2493,07/16/2013 11:00:00 PM,medium
10.503,-66.9995,11/27/2010 12:00:00 AM,medium
16.8336,121.1151,10/18/2010 12:00:00 AM,medium
19.675,-70.8362,09/20/2009 12:00:00 AM,medium
34.0814,-119.0308,12/15/2008 12:00:00 AM,small
27.8664,83.1036,08/08/2013 11:00:00 PM,medium
5.9913,116.5754,07/16/2013 12:00:00 AM,medium
47.7212,-122.2816,12/13/2010 05:00:00 AM,medium
29.2675,80.9499,07/17/2010 12:00:00 AM,medium
45.7413,-123.1988,03/15/2011 12:00:00 AM,medium
58.733,-136.8878,06/28/2016 08:21:00 AM,very_large
41.73,44.743,09/18/2008 12:00:00 AM,medium
45.8694,6.8446,05/02/2015 09:00:00 AM,small
-36.5818,149.5523,01/04/2016 12:00:00 AM,large
-11.9202,-76.664,02/16/2009 12:00:00 AM,medium
-1.0605,-80.4589,04/17/2016 12:00:00 AM,medium
25.4786,94.1327,08/27/2010 04:30:00 PM,medium
49.5867,-119.7215,02/15/2016 12:00:00 AM,small
21.85,108.45,03/22/2008 12:00:00 AM,large
16.5175,80.6117,10/25/2013 12:00:00 AM,medium
4.2333,100.6333,11/19/2009 12:00:00 AM,medium
47.3031,-122.2555,01/14/2010 03:47:00 AM,medium
5.6528,-74.0737,10/07/2010 12:15:00 AM,medium
47.8024,-103.2814,08/09/2011 12:00:00 AM,medium
38.623,-119.7203,08/06/2014 07:20:00 PM,medium
31.02,103.5,06/30/2008 12:00:00 AM,large
13.9616,-86.563,06/09/2015 12:00:00 AM,medium
27.4885,88.4451,06/17/2011 07:30:00 PM,medium
34.2116,77.3504,08/06/2010 12:15:00 AM,large
37.9425,-79.5653,05/16/2014 12:00:00 AM,small
25.8782,94.1739,07/01/2011 12:00:00 AM,medium
23.1781,105.5054,08/22/2015 07:00:00 PM,medium
23.2578,120.9774,10/05/2016 03:00:00 PM,medium
22.7895,120.3864,09/29/2016 03:00:00 PM,medium
27.1695,88.3664,10/15/2016 12:00:00 AM,medium
44.3335,-120.939,10/16/2015 08:24:00 AM,unknown
9.2619,-79.8164,09/07/2015 12:00:00 AM,medium
39.7153,-111.769,07/28/2014 04:00:00 PM,small
37.64,-81.8769,03/04/2015 12:00:00 AM,small
43.3027,-122.5277,12/20/2014 11:10:00 PM,unknown
-45.8456,170.6328,05/29/2010 02:00:00 AM,medium
51.3865,0.3606,02/27/2015 12:00:00 AM,small
-16.7324,179.3997,11/26/2010 11:00:00 PM,medium
16.6085,120.6365,05/26/2010 11:00:00 PM,medium
39.0163,-122.6411,12/11/2014 09:00:00 AM,small
29.2777,80.9871,07/20/2014 12:00:00 AM,medium
45.5833,-122.7689,05/29/2013 12:30:00 AM,small
28.2798,83.8494,07/30/2015 12:00:00 AM,medium
37.9928,-81.0524,05/05/2012 12:00:00 AM,medium
26.9149,87.3372,09/06/2013 11:00:00 PM,medium
-0.7755,37.0386,04/20/2013 12:00:00 AM,large
-40.0582,176.8769,04/27/2011 12:00:00 AM,medium
27.859,83.6014,07/22/2013 12:00:00 AM,medium
48.0466,24.3898,06/26/2016 07:00:00 PM,large
27.5905,87.7955,06/10/2015 11:00:00 PM,large
31.5593,77.9277,08/26/2014 12:00:00 AM,medium
-36.8415,147.2468,09/04/2010 12:00:00 AM,medium
-22.9337,-43.1172,04/06/2010 12:00:00 AM,medium
28.678,84.2297,04/18/2016 12:00:00 AM,small
-7.3644,109.9022,12/18/2011 12:00:00 AM,large
30.6,110.3333,04/11/2008 10:30:00 PM,medium
46.1609,-123.4316,12/21/2014 05:43:00 AM,unknown
25.0318,92.4584,03/19/2015 12:00:00 AM,small
43.0135,-123.9445,05/03/2011 06:48:00 PM,unknown
34.0844,-87.104,03/25/2010 08:00:00 AM,medium
7.6333,125.0167,07/16/2011 08:00:00 PM,small
48.5191,-121.7073,03/06/2014 12:00:00 PM,medium
39.9565,-111.2388,09/02/2013 08:30:00 PM,medium
-41.3233,174.7681,06/01/2013 04:30:00 AM,medium
44.8504,-91.4372,06/26/2013 05:00:00 PM,small
30.383,78.5094,02/23/2010 12:00:00 AM,medium
35.6542,-82.2454,10/02/2015 12:00:00 AM,small
32.219,78.072,07/07/2010 12:00:00 AM,medium
28.0333,102.8667,06/11/2007 12:00:00 AM,medium
27.7395,83.5753,07/01/2011 12:00:00 AM,medium
27.9333,83.653,09/04/2010 09:00:00 AM,medium
30.5568,79.5541,04/30/2015 12:00:00 AM,small
38.2072,15.4306,11/22/2011 12:00:00 AM,medium
44.2773,84.8662,06/06/2016 11:00:00 PM,large
39.2217,-123.2072,03/27/2012 04:45:00 PM,small
28.611,94.9829,09/02/2013 12:00:00 AM,large
44.0093,-123.7164,01/19/2012 02:35:00 PM,unknown
10.4203,123.8418,09/17/2014 12:00:00 AM,medium
23.0636,120.6854,08/10/2009 12:00:00 AM,medium
25.8497,99.3858,07/09/2014 02:00:00 AM,medium
-7.0281,107.5121,11/18/2012 12:00:00 AM,medium
30.4273,-88.8807,04/20/2015 12:00:00 AM,small
23.5397,93.3783,07/28/2016 11:00:00 PM,medium
4.2664,103.2174,12/26/2012 03:00:00 AM,medium
13.5742,44.0141,10/05/2012 12:00:00 AM,large
35.9541,-81.5564,01/28/2016 09:45:00 AM,medium
50.7463,-3.0325,12/13/2008 12:00:00 AM,small
46.01,-122.8422,12/15/2015 11:00:00 PM,medium
37.3344,-82.9591,08/18/2014 12:00:00 AM,small
48.7372,-121.9325,05/31/2013 09:00:00 AM,medium
32.9295,75.1432,09/15/2012 12:00:00 AM,medium
36.2665,74.6006,09/11/2014 11:00:00 PM,medium
26.1049,91.7369,06/25/2012 06:00:00 PM,large
-7.3414,108.1592,01/06/2012 09:00:00 AM,medium
39.4738,141.9488,09/21/2011 11:00:00 PM,medium
5.4358,100.3032,06/02/2012 12:00:00 AM,medium
47.8638,-122.3307,03/14/2011 07:30:00 PM,small
26.9599,88.268,08/16/2009 12:00:00 AM,medium
57.0534,-135.3301,12/01/2011 12:00:00 AM,medium
35.9,-84.5255,12/22/2008 08:00:00 AM,medium
35.91,-81.41,06/19/2009 12:00:00 AM,medium
42.5846,-123.3816,02/06/2015 09:01:00 AM,unknown
44.0493,10.1432,10/31/2010 11:00:00 PM,medium
19.2606,109.8039,10/18/2010 12:00:00 AM,medium
41.9288,23.2216,02/06/2015 12:00:00 AM,small
9.4359,-83.6303,09/19/2014 12:00:00 AM,medium
22.6923,121.0212,09/21/2013 11:00:00 PM,medium
40.4257,-79.9113,01/27/2012 12:00:00 AM,small
42.7845,26.945,06/22/2010 12:00:00 AM,medium
45.0339,-121.5111,12/01/2013 04:36:00 PM,unknown
-7.2809,110.0069,04/05/2010 10:00:00 PM,medium
32.2667,130.9333,06/22/2008 12:00:00 AM,medium
43.1159,-124.2912,03/06/2013 04:03:00 PM,unknown
34.5474,73.3455,10/01/2016 12:00:00 AM,medium
-22.9008,-43.1151,04/06/2010 12:00:00 AM,medium
30.4054,79.3426,07/29/2010 12:00:00 AM,medium
48.2719,-120.6228,08/05/2010 12:00:00 AM,small
7.375,125.87,09/06/2008 12:00:00 AM,medium
32.3712,77.2466,06/18/2008 12:00:00 AM,medium
40.5606,-75.1735,06/15/2015 08:30:00 PM,small
-41.2614,174.7133,07/14/2013 12:00:00 AM,small
46.8184,-121.8087,09/12/2015 05:24:00 PM,medium
28.8254,96.1517,06/02/2012 12:00:00 AM,medium
9.75,122.5,07/11/2007 12:00:00 AM,medium
42.8,-91.07,07/09/2008 12:00:00 AM,small
43.3021,-122.8693,02/15/2014 05:44:00 PM,unknown
27.36,93.0385,07/15/2015 08:00:00 AM,medium
18.5938,-98.5539,09/16/2013 12:00:00 AM,medium
30.1977,77.9137,09/19/2010 09:00:00 AM,medium
41.4189,31.7365,08/11/2015 12:00:00 AM,medium
44.2637,-71.3026,12/28/2013 05:30:00 PM,medium
-22.9312,-43.2075,04/06/2010 12:00:00 AM,large
17.3461,-100.1681,09/16/2013 03:30:00 PM,medium
33.1213,75.2449,03/05/2015 12:00:00 AM,medium
23.3333,107.5667,11/02/2008 12:00:00 AM,medium
17.5632,121.218,10/08/2009 12:00:00 AM,medium
46.2428,-119.1009,07/14/2012 12:00:00 AM,large
37.4325,-82.4931,04/15/2007 12:00:00 AM,small
28.6881,81.6309,07/27/2014 09:00:00 AM,small
47.8599,-120.1604,02/18/2016 12:00:00 AM,medium
26.0349,101.4586,06/16/2011 06:00:00 PM,medium
29.378,81.3559,06/27/2013 11:00:00 PM,medium
44.0183,-124.1017,04/21/2011 05:40:00 PM,unknown
26.1309,91.8383,10/06/2013 12:45:00 PM,medium
35.8026,74.9832,01/06/2014 12:00:00 AM,large
43.312,-122.6815,01/19/2016 11:54:00 AM,unknown
33.0409,-117.1378,11/30/2007 12:00:00 AM,small
27.7786,85.3867,06/13/2015 12:00:00 AM,small
27.1418,87.7788,06/15/2013 12:00:00 AM,medium
13.9791,121.8982,03/03/2016 12:00:00 AM,small
43.0163,-2.5293,01/31/2010 08:00:00 AM,small
27.6019,85.225,07/25/2016 12:00:00 AM,medium
28.3036,95.4112,09/09/2010 11:00:00 PM,medium
47.7078,-122.2756,12/12/2010 12:00:00 AM,small
-22.9223,-43.032,04/06/2010 12:00:00 AM,medium
43.3593,-124.1618,02/07/2015 09:40:00 AM,unknown
43.6883,-114.3755,06/21/2009 06:00:00 PM,small
34.26181913,109.1024869,09/17/2011 02:00:00 PM,medium
39.4078,-105.4724,06/20/2016 04:50:00 PM,medium
50.4149,-4.6717,11/17/2010 06:30:00 AM,medium
35.7275,71.7095,02/25/2015 12:00:00 AM,medium
38.1102,15.6508,12/17/2008 12:00:00 AM,medium
36.3762,-5.2489,02/15/2010 12:00:00 AM,medium
15.323,73.974,09/10/2008 12:00:00 AM,medium
-10.1258,-76.2043,04/02/2010 12:00:00 AM,large
38.6081,-28.0235,03/07/2010 12:00:00 AM,medium
10.2824,105.8144,03/11/2015 09:00:00 AM,medium
51.719,-2.1649,05/11/2016 12:00:00 AM,small
37.577,-82.4423,06/02/2016 12:00:00 AM,large
48.9057,20.9434,08/17/2010 09:00:00 AM,medium
55.4021,-131.72,10/13/2014 04:30:00 PM,small
25.1555,93.8474,05/31/2011 02:00:00 PM,small
37.0538,-122.0736,01/22/2016 12:00:00 AM,small
36.0082,-121.5106,03/06/2010 12:00:00 AM,small
4.5572,101.086,10/21/2012 12:00:00 AM,medium
25.04,102.72,06/22/2008 12:00:00 AM,large
22.2173,-159.4252,02/26/2012 09:00:00 AM,small
3.1853,98.5049,11/30/2013 07:00:00 PM,medium
43.8872,-122.7194,01/19/2012 05:46:00 AM,unknown
28.2717,83.5906,06/06/2013 09:00:00 AM,medium
47.989,-122.363,04/19/2011 12:00:00 AM,small
-23.6682,-46.4617,01/21/2010 12:00:00 AM,medium
-22.8287,-45.2007,10/28/2007 12:00:00 AM,medium
-7.47144,107.6662643,01/29/2010 12:00:00 AM,medium
44.4066,-123.8917,03/30/2012 07:21:00 AM,unknown
29.1657,81.5631,08/14/2011 12:00:00 AM,medium
9.5527,76.9299,08/17/2012 12:00:00 AM,medium
4.849,100.7599,02/18/2015 07:35:00 PM,medium
32.2815,-64.7785,09/01/2011 06:45:00 AM,small
33.0744,-117.3092,12/21/2010 12:00:00 AM,small
19.0294,-97.0355,01/05/2014 11:00:00 PM,medium
28.4202,84.8996,05/03/2015 12:00:00 AM,small
37.8228,-81.9348,07/24/2013 12:00:00 AM,medium
8.9626,124.8514,11/24/2009 12:00:00 AM,medium
-41.3448,174.6851,07/21/2013 12:00:00 AM,medium
45.7051,-121.5913,02/12/2014 07:26:00 PM,unknown
13.7147,-89.3625,11/04/2015 12:00:00 AM,small
25.0661,121.6729,11/17/2014 01:00:00 PM,small
14.0995,121.0985,12/19/2015 12:00:00 AM,medium
35.3544,73.0208,07/07/2007 12:00:00 AM,medium
45.5297,-122.3712,03/19/2015 05:45:00 PM,unknown
-21.1278,148.4224,03/29/2011 10:00:00 PM,small
13.4567,123.6793,01/01/2011 11:59:00 PM,medium
44.2025,-124.1133,12/18/2014 11:08:00 PM,unknown
30.6639,78.0574,08/18/2013 12:00:00 AM,medium
39.8839,-105.3033,09/12/2013 12:00:00 AM,medium
25.2745,94.0212,10/08/2010 12:00:00 AM,medium
23.73504471,92.71060943,09/13/2010 12:00:00 AM,medium
49.5973,-119.6535,09/29/2016 05:45:00 AM,small
15.2322,-90.2417,07/28/2014 12:00:00 AM,medium
25.0888,92.8551,05/24/2011 12:00:00 AM,medium
45.68817427,-122.7038316,02/12/2011 06:50:00 AM,small
-18.8468,47.4708,01/29/2015 09:00:00 AM,medium
38.2212,-81.4467,07/25/2013 06:00:00 AM,small
38.8999,-92.1242,07/10/2015 12:00:00 AM,small
27.404,87.065,08/21/2012 12:00:00 AM,medium
0.883,34.5188,05/10/2010 12:00:00 AM,medium
-39.8931,176.5992,07/31/2008 12:00:00 AM,medium
21.36945629,-157.7865241,02/27/2011 04:40:00 PM,medium
39.561,-107.3092,11/11/2015 05:28:00 AM,medium
47.9264,-122.1908,03/14/2011 09:00:00 AM,small
57.0956,-2.2728,06/21/2016 12:00:00 AM,medium
-38.6358,143.8911,01/12/2011 11:00:00 PM,medium
47.9395,-122.3099,03/06/2014 09:00:00 AM,medium
37.2699,-81.3724,02/24/2016 12:00:00 AM,medium
45.4942,-109.6715,06/03/2015 12:00:00 AM,small
9.3881,122.7181,10/05/2013 12:00:00 AM,medium
-0.1193,-77.7668,05/31/2013 12:00:00 AM,medium
47.1017,-122.6066,11/14/2015 12:00:00 AM,medium
43.0266,-76.3302,05/29/2013 12:00:00 AM,small
-20.07976547,148.4775479,03/30/2011 06:30:00 PM,medium
14.7598,-91.1287,08/28/2010 12:00:00 AM,medium
10.006,105.7492,05/26/2015 09:00:00 AM,medium
27.3392,88.6188,08/27/2010 06:00:00 PM,medium
14.6759,121.2397,09/27/2009 12:00:00 AM,medium
-6.25,106.1,02/06/2007 12:00:00 AM,medium
30.0091,101.9374,07/02/2011 12:00:00 AM,medium
36.1512,73.7448,03/20/2012 08:00:00 AM,medium
17.4655,78.4606,10/17/2016 07:00:00 AM,medium
46.0365,8.9804,11/16/2014 02:30:00 AM,medium
46.8235,-122.3009,04/01/2013 12:00:00 AM,small
43.2288,-72.4511,10/29/2015 12:00:00 AM,medium
44.398,-122.238,05/21/2013 03:50:00 PM,unknown
47.6325,-122.3232,12/15/2006 11:00:00 PM,medium
38.9643,-82.4948,07/14/2015 02:00:00 AM,small
38.5582,-123.0953,03/14/2016 12:00:00 AM,small
35.6,-118.46,07/15/2008 12:00:00 AM,medium
45.6609,-120.8202,09/24/2014 05:12:00 PM,unknown
57.6256,-3.3291,05/05/2010 12:00:00 AM,medium
15.8716,120.5739,06/12/2013 03:00:00 PM,medium
50.7082,-2.758,02/15/2014 02:30:00 PM,large
41.5474,-76.1099,03/10/2011 11:00:00 PM,small
-22.9035,-43.0448,04/06/2010 12:00:00 AM,medium
45.9767,-123.1947,12/08/2015 08:52:00 PM,unknown
37.6769,-119.7372,01/07/2016 09:00:00 AM,medium
-1.824,121.5179,07/23/2007 12:00:00 AM,large
47.2813,-122.3909,03/07/2014 12:00:00 AM,medium
33.532,109.8821,07/24/2010 12:00:00 AM,large
-37.7846,146.2243,06/04/2012 12:00:00 AM,medium
30.3069,78.0169,06/17/2013 12:00:00 AM,medium
61.9934,9.2307,05/02/2008 03:00:00 AM,medium
27.4191,87.2714,10/01/2012 11:00:00 PM,large
36.0696,-121.602,03/06/2010 12:00:00 AM,small
-30.5931,-70.9183,09/16/2015 12:00:00 AM,medium
10.3494,123.9334,08/03/2013 09:30:00 PM,medium
56.1997,-4.823,10/28/2007 12:00:00 AM,medium
3.414,101.7863,11/18/2014 12:50:00 AM,medium
-22.8988,-43.1175,04/06/2010 12:00:00 AM,medium
5.5139,-75.0138,12/30/2011 12:00:00 AM,medium
9.3084,-83.8312,11/04/2010 12:00:00 AM,medium
-12.9774,-38.5147,05/20/2015 09:00:00 AM,small
20.839,-98.2908,08/07/2016 12:00:00 AM,medium
42.6289,44.0675,07/03/2016 09:00:00 AM,medium
40.7643,-80.2315,02/21/2015 12:00:00 AM,small
-22.8754,-43.0842,04/06/2010 12:00:00 AM,medium
-22.9593,-43.206,04/06/2010 12:00:00 AM,medium
22.6723,120.2858,08/10/2009 12:00:00 AM,large
34.1542,-117.9058,12/12/2014 09:00:00 AM,small
26.048,91.8695,09/05/2015 12:00:00 AM,medium
40.2498,-80.6329,04/16/2011 03:00:00 PM,medium
-25.4003,152.9012,08/23/2013 12:00:00 AM,small
10.166,-83.9356,01/11/2011 11:30:00 PM,medium
44.6606,-123.8106,10/14/2012 09:58:00 PM,unknown
38.2114,-118.8782,07/15/2014 12:00:00 AM,small
36.5419,109.4662,10/10/2014 09:12:00 PM,medium
37.3685,-82.7434,05/03/2010 12:00:00 AM,small
45.49,-75.7628,04/08/2014 04:00:00 PM,small
4.7735,96.9967,07/02/2013 12:00:00 AM,large
42.988,27.0394,02/01/2015 12:00:00 AM,medium
24.3599,85.6179,07/27/2013 12:00:00 AM,small
10.0374,125.2172,01/03/2008 12:00:00 AM,medium
21.47819035,91.96737514,09/01/2015 11:30:00 AM,medium
39.4143,-78.725,06/02/2016 06:00:00 PM,small
18.55,-69.92,08/26/2008 12:00:00 AM,medium
52.882,-118.4484,01/13/2014 09:00:00 AM,large
42.87622668,-72.6685558,06/19/2017 07:39:00 PM,small
50.463,-3.5251,11/24/2012 12:00:00 AM,medium
44.6344,-124.0406,01/16/2011 12:00:00 AM,small
23.3439,93.0748,09/13/2010 12:00:00 AM,medium
15.3356,-61.3312,03/11/2010 12:00:00 AM,medium
25.5084,90.2191,06/16/2015 12:00:00 AM,small
28.5266,83.2765,07/30/2015 12:00:00 AM,medium
41.9244,-71.3563,11/04/2014 12:00:00 AM,small
29.5194,80.469,07/21/2011 12:00:00 AM,medium
27.7948,84.8566,09/18/2010 12:00:00 AM,medium
18.1652,-66.3969,10/06/2010 12:00:00 AM,medium
53.543,-1.568,04/13/2016 12:00:00 AM,small
10.4267,-67.0342,11/27/2010 11:00:00 PM,medium
34.0884,-119.0592,03/20/2011 11:00:00 PM,small
28.2974,83.8,06/18/2015 12:00:00 AM,medium
34.2389,-118.2239,02/06/2010 02:00:00 AM,medium
27.9982,120.6168,08/08/2015 12:00:00 AM,large
26.5919,107.2351,10/10/2011 11:00:00 PM,medium
-1.6649,29.8353,05/05/2013 12:00:00 AM,medium
21.9623,-159.3533,03/09/2012 12:00:00 AM,small
47.6736,-120.2304,08/04/2010 06:15:00 AM,medium
55.1356,-2.989,08/29/2012 12:00:00 AM,medium
21.5194,-158.2279,12/26/2010 06:30:00 AM,small
7.817297945,126.049799,01/13/2012 03:30:00 PM,medium
17.079,120.9925,05/27/2011 12:00:00 AM,small
16.4474,120.6191,08/19/2013 12:00:00 AM,medium
-6.7883,107.4435,12/05/2007 12:00:00 AM,medium
6.2245,124.7128,10/04/2016 11:00:00 PM,medium
38.018,14.599,02/15/2010 12:00:00 AM,medium
43.862,7.829,11/01/2010 12:00:00 AM,medium
30.638,78.3297,07/06/2010 12:00:00 AM,medium
19.2818,-96.3149,09/17/2010 12:00:00 AM,medium
41.4906,72.3179,06/16/2016 11:00:00 PM,medium
40.7511,14.482,02/04/2015 12:00:00 AM,small
45.7063,-123.8857,12/20/2014 10:27:00 AM,unknown
1.3337,34.5789,08/13/2010 12:00:00 AM,medium
26.7103,94.693,08/11/2013 11:00:00 PM,very_large
0.1678,29.9831,05/17/2012 12:00:00 AM,medium
44.3954,17.9303,05/15/2014 12:00:00 AM,medium
13.74,-60.946,10/12/2008 12:00:00 AM,medium
40.5304,72.7907,05/23/2016 12:00:00 AM,medium
27.1979,87.0809,07/24/2016 09:00:00 AM,large
8.6113,-71.6598,11/23/2015 12:00:00 AM,small
12.8806,75.0327,11/11/2010 12:00:00 AM,medium
0.9751,34.294,05/15/2010 11:00:00 PM,medium
46.6437,-121.1875,12/09/2015 12:00:00 AM,medium
31.0164,77.0991,10/15/2014 12:00:00 AM,medium
29.2611,81.1833,10/06/2009 12:00:00 AM,medium
6.9565,81.0243,02/01/2011 12:00:00 AM,medium
27.3543,88.6428,05/31/2010 11:00:00 PM,medium
-6.4859,-76.3867,03/04/2015 12:00:00 AM,medium
51.6228,-3.9437,12/22/2012 12:00:00 AM,medium
45.54,-122.6836,12/04/2012 12:00:00 AM,medium
8.8313,105.2523,11/12/2008 12:00:00 AM,medium
24.7679,93.4108,10/08/2010 12:00:00 AM,medium
33.2257,75.6695,03/03/2011 11:00:00 PM,medium
45.5047,-123.8654,03/06/2013 12:42:00 PM,unknown
43.7553,-115.975,09/12/2013 12:00:00 AM,medium
33.7529,132.7339,09/04/2013 09:00:00 AM,medium
24.5478,121.8496,10/21/2010 11:00:00 PM,medium
39.7469,-105.3073,04/12/2016 11:00:00 AM,medium
33.7946,-110.5052,09/01/2016 12:00:00 AM,medium
36.741,-121.7749,01/15/2016 03:00:00 PM,medium
48.3288,-116.8642,03/30/2012 12:00:00 AM,medium
8.4,-75.899,10/12/2008 12:00:00 AM,medium
45.4668,-123.748,11/12/2008 12:00:00 AM,medium
31.6674,104.6807,07/09/2013 12:00:00 AM,medium
20.7916,97.0484,06/15/2014 12:00:00 AM,medium
39.1647,-120.8632,12/19/2010 06:40:00 AM,medium
13.0902,123.6273,07/30/2011 12:00:00 AM,medium
15.9841,120.2016,08/09/2011 12:00:00 AM,medium
41.5487,-124.0613,04/15/2011 11:00:00 PM,small
47.4697,-123.0957,01/11/2010 12:00:00 AM,small
39.5808,-107.3401,08/19/2010 03:00:00 PM,medium
15.33,108.2167,10/11/2008 12:00:00 AM,medium
33.2599,75.8886,04/17/2011 12:00:00 AM,medium
39.6527,-106.1902,09/11/2016 12:00:00 AM,medium
40.3312,-73.9816,01/16/2013 12:00:00 AM,medium
23.4758,120.5431,08/31/2013 12:00:00 AM,medium
9.7548,123.3459,10/16/2010 08:00:00 PM,medium
27.7366,85.3305,05/31/2013 09:00:00 AM,medium
27.8173,83.4644,07/03/2011 12:00:00 AM,medium
21.3167,103.9,10/05/2007 12:00:00 AM,large
33.8232,-84.1569,09/21/2009 12:00:00 AM,small
43.4825,-73.7946,04/12/2014 07:00:00 PM,small
46.4492,-92.162,08/03/2011 12:00:00 AM,medium
29.2425,102.3679,07/05/2013 12:00:00 AM,large
45.9767,-123.1947,12/08/2015 08:52:00 PM,unknown
42.6469,-70.9368,12/09/2014 05:15:00 PM,small
27.8027,85.9149,06/07/2016 11:00:00 PM,medium
34.0123,77.9988,07/07/2012 12:00:00 AM,medium
13.3111,109.2154,11/09/2010 12:00:00 AM,large
43.0274,-74.8851,11/30/2010 12:00:00 AM,medium
-8.6993,125.6723,03/01/2007 12:00:00 AM,medium
30.0261,78.6278,06/21/2015 12:00:00 AM,small
47.9567,-122.2721,03/25/2010 12:00:00 AM,small
-22.8811,-43.3548,04/25/2011 11:00:00 PM,medium
29.4265,114.1492,06/10/2011 12:00:00 AM,medium
34.2266,-118.0306,10/04/2010 02:00:00 PM,small
47.6137,16.2389,05/26/2010 12:00:00 AM,medium
40.4338,-80.0085,07/26/2016 03:50:00 AM,large
19.2677,73.0618,09/02/2014 06:00:00 PM,small
29.7036,78.5658,09/01/2009 03:00:00 PM,medium
20.2,-97.9,09/28/2007 12:00:00 AM,medium
27.9604,84.2231,08/14/2011 12:00:00 AM,medium
47.91,-122.3209,03/28/2016 09:00:00 AM,small
8.4806,-13.2241,08/09/2010 04:00:00 AM,large
-8.8615,160.7981,03/13/2015 12:00:00 AM,medium
33.798,74.2562,09/04/2014 12:00:00 AM,medium
50.6297,-1.1957,05/27/2007 12:00:00 AM,small
4.4202,101.3932,10/23/2013 01:00:00 AM,medium
33.2477,75.1919,03/01/2011 03:00:00 PM,medium
30.5345,79.0853,10/16/2013 06:00:00 PM,medium
32.4879,105.8453,10/05/2007 12:00:00 AM,large
35.827,104.11,04/20/2012 09:25:00 PM,medium
13.7205,-89.2687,06/02/2008 12:00:00 AM,medium
35.4784,72.5894,10/27/2015 12:00:00 AM,large
7.9216,125.1666,07/04/2011 09:00:00 AM,medium
39.096,-84.2992,03/16/2008 12:00:00 AM,small
27.9706,83.397,07/22/2013 12:00:00 AM,medium
10.3128,125.1159,01/02/2011 01:30:00 PM,large
5.3428,100.2451,05/29/2016 12:00:00 AM,small
-21.9935,-42.9003,01/09/2012 08:00:00 AM,large
25.72,94.6219,08/02/2015 12:00:00 AM,medium
46.7891,-92.1485,06/20/2012 03:00:00 PM,medium
29.176,97.7991,04/23/2010 12:00:00 AM,medium
44.4574,-123.5145,01/29/2012 09:03:00 AM,unknown
6.116,116.2708,01/14/2014 09:00:00 AM,medium
40.5377,-112.1388,04/10/2013 09:30:00 PM,very_large
14.1338,-87.2161,09/09/2015 12:00:00 AM,small
30.6539,78.3366,07/26/2013 12:00:00 AM,medium
-13.1809,-72.5273,01/23/2010 12:00:00 AM,medium
7.704506691,126.142273,12/10/2008 12:00:00 AM,medium
3.0965,101.657,05/31/2010 09:00:00 PM,medium
47.2207,-122.254,01/16/2011 12:00:00 AM,medium
26.0101,94.5282,07/26/2016 11:00:00 PM,medium
34.9922,-85.3435,10/14/2014 12:00:00 AM,small
37.4892,-83.3601,07/07/2013 09:00:00 AM,small
-22.9073,-43.0842,04/06/2010 12:00:00 AM,medium
45.9572,-123.9267,12/08/2015 05:35:00 PM,unknown
51.8065,-3.1998,02/06/2016 12:00:00 AM,medium
27.8878,98.8075,07/26/2010 12:30:00 AM,medium
25.3291,112.1963,08/18/2013 12:00:00 AM,medium
37.9977,-81.5201,04/09/2011 12:00:00 AM,small
11.785,124.8833,11/22/2011 12:00:00 PM,medium
51.571,-4.2883,01/22/2014 12:00:00 AM,unknown
37.4112,-110.4255,09/19/2015 12:00:00 AM,small
-8.1321,111.5917,05/24/2010 12:00:00 AM,medium
36.3667,52.1042,01/14/2007 12:00:00 AM,large
22.6966,104.5595,07/24/2010 12:00:00 AM,medium
5.9505,116.1896,10/27/2014 09:00:00 AM,small
38.49,-122.1605,12/22/2012 09:00:00 AM,medium
48.766,-123.7024,11/20/2009 12:00:00 AM,small
43.0359,25.1045,04/06/2015 12:00:00 AM,small
32.39999515,-90.85467299,04/02/2017 01:19:00 PM,small
25.6566,96.3495,07/12/2016 12:00:00 AM,medium
34.463,-84.4759,07/31/2013 11:00:00 PM,medium
30.4605,79.4774,07/24/2013 12:00:00 AM,medium
16.4047,120.5988,06/14/2016 12:00:00 AM,small
19.029,73.311,06/22/2015 06:15:00 AM,medium
28.2608,105.1474,07/04/2013 12:00:00 AM,medium
36.2423,-115.5421,08/18/2013 03:00:00 PM,medium
10.6575,124.9658,03/20/2011 02:30:00 AM,small
27.9582,84.2726,07/31/2009 12:00:00 AM,medium
33.623,72.9793,08/14/2010 12:00:00 AM,medium
-4.3269,15.2962,10/26/2007 12:00:00 AM,medium
0.911,123.0805,01/18/2015 12:00:00 AM,medium
28.1855,83.6527,07/27/2016 01:00:00 AM,medium
46.7517,-121.9412,01/05/2015 12:00:00 AM,medium
45.5872,-122.7739,03/01/2011 08:00:00 AM,small
28.758,77.15,05/26/2013 12:00:00 AM,medium
-44.7493,167.9581,10/18/2007 12:00:00 AM,medium
3.1073,101.664,10/23/2014 12:00:00 AM,small
12.9455,75.7797,07/08/2015 12:00:00 AM,small
2.7664,-75.0741,12/29/2012 03:32:00 PM,medium
-37.5947,145.2842,01/01/2010 11:00:00 PM,medium
29.66239066,107.1969335,07/05/2010 12:00:00 AM,medium
-6.5895,106.8011,02/28/2016 09:00:00 AM,medium
37.3444,-80.6203,02/24/2016 12:00:00 AM,medium
3.1347,101.7003,03/07/2012 11:00:00 PM,medium
32.7334,77.5914,08/12/2007 12:00:00 AM,medium
9.460430044,98.90212373,11/11/2010 12:00:00 AM,medium
40.0988,-76.7763,11/17/2010 10:30:00 AM,small
5.4958,-75.0144,12/15/2011 12:00:00 AM,large
45.4079,-122.5369,01/23/2012 10:10:00 AM,unknown
13.2861,-87.0329,12/15/2015 12:00:00 AM,small
-20.3996,-43.465,11/01/2015 12:00:00 AM,very_large
53.4795,-9.8971,06/23/2016 07:30:00 PM,medium
44.1126,-116.1043,01/18/2011 03:00:00 PM,medium
44.7849,-123.9049,02/19/2016 04:58:00 AM,unknown
42.3069,-124.4101,01/19/2012 10:21:00 AM,unknown
27.1722,87.0479,07/03/2011 12:00:00 AM,medium
42.3414,-124.4154,12/21/2014 04:51:00 AM,unknown
34.1332,-118.1765,12/22/2010 12:30:00 AM,small
37.2866,55.1419,05/30/2014 12:00:00 AM,medium
46.6521,-121.2355,07/28/2010 04:30:00 PM,small
56.9577,-2.2031,02/25/2010 12:00:00 AM,medium
38.4007,-82.4662,05/18/2011 12:00:00 AM,small
40.2464,-111.6276,09/07/2013 12:00:00 AM,medium
10.3419,123.8842,07/28/2013 12:00:00 AM,medium
13.2767,-61.1372,04/12/2011 12:00:00 AM,medium
45.3768,-121.6933,06/15/2015 09:00:00 AM,small
34.3932,73.4538,01/06/2008 12:00:00 AM,medium
36.6918,-105.544,07/20/2013 03:00:00 PM,medium
30.3351,78.5113,07/16/2016 12:00:00 AM,small
-2.0746,101.4847,05/08/2010 08:00:00 AM,medium
27.0875,88.4572,09/20/2007 12:00:00 AM,medium
25.682,94.1076,10/09/2010 12:00:00 AM,medium
-6.4978,106.2839,02/05/2008 12:00:00 AM,medium
37.8061,-84.3976,04/14/2015 12:00:00 AM,small
41.9738,-91.6056,06/29/2014 11:00:00 PM,small
47.2707,-122.612,12/28/1998 12:00:00 AM,small
15.3307,108.6591,11/15/2010 12:00:00 AM,medium
22.63,120.35,07/17/2008 12:00:00 AM,medium
38.7144,48.468,12/02/2014 09:00:00 AM,small
43.3197,-122.6816,12/02/2012 12:00:00 AM,medium
27.6746,83.7533,07/19/2013 11:00:00 PM,medium
4.847,-74.7631,12/19/2007 12:00:00 AM,large
9.8182,124.4238,06/22/2016 12:00:00 AM,medium
13.8464,-89.4502,07/18/2015 12:00:00 AM,small
-16.5278,-68.1157,01/29/2010 04:00:00 PM,large
31.6632,-106.2307,09/11/2009 12:00:00 AM,medium
28.172,85.0852,06/25/2015 12:00:00 AM,small
47.7346,-122.2851,01/14/2010 02:00:00 AM,small
45.5287,-122.7701,12/07/2015 12:00:00 AM,medium
10.158,-61.4449,12/20/2008 12:00:00 AM,medium
14.6918,-91.1168,05/30/2010 12:00:00 AM,medium
35.6092,-82.534,07/04/2013 09:00:00 PM,medium
10.1203,123.6028,10/14/2008 12:00:00 AM,medium
34.5255,73.3447,07/16/2016 11:00:00 PM,medium
14.9923,108.701,02/20/2008 12:00:00 AM,medium
51.6446,-120.0755,02/15/2015 09:00:00 AM,small
6.973070057,81.08552027,02/14/2011 12:00:00 AM,medium
40.8786,-124.077,02/06/2015 12:00:00 AM,medium
9.0655,-79.5516,09/29/2013 12:00:00 AM,medium
48.5111,5.3519,01/26/2016 12:20:00 AM,medium
43.6165,-122.1355,02/12/2014 07:09:00 AM,unknown
26.7197,117.1369,05/08/2016 05:00:00 AM,medium
35.9283,-83.9594,09/11/2010 11:45:00 AM,small
-43.5611,170.1796,01/21/2013 02:00:00 PM,large
7.0205,80.5912,09/25/2015 12:00:00 AM,medium
45.5758,-122.117,01/16/2011 12:00:00 AM,small
51.6718,-4.6976,12/05/2015 12:00:00 AM,small
44.9398,-93.1219,06/19/2014 11:00:00 PM,small
47.3983,-121.3984,11/06/2005 08:00:00 AM,medium
44.3781,-123.7837,12/21/2015 10:15:00 AM,unknown
7.033,81.0673,02/07/2011 12:00:00 AM,medium
46.1699,-123.4359,03/24/2014 05:52:00 PM,unknown
27.7757,85.9614,09/09/2013 11:00:00 PM,medium
3.1477,101.8258,05/21/2011 02:30:00 PM,large
45.239,-123.1608,01/19/2012 10:50:00 AM,unknown
-16.499,-68.1462,02/18/2009 12:00:00 AM,medium
38.5035,43.3948,05/28/2007 12:00:00 AM,medium
45.2069,-123.888,11/19/2012 02:06:00 PM,unknown
27.0524,90.4997,10/06/2009 12:00:00 AM,medium
14.5637,-88.8693,10/19/2008 12:00:00 AM,large
45.5398,-122.2446,06/01/2012 10:07:00 PM,unknown
40.1293,73.5233,06/20/2016 05:00:00 PM,medium
1.3257,124.8399,01/07/2016 12:00:00 AM,medium
43.7521,-116.2885,09/14/2013 03:00:00 PM,medium
13.7178,-89.2685,11/03/2015 01:00:00 AM,medium
46.1249,-123.3639,01/18/2011 02:26:00 PM,unknown
30.71,104.1,07/07/2008 12:00:00 AM,medium
-6.621,106.7306,11/15/2010 12:00:00 AM,medium
39.0188,-84.2677,04/26/2011 12:00:00 AM,small
31.673,76.5338,07/14/2013 12:00:00 AM,medium
41.3971,-122.1911,09/22/2014 02:30:00 PM,large
23.7348,92.7187,09/14/2015 03:10:00 AM,large
39.1037,-84.4995,02/23/2014 12:00:00 AM,medium
15.58,-90.85,09/04/2010 12:00:00 AM,medium
27.1936,99.4527,03/09/2008 03:30:00 PM,medium
45.428,-123.8466,12/09/2015 09:00:00 AM,medium
-43.7893,172.7611,06/27/2010 01:30:00 PM,medium
26.9929,114.9203,06/25/2012 12:00:00 AM,medium
40.5093,-111.8316,08/19/2010 01:45:00 PM,medium
39.2233,-108.8895,07/08/2015 06:00:00 PM,small
48.2632,-124.3011,04/06/2013 08:30:00 AM,medium
31.09907494,77.1723589,06/09/2010 12:00:00 AM,medium
22.202,92.2217,02/08/2015 12:00:00 PM,small
7.8328,123.4299,07/27/2011 11:00:00 PM,medium
47.1341,-122.0506,02/18/2014 09:00:00 AM,small
26.8599,89.3943,07/21/2010 02:00:00 AM,medium
39.0981,-84.4748,07/27/2010 12:00:00 AM,small
10.4039,124.9795,12/30/2014 12:00:00 AM,medium
37.4581,-81.8167,07/20/2016 08:00:00 AM,medium
19.9053,-70.963,11/07/2014 12:00:00 AM,medium
7.36,122.1865,08/16/2010 08:00:00 AM,medium
-45.0993,169.287,07/06/2013 12:00:00 AM,small
9.4425,-83.6293,11/04/2010 12:00:00 AM,medium
42.3335,-124.4191,01/20/2012 02:50:00 PM,unknown
24.9016,91.8771,06/11/2015 09:00:00 AM,small
37.4947,70.4417,04/25/2008 12:00:00 AM,medium
28.6572,82.2345,08/31/2011 12:00:00 AM,medium
33.4573,-117.6536,01/11/2011 12:00:00 AM,small
17.3895,78.499,08/13/2007 12:00:00 AM,medium
35.7885,-92.9331,06/20/2008 12:00:00 AM,small
36.849,-83.3146,05/01/2016 11:00:00 PM,medium
6.4791,124.8142,09/10/2010 06:00:00 PM,medium
44.0322,-123.8602,01/19/2012 08:59:00 AM,unknown
9.0539,-79.4945,09/10/2015 12:00:00 AM,large
27.0167,78.1333,10/12/2008 12:00:00 AM,medium
33.8575,-116.4518,10/19/2010 12:00:00 AM,small
12.0138,124.8172,07/27/2014 03:00:00 PM,medium
10.1452,-83.9564,04/27/2010 08:00:00 AM,medium
14.7691,-88.78,09/06/2015 12:00:00 AM,medium
60.8396,6.7267,07/26/2016 11:00:00 PM,large
-22.8549,-43.2742,04/06/2010 12:00:00 AM,medium
32.8852,130.9915,04/16/2016 12:00:00 AM,medium
-9.9241,-76.2488,11/07/2010 12:00:00 AM,medium
40.4267,-79.9468,04/13/2007 12:00:00 AM,medium
24.3153,109.3799,06/06/2010 12:00:00 AM,medium
37.9424,-107.8161,08/12/2014 03:00:00 PM,small
43.6533,-123.8259,03/21/2012 09:45:00 PM,unknown
20.857,-156.1603,08/31/2016 12:00:00 AM,small
16.3727,120.6074,05/27/2011 12:00:00 AM,small
14.6167,-90.6097,09/27/2015 12:00:00 AM,medium
30.8928,78.48,07/25/2013 12:00:00 AM,medium
-13.8158,-70.2659,02/15/2011 12:00:00 AM,medium
20.9383,92.2195,07/27/2015 02:00:00 AM,medium
16.0774,121.7692,10/12/2013 08:00:00 AM,large
-17.5018,177.8515,01/30/2012 12:00:00 AM,large
27.8143,85.8315,09/06/2010 12:00:00 AM,medium
37.4046,-82.9083,12/22/2013 09:00:00 AM,small
22.9,96.48,08/16/2008 12:00:00 AM,medium
28.2064,85.575,04/25/2015 12:00:00 AM,large
28.3516,103.1281,06/26/2016 04:00:00 AM,large
53.792,-2.2389,01/22/2008 12:00:00 AM,medium
30.7292,78.4396,08/17/2013 12:00:00 AM,medium
25.2193,90.5549,08/19/2015 09:00:00 AM,medium
37.6782,-119.7758,03/21/2011 12:00:00 AM,medium
47.6036,-122.5707,12/12/2010 12:00:00 AM,small
27.5748,91.8644,07/28/2016 12:00:00 AM,medium
17.487,120.4359,07/15/2015 09:00:00 AM,small
40.5749,-111.6983,07/05/2013 02:30:00 AM,medium
18.25,105.686,10/30/2008 12:00:00 AM,medium
13.5983,124.1003,10/15/2016 12:00:00 AM,medium
18.134,-76.4551,12/01/2015 12:00:00 AM,medium
-22.2581,-42.5733,01/12/2011 12:00:00 AM,medium
22.3256,103.6099,08/12/2015 12:00:00 AM,medium
37.1016,-83.7568,01/26/2010 12:00:00 AM,medium
36.2592,-80.3654,01/25/2010 08:00:00 AM,small
-18.0903,178.3623,05/20/2008 12:00:00 AM,medium
40.4985,49.3354,06/09/2016 12:00:00 AM,medium
21.44,92.0,07/03/2008 12:00:00 AM,medium
27.6,87.24,07/22/2008 12:00:00 AM,medium
39.4302,-120.0336,07/02/2013 04:30:00 PM,medium
27.0971,90.4032,09/10/2007 12:00:00 AM,medium
-37.8558,145.1147,07/14/2015 11:00:00 PM,small
18.1686,-76.8226,09/29/2010 12:00:00 AM,medium
-8.8106,115.1635,09/28/2016 12:00:00 AM,medium
-0.65,37.1,05/06/2010 12:00:00 AM,medium
-5.33,120.3487,10/16/2008 10:00:00 AM,medium
43.7548,-122.3985,01/19/2008 12:00:00 AM,medium
10.4014,123.8827,05/02/2008 12:00:00 AM,medium
39.2902,-76.6651,05/01/2014 12:00:00 AM,small
22.9231,96.5016,06/11/2008 12:00:00 AM,medium
61.0952,-140.3188,10/11/2015 12:00:00 AM,very_large
46.0155,8.8353,11/05/2014 06:00:00 PM,medium
-33.0644,151.5824,03/12/2014 12:00:00 AM,small
40.6217,-111.7484,09/11/2013 11:00:00 PM,medium
27.7908,84.4783,04/28/2015 03:00:00 PM,small
22.2129,-159.4167,11/14/2009 12:00:00 AM,medium
29.2385,81.7285,08/14/2011 12:00:00 AM,medium
37.8943,-107.7138,08/28/2013 11:00:00 PM,medium
47.87110995,-122.3288059,12/08/2015 12:00:00 AM,medium
-13.5168,-73.7262,03/18/2012 12:00:00 AM,medium
14.7812,74.499,10/02/2009 12:00:00 AM,large
37.1629,-113.0508,12/12/2013 11:00:00 PM,medium
44.6382,-123.2664,02/01/2012 12:00:00 AM,small
38.9939,-84.358,04/21/2011 12:00:00 AM,medium
-41.5681,145.5991,06/22/2010 10:00:00 PM,medium
37.5742,-122.5159,03/24/2011 08:00:00 PM,small
52.9677,-4.0989,03/08/2014 12:00:00 AM,medium
56.2246,-117.2679,06/15/2016 12:00:00 AM,large
26.8781,88.2807,07/01/2015 12:00:00 AM,medium
47.2185,8.8888,06/02/2013 09:00:00 AM,medium
34.5208,-95.2859,05/23/2015 12:00:00 AM,small
18.037,-76.7088,10/31/2007 12:00:00 AM,medium
57.719,-4.2808,01/04/2012 09:00:00 AM,small
-17.3137,179.4104,11/16/2010 12:00:00 AM,small
45.4922,-123.6863,11/17/2012 05:46:00 AM,unknown
18.4,-77.2,11/12/2007 12:00:00 AM,medium
28.0276,83.3164,08/19/2010 11:00:00 PM,medium
25.318,94.0441,08/09/2013 12:00:00 AM,large
28.0081,84.6476,08/15/2014 12:00:00 AM,medium
29.3038,80.6581,06/04/2016 07:15:00 AM,medium
50.705,-2.7269,01/16/2014 12:00:00 AM,unknown
44.8998,-122.9415,09/05/2013 05:24:00 PM,unknown
48.3163,-115.5805,08/07/2016 12:00:00 AM,small
-6.9667,110.4167,04/21/2007 12:00:00 AM,medium
43.0266,-76.3302,06/26/2013 08:00:00 AM,small
-2.5325,140.7117,01/24/2013 12:00:00 AM,medium
31.5596,77.1679,07/07/2013 12:00:00 AM,medium
-8.1262,115.1005,12/17/2015 11:00:00 PM,medium
-6.6392,106.8343,11/03/2011 12:00:00 AM,medium
44.6394,-123.7785,12/20/2014 11:48:00 AM,unknown
-22.9158,-43.2049,12/31/2009 12:00:00 AM,medium
45.5346,-122.741,12/07/2015 09:00:00 AM,small
9.9454,98.6076,06/20/2014 12:00:00 AM,small
35.015,135.9975,09/16/2013 11:00:00 PM,medium
37.2131,-112.9409,09/23/2015 09:00:00 AM,medium
25.1163,121.7161,02/20/2011 08:00:00 PM,medium
10.735,-61.4925,12/18/2008 12:00:00 AM,medium
5.9606,116.388,10/07/2010 11:00:00 PM,medium
10.5562,-84.8952,05/31/2012 12:00:00 AM,large
45.5271,-122.7048,03/15/2015 09:00:00 AM,small
33.5791,73.0868,06/30/2013 12:00:00 AM,medium
24.7016,93.5291,08/11/2015 12:00:00 AM,medium
40.5217,46.0806,05/02/2010 12:00:00 AM,medium
6.9667,122.1,01/03/2011 11:00:00 PM,medium
54.7369,-1.9876,02/01/2016 12:00:00 AM,small
-5.1326,119.4167,12/04/2011 02:00:00 PM,large
37.2283,-83.0567,05/03/2010 12:00:00 AM,small
48.3164,-118.7413,02/06/2015 12:00:00 AM,small
44.7971,-123.8976,10/21/2012 05:15:00 PM,unknown
17.1686,121.048,08/13/2015 12:00:00 AM,medium
10.8313,-60.9991,12/04/2011 03:00:00 AM,medium
-22.9778,-43.2324,04/06/2010 12:00:00 AM,medium
7.6192,80.6405,02/07/2011 12:00:00 AM,medium
28.4197,83.1421,07/16/2010 11:00:00 PM,medium
34.6861,73.1879,04/05/2008 12:00:00 AM,medium
45.4938,-122.777,02/01/2016 07:00:00 PM,unknown
38.5212,-81.6749,04/24/2011 12:00:00 AM,small
21.464,83.9462,09/23/2007 12:00:00 AM,medium
56.4567,-6.0505,07/05/2012 12:00:00 AM,medium
23.9304,88.2374,07/21/2007 12:00:00 AM,medium
43.6901,-123.9737,01/18/2012 04:29:00 PM,unknown
17.6874,83.1993,10/02/2015 12:00:00 AM,medium
-6.5702,106.7814,11/24/2011 06:00:00 PM,medium
42.9171,-124.1018,11/20/2012 06:10:00 AM,unknown
28.2719,83.7405,08/19/2011 12:00:00 AM,medium
33.2424,75.2381,02/04/2012 12:00:00 AM,medium
7.8891,98.3075,08/15/2014 09:00:00 AM,small
24.9936,98.4927,07/10/2014 05:00:00 AM,small
28.5446,102.1803,07/20/2010 08:00:00 AM,medium
22.3521,91.8151,07/28/2013 04:30:00 AM,medium
43.6966,-91.2725,09/07/2016 07:00:00 AM,small
30.3214,78.0319,07/06/2011 12:00:00 AM,medium
50.4167,-5.0761,02/05/2015 12:00:00 AM,small
32.9041,75.0911,08/07/2016 03:00:00 AM,medium
-11.9233,-76.6853,03/24/2015 12:00:00 AM,medium
50.2425,-119.3222,11/06/2013 12:00:00 AM,small
19.2088,-71.9747,06/02/2011 12:00:00 AM,medium
30.1944,79.1939,07/23/2013 12:00:00 AM,medium
53.9908,-1.8151,10/18/2016 12:00:00 AM,small
40.4319,-80.0061,03/11/2010 12:00:00 AM,small
31.7756,76.9876,08/13/2015 12:00:00 AM,medium
36.7172,-84.5448,02/23/2015 09:00:00 AM,small
10.5906,122.1394,09/17/2012 12:00:00 AM,medium
30.6935,77.4266,07/26/2016 11:00:00 PM,large
26.9318,87.3201,09/06/2013 06:00:00 PM,medium
40.0074,117.1703,01/13/2008 12:00:00 AM,large
7.653,122.9479,08/30/2011 02:00:00 AM,medium
8.8152,124.8293,11/24/2009 12:00:00 AM,medium
25.0633,92.8025,06/16/2010 12:00:00 AM,medium
4.1661,101.1821,11/09/2015 08:30:00 AM,medium
25.6703,94.1095,07/11/2011 09:00:00 AM,medium
41.0033,-111.8657,05/22/2011 03:00:00 PM,small
43.3514,-124.2237,04/01/2012 12:00:00 AM,small
44.0513,10.127,10/31/2010 11:00:00 PM,medium
36.4628,74.6191,10/07/2010 12:00:00 AM,medium
44.8533,-93.4707,06/01/2014 12:00:00 AM,medium
43.1776,-124.2353,03/29/2014 09:07:00 PM,unknown
45.223,-123.5669,12/28/1998 12:00:00 AM,small
44.6239,-123.5551,07/05/2011 03:04:00 PM,unknown
22.1183,105.7412,07/29/2010 12:00:00 AM,medium
34.1577,73.8257,04/14/2015 12:00:00 AM,medium
33.7848,104.3715,08/07/2010 11:00:00 PM,very_large
11.344,76.8691,11/24/2013 11:00:00 PM,medium
7.89,98.3,07/15/2008 12:00:00 AM,medium
10.3861,124.98,01/02/2011 12:00:00 AM,medium
6.1177,116.3975,05/29/2015 02:30:00 PM,medium
42.9124,21.4743,07/08/2016 12:00:00 AM,medium
10.4497,77.5206,10/15/2011 12:00:00 AM,medium
27.334,103.6919,06/21/2016 09:00:00 AM,large
30.4876,78.0366,08/05/2012 11:30:00 PM,medium
3.4203,101.7901,04/18/2012 04:08:00 AM,medium
45.0632,-123.7362,02/03/2012 03:32:00 PM,unknown
44.7515,-122.2829,01/16/2011 05:01:00 PM,unknown
47.7888,-122.6278,01/19/1997 12:00:00 AM,medium
47.4446,15.953,07/21/2012 12:00:00 AM,large
29.2027,80.5307,08/16/2011 12:00:00 AM,medium
49.8748,-118.0732,02/25/2015 12:00:00 AM,medium
20.1353,-97.9307,08/06/2016 12:00:00 AM,medium
-3.3,128.4,08/11/2008 12:00:00 AM,medium
32.5612,76.1238,03/10/2015 04:00:00 AM,medium
-6.7947,106.7755,11/05/2014 12:00:00 AM,medium
26.8629,116.0617,08/20/2007 12:00:00 AM,medium
17.3171,-62.796,08/04/2016 12:00:00 AM,unknown
28.3131,84.9895,09/28/2016 12:00:00 AM,medium
27.1746,103.5564,07/06/2014 06:00:00 PM,medium
47.2741,-122.2605,03/05/2014 09:00:00 AM,small
22.0,92.3333,06/15/2010 08:00:00 AM,medium
37.0359,-121.9444,12/19/2010 09:00:00 AM,small
9.826,125.6095,11/24/2009 12:00:00 AM,medium
44.6881,-124.0636,12/18/2015 12:00:00 AM,small
35.0972,-82.448,05/22/2013 09:30:00 PM,medium
29.5987,79.6592,06/17/2013 12:00:00 AM,medium
55.6339,-121.5297,09/30/2013 08:00:00 AM,medium
26.8692,88.4695,10/12/2016 12:00:00 AM,medium
40.4059,-75.0086,03/16/2010 10:00:00 AM,small
43.1674,-91.1351,06/24/2013 12:00:00 AM,medium
8.4831,-13.2504,07/07/2012 12:00:00 AM,medium
37.73,-119.5625,10/07/2008 12:00:00 AM,medium
49.9171,0.9997,08/14/2015 03:00:00 PM,medium
29.2,81.7,08/27/2008 12:00:00 AM,medium
33.0119,97.141,12/02/2014 12:00:00 AM,large
46.153,-123.4139,03/25/2016 12:00:00 AM,unknown
38.689,-85.2388,04/04/2014 12:00:00 AM,small
42.443,-72.801,07/27/2015 12:00:00 AM,small
-8.1513,111.7219,02/16/2008 12:00:00 AM,medium
29.6042,79.5343,09/18/2010 12:00:00 AM,large
27.7713,86.166,07/22/2013 12:00:00 AM,medium
6.199382401,124.8566407,05/04/2011 12:00:00 AM,small
7.8806,98.2937,10/03/2011 09:30:00 AM,small
17.5396,120.9956,10/18/2010 12:00:00 AM,medium
1.6056,-76.9742,12/13/2011 12:00:00 AM,medium
-33.3667,-70.5833,09/06/2009 02:30:00 PM,medium
27.7759,85.8701,10/01/2016 02:30:00 AM,medium
9.7112,-84.2812,11/04/2010 12:00:00 AM,medium
-7.159,108.9921,04/11/2015 12:00:00 AM,medium
-6.8349,106.659,11/18/2012 12:00:00 AM,medium
-7.412,109.8852,02/28/2010 06:00:00 PM,medium
-2.5089,140.705,02/09/2012 05:00:00 AM,medium
38.8744,-104.929,04/19/2016 03:00:00 PM,small
26.8042,88.125,08/19/2009 12:00:00 AM,medium
6.8334,80.9933,02/11/2011 12:00:00 AM,medium
45.8278,-115.4392,02/24/2016 12:00:00 AM,medium
-7.8291,112.453,01/31/2014 07:32:00 PM,large
14.4789,-90.6319,05/29/2010 12:00:00 AM,medium
31.2912,112.188,06/17/2007 12:00:00 AM,medium
38.9249,-107.5447,07/12/2011 06:00:00 PM,small
48.1173,-121.579,01/16/2011 12:00:00 AM,small
11.6064,121.6896,07/17/2015 09:00:00 AM,medium
43.1925,-75.021,06/23/2013 12:00:00 AM,small
46.775,-123.0873,02/19/2014 12:00:00 AM,medium
6.938,122.0088,06/28/2016 11:00:00 PM,small
34.1941,-118.998,01/06/2016 12:00:00 AM,medium
-26.916,152.7436,01/11/2011 09:00:00 AM,medium
31.0655,77.1325,07/31/2010 12:00:00 AM,medium
8.742,76.8902,09/12/2009 12:00:00 AM,medium
43.0235,76.8515,07/23/2015 02:15:00 AM,medium
10.0011,76.7416,08/17/2012 12:00:00 AM,medium
23.2291,105.4748,08/23/2013 12:00:00 AM,medium
22.3507,91.8147,07/19/2015 01:30:00 AM,small
15.2454,-61.3017,04/12/2010 12:00:00 AM,medium
12.845,75.66,08/12/2008 12:00:00 AM,medium
40.0538,70.8159,05/12/2012 12:00:00 AM,medium
32.6188,75.3504,08/27/2011 12:00:00 AM,medium
14.6881,-90.486,11/23/2015 12:00:00 AM,medium
24.4025,114.922,05/22/2014 05:00:00 PM,medium
17.4999,121.132,06/19/2012 12:00:00 AM,medium
11.0391,124.6291,05/07/2011 08:30:00 AM,small
33.519,70.8242,07/26/2016 09:00:00 AM,small
45.8569,-118.9066,08/16/2015 08:16:00 AM,unknown
43.8214,7.2412,11/04/2014 12:00:00 AM,medium
7.82217276,126.1463682,02/23/2013 12:00:00 AM,medium
35.6256,-82.5109,02/03/2016 09:00:00 AM,small
45.2623,-122.6921,02/11/2014 12:00:00 AM,medium
40.4826,-79.9021,03/12/2014 03:00:00 PM,medium
49.66,-123.1758,07/29/2008 12:00:00 AM,medium
44.1547,-93.9816,06/18/2014 12:00:00 AM,small
11.5366,-85.622,10/09/2014 12:00:00 AM,large
37.6697,-119.902,11/11/2015 11:00:00 PM,medium
43.6751,-123.9307,01/15/2011 08:04:00 PM,unknown
45.4966,-123.677,10/14/2016 12:00:00 AM,small
-3.6551,128.1663,06/19/2012 08:00:00 AM,large
27.7592,82.6335,08/19/2010 11:00:00 PM,medium
-13.1171,-71.5841,04/05/2010 12:00:00 AM,medium
44.158,-123.5777,01/18/2012 01:47:00 PM,unknown
2.0033,112.9675,11/18/2013 04:00:00 AM,medium
26.8826,88.2806,07/07/2015 11:00:00 PM,medium
47.8947,-118.1379,08/25/2009 12:00:00 AM,medium
36.98,128.66,07/25/2008 12:00:00 AM,medium
10.747,122.9672,09/05/2012 12:00:00 AM,large
5.9681,-76.0113,05/18/2015 03:00:00 AM,large
14.8333,120.2833,06/23/2011 12:00:00 AM,medium
39.0555,127.2536,07/12/2013 12:00:00 AM,medium
10.841,-61.055,12/11/2007 12:00:00 AM,medium
44.1228,-122.3953,01/19/2012 03:00:00 PM,medium
27.0674,89.5615,07/22/2010 12:00:00 AM,medium
30.6293,78.3303,08/19/2013 11:00:00 PM,medium
36.5011,74.8899,07/29/2010 12:00:00 AM,medium
44.9235,-123.0549,01/20/2011 02:37:00 PM,medium
40.6553,-115.4195,06/07/2010 12:00:00 AM,medium
25.705,94.04,08/07/2008 12:00:00 AM,medium
13.7135,-89.6938,10/15/2014 12:00:00 AM,medium
39.958,-80.7935,08/20/2007 12:00:00 AM,small
26.3186,94.5121,06/20/2011 12:00:00 AM,medium
60.4279,9.398,07/03/2007 12:00:00 AM,medium
35.4213,-82.2,08/26/2008 12:00:00 AM,small
15.15,74.11,08/09/2008 12:00:00 AM,medium
39.1652,-107.8476,05/25/2014 12:00:00 AM,very_large
45.2711,-123.8355,10/22/2014 06:28:00 PM,unknown
20.3852,121.9206,10/11/2016 12:00:00 AM,medium
-0.4755,100.3508,03/13/2010 04:00:00 PM,medium
7.2195,125.465,01/24/2013 12:00:00 AM,medium
28.0877,83.0971,08/24/2007 12:00:00 AM,medium
47.7367,-121.0207,12/11/2010 08:00:00 AM,medium
44.5986,-123.5252,03/25/2016 12:20:00 AM,unknown
45.5776,-122.1179,03/02/2014 12:23:00 PM,unknown
27.26132994,86.77220558,07/03/2011 12:00:00 AM,medium
44.5545,-120.3206,06/19/2013 05:13:00 AM,unknown
17.9493,-92.5534,10/31/2007 12:00:00 AM,medium
25.1122,94.3591,08/01/2015 12:00:00 AM,medium
28.9986,94.8885,07/05/2012 12:00:00 AM,large
32.8296,-117.2626,12/22/2010 07:30:00 AM,small
27.2319,88.497,08/26/2010 11:00:00 PM,medium
43.8071,-123.7113,01/16/2011 12:00:00 AM,medium
27.5862,80.1306,07/29/2011 12:00:00 AM,medium
37.9532,-104.9848,07/10/2013 01:30:00 PM,medium
32.2934,77.1803,04/03/2015 12:00:00 AM,small
33.1517,75.5464,01/06/2008 12:00:00 AM,medium
-7.9115,112.343,02/25/2009 12:00:00 AM,medium
29.9816,103.0132,08/23/2011 12:00:00 AM,medium
39.9377,69.5597,07/29/2016 12:00:00 AM,medium
30.9438,117.8108,07/13/2010 09:00:00 AM,medium
29.428,81.28,08/06/2008 12:00:00 AM,large
13.8801,124.3075,09/26/2011 12:00:00 AM,medium
-6.083,145.1667,11/02/2013 10:00:00 PM,large
37.4233,-82.7058,03/02/2015 09:00:00 AM,small
37.0379,-88.0267,04/25/2011 12:00:00 AM,small
28.027,112.9838,07/17/2014 12:00:00 AM,medium
9.519,-83.706,10/12/2008 12:00:00 AM,medium
-3.4751,102.7627,02/08/2015 12:00:00 AM,medium
42.8147,-74.5965,08/21/2014 09:30:00 PM,small
50.469,-66.1496,11/06/2014 07:30:00 AM,medium
33.577,74.1872,02/13/2011 11:00:00 PM,medium
10.83003164,-60.940308,12/07/2010 03:00:00 PM,medium
10.114,-84.3892,10/29/2015 12:00:00 AM,medium
30.9583,110.6064,09/02/2014 01:19:00 PM,medium
14.1015,-87.1607,08/29/2010 04:30:00 AM,medium
33.8122,35.7834,02/19/2008 12:00:00 AM,medium
42.4941,-96.4576,04/24/2007 12:00:00 AM,small
26.7215,95.0283,07/19/2010 06:00:00 AM,medium
47.9435,-122.3082,03/08/2014 12:00:00 AM,medium
37.8734,112.5626,07/06/2011 08:00:00 AM,medium
16.9603,120.9108,07/08/2016 12:00:00 AM,medium
40.3865,-79.9675,01/14/2014 09:00:00 AM,medium
45.271,-123.8355,01/09/2013 11:28:00 AM,unknown
26.8988,87.2773,09/06/2013 11:00:00 PM,medium
44.8098,7.1526,05/30/2008 12:00:00 AM,medium
18.1167,-76.45,01/10/2010 12:00:00 AM,medium
30.3846,78.8371,08/20/2010 12:00:00 AM,medium
22.1909,92.2135,08/21/2015 12:00:00 AM,medium
63.4306,-150.3188,07/30/2017 01:37:00 PM,small
48.0487,-122.2781,12/08/2015 12:00:00 AM,small
35.4401,-82.249,11/14/2012 12:00:00 AM,medium
-36.6184,146.8092,12/08/2015 06:30:00 PM,medium
44.5644,-120.1217,11/23/2015 11:00:00 AM,unknown
33.5918,-117.8336,08/30/2016 12:00:00 AM,medium
51.3336,-116.9875,05/17/2008 12:00:00 AM,small
8.8528,-82.5969,08/17/2014 03:00:00 PM,small
11.6753,92.749,08/06/2015 12:00:00 AM,medium
45.3965,-122.4654,12/07/2015 02:23:00 PM,unknown
60.4964,-150.0041,09/14/2015 12:00:00 AM,medium
27.2872,88.2816,09/18/2007 12:00:00 AM,medium
30.5589,77.2889,07/25/2010 12:00:00 AM,medium
63.4281,-150.3516,07/30/2016 12:00:00 AM,large
7.718,126.0436,03/19/2014 09:00:00 AM,unknown
29.7415,81.2467,12/30/2010 09:00:00 AM,medium
4.9898,118.2707,01/03/2015 05:00:00 AM,medium
34.0712,-119.0125,12/19/2010 09:00:00 PM,small
30.07754642,102.1446778,06/15/2010 01:20:00 PM,large
38.2219,-81.4449,03/08/2016 07:00:00 AM,small
39.1653,-82.8435,04/24/2011 12:00:00 AM,medium
45.1058,-72.5613,12/25/2014 12:00:00 AM,small
45.5361,-122.2479,08/24/2009 12:00:00 AM,small
47.6638,-122.5025,01/19/1997 08:00:00 AM,small
30.4238,79.6724,08/22/2010 12:00:00 AM,medium
48.7191,-121.0087,05/15/2011 12:00:00 AM,medium
39.5366,-111.1562,08/01/2013 12:00:00 AM,small
37.9745,-84.4985,01/14/2013 09:00:00 AM,medium
56.8227,-132.9587,09/23/2011 09:00:00 AM,medium
44.0881,-123.1716,03/08/2015 09:51:00 AM,unknown
37.5761,-82.7592,04/14/2015 03:00:00 PM,small
44.158,-123.5776,11/19/2012 04:23:00 PM,unknown
-22.7694,-43.108,04/06/2010 12:00:00 AM,medium
23.7365,92.7146,08/06/2010 12:00:00 AM,medium
27.0502,89.9442,07/21/2010 12:00:00 AM,medium
46.2128,-122.9199,11/16/2015 12:00:00 AM,medium
37.5457,-82.7778,04/30/2014 11:00:00 PM,small
40.7067,-105.5951,09/27/2012 09:00:00 AM,medium
41.8555,44.7229,04/28/2010 10:00:00 PM,medium
35.645,139.28,08/29/2008 12:00:00 AM,medium
14.9489,108.3564,11/13/2013 09:00:00 AM,large
-6.9046,107.1222,01/02/2013 03:00:00 PM,medium
42.81,-123.0451,04/23/2011 07:30:00 AM,medium
40.428,-79.9504,03/15/2014 09:00:00 AM,medium
23.7705,92.5217,11/11/2012 12:00:00 AM,medium
19.336,73.7793,07/03/2016 10:00:00 PM,medium
16.4286,120.642,10/18/2010 11:00:00 PM,medium
44.93,-115.72,07/22/2008 12:00:00 AM,medium
-18.0608,178.5112,12/21/2014 10:30:00 AM,small
33.3307,75.1772,02/24/2011 12:00:00 AM,medium
-22.9652,-43.1992,04/06/2010 12:00:00 AM,medium
43.657,-123.8612,03/28/2014 02:52:00 PM,unknown
39.0963,-84.5607,02/21/2014 12:00:00 AM,medium
52.3545,-127.698,01/30/2015 03:25:00 PM,medium
3.0194,101.6021,01/25/2013 12:00:00 AM,medium
34.38667467,76.34149164,04/20/2010 12:00:00 AM,medium
45.4732,-123.7323,01/16/2011 06:37:00 AM,unknown
30.9922,103.6472,08/18/2012 12:00:00 AM,medium
29.5442,81.6254,06/07/2014 12:00:00 AM,medium
45.6441,-123.3502,12/09/2015 05:13:00 PM,unknown
45.9564,-122.7967,12/09/2015 06:00:00 PM,medium
16.426,120.5823,08/20/2008 12:00:00 AM,medium
28.2668,103.5681,05/27/2007 12:00:00 AM,medium
-22.9619,-43.1773,04/06/2010 12:00:00 AM,medium
34.141,74.6568,06/25/2015 09:00:00 AM,medium
40.3444,-79.79,07/23/2013 12:00:00 AM,small
40.469,-79.6774,04/15/2013 09:00:00 AM,medium
56.9462,-2.1979,10/14/2016 12:00:00 AM,medium
52.96,-118.82,07/01/2008 12:00:00 AM,medium
42.1828,-120.5413,02/14/2014 06:07:00 PM,unknown
28.1952,83.6099,07/05/2007 12:00:00 AM,medium
7.6438,125.0284,09/23/2014 06:00:00 PM,medium
38.4115,-122.8921,03/11/2016 12:00:00 AM,medium
51.3503,-2.3482,01/31/2014 12:00:00 AM,small
31.5168,78.0976,06/15/2013 12:00:00 AM,medium
30.135,78.3896,09/03/2010 12:00:00 AM,medium
27.7185,83.47,08/08/2015 01:30:00 PM,medium
26.6432,99.5666,07/06/2014 06:00:00 PM,medium
45.8403,-118.8885,09/07/2014 03:00:00 PM,unknown
52.054,-9.9768,09/17/2015 12:00:00 AM,medium
4.1798,-74.8008,12/02/2011 12:00:00 AM,very_large
44.3479,-123.7219,10/11/2011 12:29:00 PM,unknown
40.2695,-124.2112,03/30/2012 12:00:00 AM,small
23.1172,105.1564,07/24/2010 09:00:00 AM,medium
44.2231,9.7197,10/26/2011 12:00:00 AM,large
47.5462,-122.3978,12/12/2010 11:00:00 PM,medium
6.468,-74.9411,04/13/2011 11:00:00 PM,medium
14.5189,107.8594,09/29/2009 12:00:00 AM,medium
36.9972,-82.556,03/05/2015 03:00:00 PM,small
39.101,-84.822,12/08/2007 12:00:00 AM,medium
26.1498,94.6055,08/04/2013 12:00:00 AM,medium
30.75402442,79.49970189,09/17/2010 12:00:00 AM,very_large
27.3144,89.545,10/15/2009 12:00:00 AM,small
46.1013,7.4654,10/19/2015 09:25:00 AM,medium
34.2141,-118.2222,02/06/2010 08:00:00 AM,medium
27.5155,108.2319,05/31/2010 12:00:00 AM,medium
8.0211,124.3133,12/12/2010 12:00:00 AM,medium
38.395,-81.5871,03/04/2015 12:00:00 AM,small
-7.7377,110.7387,01/28/2013 12:00:00 AM,medium
36.7501,-118.7977,02/02/2016 12:00:00 AM,medium
-11.5589,-74.1365,02/17/2016 12:00:00 AM,large
16.3335,120.6166,04/29/2010 03:00:00 PM,medium
44.9917,-123.8458,02/04/2014 09:00:00 AM,large
11.1719,125.5245,11/13/2007 10:00:00 PM,medium
9.9242,123.1706,09/17/2007 12:00:00 AM,medium
37.8505,140.9505,03/28/2014 12:00:00 AM,small
27.9411,85.6838,07/13/2014 12:00:00 AM,small
23.9,99.0333,09/08/2007 12:00:00 AM,medium
27.7009,86.726,07/07/2016 11:00:00 PM,large
40.1504,-79.4592,08/23/2013 10:00:00 AM,medium
44.1579,-123.5776,12/10/2015 08:27:00 PM,unknown
54.8366,-2.7812,02/09/2016 12:00:00 AM,medium
32.3382,105.8313,07/16/2013 12:00:00 AM,large
13.6409,-88.8699,11/08/2009 12:00:00 AM,very_large
33.2483,75.2131,08/07/2016 12:00:00 AM,medium
20.7715,-156.2414,01/03/2015 12:00:00 AM,small
38.3987,-81.5848,02/22/2016 12:00:00 AM,small
-22.808,-43.1835,04/06/2010 12:00:00 AM,medium
31.1667,110.85,04/19/2008 12:00:00 AM,large
35.5038,128.7464,07/09/2011 12:00:00 AM,medium
26.9015,88.4719,07/21/2016 09:00:00 AM,medium
28.7014,82.6513,08/03/2011 12:00:00 AM,medium
8.6117,-83.1,11/04/2010 12:00:00 AM,medium
-4.0666,37.7503,11/10/2009 12:00:00 AM,large
33.0271,75.0018,08/07/2011 12:00:00 AM,medium
-6.7234,107.1756,03/20/2010 12:00:00 AM,medium
37.4282,-105.4449,08/11/2014 11:00:00 PM,small
6.9315,81.1752,02/11/2011 12:00:00 AM,medium
-6.6811,107.0274,03/09/2016 12:00:00 AM,medium
-6.952,106.4785,11/18/2012 12:00:00 AM,medium
-27.3776,152.8211,01/11/2011 09:00:00 AM,medium
38.8759,-104.9362,07/10/2013 03:00:00 PM,medium
44.1247,-124.1257,02/28/2016 12:37:00 PM,unknown
-42.4008,173.6814,06/20/2011 10:00:00 PM,medium
44.6625,-123.7982,11/19/2012 01:12:00 PM,unknown
26.8836,88.2791,05/26/2009 12:00:00 AM,medium
43.6491,-123.6629,03/06/2016 03:32:00 PM,unknown
33.7795,70.4457,04/02/2015 11:00:00 PM,medium
42.0835,44.7,05/31/2012 12:00:00 AM,large
11.7792,78.2034,10/25/2007 12:00:00 AM,medium
22.1334,96.4669,10/13/2015 12:00:00 AM,large
7.364469237,126.0353778,09/20/2007 12:00:00 AM,large
20.8467,-156.1374,07/17/2016 09:00:00 AM,medium
43.7487,-124.1194,12/20/2012 09:43:00 AM,unknown
40.6489,-105.1748,07/12/2013 12:00:00 AM,small
-14.0731,-72.9562,02/15/2011 12:00:00 AM,medium
44.1247,-124.1258,01/17/2011 02:39:00 PM,unknown
47.6373,-122.3406,12/03/2007 12:00:00 AM,medium
21.3685,-157.7898,02/17/2016 12:00:00 AM,small
38.1825,-84.8757,05/03/2011 08:00:00 AM,small
13.7143,124.3807,11/04/2007 12:00:00 AM,medium
13.7934,102.8987,10/16/2016 03:00:00 PM,medium
0.7793,-79.5864,04/23/2013 12:00:00 AM,large
40.3916,-79.732,01/01/2008 12:00:00 AM,small
62.9218,10.1464,03/14/2012 08:00:00 AM,medium
29.5798,80.2123,03/04/2012 08:00:00 AM,medium
28.61209203,81.64645269,08/16/2014 12:00:00 AM,large
14.7161,-89.4096,08/28/2010 12:00:00 AM,medium
7.8354,125.3915,10/02/2016 12:00:00 AM,medium
26.148,94.8422,08/14/2010 12:00:00 AM,medium
-8.1955,111.1038,01/06/2008 12:00:00 AM,medium
13.949,124.21,11/23/2007 12:00:00 AM,medium
34.6781,-86.0343,11/30/2011 04:30:00 AM,medium
1.4128,-77.398,04/11/2011 08:00:00 AM,medium
39.716,76.1671,05/29/2012 12:00:00 AM,medium
39.2341,-84.3118,04/09/2014 09:00:00 AM,small
34.4318,131.5032,07/28/2013 12:00:00 AM,medium
7.8474,126.0938,12/26/2008 12:00:00 AM,medium
29.8825,81.2603,07/29/2016 12:00:00 AM,large
27.3258,86.087,09/03/2007 12:00:00 AM,medium
44.1165,-122.4411,01/27/2012 01:08:00 AM,unknown
22.4343,114.1842,08/10/2016 01:37:00 PM,small
-33.7344,151.1116,02/02/2012 09:10:00 AM,small
15.9517,73.9958,07/30/2010 03:00:00 PM,medium
33.4008,104.9221,08/12/2010 12:00:00 AM,medium
42.9381,-122.4198,09/30/2013 01:54:00 AM,unknown
43.4368,-124.0214,12/30/2011 08:16:00 AM,unknown
26.2617,116.6544,06/18/2010 03:00:00 PM,large
22.3421,91.8242,08/18/2008 12:00:00 AM,medium
45.2514,-123.8482,03/05/2014 02:12:00 PM,unknown
39.5062,67.6204,05/09/2016 12:00:00 AM,large
31.4768,103.5902,07/02/2011 12:00:00 AM,large
19.1287,72.8889,07/31/2010 06:20:00 PM,medium
55.7584,-1.9942,06/29/2012 12:00:00 AM,medium
45.2462,-116.3322,12/02/2012 12:00:00 AM,medium
36.9412,136.8222,08/16/2014 12:00:00 AM,medium
27.0087,88.443,06/17/2015 12:00:00 AM,small
19.9024,99.8324,07/10/2014 12:00:00 AM,small
37.1422,-113.5043,09/16/2014 12:00:00 AM,small
44.4051,-123.944,03/26/2012 11:29:00 PM,unknown
31.8167,98.6667,06/22/2009 03:10:00 PM,medium
10.3904,124.9851,01/03/2008 12:00:00 AM,medium
38.745,75.0635,02/27/2015 12:00:00 AM,medium
-1.2649,116.8311,05/17/2012 12:00:00 AM,medium
48.7074,-121.1267,11/09/2003 09:00:00 AM,large
45.5118,-122.6866,03/01/2011 09:00:00 AM,small
17.75,121.25,11/25/2007 12:00:00 AM,medium
24.896,91.9022,08/01/2008 12:00:00 AM,medium
28.1506,113.149,06/28/2013 01:00:00 PM,medium
-22.9135,-42.9831,04/06/2010 12:00:00 AM,medium
28.0731,119.133,06/15/2010 03:00:00 PM,medium
31.5494,76.9001,09/09/2009 11:00:00 PM,medium
25.5144,90.2167,08/16/2011 08:00:00 AM,medium
35.1807,76.0557,07/24/2015 12:00:00 AM,medium
50.6296,-1.1959,09/23/2013 12:00:00 AM,small
27.67089598,111.4132365,07/11/2010 12:00:00 AM,medium
12.8659,74.8852,04/22/2015 04:00:00 PM,small
22.804,104.9877,09/05/2013 12:00:00 AM,very_large
29.3987,79.4841,09/20/2010 12:00:00 AM,medium
29.48,80.94,12/23/2009 12:00:00 AM,medium
37.6177,138.754,08/01/2013 12:00:00 AM,medium
34.1704,-118.011,01/10/2011 12:00:00 AM,small
4.4999,114.6667,02/11/2007 12:00:00 AM,small
16.345,120.6154,08/16/2016 12:00:00 AM,medium
9.3059,125.8571,02/03/2011 05:00:00 PM,large
3.1869,101.773,12/06/2008 12:00:00 AM,large
41.4978,44.8025,10/02/2011 12:00:00 AM,medium
33.7584,35.6376,01/18/2012 12:00:00 AM,medium
37.2685,-83.2082,04/27/2015 12:00:00 AM,small
-0.2613,100.7616,03/22/2010 05:00:00 PM,medium
30.9111,78.6814,08/15/2015 12:00:00 AM,medium
35.0952,-106.6265,09/14/2013 11:00:00 PM,small
10.1932,-14.046,09/08/2015 02:00:00 AM,medium
46.355,-122.5479,03/26/2007 12:00:00 AM,medium
37.7837,-122.5103,12/22/2014 12:00:00 AM,medium
34.2808,-118.2192,02/25/2011 12:00:00 AM,medium
32.80814437,-117.2656108,09/11/2015 01:30:00 PM,medium
25.606,96.275,07/30/2008 12:00:00 AM,large
45.9816,-122.8697,12/27/2015 10:15:00 PM,unknown
10.8544,-13.3245,09/08/2015 12:00:00 AM,large
33.8724,109.9404,06/18/2013 11:14:00 PM,medium
16.3395,107.7424,10/23/2009 12:00:00 AM,medium
31.71456806,77.02239366,08/07/2011 12:00:00 AM,medium
42.6551,-124.4102,03/29/2012 06:17:00 PM,unknown
27.3027,86.5079,07/29/2016 12:00:00 AM,unknown
39.779,-105.2274,05/11/2015 12:00:00 AM,small
52.9523,-1.1277,06/06/2010 12:00:00 AM,medium
40.5741,-109.0551,06/20/2013 12:00:00 AM,medium
48.3481,-124.5243,05/22/2015 12:30:00 PM,small
-37.6304,176.0454,05/11/2011 12:00:00 AM,medium
-43.7015,170.0645,01/13/2008 12:00:00 AM,very_large
-8.5083,115.5641,02/07/2015 01:30:00 PM,medium
44.8979,-93.1471,06/01/2014 12:00:00 AM,small
4.9723,117.9555,01/27/2011 12:00:00 AM,medium
3.1575,101.6896,05/19/2010 04:00:00 AM,medium
20.7818,-98.7292,08/08/2016 12:00:00 AM,medium
6.9264,122.0239,07/01/2015 12:00:00 AM,medium
38.5056,-123.0706,03/15/2011 05:00:00 PM,small
27.5964,85.1114,09/07/2007 12:00:00 AM,medium
44.1989,-124.113,01/16/2011 12:00:00 AM,medium
48.3439,-122.3536,03/14/2011 12:00:00 AM,medium
37.5962,-121.9207,03/24/2011 12:00:00 AM,medium
2.8696,-76.3034,06/13/2015 01:00:00 PM,medium
28.4505,83.342,09/03/2013 12:00:00 AM,medium
21.7684,92.3783,06/24/2012 12:00:00 AM,large
43.6361,-116.0287,01/16/2011 12:00:00 AM,medium
45.2252,-122.3394,08/29/2015 11:31:00 AM,unknown
-0.0718,-78.3774,08/12/2014 03:00:00 PM,small
5.925,116.0981,06/08/2010 12:00:00 AM,medium
45.6168,-123.3914,12/01/2013 05:51:00 PM,unknown
48.2847,-121.8495,03/22/2014 10:45:00 AM,large
15.5163,-88.9286,08/21/2007 12:00:00 AM,medium
39.7956,-105.7643,06/27/2011 06:00:00 AM,medium
36.0185,-115.5073,12/20/2010 12:00:00 AM,small
43.82,-79.3873,07/18/2016 11:30:00 AM,small
47.0272,11.4988,09/03/2013 12:00:00 AM,medium
29.9862,78.6115,07/20/2010 12:00:00 AM,medium
36.5763,-121.9112,12/15/2014 02:10:00 PM,small
18.1444,-76.4587,09/08/2014 12:15:00 AM,small
49.1624,-123.8611,02/13/2011 12:00:00 AM,medium
16.7294,-92.6389,07/22/2010 12:00:00 AM,small
6.0672,7.4833,10/14/2011 12:00:00 AM,large
50.4525,-3.7112,02/07/2016 12:00:00 AM,small
5.92,-76.2363,10/15/2011 12:00:00 AM,medium
46.9445,-123.6483,01/05/2015 01:00:00 AM,medium
15.376,-91.596,10/28/2008 12:00:00 AM,medium
36.9346,-111.4876,06/05/2015 12:00:00 PM,small
47.422,11.5224,08/21/2010 12:00:00 AM,medium
43.6229,-91.2718,06/23/2010 09:00:00 AM,small
13.757,124.379,09/20/2008 12:00:00 AM,medium
5.6249,117.1589,02/02/2015 12:00:00 AM,medium
18.142,-76.9107,10/02/2016 12:00:00 AM,medium
40.571,-80.2152,06/28/2016 12:00:00 AM,small
28.4712,119.8323,11/13/2015 11:00:00 PM,medium
14.617,-90.4997,09/27/2015 12:00:00 AM,medium
44.8851,-123.9829,12/21/2014 04:55:00 PM,unknown
11.405,76.0376,07/22/2012 12:00:00 AM,medium
33.9548314,74.79428356,03/28/2015 06:00:00 PM,medium
-8.2505,115.3324,10/24/2010 02:00:00 PM,medium
-35.5035,173.9379,01/29/2011 08:00:00 AM,medium
0.2318,109.1318,07/05/2010 12:00:00 AM,medium
40.4825,49.7597,02/20/2014 12:00:00 AM,large
18.5135,-72.2853,06/07/2011 12:00:00 AM,large
12.7894,123.8635,05/05/2009 12:00:00 AM,large
11.2411,124.996,03/16/2011 12:00:00 AM,medium
56.7325,-2.6551,11/01/2009 12:00:00 AM,medium
25.52,91.27,09/11/2007 12:00:00 AM,medium
1.454483511,124.8124897,06/21/2016 12:00:00 AM,medium
22.3605,91.8236,09/27/2015 12:00:00 AM,small
-7.4011,109.8113,01/24/2015 06:30:00 PM,medium
18.1578,-66.479,11/07/2014 03:00:00 PM,medium
52.6843,-118.175,07/19/2016 12:00:00 PM,large
10.3521,125.1085,02/21/2006 12:00:00 AM,large
26.7969,89.591,06/07/2008 12:00:00 AM,medium
21.3354,95.0827,10/20/2011 12:00:00 AM,large
45.266,-123.8399,12/28/1998 12:00:00 AM,small
11.4046,76.6953,10/26/2007 12:00:00 AM,large
3.512126947,125.5861164,06/21/2016 05:30:00 PM,medium
46.0951,-123.0073,12/17/2015 12:00:00 AM,small
48.4526,-70.901,07/22/2016 12:00:00 AM,medium
29.3755,114.57,06/27/2013 09:00:00 AM,medium
18.1041,-76.414,11/27/2012 12:00:00 AM,medium
-4.0283,103.2422,01/10/2010 12:00:00 AM,medium
14.5854,121.0709,10/25/2012 12:00:00 AM,medium
10.3156,123.8955,10/15/2010 12:00:00 AM,medium
26.1964,91.7652,06/28/2014 09:00:00 AM,medium
45.5764,-122.1152,11/26/2014 05:00:00 PM,small
-4.1665,39.5664,05/01/2015 06:00:00 PM,small
34.0886,74.0301,04/03/2015 12:00:00 AM,small
48.7583,-122.4967,01/07/2016 03:00:00 PM,medium
42.8629,-8.6238,01/15/2016 12:00:00 AM,small
24.8111,113.5973,05/06/2010 12:00:00 AM,medium
46.9468,-121.3216,08/12/2014 03:00:00 PM,small
17.3165,-62.7955,08/04/2016 09:00:00 AM,small
-3.7053,128.1635,07/31/2011 12:00:00 AM,medium
35.5898,-83.373,01/16/2013 09:40:00 AM,medium
34.3106,105.8786,07/25/2013 12:00:00 AM,medium
25.1449,121.7839,08/31/2013 04:20:00 PM,medium
30.4091,79.0579,06/24/2013 03:00:00 PM,medium
10.00349068,98.55613004,10/02/2009 12:00:00 AM,medium
26.8772,87.3215,10/13/2016 12:00:00 AM,medium
1.8362,-76.9857,12/21/2014 12:00:00 AM,large
8.9896,-83.3438,11/04/2010 12:00:00 AM,medium
42.6428,-70.939,03/14/2010 12:00:00 AM,medium
-40.3175,175.7944,08/18/2011 11:00:00 PM,small
33.7397,105.7301,08/15/2010 04:00:00 PM,large
40.9341,44.6241,05/02/2010 12:00:00 AM,medium
38.89801323,16.56566431,02/14/2010 12:00:00 AM,medium
38.523,-122.5538,03/16/2012 09:00:00 AM,small
47.9151,-122.4112,04/23/2011 12:00:00 AM,small
31.7017,76.973,07/07/2013 12:00:00 AM,medium
-7.2337,109.9349,01/20/2010 12:00:00 AM,medium
5.0742,-75.5197,11/04/2011 11:00:00 PM,very_large
38.9716,-90.4312,04/01/2008 12:00:00 AM,medium
10.3281,123.8538,01/27/2011 09:00:00 AM,medium
-13.917,-70.233,03/02/2009 09:00:00 AM,large
22.3913,91.8177,07/19/2015 02:00:00 AM,small
14.4579,-89.1666,10/13/2014 12:00:00 AM,medium
8.5121,-82.0513,02/10/2015 12:00:00 AM,medium
31.645,78.4354,07/07/2010 12:00:00 AM,medium
45.2065,-123.8898,12/20/2012 03:19:00 AM,unknown
39.7245,-91.3681,05/27/2013 12:00:00 AM,medium
27.0678,88.456,07/01/2015 12:00:00 AM,medium
1.8702,-76.2146,10/07/2012 12:00:00 AM,large
44.1778,-123.5828,03/22/2012 12:52:00 AM,unknown
-22.9509,-43.2357,04/06/2010 12:00:00 AM,medium
27.06826195,88.28121204,09/05/2007 12:00:00 AM,medium
-7.2986,110.1775,02/04/2014 12:00:00 AM,medium
45.9969,-118.9803,05/30/2011 08:11:00 AM,unknown
45.8288,-115.6031,02/18/2016 03:00:00 PM,medium
-16.4158,-67.8317,03/11/2010 08:00:00 AM,medium
51.6753,-0.4118,09/16/2016 12:00:00 AM,small
45.3401,6.5319,02/27/2015 12:00:00 AM,small
34.09,74.0256,05/25/2010 06:00:00 PM,medium
30.5386,105.5661,06/30/2013 11:00:00 AM,medium
28.3527,113.0054,06/10/2012 12:00:00 AM,medium
9.9402,-84.0771,09/25/2015 12:00:00 AM,small
36.0938,110.6799,04/06/2014 02:20:00 AM,medium
39.1252,-84.4639,07/18/2015 11:00:00 PM,small
15.3956,74.0113,08/05/2015 12:10:00 PM,medium
30.0134,79.9261,08/18/2010 08:30:00 AM,large
22.0377,-159.3409,03/04/2012 12:00:00 AM,medium
45.8569,-118.9066,11/23/2014 11:08:00 AM,unknown
10.44,-84.6089,06/17/2015 12:00:00 AM,small
24.4265,94.1913,08/01/2015 12:00:00 AM,medium
40.4679,-111.765,08/22/2013 11:30:00 PM,medium
-8.2664,115.1365,02/04/2012 08:00:00 AM,medium
28.3594,82.1279,08/22/2011 12:00:00 AM,medium
-7.4053,108.5624,10/09/2016 12:00:00 AM,medium
40.8894,72.9071,04/26/2016 12:00:00 AM,medium
29.0508,81.3,06/17/2013 12:00:00 AM,medium
9.835,76.8661,08/07/2013 06:00:00 PM,medium
46.8734,-121.5163,08/12/2014 12:00:00 AM,small
48.6072,-118.4803,03/06/2016 02:00:00 AM,medium
-9.2965,-77.6613,04/11/2008 12:00:00 AM,medium
1.7519,-75.5829,04/22/2012 12:00:00 AM,medium
42.3902,-72.7216,07/27/2015 05:00:00 PM,medium
31.563,77.9796,09/19/2010 12:00:00 AM,medium
37.7827,-107.6666,07/03/2015 12:00:00 AM,small
49.5181,5.9931,03/13/2014 09:30:00 PM,medium
21.3555,-157.854,07/24/2016 10:00:00 PM,small
38.849,-119.6462,08/17/2012 12:00:00 AM,medium
41.7977,41.8681,09/25/2016 11:00:00 PM,medium
54.1733,-4.4822,08/17/2012 12:00:00 AM,medium
16.6604,120.9317,11/24/2010 12:00:00 AM,medium
43.1604,-90.7085,06/24/2013 09:00:00 AM,medium
8.5419,124.763,11/24/2009 12:00:00 AM,medium
25.934,118.288,06/11/2007 12:00:00 AM,medium
39.1808,-107.2396,07/18/2013 12:00:00 AM,medium
27.0483,86.3248,07/05/2015 12:00:00 AM,small
16.656,73.5178,10/01/2009 12:00:00 AM,medium
10.1118,-83.9793,05/08/2011 11:00:00 PM,medium
33.0272,74.9465,08/16/2014 11:00:00 PM,medium
10.2714,123.8476,10/06/2014 09:30:00 AM,small
42.89748611,-72.59852781,06/19/2017 07:39:00 PM,small
32.9428,130.6492,06/20/2016 12:00:00 AM,medium
38.0991,70.0162,05/08/2015 09:00:00 AM,large
33.9823,73.796,09/03/2014 11:00:00 PM,medium
17.4612,121.4255,10/18/2010 11:00:00 PM,medium
31.4898,76.7043,06/11/2013 11:00:00 PM,medium
26.8352,88.1881,07/01/2015 12:00:00 AM,large
18.106,-96.8133,08/24/2010 09:00:00 AM,medium
26.8992,88.1667,08/20/2009 12:00:00 AM,medium
39.2143,-106.9823,08/19/2010 03:00:00 PM,small
45.2507,-123.8481,12/20/2014 10:09:00 PM,unknown
-34.9538,138.6814,08/12/2015 12:00:00 AM,small
8.087753906,124.5345867,11/20/2007 12:00:00 AM,medium
39.3602,114.6943,07/15/2014 12:00:00 AM,small
7.1514,124.2396,06/21/2008 12:00:00 AM,medium
35.8473,-83.5703,04/05/2011 03:00:00 AM,small
29.139,81.773,08/14/2011 12:00:00 AM,medium
23.72988966,92.71495623,09/13/2010 12:00:00 AM,medium
42.6799,-122.6169,11/30/2012 07:15:00 AM,unknown
39.4402,-111.0337,09/02/2013 06:00:00 PM,medium
26.1833,91.8,09/13/2007 12:00:00 AM,medium
-13.3219,-72.2308,07/02/2010 06:30:00 PM,medium
26.8712,88.3052,07/04/2010 12:00:00 AM,medium
21.3787,-157.9207,12/19/2010 09:00:00 AM,small
31.0053,108.9523,09/01/2014 08:53:00 AM,medium
14.0598,121.2986,06/09/2011 12:00:00 AM,medium
27.1667,88.35,09/09/2007 12:00:00 AM,medium
35.9182,-82.9147,03/22/2016 06:00:00 PM,small
29.4903,90.9352,05/03/2012 12:00:00 AM,large
45.4871,-76.6606,03/29/2016 02:00:00 AM,medium
39.7447,-80.6094,07/24/2013 12:00:00 AM,small
-22.3165,-42.8167,01/12/2011 12:00:00 AM,medium
38.7714,-104.8574,06/19/2015 12:00:00 AM,medium
42.2755,23.0804,12/04/2010 11:00:00 PM,medium
38.0115,-108.0488,07/20/2016 02:30:00 PM,medium
-43.6028,172.7141,04/11/2012 10:00:00 AM,medium
44.3956,-122.142,02/28/2011 06:47:00 PM,unknown
38.9566,-84.5256,04/21/2011 12:00:00 AM,small
54.267,-0.3913,06/04/1993 06:00:00 AM,medium
26.876,75.8101,05/30/2012 12:00:00 AM,large
6.2336,-75.1619,04/03/2016 12:00:00 AM,small
37.345,-82.995,01/30/2013 12:00:00 AM,medium
44.4305,-118.1417,08/01/2013 06:24:00 PM,unknown
51.275,-116.7696,03/14/2016 09:00:00 AM,medium
37.0945,-83.1006,05/03/2010 12:00:00 AM,small
46.1185,-123.2276,01/28/2016 02:12:00 PM,unknown
-6.9274,109.2378,06/04/2013 03:00:00 PM,medium
42.5627,-123.3722,03/25/2011 09:30:00 AM,unknown
10.3828,-61.2984,12/02/2011 12:00:00 AM,small
10.6738,-61.5006,07/29/2010 12:00:00 AM,small
44.8387,-119.7977,08/02/2013 05:58:00 PM,unknown
30.67629482,79.04191791,06/29/2011 12:00:00 AM,medium
45.5635,-123.5828,03/03/2014 05:51:00 PM,unknown
45.1974,-123.8294,03/15/2012 05:07:00 AM,unknown
41.1567,48.5798,04/29/2010 12:00:00 AM,medium
6.092,125.3956,07/19/2013 12:00:00 AM,medium
6.9554,80.9282,02/01/2011 11:00:00 PM,medium
47.9427,-122.3085,03/16/2015 02:30:00 PM,small
37.6142,-81.8692,03/04/2015 12:00:00 AM,medium
25.9702,91.8587,10/05/2014 05:45:00 PM,medium
24.8121,113.5977,05/02/2012 12:00:00 AM,large
30.7284,79.4971,08/16/2010 12:00:00 AM,medium
39.1251,-84.4674,12/23/2011 12:00:00 AM,small
45.3958,-122.4789,03/14/2012 06:03:00 AM,unknown
47.3809,-122.2348,07/05/2011 09:30:00 PM,medium
25.1701,121.5722,09/24/2010 12:00:00 AM,medium
16.4597,120.5809,10/08/2009 12:00:00 AM,large
41.9841,21.418,08/06/2016 12:00:00 AM,medium
37.3163,-83.1707,04/02/2016 12:00:00 AM,small
51.7633,-3.792,12/22/2012 11:00:00 PM,large
41.3917,41.4709,08/24/2015 12:00:00 AM,medium
45.5161,-122.3694,01/17/2016 06:05:00 AM,unknown
34.5281,103.7853,07/29/2010 02:00:00 AM,medium
7.096,-73.2994,05/16/2011 05:45:00 AM,medium
37.5986,-82.8875,04/14/2015 09:00:00 AM,medium
27.8187,85.7734,05/20/2016 09:00:00 AM,small
28.0461,83.2627,10/03/2016 12:00:00 AM,medium
11.1088,125.0183,12/30/2014 09:00:00 AM,medium
14.7333,98.6333,08/09/2007 12:00:00 AM,medium
10.5546,-84.8955,10/08/2013 09:00:00 AM,medium
13.2989,123.8,11/19/2007 12:00:00 AM,medium
31.7093,76.9297,07/07/2013 12:00:00 AM,medium
48.5608,-120.7708,07/29/2009 12:00:00 AM,small
16.91639749,121.0991576,10/18/2010 12:00:00 AM,medium
44.5199,-109.0676,07/04/2013 11:30:00 PM,medium
28.6792,82.6789,08/10/2014 10:00:00 PM,medium
6.9452,122.1066,08/04/2013 03:00:00 PM,medium
-17.0664,-67.6635,11/04/2014 12:41:00 PM,medium
43.6896,-123.9719,03/30/2012 02:47:00 PM,unknown
-38.6623,178.0177,01/07/2014 12:00:00 AM,medium
43.3491,11.3032,10/22/2013 12:00:00 AM,very_large
16.2867,120.5842,07/04/2015 11:00:00 PM,medium
51.28777211,-0.15430659,02/14/2007 12:00:00 AM,small
-8.8961,13.351,04/05/2011 12:00:00 AM,medium
39.1209,-120.971,04/19/2011 01:00:00 AM,medium
42.6309,42.8299,03/10/2010 12:00:00 AM,medium
42.72187313,-90.9992342,07/11/2017 09:47:00 PM,medium
27.8057,119.9994,09/28/2016 12:00:00 AM,medium
1.5044,103.7246,06/29/2015 12:30:00 AM,medium
17.0854,-96.75,06/15/2012 12:00:00 AM,medium
37.4288,-105.447,07/25/2011 12:00:00 AM,small
42.2395,-124.3643,02/06/2012 10:17:00 AM,unknown
45.3339,-122.5779,02/28/2011 11:00:00 PM,small
46.1049,-123.336,12/11/2007 12:00:00 PM,large
16.7489,120.7967,05/18/2008 12:00:00 AM,medium
37.8515,68.7882,04/21/2009 08:00:00 PM,medium
32.0275,77.3446,08/18/2015 03:00:00 PM,medium
27.7344,88.633,08/25/2011 12:00:00 AM,medium
28.3341,83.4966,07/22/2013 12:00:00 AM,medium
39.8329,20.7704,11/28/2010 12:00:00 AM,medium
42.1575,-124.3112,12/21/2014 10:25:00 AM,unknown
27.7167,85.15,09/12/2008 12:00:00 AM,medium
34.637,46.9313,02/06/2013 02:00:00 PM,medium
-22.9188,-43.0521,04/06/2010 12:00:00 AM,medium
45.7037,-122.6508,10/24/2010 12:00:00 AM,small
26.7903,88.11,08/09/2016 04:00:00 AM,medium
-41.3078,174.798,08/17/2011 11:45:00 PM,small
46.965,7.4146,05/14/2016 12:00:00 AM,small
19.5426,-96.9137,07/01/2011 12:00:00 AM,medium
10.7142,-61.5838,12/02/2011 12:00:00 AM,small
-42.5589,147.8621,08/24/2009 09:00:00 AM,small
27.339,88.6065,06/14/2012 04:00:00 AM,medium
33.8147,72.9394,02/09/2010 08:00:00 AM,medium
39.5015,-107.3021,07/18/2011 12:00:00 AM,small
33.9741,73.792,08/23/2012 12:00:00 AM,large
27.21819015,86.91913823,07/03/2011 12:00:00 AM,medium
30.416,78.3415,07/24/2015 12:00:00 AM,medium
38.8269,-122.9992,03/25/2011 12:00:00 AM,medium
37.0109,129.0783,07/04/2016 08:00:00 AM,medium
47.9796,-122.204,12/10/2014 06:30:00 PM,small
37.4514,-82.8836,05/08/2009 12:00:00 AM,small
27.8315,85.1638,08/29/2014 09:00:00 AM,medium
22.2805,109.9731,05/01/2013 12:00:00 AM,medium
16.3639,120.6769,05/17/2008 12:00:00 AM,medium
27.9937,82.4827,08/22/2010 09:00:00 AM,medium
49.0271,-122.872,02/09/2015 11:00:00 PM,medium
34.5847,73.3731,08/19/2012 12:00:00 AM,large
-29.954,30.866,02/06/2009 09:00:00 AM,medium
37.7219,-82.31,03/05/2015 10:30:00 PM,medium
3.0089,101.4169,05/09/2013 12:00:00 AM,medium
41.4816,72.3119,06/16/2016 11:00:00 PM,medium
32.8364,-116.7692,02/01/2015 10:05:00 AM,small
41.1795,41.8196,11/11/2015 12:00:00 AM,medium
42.1936,-120.0051,07/10/2015 04:54:00 PM,unknown
31.1191,77.5092,09/19/2010 12:00:00 AM,medium
-0.8994,119.8338,01/25/2014 06:00:00 PM,unknown
41.7112,44.6819,07/09/2015 09:00:00 AM,small
27.4694,114.3101,05/27/2015 12:00:00 AM,medium
48.1285,-122.3624,02/22/2012 12:00:00 AM,medium
42.6285,44.0874,03/22/2010 03:00:00 AM,medium
32.85199035,-80.02022486,08/31/2015 08:30:00 AM,small
25.4993,94.1192,09/09/2007 12:00:00 AM,medium
-2.847,102.0873,05/19/2013 12:00:00 AM,medium
10.2445,77.5146,11/03/2011 12:00:00 AM,medium
14.6046311,121.1751292,07/31/2009 04:00:00 AM,medium
35.9242,-81.6747,07/14/2013 12:00:00 AM,medium
-20.4337,-40.4598,12/22/2013 12:00:00 AM,large
3.1562,101.7035,11/10/2013 12:00:00 AM,small
45.6027,-123.4932,11/18/2015 10:02:00 AM,unknown
35.2169,76.4243,08/07/2010 12:00:00 AM,medium
-6.1781,143.6751,07/04/2015 12:00:00 AM,medium
-0.6811,119.762,01/31/2007 12:00:00 AM,medium
5.8452,118.0657,01/29/2011 04:00:00 AM,medium
45.5598,-123.8924,10/22/2012 05:52:00 PM,unknown
30.2414,78.908,06/07/2011 09:00:00 AM,medium
41.2746,48.4546,04/27/2010 12:00:00 AM,medium
0.772146528,35.56619905,12/29/2012 01:00:00 PM,large
40.5287,-80.2054,07/01/2013 12:00:00 AM,small
47.6269,-121.9754,11/22/2011 03:00:00 PM,medium
10.3456,123.8969,11/24/2009 12:00:00 AM,medium
30.7204,79.0758,07/28/2015 12:00:00 AM,small
33.3296,75.203,03/02/2015 12:00:00 AM,medium
10.0876,-61.8642,12/02/2011 12:00:00 AM,small
45.5632,-123.8953,03/14/2012 04:32:00 PM,unknown
30.9202,103.6205,07/10/2013 12:00:00 AM,medium
18.9045,-70.744,11/18/2011 12:00:00 AM,medium
17.7055,-91.7416,10/21/2015 12:00:00 AM,medium
44.471,-123.412,02/01/2012 12:00:00 AM,small
13.7769,124.2758,12/07/2008 12:00:00 AM,medium
9.573,122.5833,10/07/2013 12:00:00 AM,large
34.2896,-117.4787,02/19/2011 12:00:00 AM,small
45.7413,-123.953,12/01/2013 09:11:00 PM,unknown
19.3805,84.5699,06/26/2016 12:00:00 AM,medium
-20.07651697,148.4762878,03/29/2011 07:00:00 AM,medium
14.8977,120.2377,08/04/2011 06:00:00 PM,medium
44.4624,18.842,05/18/2014 12:00:00 AM,medium
55.46624663,-132.7891693,08/18/2015 03:00:00 PM,medium
42.9771,-123.7439,12/26/2012 08:37:00 AM,unknown
34.3887,106.922,07/12/2013 09:00:00 PM,medium
40.425,-86.8044,06/21/2010 12:00:00 AM,small
25.5212,90.232,07/27/2007 12:00:00 AM,large
44.1247,-124.1257,11/06/2015 01:19:00 AM,unknown
-0.8012,36.9613,04/08/2013 01:00:00 AM,medium
14.97,-89.29,07/21/2008 12:00:00 AM,medium
9.6389,124.0367,01/25/2011 12:00:00 AM,medium
48.7109,-121.1883,12/12/2010 09:51:00 AM,medium
35.3005,74.4492,10/11/2016 12:00:00 AM,medium
-1.2658,116.8247,01/12/2010 12:00:00 AM,medium
27.7211,83.4692,12/26/2009 12:00:00 AM,medium
45.8358,6.5662,05/03/2015 12:00:00 AM,small
54.9753,-5.9605,12/09/2013 12:00:00 AM,medium
10.2878,-84.1807,08/21/2014 10:30:00 PM,large
39.4346,-107.2429,08/19/2010 03:00:00 PM,small
40.3398,-112.5716,05/22/2011 12:00:00 AM,small
10.3503,125.1094,12/26/2011 06:00:00 PM,medium
6.17,101.5081,11/06/2009 12:00:00 AM,medium
28.9429,82.3354,08/14/2014 12:00:00 AM,medium
38.7275,-106.167,06/28/2010 07:00:00 PM,small
61.978,-143.168,07/25/2013 12:00:00 AM,large
38.9218,-104.8365,05/13/2015 12:00:00 AM,small
0.8098,109.4949,10/04/2014 03:00:00 PM,medium
-41.1869,173.363,06/17/2013 01:00:00 AM,small
46.9785,-123.8655,01/05/2015 12:00:00 AM,medium
41.9944,41.7811,08/18/2013 12:00:00 AM,medium
28.1292,120.4216,10/08/2007 12:00:00 AM,medium
35.2207,-82.3216,11/29/2015 12:00:00 AM,medium
-0.9399,36.8168,09/04/2014 12:00:00 AM,medium
8.8229,-82.8416,09/25/2014 12:00:00 AM,medium
40.4981,-80.0038,04/10/2011 12:00:00 AM,small
28.4167,83.6667,09/26/2007 12:00:00 AM,medium
37.1873,-80.111,09/29/2015 12:00:00 AM,medium
51.0219,-115.3397,08/27/2015 02:00:00 PM,medium
34.0404,75.3156,07/10/2015 12:00:00 AM,medium
23.9278,94.0906,08/01/2015 12:00:00 AM,medium
36.2618,-121.7938,01/21/2012 12:00:00 AM,small
37.60489055,-119.9709788,01/16/2016 12:00:00 AM,medium
43.3045,-122.5226,01/19/2012 04:10:00 PM,unknown
35.078,-82.808,07/04/2013 12:00:00 AM,small
45.9952,-122.8771,12/13/2015 09:07:00 AM,unknown
27.92,85.19,07/06/2008 12:00:00 AM,medium
5.4164,118.1493,01/03/2012 12:00:00 AM,medium
43.6985,-124.0773,02/14/2014 07:09:00 AM,unknown
-43.5606,170.1806,01/23/2013 02:00:00 PM,small
7.0562,125.6022,04/09/2014 12:00:00 AM,small
-7.4651,109.6496,01/22/2015 06:00:00 PM,small
-9.7996,-76.1038,04/01/2010 08:00:00 AM,large
10.4701,-66.9072,11/29/2010 12:00:00 AM,medium
5.4439,100.3028,06/02/2012 12:00:00 AM,medium
21.0893,107.4603,07/28/2015 12:00:00 AM,large
45.5102,-122.7037,12/02/2015 12:00:00 AM,small
15.728,121.5989,06/09/2011 12:00:00 AM,medium
6.9851,81.0556,02/15/2013 12:00:00 AM,medium
46.1103,-123.2099,03/17/2012 09:05:00 AM,unknown
34.1625,-118.6002,03/20/2011 12:00:00 AM,small
32.0823,34.9364,11/01/2009 12:00:00 AM,medium
16.8638,-99.8816,09/15/2013 12:00:00 AM,very_large
-17.7318,177.4567,01/24/2012 12:00:00 AM,medium
12.12,-85.89,10/03/2008 12:00:00 AM,medium
13.8701,124.3101,02/19/2008 12:00:00 AM,medium
44.3998,-123.8596,12/21/2015 10:10:00 AM,unknown
19.7615,-97.2422,09/16/2013 08:00:00 AM,medium
14.47,121.05,07/02/2008 12:00:00 AM,medium
44.1114,-124.1233,12/18/2015 12:54:00 AM,unknown
34.0395,-118.5824,07/20/2015 11:00:00 PM,small
39.9575,-111.2445,09/02/2013 08:30:00 PM,medium
8.9655,99.7996,11/05/2010 12:00:00 AM,medium
-36.7654,147.2151,10/06/2016 12:00:00 AM,medium
47.54,-122.1,07/03/2008 12:00:00 AM,small
17.1908,42.7416,08/11/2016 11:00:00 PM,medium
57.2276,-2.2608,10/07/2014 12:00:00 AM,small
24.9667,93.55,08/26/2007 12:00:00 AM,medium
32.3733,77.2498,07/07/2010 12:00:00 AM,medium
10.3325,123.9032,10/10/2010 12:00:00 AM,medium
33.13810294,75.51068484,03/17/2016 12:00:00 AM,medium
45.5178,-122.3554,03/16/2011 02:04:00 PM,unknown
-39.0412,177.4136,04/26/2011 09:00:00 AM,medium
20.87,92.5275,06/15/2010 12:00:00 AM,medium
28.4628,101.8783,06/26/2012 12:00:00 AM,medium
45.7413,-123.9529,12/26/2012 07:58:00 AM,unknown
19.1935,73.0114,08/19/2010 06:00:00 PM,medium
51.1993,-0.8242,04/14/2016 12:00:00 AM,medium
46.3029,-67.5221,06/27/2012 12:00:00 AM,large
21.0268,107.2971,07/28/2015 12:00:00 AM,medium
-44.3025,169.1339,09/24/2007 12:00:00 AM,large
6.2045,-0.1706,10/10/2016 12:00:00 AM,medium
27.7745,85.2401,09/02/2010 12:00:00 AM,medium
36.2032,-82.4673,07/14/2015 12:00:00 AM,small
-33.35,-70.5167,09/08/2009 12:00:00 AM,medium
42.3357,-124.414,12/20/2014 02:56:00 PM,unknown
14.3898,-87.7654,10/03/2010 01:00:00 PM,medium
27.8287,85.5763,05/03/2015 12:00:00 AM,small
37.3507,-79.6319,09/30/2016 02:30:00 PM,small
5.373,100.2802,09/26/2014 04:00:00 AM,small
10.0545,78.0298,07/07/2016 12:00:00 AM,small
9.3626,-79.8221,11/16/2015 12:00:00 AM,medium
10.4089,-61.3723,12/02/2011 12:00:00 AM,small
34.0688,-117.8395,02/27/2010 12:00:00 AM,small
45.6139,-122.8174,03/07/2016 03:00:00 PM,medium
25.1775,93.0123,06/03/2012 12:00:00 AM,medium
-17.7558,178.4944,12/06/2014 12:00:00 AM,medium
46.8621,11.1463,11/16/2014 12:00:00 AM,medium
45.6202,-123.4092,03/26/2014 01:32:00 PM,unknown
34.0424,-117.2674,12/22/2010 09:00:00 AM,medium
23.8393,120.8671,06/14/2010 11:00:00 PM,medium
16.7667,120.7617,08/19/2013 12:00:00 AM,medium
38.9398,-105.0175,07/19/2014 12:00:00 AM,small
40.1095,-80.4911,05/18/2011 11:00:00 PM,small
3.0977,101.6588,01/06/2011 09:00:00 AM,medium
-37.5803,145.2737,01/01/2010 11:00:00 PM,medium
20.8287,92.4063,06/15/2010 12:00:00 AM,large
31.7766,76.9832,09/09/2014 11:00:00 PM,large
10.7163,-61.4719,08/03/2010 12:00:00 AM,small
14.8231,-91.3227,09/04/2010 12:00:00 AM,large
38.4193,-82.4453,05/18/2011 12:00:00 AM,small
50.7035,-3.2243,02/07/2007 12:00:00 AM,medium
21.06313524,92.19566765,06/15/2010 12:00:00 AM,large
40.4377,-79.916,04/06/2007 12:00:00 AM,small
39.5567,-119.2269,08/08/2010 06:30:00 PM,small
34.8855,135.7999,08/14/2012 12:00:00 AM,medium
44.4686,-109.8833,07/15/2014 03:00:00 PM,small
37.7663,-80.4306,03/10/2015 03:00:00 PM,small
50.788,-118.9931,02/09/2015 12:00:00 AM,small
-7.533,109.3047,04/08/2012 09:00:00 PM,medium
7.088,80.6517,04/23/2011 12:00:00 AM,medium
37.5927,-82.8679,02/22/2014 09:00:00 AM,medium
33.0186,75.2405,03/28/2015 12:00:00 AM,medium
44.3982,-122.4805,01/16/2011 08:00:00 AM,medium
32.9918,75.1945,07/29/2013 10:30:00 AM,medium
17.1167,120.917,01/18/2007 12:00:00 AM,medium
27.0161,88.2478,06/29/2015 12:00:00 AM,medium
31.0539,103.5461,08/13/2010 12:00:00 AM,medium
33.8353,-117.9145,10/06/2010 12:00:00 AM,medium
21.3654,-157.7804,05/25/2016 07:00:00 PM,small
40.3847,-106.6107,03/19/2016 06:25:00 PM,small
40.6535,-89.5556,04/18/2013 12:00:00 AM,small
7.909,98.3333,08/25/2011 10:00:00 AM,small
-33.8234,151.0075,06/30/2013 05:50:00 PM,small
10.3031,76.7604,08/07/2013 12:00:00 AM,medium
47.4794,-120.8406,07/16/2016 09:23:00 AM,large
45.6572,-121.9002,11/28/2012 07:58:00 AM,unknown
39.4415,-123.8033,03/11/2016 12:00:00 AM,small
49.8894,6.1098,07/06/1997 12:00:00 AM,medium
20.6479,-156.0898,07/25/2007 12:00:00 AM,small
4.8081,-75.6941,05/21/2007 12:00:00 AM,large
36.0739,-86.8931,05/02/2010 12:00:00 AM,small
4.479,101.479,01/14/2016 02:00:00 AM,small
-7.4343,110.2707,01/12/2015 03:30:00 AM,small
10.7137,-61.5705,08/02/2010 03:30:00 PM,medium
45.713,-122.7251,02/06/2015 07:00:00 AM,medium
13.6042,123.52,02/20/2012 12:00:00 AM,medium
27.6615,120.564,08/09/2015 12:00:00 AM,medium
14.4651,-90.7426,05/29/2010 12:00:00 AM,medium
14.6367,-90.4847,08/02/2015 12:00:00 AM,large
34.8067,73.5654,02/06/2011 12:00:00 AM,medium
25.3056,93.1265,06/03/2012 12:00:00 AM,medium
43.6218,-73.1988,10/10/2015 05:15:00 PM,small
43.6691,-123.6525,01/19/2016 08:25:00 AM,unknown
1.2827,35.447,11/07/2008 12:00:00 AM,medium
36.3969,-119.8086,01/21/2010 12:00:00 AM,small
33.1463,75.7454,05/01/2008 12:00:00 AM,medium
47.5326,-122.0695,12/12/2010 12:00:00 AM,small
47.8734,13.8188,12/01/2007 12:00:00 AM,very_large
44.3998,-123.8597,12/20/2015 05:04:00 AM,unknown
39.5166,-111.1548,08/01/2013 12:00:00 AM,small
45.3853,-92.6751,03/11/2010 06:15:00 PM,small
27.9995,84.6333,07/22/2014 12:00:00 AM,small
21.6429,104.4591,07/23/2010 12:00:00 AM,medium
10.4447,-66.8545,11/27/2010 11:00:00 PM,medium
46.3318,-114.6432,08/02/2011 12:00:00 AM,small
33.0681,-116.7469,07/19/2015 12:00:00 AM,small
24.634,121.7541,10/03/2011 12:00:00 AM,large
24.3311,91.5642,02/09/2015 11:00:00 AM,small
6.1353,116.2825,01/15/2014 11:30:00 AM,large
14.5624,-90.5205,08/28/2010 12:00:00 AM,medium
53.665,-8.306,08/13/2008 12:00:00 AM,medium
45.6731,-121.2129,02/13/2014 09:00:00 AM,large
7.6167,-75.3337,11/20/2010 12:00:00 AM,medium
14.5667,-90.45,08/09/2007 12:00:00 AM,medium
28.278,84.35,08/26/2008 12:00:00 AM,medium
41.8964,12.4374,01/31/2014 12:00:00 AM,large
42.3525,-123.5533,11/29/2012 12:48:00 PM,unknown
17.9031,73.4361,09/04/2011 12:30:00 AM,small
-22.2492,-42.65,01/12/2011 12:00:00 AM,medium
11.374,77.8987,10/31/2015 12:00:00 AM,small
27.832,84.5423,06/27/2016 08:30:00 PM,small
-6.703,106.7734,07/10/2009 05:30:00 AM,medium
6.06832965,116.5867799,06/17/2015 09:00:00 AM,medium
33.2413,75.2381,04/24/2012 12:00:00 AM,medium
15.3925,73.8377,06/06/2008 12:00:00 AM,medium
56.7331,-5.2213,10/26/2014 10:00:00 AM,small
28.2045,84.7387,08/08/2014 11:00:00 PM,medium
7.9436,125.2441,07/04/2011 06:00:00 AM,medium
42.3562,43.9063,03/10/2010 12:00:00 AM,medium
33.2611,75.2138,09/11/2014 12:00:00 AM,small
35.7508,68.8479,11/09/2014 12:00:00 AM,medium
43.5004,-110.9633,05/08/2016 11:00:00 PM,small
51.5408,-3.3766,08/23/2015 06:09:00 PM,small
9.5493,-79.6505,12/09/2010 09:00:00 AM,medium
27.7667,85.7,09/05/2007 12:00:00 AM,medium
16.3634,120.6282,08/15/2012 12:00:00 AM,medium
-40.9324,145.6201,07/15/2016 12:00:00 AM,medium
25.1941,94.4481,08/01/2015 12:00:00 AM,medium
45.6462,-120.7933,09/24/2014 05:15:00 PM,unknown
9.879,76.9683,08/05/2013 08:00:00 AM,medium
47.2841,-122.6522,11/16/2009 12:00:00 AM,small
38.3529,-80.7427,06/23/2016 12:00:00 AM,medium
44.5558,38.063,07/12/2012 12:00:00 AM,medium
18.7654,73.364,11/13/2013 11:00:00 PM,medium
10.3184,77.5277,11/16/2010 12:00:00 AM,medium
19.9883,-155.2448,12/25/2011 05:00:00 AM,small
36.9964,-121.7164,03/15/2016 12:00:00 AM,medium
40.3751,49.8254,05/03/2010 01:50:00 AM,small
14.0211,-87.2055,09/28/2015 09:00:00 AM,medium
44.1372,-124.1247,02/28/2016 12:36:00 PM,unknown
7.8253,126.0367,01/16/2008 02:00:00 AM,medium
45.5169,-122.369,03/15/2012 11:00:00 PM,small
18.5005,120.8417,10/08/2009 12:00:00 AM,medium
25.4196,94.1054,07/29/2010 12:00:00 AM,medium
47.5692,-122.6561,12/12/2010 09:00:00 AM,medium
27.0165,88.2476,06/13/2015 06:30:00 AM,medium
18.8204,97.1594,10/11/2015 12:00:00 AM,medium
44.8545,-91.4334,09/23/2010 01:00:00 PM,small
38.4505,-123.1247,03/15/2016 04:30:00 AM,small
17.8101,120.9319,11/04/2010 12:00:00 AM,medium
14.8937,74.5828,07/19/2015 12:00:00 AM,small
-6.9934,110.389,01/18/2014 12:00:00 AM,medium
7.2853,80.4829,04/22/2011 12:00:00 AM,medium
14.7159,-91.8708,10/06/2015 12:00:00 AM,small
38.3139,-120.6609,10/16/2016 05:00:00 PM,medium
27.7838,85.8369,09/02/2010 07:00:00 AM,medium
14.689,-90.4902,07/11/2015 09:00:00 AM,medium
46.1947,-123.7669,12/08/2015 02:39:00 PM,unknown
14.6614,-90.9681,09/27/2015 12:00:00 AM,medium
1.4931,124.841,11/22/2008 12:00:00 AM,medium
44.3984,-122.3454,12/07/2015 12:00:00 AM,small
31.07,118.2,06/26/2008 12:00:00 AM,medium
28.0115,112.9838,06/23/2014 12:00:00 AM,medium
25.83,94.13,08/18/2011 12:00:00 AM,medium
-5.7946,-35.1888,06/23/2014 12:00:00 AM,medium
48.1424,-121.4219,05/20/2015 09:00:00 AM,small
47.8651,-122.332,03/16/2011 07:00:00 PM,medium
38.9325,121.553,06/28/2007 12:00:00 AM,small
18.2544,-76.8865,09/29/2010 12:00:00 AM,medium
34.10694106,-118.3791589,12/19/2015 01:30:00 AM,medium
-5.0804,-45.601,05/06/2009 12:00:00 AM,medium
9.7967,77.0611,06/15/2016 09:00:00 AM,medium
24.5938,72.7308,07/28/2015 12:00:00 AM,small
29.5863,80.2186,07/24/2015 12:00:00 AM,small
27.2129,117.9852,05/09/2016 08:00:00 AM,medium
24.9926,93.4946,05/12/2013 12:00:00 AM,medium
16.379,120.6,09/22/2008 12:00:00 AM,medium
16.3453,120.5567,08/30/2010 12:00:00 AM,medium
43.271,-122.6802,01/20/2011 12:00:00 AM,medium
34.468,-119.8018,03/21/2011 09:45:00 AM,medium
26.88211522,88.3195318,08/16/2009 12:00:00 AM,medium
34.2363,-118.2251,02/06/2010 08:00:00 AM,medium
23.4495,92.8112,08/28/2015 01:45:00 AM,large
50.4868,-121.7,08/02/2016 12:00:00 AM,medium
10.1067,-83.9753,10/15/2010 12:00:00 AM,medium
33.3747,-86.8019,11/17/2014 02:00:00 AM,small
43.6164,-122.1355,02/28/2016 09:18:00 AM,unknown
5.2885,100.2468,09/23/2015 12:00:00 AM,medium
9.1139,-79.5626,09/14/2014 09:00:00 AM,small
-5.7135,-77.6081,03/03/2015 12:00:00 AM,medium
9.999,-84.4876,11/05/2010 12:00:00 AM,medium
31.4976,130.747,07/28/2015 12:00:00 AM,large
21.369472,-157.7865298,03/04/2011 08:00:00 AM,small
44.404,-122.3785,12/02/2013 01:08:00 PM,unknown
42.9803,-123.7398,02/07/2015 01:05:00 AM,unknown
8.6844,-82.9418,11/04/2010 12:00:00 AM,medium
-6.5317,106.7816,06/17/2014 01:30:00 AM,small
17.5768,120.8896,06/19/2012 12:00:00 AM,medium
24.7992,93.948,07/22/2011 12:00:00 AM,medium
13.1614,123.3344,05/08/2011 12:00:00 AM,small
37.8559,-122.4944,01/18/2010 01:00:00 AM,small
31.2922,103.2827,05/12/2008 12:00:00 AM,very_large
42.1004,-72.0295,09/30/2013 12:00:00 AM,medium
50.8829,-2.8011,02/08/2014 06:00:00 PM,medium
16.5189,120.425,10/18/2010 12:00:00 AM,medium
22.9167,93.6833,08/23/2013 12:00:00 AM,medium
16.427,120.587,09/22/2008 12:00:00 AM,medium
26.1665,91.7049,10/06/2013 12:00:00 AM,medium
7.8998,123.7741,08/16/2011 06:00:00 PM,very_large
41.75,45.7167,06/23/2008 12:00:00 AM,medium
19.2179,73.1694,08/30/2010 05:00:00 AM,medium
33.0977,75.5787,03/15/2015 12:00:00 AM,medium
-43.1826,-71.8666,05/29/2012 12:00:00 AM,large
-0.7416,-79.9205,03/13/2012 12:00:00 AM,large
-4.2201,142.8206,07/21/2015 12:00:00 AM,medium
14.1974,-90.2743,10/19/2015 12:00:00 AM,medium
16.9648,121.2184,10/18/2010 11:00:00 PM,medium
16.9761,120.5281,08/16/2016 12:00:00 AM,medium
45.4206,-122.6707,02/10/2014 12:00:00 AM,medium
15.608,107.9887,11/16/2010 12:00:00 AM,medium
28.3511,84.1176,04/25/2014 01:00:00 PM,medium
28.0878,108.6966,01/17/2015 03:00:00 AM,large
33.2466,75.1611,03/19/2011 12:00:00 AM,medium
31.2574,103.6019,07/01/2011 12:00:00 AM,medium
42.9749,-123.7465,12/22/2015 09:57:00 PM,unknown
44.4217,-121.8784,03/29/2012 01:17:00 PM,unknown
42.4581,-123.0279,12/14/2012 12:29:00 PM,unknown
27.9687,83.9066,07/22/2013 12:00:00 AM,large
3.3271,98.5636,05/15/2016 03:00:00 PM,medium
45.9873,-122.8728,02/28/2011 06:00:00 AM,medium
37.6251,-82.7982,02/21/2015 11:00:00 PM,medium
26.3335,94.5512,06/15/2010 12:00:00 AM,medium
30.4661,111.1995,04/14/2012 06:00:00 AM,medium
61.3285,10.3174,06/10/2011 12:00:00 AM,medium
10.3228,76.4319,08/04/2013 12:00:00 AM,large
0.1276,117.4844,12/21/2008 12:00:00 AM,medium
24.954,94.2156,08/01/2015 12:00:00 AM,small
45.2811,-123.8107,12/28/1998 12:00:00 AM,small
38.7315,75.0176,08/10/2014 08:00:00 PM,medium
43.7638,-91.9607,06/27/2014 09:00:00 AM,small
10.6884,-61.5741,08/23/2012 12:00:00 AM,medium
45.2508,-123.8481,12/20/2014 10:12:00 AM,unknown
37.8919,-122.5665,03/17/2012 12:00:00 AM,small
39.1396,-84.5284,03/13/2014 12:00:00 AM,medium
9.2829,123.2449,11/17/2011 12:00:00 AM,medium
10.0533,76.4788,07/23/2013 08:45:00 AM,small
22.2144,92.235,06/26/2015 03:00:00 AM,medium
34.231,-117.0312,12/19/2010 12:00:00 AM,medium
-9.3884,-77.1255,11/19/2014 12:00:00 AM,medium
34.0837,-118.2701,03/14/2014 08:00:00 AM,small
16.3071,121.9836,11/04/2010 12:00:00 AM,medium
27.9512,85.6846,07/15/2011 06:00:00 PM,small
2.3689,102.8213,01/30/2011 12:00:00 AM,medium
40.7799,-91.0962,04/07/2010 09:00:00 PM,small
-7.4832,109.1404,08/31/2010 12:00:00 AM,medium
10.4792,-84.7349,10/04/2014 12:00:00 AM,small
15.2422,-92.0738,09/27/2014 12:00:00 AM,medium
6.1188,124.8792,05/19/2011 06:00:00 PM,medium
-6.0377,144.9642,04/09/2008 12:00:00 AM,large
16.8256,121.091,05/07/2009 02:00:00 AM,medium
32.8554,131.0362,04/16/2016 09:00:00 AM,large
51.8881,-9.5825,07/03/2016 12:00:00 AM,small
33.899,-117.764,12/15/2008 12:00:00 AM,medium
22.4539,104.0014,09/27/2012 12:00:00 AM,large
39.1905,-107.2301,08/19/2010 03:00:00 PM,medium
31.93184108,-90.29507589,06/03/2016 11:30:00 AM,medium
40.4747,-79.9908,09/09/2015 12:00:00 AM,small
37.9065,-82.907,05/03/2010 12:00:00 AM,small
34.4755,36.1492,02/15/2012 12:00:00 AM,medium
-3.1713,119.3657,11/08/2012 12:00:00 AM,large
16.5713,120.7325,10/08/2009 12:00:00 AM,medium
46.815,-120.9298,09/01/2014 12:00:00 AM,medium
20.8327,-156.1383,06/01/2015 06:00:00 PM,small
38.898,-90.1993,11/17/2009 12:00:00 AM,small
53.0055,-6.4318,09/06/2010 12:00:00 AM,medium
27.805,84.9005,08/01/2016 04:00:00 AM,medium
-25.0209,-51.5288,03/09/2011 12:00:00 AM,medium
-5.4721,104.4842,10/04/2009 12:00:00 AM,medium
25.1796,93.0083,10/09/2010 12:00:00 AM,medium
35.6255,-82.5166,07/04/2013 12:00:00 AM,medium
35.5001,-83.9442,03/14/2010 09:00:00 AM,medium
27.7482,103.8855,08/25/2013 12:00:00 AM,medium
39.9708,-105.1983,11/03/2015 12:00:00 AM,small
25.4379,94.1162,10/19/2007 12:00:00 AM,medium
34.0588,-116.5671,08/25/2013 06:00:00 PM,medium
-16.8164,145.6331,03/05/2008 12:00:00 AM,small
25.6183,96.2964,03/08/2015 12:00:00 AM,large
33.616,77.7652,07/21/2015 12:00:00 AM,small
14.2801,-87.9369,09/25/2015 12:00:00 AM,medium
35.9974,-81.6384,05/06/2013 12:00:00 AM,medium
38.5444,-122.6481,02/25/2011 12:00:00 AM,small
30.012,78.197,07/29/2011 12:00:00 AM,medium
40.4324,-80.0073,12/21/2012 11:50:00 AM,medium
42.6798,-122.6169,11/20/2012 09:22:00 AM,unknown
26.4845,110.1741,05/10/2014 09:00:00 AM,small
44.1527,-94.0658,09/27/2016 12:00:00 AM,medium
32.304,77.2106,07/11/2010 12:00:00 AM,medium
25.7055,94.0132,10/16/2007 12:00:00 AM,large
9.886,-84.1349,11/04/2010 12:30:00 AM,large
34.2243,-118.2263,01/21/2010 03:00:00 PM,small
36.9081,-121.6338,02/17/2011 03:52:00 PM,medium
42.9862,-123.735,02/09/2015 04:12:00 PM,unknown
30.7991,79.4356,09/19/2010 12:00:00 AM,medium
43.6567,-123.9163,12/28/2011 06:10:00 PM,unknown
35.2817,75.6394,04/01/2015 12:00:00 AM,medium
27.3034,93.804,07/16/2016 12:00:00 AM,medium
-35.3515,149.7484,06/26/2013 12:00:00 AM,medium
46.0539,9.4192,12/26/2013 06:00:00 AM,medium
28.3092,95.4149,10/03/2010 12:00:00 AM,medium
18.7591,73.3852,06/29/2009 02:30:00 AM,medium
-41.2619,174.7929,07/21/2013 12:00:00 AM,medium
-6.5909,106.7987,04/19/2013 04:00:00 PM,medium
11.51185539,76.01854791,06/27/2017 01:10:00 PM,small
37.9958,-108.0314,08/07/2016 01:37:00 PM,small
44.1228,-122.3992,03/12/2012 12:00:00 AM,small
56.2266,-4.8568,01/01/2016 11:00:00 PM,medium
50.2413,-57.5843,04/15/2007 02:30:00 AM,small
42.5676,45.2472,06/02/2015 12:00:00 AM,large
25.9466,94.6279,09/08/2014 12:00:00 AM,medium
51.113,-4.1637,12/20/2012 01:00:00 PM,medium
44.4132,-123.9032,12/20/2012 05:23:00 AM,unknown
45.5394,-122.2448,03/13/2016 03:10:00 PM,unknown
11.3,-60.644,12/11/2007 12:00:00 AM,medium
27.6047,88.6463,09/08/2013 12:00:00 AM,medium
48.3815,-116.3517,03/30/2012 12:00:00 AM,medium
26.8597,89.3903,09/15/2012 12:00:00 AM,large
44.885,-93.1627,06/10/2014 12:00:00 AM,small
33.4372,75.2027,02/22/2013 12:00:00 AM,medium
-22.8961,-43.4272,04/06/2010 12:00:00 AM,medium
28.3952,83.5043,06/10/2013 12:00:00 AM,medium
35.7117,-82.8329,05/23/2010 10:00:00 AM,small
27.8808,83.3395,09/15/2010 12:00:00 AM,medium
26.8096,88.526,06/15/2007 12:00:00 AM,medium
15.3258,-92.6698,07/22/2010 02:00:00 AM,medium
19.0176,72.8562,06/08/2010 09:00:00 AM,medium
18.3711,-67.1782,09/24/2014 12:00:00 AM,medium
27.6291,87.9436,10/08/2010 12:00:00 PM,medium
18.0167,121.1831,10/18/2010 12:00:00 AM,medium
46.9484,-121.0704,03/03/2015 06:30:00 PM,small
32.834,-96.8975,07/05/2016 06:00:00 AM,large
6.3665,124.7338,07/15/2010 12:00:00 AM,medium
19.0298,72.9104,06/25/2007 12:00:00 AM,medium
7.1133,-73.1205,03/16/2014 12:00:00 AM,large
42.9633,-123.8481,02/06/2015 06:05:00 PM,unknown
10.232,123.7294,12/07/2010 12:00:00 AM,medium
-14.1232,-70.1217,03/26/2010 12:00:00 AM,medium
8.4829,-13.2408,05/04/2014 09:00:00 AM,small
34.151,74.1213,02/10/2010 12:00:00 AM,medium
27.9654,84.4107,07/02/2011 12:00:00 AM,medium
45.4992,-122.6888,03/15/2012 08:00:00 AM,small
34.38663064,76.34158851,04/20/2010 12:00:00 AM,medium
8.4359,124.5196,11/24/2009 12:00:00 AM,medium
10.6173,-8.6986,03/22/2014 12:00:00 AM,large
44.6474,-93.7933,06/19/2014 12:00:00 AM,small
6.6794,-4.7287,06/14/2016 11:00:00 PM,medium
15.0296,74.0253,08/07/2007 12:00:00 AM,medium
0.6185,122.848,12/22/2013 09:00:00 AM,medium
5.9551,116.6443,08/10/2015 12:00:00 AM,medium
59.6779,6.7499,04/11/2016 01:26:00 AM,medium
28.5299,112.3174,03/18/2016 12:00:00 AM,medium
45.6934,-113.9484,01/16/2011 12:00:00 AM,medium
44.6511,-124.031,01/16/2011 12:00:00 AM,medium
58.5909,6.3231,01/17/2011 12:00:00 AM,medium
20.4475,-98.1654,08/07/2016 12:00:00 AM,medium
7.5694,80.5284,12/18/2012 12:00:00 AM,medium
25.2269,93.1658,06/15/2010 12:00:00 AM,medium
37.9029,-122.4801,03/27/2011 01:00:00 PM,medium
30.709,76.9834,08/04/2014 11:00:00 PM,medium
35.5225,133.9654,08/02/2013 12:00:00 AM,medium
33.4685,-117.001,01/21/2010 05:36:00 PM,small
17.4122,121.4166,06/15/2012 12:00:00 AM,medium
45.6,-122.4333,01/18/2015 08:00:00 AM,small
34.3,-117.9249,12/19/2010 12:00:00 AM,medium
56.228,-4.8572,12/05/2011 07:30:00 AM,medium
17.5004,121.4292,11/04/2010 12:00:00 AM,medium
28.6019,83.3378,07/20/2016 03:00:00 PM,medium
10.3094,125.0981,01/05/2011 12:00:00 AM,medium
37.5456,-122.3497,03/27/2011 09:00:00 AM,medium
33.3118,75.7525,07/08/2013 12:00:00 AM,medium
10.6859,-61.5671,07/29/2010 12:00:00 AM,small
2.7325,102.0987,03/01/2009 06:00:00 PM,medium
48.5817,-120.7948,08/10/2015 12:00:00 AM,small
8.1484,123.8296,02/15/2012 09:00:00 AM,medium
19.0222,72.8663,07/10/2013 12:00:00 AM,medium
10.3479,123.881,10/06/2014 08:00:00 AM,small
44.4311,-123.5356,12/28/1998 12:00:00 AM,small
49.9392,-123.1671,07/26/2015 09:00:00 AM,small
-7.2484,107.9097,02/21/2010 12:00:00 AM,medium
43.7436,-124.05,06/04/2010 10:44:00 AM,small
44.2594,-117.1782,04/13/2015 07:43:00 AM,unknown
7.2532,80.6909,01/09/2011 12:00:00 AM,medium
43.6263,13.5114,08/22/2013 08:44:00 AM,medium
39.8541,-80.8243,03/16/2011 12:00:00 AM,medium
40.7297,124.7836,08/21/2010 12:00:00 AM,medium
61.579,9.6094,06/10/2011 12:00:00 AM,medium
56.2456,-4.8841,10/06/2014 12:20:00 PM,small
17.6424,121.3254,10/08/2009 12:00:00 AM,medium
26.7225,95.0281,07/06/2010 12:00:00 AM,medium
39.9121,-111.7429,05/21/2011 02:00:00 PM,small
44.6575,-123.829,12/13/2013 10:34:00 AM,unknown
36.8,-118.2,07/12/2008 12:00:00 AM,medium
24.3481,94.1146,08/01/2015 12:00:00 AM,medium
-13.3342,-72.0826,01/23/2010 12:00:00 AM,medium
28.18,85.11,06/24/2008 12:00:00 AM,medium
-38.6326,143.8953,09/14/2016 12:00:00 AM,medium
-14.2642,-170.651,12/28/2009 12:00:00 AM,medium
35.4453,73.9342,09/18/2012 12:00:00 AM,medium
37.844,-122.1239,03/14/2016 12:00:00 AM,medium
-6.9336,107.5626,11/29/2010 06:00:00 PM,medium
44.475,-123.4719,01/16/2011 05:33:00 PM,unknown
47.9664,-122.2434,03/10/2011 04:30:00 PM,medium
32.4981,-84.9289,09/03/2014 11:00:00 PM,small
18.4674,-72.5738,10/17/2010 12:00:00 AM,medium
6.5261,80.1563,06/01/2014 11:00:00 PM,medium
39.7295,119.1614,11/16/2013 03:00:00 PM,medium
44.4309,-121.881,12/01/2013 12:48:00 PM,unknown
29.5866,80.2154,08/05/2016 11:00:00 PM,small
10.0757,-83.9822,02/06/2015 03:00:00 PM,medium
6.05,124.9167,12/26/2011 12:00:00 AM,medium
47.8031,-121.549,12/17/2013 12:00:00 AM,medium
14.675,121.15,09/24/2008 12:00:00 AM,medium
38.376,-120.5597,03/06/2016 12:00:00 AM,small
45.4753,-119.7418,09/15/2013 05:58:00 PM,unknown
34.2174,-117.0747,12/22/2010 12:00:00 AM,small
0.3172,32.581,12/30/2012 12:00:00 AM,medium
33.0643,-117.3042,01/07/2008 12:00:00 AM,medium
48.1393,-122.6011,03/27/2013 03:45:00 AM,medium
50.0006,7.863,06/25/2016 12:00:00 AM,medium
21.9304,-159.5036,02/26/2012 09:00:00 AM,small
-3.5517,137.3707,07/15/2014 11:00:00 PM,small
30.9209,77.0206,07/08/2011 12:00:00 AM,medium
39.632,-105.8961,05/27/2014 04:00:00 PM,small
41.9482,41.782,08/18/2013 04:00:00 AM,medium
42.5905,-124.3945,03/21/2012 06:17:00 PM,unknown
23.8396,120.9876,06/10/2012 12:00:00 AM,large
30.1818,81.4392,03/03/2015 12:00:00 AM,medium
-6.250422873,106.8416895,04/21/2012 01:00:00 PM,medium
42.2939,-83.7342,05/25/2011 12:00:00 AM,small
26.1468,91.6469,02/14/2015 12:00:00 AM,small
39.2228,-105.1865,08/24/2008 12:00:00 AM,medium
13.5807,-86.9101,06/11/2015 12:00:00 AM,medium
34.3644,-119.4471,12/22/2010 11:30:00 AM,medium
24.959,121.4479,09/14/2008 12:00:00 AM,medium
38.7981,-84.0971,05/03/2011 12:00:00 AM,small
50.5854,-127.0961,11/25/2011 12:00:00 AM,medium
37.0895,101.5574,10/05/2013 04:20:00 PM,small
44.076,-118.9754,04/06/2011 12:20:00 PM,unknown
-23.0085,-43.527,04/06/2010 12:00:00 AM,medium
35.1802,-88.9436,04/26/2011 12:00:00 AM,small
25.3612,92.2845,04/21/2010 12:00:00 AM,medium
38.9913,-94.5226,05/28/2016 12:00:00 AM,medium
51.4017,0.2355,01/17/2014 04:00:00 PM,medium
37.9135,-82.4804,05/03/2010 12:00:00 AM,small
35.6216,-87.0355,08/08/2011 10:00:00 AM,medium
-45.858,-67.5078,02/17/2010 12:00:00 AM,medium
44.4002,-122.4362,11/20/2012 06:37:00 AM,unknown
38.6697,-85.1616,08/01/2016 12:00:00 AM,unknown
24.6108,92.562,02/19/2015 11:00:00 PM,medium
25.7354,90.3852,09/21/2014 12:00:00 AM,large
37.9926,-108.0164,07/20/2016 02:30:00 PM,medium
14.7801,-91.2764,06/27/2010 12:00:00 AM,medium
-33.9738,18.3715,11/16/2013 01:00:00 AM,small
16.9959,121.3014,10/16/2016 12:00:00 AM,medium
37.5513,-83.3614,09/28/2015 12:00:00 PM,medium
38.0021,-108.0372,07/20/2016 02:30:00 PM,medium
28.7773,82.4728,09/05/2011 11:00:00 PM,medium
4.6967,114.7247,06/07/2011 12:00:00 AM,small
45.6912,-121.3028,01/27/2011 09:07:00 AM,unknown
36.1054,-115.8215,08/30/2013 11:00:00 PM,medium
33.8493,35.6043,01/27/2012 09:00:00 AM,medium
25.8143,90.5763,09/24/2014 12:00:00 AM,large
25.63961883,94.11112157,09/12/2010 12:00:00 AM,medium
36.8755,-83.1497,04/29/2011 09:00:00 AM,medium
45.3573,-122.9626,01/20/2012 08:38:00 AM,unknown
38.4875,-81.3494,07/14/2015 12:00:00 AM,small
43.2386,-79.8363,03/30/2016 09:00:00 AM,small
2.5248,112.3254,10/24/2011 10:30:00 PM,medium
43.6736,20.1007,03/17/2015 12:00:00 AM,medium
33.2355,75.2449,03/20/2014 12:00:00 AM,medium
57.616,-4.69,12/30/2015 12:00:00 AM,medium
37.022,-122.0604,02/25/2011 10:00:00 AM,small
46.7496,-121.5568,02/05/2015 12:00:00 AM,medium
27.8686,83.6606,07/22/2013 12:00:00 AM,medium
24.5308,92.5121,05/18/2016 08:00:00 AM,small
43.6626,-116.0303,01/16/2011 12:00:00 AM,medium
51.2675,-0.0271,02/10/2014 09:00:00 AM,medium
17.225,-98.5,09/16/2013 12:00:00 AM,medium
33.1754,75.8103,03/21/2015 12:00:00 AM,medium
37.9935,-108.0086,07/16/2013 06:00:00 PM,medium
43.5735,-91.2006,06/25/2013 10:30:00 AM,medium
27.2676,88.2891,10/12/2016 12:00:00 AM,medium
-7.7085,110.0076,12/20/2013 03:00:00 PM,large
43.8439,22.8485,03/07/2015 12:00:00 AM,small
32.9918,75.1945,07/29/2013 10:00:00 AM,small
14.8667,-90.9167,10/18/2008 12:00:00 AM,medium
44.9438,-123.9665,01/21/2011 12:00:00 AM,small
40.7118,-111.798,04/15/2009 09:00:00 AM,small
-36.8631,174.7821,06/04/2015 09:00:00 AM,small
26.8342,88.2798,09/18/2009 12:00:00 AM,medium
27.795,84.432,08/14/2008 12:00:00 AM,medium
43.8687,-122.6893,08/09/2012 09:12:00 PM,unknown
48.5431,-113.9591,05/24/2016 12:00:00 PM,medium
18.5044,-72.2947,03/30/2012 10:00:00 PM,medium
44.0617,-123.8257,12/04/2015 07:54:00 PM,unknown
30.5319,79.3541,06/07/2011 12:00:00 AM,medium
13.0536,121.4036,12/09/2014 02:30:00 AM,medium
27.9639,84.8981,07/18/2014 12:00:00 AM,medium
49.8785,-118.1103,02/18/2015 12:00:00 AM,medium
31.236,103.4883,05/29/2010 10:00:00 AM,medium
24.9434,67.0645,10/13/2015 11:00:00 PM,medium
18.2443,-77.0984,05/30/2016 12:00:00 AM,medium
34.7649,135.1777,05/24/2010 08:45:00 PM,medium
20.7641,-99.1474,08/07/2016 12:00:00 AM,medium
9.667669077,124.2731644,10/16/2011 12:00:00 AM,medium
11.2535,124.9682,03/16/2011 12:00:00 AM,small
7.4903,125.2586,06/09/2012 12:00:00 AM,medium
16.7515,120.7678,08/21/2015 04:00:00 AM,medium
40.9387,-73.8896,03/10/2015 01:00:00 PM,small
36.6195,-83.9526,05/13/2013 12:00:00 AM,medium
27.4385,87.0898,08/31/2008 12:00:00 AM,large
36.9118,-92.0833,04/30/2011 12:00:00 AM,medium
31.7655,68.1831,03/19/2016 12:00:00 AM,medium
26.6582,107.9327,02/18/2013 11:00:00 AM,medium
30.56,77.3,09/19/2008 12:00:00 AM,medium
8.2341,-7.5724,06/07/2016 12:00:00 AM,medium
53.8822,-0.1391,08/14/2015 12:00:00 AM,small
45.9605,-123.1673,02/12/2014 04:04:00 AM,unknown
23.7269,92.7265,08/27/2015 12:00:00 AM,medium
43.0797,23.3981,05/05/2008 12:00:00 AM,medium
5.4704,100.2731,11/06/2013 03:00:00 AM,medium
9.0329,-79.538,06/17/2014 12:00:00 AM,medium
45.7218,-123.9285,05/04/2012 01:11:00 PM,unknown
14.4315,120.4851,06/24/2011 12:00:00 AM,medium
-34.9693,138.681,10/02/2016 12:00:00 AM,small
44.5644,-65.6362,04/17/2015 05:00:00 PM,unknown
-7.3397,108.2401,04/04/2014 06:30:00 PM,medium
27.256,90.5257,04/06/2012 11:00:00 PM,medium
25.222,121.6048,09/24/2010 12:00:00 AM,medium
16.7449,120.8252,10/08/2009 12:00:00 AM,medium
3.1618,101.6983,05/08/2013 07:00:00 PM,medium
64.0056,-149.1201,08/18/2013 12:00:00 AM,medium
14.7171,121.6171,12/16/2015 11:00:00 PM,medium
37.2482,-82.564,05/03/2010 12:00:00 AM,small
-0.2196,-78.5347,04/01/2008 12:00:00 AM,medium
37.3486,-83.4771,03/04/2014 12:00:00 AM,large
38.1935,-81.3669,03/04/2015 09:00:00 PM,medium
34.1828,-118.0276,02/25/2011 11:00:00 PM,medium
23.9277,120.692,05/28/2012 12:00:00 AM,large
20.8404,105.7341,08/15/2015 12:00:00 AM,medium
3.1507,101.7058,05/08/2013 12:00:00 AM,medium
25.3908,94.0926,07/22/2015 12:00:00 AM,small
31.8833,104.4333,10/13/2008 12:00:00 AM,medium
35.2417,135.1315,08/17/2014 03:00:00 PM,small
46.2078,-121.4788,07/18/2016 12:00:00 AM,medium
38.81,-123.5857,03/27/2011 11:00:00 PM,small
47.4067,-122.4372,03/05/2014 08:30:00 AM,medium
52.0722,0.4411,08/26/2015 03:00:00 PM,small
51.0934,-3.0193,11/28/2012 06:00:00 PM,medium
40.070736,-75.326559,09/20/2016 02:24:00 PM,medium
43.4205,-115.6043,09/12/2013 12:00:00 AM,medium
10.127,-83.9673,11/03/2014 12:00:00 AM,medium
47.9536,-122.2842,02/06/2015 09:00:00 AM,medium
-7.8313,111.8408,12/17/2008 12:00:00 AM,medium
22.3555,91.8205,06/11/2007 10:00:00 AM,very_large
10.3163,123.8529,01/25/2011 12:00:00 AM,medium
27.9507,84.415,07/02/2011 12:00:00 AM,medium
24.0896,91.4663,05/08/2013 12:00:00 AM,medium
45.5774,-122.7617,01/19/2012 09:31:00 AM,unknown
19.17377751,72.88274367,07/22/2010 02:00:00 AM,medium
6.0202,116.4955,11/05/2014 08:00:00 AM,medium
45.7884,-123.8185,10/14/2014 05:54:00 AM,unknown
22.854,113.493,06/11/2007 12:00:00 AM,medium
26.84850975,88.26181745,06/17/2011 11:00:00 PM,medium
43.0659,24.7312,03/17/2015 12:00:00 AM,medium
45.589,-122.0776,11/21/2014 08:48:00 PM,unknown
-34.0947,18.3534,05/31/2015 09:00:00 AM,small
26.6429,106.7778,07/16/2013 12:00:00 AM,medium
27.1303,87.8711,08/24/2010 12:00:00 AM,medium
-22.91010027,-43.09416702,04/06/2010 12:00:00 AM,medium
31.1581,77.7155,09/20/2010 12:00:00 AM,medium
13.5107,123.0319,11/07/1988 12:00:00 AM,medium
27.1663,100.0692,06/17/2013 12:00:00 AM,medium
28.7236,82.1515,07/31/2008 12:00:00 AM,large
47.9128,-122.3197,12/17/2012 12:00:00 AM,medium
7.257,100.5066,11/01/2010 12:00:00 AM,medium
32.6669,-16.924,02/20/2010 12:00:00 AM,very_large
43.6612,-118.9999,08/23/2013 03:42:00 AM,unknown
21.4018,-157.8951,06/14/2016 12:00:00 AM,medium
18.5369,-96.8229,07/04/2007 12:00:00 AM,medium
60.0033,60.0021,02/11/2014 12:00:00 AM,large
45.6516,-121.5602,02/18/2014 05:00:00 PM,medium
18.1258,-76.5082,08/11/2007 12:00:00 AM,medium
29.5952,79.6625,07/31/2013 08:00:00 AM,medium
-22.7594,-43.1093,04/06/2010 12:00:00 AM,medium
-6.8717,106.8903,11/18/2012 12:00:00 AM,medium
57.0676052,-135.3489024,01/14/2014 03:00:00 PM,medium
26.1966,91.802,07/20/2016 12:00:00 AM,medium
17.7345,83.2884,12/19/2015 12:00:00 AM,medium
34.4955,132.5259,10/20/2014 09:00:00 AM,large
22.3704,103.2816,09/05/2013 12:00:00 AM,very_large
35.9196,128.2829,09/17/2012 12:00:00 AM,medium
10.1495,-83.9436,07/06/2015 12:00:00 AM,small
16.8256,121.1444,07/27/2011 06:00:00 PM,medium
39.9582,-80.7942,04/10/2015 12:00:00 AM,medium
17.2634,73.5446,09/01/2007 12:00:00 AM,medium
25.08303063,94.23757741,04/06/2017 01:19:00 PM,medium
16.4234,120.5901,10/08/2009 12:00:00 AM,medium
-44.6887,168.1281,09/10/2013 12:00:00 AM,medium
32.2282,77.1898,06/29/2011 12:00:00 AM,medium
41.2008,-73.1157,03/20/2014 09:00:00 AM,small
45.2423,-123.8608,12/20/2014 10:19:00 AM,unknown
39.0718,-107.1928,07/18/2013 12:00:00 AM,medium
44.9179,-93.1255,05/22/2013 01:13:00 AM,medium
39.0071,70.1951,03/25/2007 12:00:00 AM,small
16.4946,120.6524,10/15/2009 09:00:00 AM,medium
30.7362,78.44,08/14/2012 12:00:00 AM,medium
27.8595,83.7711,06/18/2013 12:00:00 AM,medium
33.53,71.0525,07/13/2015 12:00:00 AM,medium
-8.3919,115.6018,04/18/2010 12:00:00 AM,medium
27.425,87.0569,09/19/2009 11:00:00 PM,medium
44.6394,-123.7785,12/11/2015 05:41:00 PM,unknown
33.0938,-117.1375,12/04/2014 12:00:00 AM,small
27.7368,86.1636,05/12/2015 12:00:00 AM,medium
-40.8834,172.7672,06/17/2013 12:00:00 AM,medium
-8.8559,121.6536,02/11/2010 12:00:00 AM,medium
40.53,-111.87,06/18/2009 11:00:00 PM,medium
41.0321,-124.1109,01/23/2016 12:00:00 AM,small
38.5051,-81.4752,12/02/2015 09:30:00 AM,small
34.148,-117.8406,02/26/2014 12:00:00 PM,large
16.9817,121.7753,10/18/2010 12:00:00 AM,medium
25.4749,93.1477,10/09/2010 12:00:00 AM,medium
46.749,-120.7902,12/07/2015 09:00:00 AM,small
42.5167,43.1667,03/15/2010 12:00:00 AM,medium
30.89221723,77.09003076,07/02/2016 09:00:00 AM,medium
47.5513,-122.2288,12/12/2010 12:00:00 AM,medium
-22.9255,-43.2854,04/06/2010 12:00:00 AM,medium
42.9634,-123.829,02/18/2011 10:40:00 PM,unknown
38.5514,-105.0973,05/19/2015 12:00:00 AM,medium
26.1097,91.7747,09/22/2014 12:00:00 AM,small
-23.0392,-43.5001,04/06/2010 12:00:00 AM,medium
29.2159,113.9074,06/10/2011 12:00:00 AM,medium
14.4226,-90.6755,06/01/2008 12:00:00 AM,medium
28.6167,82.6167,08/24/2007 12:00:00 AM,medium
37.4221,-82.0184,03/04/2015 11:59:00 PM,medium
13.2817,-88.1253,10/13/2014 11:00:00 PM,small
-8.1431,111.2896,05/24/2010 12:00:00 AM,medium
47.2842,-122.6515,11/16/2009 12:00:00 AM,small
38.3986,-81.7234,04/18/2015 12:00:00 AM,small
15.3975,-91.9955,09/27/2014 12:00:00 AM,medium
-17.98741703,178.3964727,04/03/2016 12:00:00 AM,small
40.4678,-111.7679,07/16/2013 07:45:00 PM,medium
44.1358,-124.1219,03/13/2012 05:11:00 AM,unknown
34.1042,72.46,07/25/2010 12:00:00 AM,medium
34.2451,35.9814,03/12/2015 12:00:00 AM,medium
47.8638,-122.3337,01/30/2014 02:05:00 PM,medium
8.4552,124.6318,12/17/2011 12:00:00 AM,large
38.045,-82.1423,03/02/2012 12:00:00 AM,small
3.3902,101.8881,11/07/2015 06:00:00 PM,large
45.5137,-122.7297,01/19/2012 12:00:00 AM,small
37.2859,-83.2128,04/14/2015 12:00:00 AM,small
39.572,-111.1821,09/02/2012 12:00:00 AM,medium
26.2753,94.6654,08/17/2010 12:00:00 AM,medium
46.9797,-123.8719,01/05/2015 12:00:00 AM,medium
45.3974,-122.4753,01/11/2014 10:02:00 AM,unknown
15.8513,73.8161,07/17/2011 12:30:00 AM,small
23.1667,105.4167,09/25/2008 12:00:00 AM,medium
-3.765,139.3635,08/23/2015 03:00:00 PM,medium
15.598,107.8584,09/29/2009 12:00:00 AM,medium
33.9805,-117.2564,07/19/2015 12:00:00 AM,medium
52.9892,-6.4173,09/06/2010 12:00:00 AM,small
27.0771,88.482,06/30/2008 12:00:00 AM,medium
40.09289035,-80.72112486,09/01/2015 12:00:00 AM,small
38.1838,-81.3139,07/21/2015 12:00:00 AM,small
30.73,78.4378,07/19/2015 12:00:00 AM,medium
55.893,-2.2147,03/31/2010 12:00:00 AM,small
14.3855,-91.1789,10/19/2015 12:00:00 AM,medium
28.2627,103.5712,08/27/2009 08:00:00 AM,medium
33.2361,75.2441,02/19/2012 07:00:00 AM,medium
-41.0443,145.8772,10/02/2016 11:00:00 PM,small
39.9342,69.5667,06/12/2011 12:00:00 AM,medium
3.2711,101.6826,11/07/2009 05:00:00 PM,medium
1.1346,97.5239,12/01/2011 12:00:00 AM,large
47.5955,-121.9831,11/23/2011 06:45:00 AM,medium
39.1106,-84.493,05/06/2012 12:00:00 AM,medium
36.55,137.2279,07/25/2008 12:00:00 AM,medium
45.5152,-122.3625,11/17/2014 03:08:00 PM,unknown
31.348,77.4614,06/16/2013 12:00:00 AM,medium
21.257,-157.8151,02/11/2014 01:40:00 PM,large
33.4341,75.1923,01/07/2008 12:00:00 AM,medium
26.1001,91.6849,09/22/2014 12:00:00 AM,small
44.7336,-122.2691,02/11/2014 06:04:00 PM,unknown
28.524,84.0095,05/05/2012 06:30:00 AM,large
18.4757,-69.914,07/13/2007 11:00:00 PM,small
45.5591,-123.9271,11/12/2011 09:07:00 PM,unknown
34.9033,72.6459,02/26/2010 12:00:00 AM,medium
30.9896,103.6405,07/10/2013 10:30:00 AM,very_large
-37.63770028,176.0447055,04/06/2017 01:19:00 PM,medium
46.9785,-123.8671,01/04/2015 11:00:00 PM,medium
43.654,-123.817,03/15/2012 08:15:00 PM,unknown
-36.9322,175.4632,10/02/2016 12:00:00 AM,medium
38.9833,-107.3476,10/19/2016 08:15:00 AM,medium
37.58211205,-79.72941649,04/06/2017 08:28:00 PM,small
33.6118,73.0439,07/29/2011 12:00:00 AM,large
-22.9928,-43.2524,04/06/2010 12:00:00 AM,medium
17.5753,120.89,08/18/2013 09:00:00 AM,medium
3.0039,101.5769,12/19/2015 12:00:00 AM,small
1.3659,124.8317,01/14/2014 12:00:00 AM,large
19.55,-70.639,02/12/2009 12:00:00 AM,medium
4.8572,101.9565,01/01/2011 12:00:00 AM,medium
18.264,-72.507,08/26/2008 12:00:00 AM,medium
20.8606,105.8437,08/15/2015 12:00:00 AM,medium
24.6929,121.7195,10/05/2009 12:00:00 AM,medium
21.34684783,-158.1221968,12/27/2010 12:00:00 AM,small
13.0755,123.9105,01/18/2015 09:00:00 AM,large
7.159883,80.562102,11/18/2016 03:00:00 PM,medium
28.235,94.9612,07/19/2016 12:00:00 AM,medium
34.5784,-118.5561,10/16/2015 12:00:00 AM,large
35.1328,-85.3186,01/24/2010 12:00:00 AM,small
44.641,-123.1071,05/24/2012 10:22:00 PM,unknown
-3.571,38.235,12/11/2007 12:00:00 AM,medium
38.5624,-109.6312,10/21/2015 12:00:00 AM,small
10.26604714,123.8311893,08/24/2010 11:00:00 PM,medium
9.1261,-82.2996,10/08/2015 12:00:00 AM,small
27.62,86.84,07/10/2013 12:00:00 AM,medium
33.40832011,75.20596208,04/08/2017 01:19:00 PM,small
9.497393176,76.8696375,08/06/2011 09:00:00 AM,medium
38.7037,-83.7895,05/03/2011 05:00:00 AM,medium
19.1331,-97.1317,09/17/2015 12:00:00 AM,medium
48.4878,-122.1952,03/05/2014 12:00:00 AM,medium
36.548,-84.1469,02/26/2016 03:00:00 PM,medium
17.0032,73.3572,06/17/2011 04:00:00 AM,medium
7.902,123.7746,01/11/2014 12:00:00 AM,medium
48.67805991,-121.2442215,04/16/2017 01:34:00 PM,small
53.3319,-132.4149,08/31/2014 07:15:00 PM,small
-3.1946,-52.2093,05/06/2009 12:00:00 AM,medium
27.9726582,83.76126893,07/05/2017 07:39:00 PM,medium
47.6941,-115.9317,11/23/2011 12:00:00 AM,medium
27.9869,84.2765,06/16/2016 12:00:00 AM,large
10.0678,-84.0033,07/06/2015 12:00:00 AM,small
38.4052,-122.8947,03/11/2016 10:48:00 AM,medium
12.8733,74.8481,08/09/2007 12:00:00 AM,medium
-14.2521,-170.6613,12/21/2012 01:00:00 AM,medium
39.1581,-84.5645,03/15/2012 05:45:00 PM,small
26.9722,88.4481,08/19/2010 12:00:00 AM,medium
37.1658,69.9548,04/12/2014 11:00:00 PM,large
-13.1583,-74.2239,12/17/2009 12:00:00 AM,large
43.1143,-124.2948,04/08/2013 08:46:00 AM,unknown
37.0702,-83.3777,10/17/2009 12:00:00 AM,small
1.9345,99.5577,11/22/2014 01:00:00 AM,medium
16.2814,119.887,07/19/2015 12:00:00 AM,small
46.2567,-122.889,11/17/2015 12:00:00 AM,medium
34.1586,72.8541,09/07/2013 11:00:00 PM,medium
21.4936,104.5916,01/23/2010 05:00:00 AM,medium
0.3748,34.9577,05/21/2016 12:00:00 AM,small
41.9126,24.8,03/14/2015 11:00:00 PM,medium
-42.8216,147.185,09/28/2009 09:00:00 AM,small
50.6736,-125.712,09/02/2013 11:00:00 PM,large
-6.0609,142.8548,01/28/2013 12:00:00 AM,medium
30.3299,79.3206,06/29/2016 12:00:00 AM,medium
35.7755,-83.0948,09/15/2015 12:00:00 AM,medium
33.0,74.9277,08/15/2008 12:00:00 AM,medium
39.31,-106.93,07/22/2008 12:00:00 AM,small
45.5491,-123.9045,11/02/2015 04:04:00 AM,unknown
55.5526,-133.0921,01/14/2014 09:00:00 AM,medium
11.2505,-60.575,10/31/2010 09:00:00 AM,medium
14.6219,-90.5119,09/27/2015 12:00:00 AM,medium
1.8203,98.8162,08/27/2012 12:00:00 AM,medium
45.5642,-123.5789,12/01/2013 10:25:00 PM,unknown
-8.5348,-78.0834,02/15/2012 08:00:00 AM,medium
38.4458,-82.5453,05/11/2011 12:00:00 AM,small
52.2396,-1.448,02/14/2014 12:00:00 AM,medium
-7.0089,107.5524,11/18/2012 12:00:00 AM,large
46.9085,-120.5001,07/17/2012 12:00:00 AM,medium
10.4741,-73.8715,10/07/2014 12:00:00 AM,medium
49.3055,-123.1452,11/13/2008 12:00:00 AM,medium
1.1188,110.2726,01/18/2015 09:30:00 AM,medium
40.5071,-79.7401,05/19/2011 08:00:00 AM,small
47.7174,-122.2791,12/12/2010 12:00:00 AM,small
37.9051,-122.6035,03/31/2012 12:30:00 PM,small
34.1574,-118.6189,03/20/2011 06:00:00 PM,medium
50.581,-1.2974,05/11/2010 12:00:00 AM,medium
14.651,-90.8267,09/04/2010 12:00:00 AM,medium
40.1793,-83.1777,07/18/2011 12:00:00 AM,medium
-39.7902,176.989,04/27/2011 09:00:00 AM,medium
48.0389,-122.4035,03/22/2013 12:00:00 AM,medium
46.6436,-121.3797,12/07/2015 09:00:00 AM,medium
31.3456,-110.2541,07/15/2011 12:00:00 AM,medium
26.2208,73.6106,08/14/2007 12:00:00 AM,very_large
-23.4242,-46.6574,01/12/2011 04:00:00 AM,large
5.3,5.8167,01/12/2008 12:00:00 AM,medium
38.1761,-82.0843,05/30/2009 12:00:00 AM,small
8.504,126.1736,04/22/2016 11:00:00 PM,small
39.3838,113.146,04/01/2012 06:50:00 AM,medium
7.8339,125.5986,01/31/2008 11:30:00 PM,medium
-7.2954,109.7188,12/11/2014 06:00:00 PM,small
38.1369,-92.7993,12/21/2015 09:00:00 AM,small
24.7594,97.5634,07/22/2014 07:00:00 AM,medium
-0.2122,100.1682,01/27/2013 06:45:00 AM,large
39.87523711,22.5703077,12/17/2009 12:00:00 AM,medium
23.6244,105.7794,08/22/2015 07:00:00 PM,medium
28.376,83.4946,06/10/2013 11:00:00 PM,medium
45.4284,-122.6583,10/31/2015 03:48:00 PM,unknown
60.5805,8.8143,06/10/2011 12:00:00 AM,medium
5.3391,-75.7311,11/13/2010 12:00:00 AM,medium
44.1473,9.8792,10/31/2010 11:00:00 PM,medium
40.2357,-79.5358,05/19/2011 12:00:00 AM,small
42.5363,-76.0909,09/30/2010 12:00:00 AM,small
40.4934,-79.9458,02/09/2008 12:00:00 AM,small
35.0111,72.7056,07/29/2010 12:00:00 AM,large
27.4083,87.2739,08/04/2014 09:00:00 AM,medium
44.1165,-122.4412,01/25/2012 08:36:00 PM,unknown
9.9189,-84.4693,08/10/2014 10:00:00 AM,small
13.6529,79.3439,11/17/2013 06:00:00 AM,medium
37.8525,-81.073,04/28/2016 07:00:00 AM,small
39.90952566,69.50912023,04/10/2017 01:34:00 PM,small
44.1292,-72.6672,10/05/2016 10:00:00 AM,medium
43.6728,-123.9284,01/05/2016 12:22:00 AM,unknown
43.448,-123.9964,12/21/2015 09:55:00 AM,unknown
27.04357147,88.26522126,05/26/2009 12:00:00 AM,medium
34.4461,-117.6418,09/13/2011 12:00:00 AM,medium
-22.5657,17.1689,03/19/2011 12:00:00 AM,medium
37.886,70.2202,04/28/2015 12:00:00 AM,large
47.9595,-122.2426,12/04/2012 12:00:00 AM,medium
38.8685,-107.592,07/12/2011 06:00:00 PM,small
7.2097,80.207,05/27/2011 12:00:00 AM,medium
8.907,-82.1867,06/21/2015 09:00:00 AM,small
38.71,-83.0697,04/24/2011 12:00:00 AM,medium
39.935,125.4071,07/13/2011 12:00:00 AM,medium
50.6221,-2.4461,04/11/2016 12:00:00 AM,medium
6.25,10.2667,09/27/2007 12:00:00 AM,medium
8.306127,124.265675,11/01/2016 02:24:00 PM,medium
27.1748,86.775,07/31/2016 12:00:00 AM,medium
14.5179,107.8584,09/29/2009 12:00:00 AM,small
31.4881,76.6702,06/11/2013 11:00:00 PM,small
16.2852,120.5811,08/12/2013 08:30:00 AM,medium
43.3941,-124.0805,02/15/2011 05:30:00 AM,unknown
28.0095,83.8669,07/31/2016 12:00:00 AM,unknown
0.777,120.413,07/28/2007 12:00:00 AM,medium
35.774,-120.1521,01/22/2010 12:00:00 AM,small
-22.9131,-43.3857,04/06/2010 12:00:00 AM,medium
30.4528,78.1045,07/24/2015 12:00:00 AM,small
38.8549,-121.1147,03/17/2012 10:00:00 PM,small
12.3521,-84.808,06/23/2014 12:00:00 AM,medium
-41.25317096,174.7697639,04/17/2017 01:34:00 PM,small
37.7028,-81.2565,03/05/2015 09:00:00 AM,small
9.1559,-79.4295,08/26/2008 12:00:00 AM,medium
10.0838,77.0696,06/02/2011 12:00:00 AM,medium
22.479713,77.970495,08/07/2016 01:37:00 PM,medium
-23.6687,-46.4614,01/06/2011 12:00:00 AM,medium
34.1946,-118.9858,12/02/2014 12:00:00 AM,medium
51.4197,-116.4362,10/24/2016 11:00:00 PM,medium
33.7112,-117.6428,05/22/2008 12:00:00 AM,medium
3.1497,101.7036,11/16/2015 09:00:00 AM,medium
26.1699,91.7986,07/19/2007 12:00:00 AM,medium
30.6218,67.3799,01/20/2015 12:00:00 AM,medium
37.126455,-122.122693,12/10/2016 02:22:00 PM,medium
38.944065,-81.904264,03/31/2017 12:57:00 PM,small
37.086401,-81.99834244,04/23/2017 01:17:00 PM,small
40.635137,-122.7339156,01/22/2017 08:21:00 PM,small
37.65203,-121.9822913,02/16/2017 04:54:00 PM,small
6.3879,124.7962,01/18/2011 12:00:00 AM,medium
35.56650209,-121.0797424,01/09/2017 03:19:00 PM,small
20.879697,-156.194319,11/21/2016 03:00:00 PM,small
20.98042183,-156.5437852,04/30/2017 01:17:00 PM,small
36.11129987,-120.3895855,01/22/2017 07:39:00 PM,medium
35.300372,-120.65539,02/23/2017 08:51:00 PM,medium
37.02829013,-122.216077,02/21/2017 05:55:00 PM,small
37.91538871,-121.8915772,02/21/2017 04:54:00 PM,small
37.21263512,-121.9885243,01/18/2017 09:23:00 PM,small
19.241559,72.970312,12/23/2016 01:57:00 PM,medium
6.3666,124.7333,01/18/2011 12:00:00 AM,medium
37.59591829,-122.5041031,02/18/2017 10:55:00 PM,small
38.32738183,-122.3529566,02/07/2017 09:02:00 PM,small
38.63990848,-122.7574041,01/10/2017 04:56:00 PM,medium
-42.26370999,173.8069031,04/06/2017 01:34:00 PM,small
38.59064577,-122.9583487,01/22/2017 08:21:00 PM,small
39.34438459,-122.6654722,01/08/2017 08:35:00 PM,small
45.29581188,-114.6045797,03/15/2017 08:12:00 PM,small
49.58554859,-119.5898279,06/22/2017 01:16:00 PM,small
37.00790092,-122.0480689,02/16/2017 09:26:00 PM,small
0.41984365,123.160963,01/31/2017 09:54:00 PM,unknown
37.11199036,-121.9757197,02/10/2017 07:34:00 PM,small
30.23936058,77.9558167,07/13/2017 01:28:00 PM,small
39.44997865,-80.17766245,02/13/2017 06:08:00 PM,small
46.87775675,-112.6029865,07/06/2017 07:39:00 PM,small
37.07743124,-121.9423608,01/04/2017 07:12:00 PM,medium
40.17135984,-80.20828843,01/19/2017 04:47:00 PM,small
40.22400142,-79.95929042,05/01/2017 01:22:00 PM,small
37.22499305,-122.1489595,02/07/2017 08:58:00 PM,small
37.86317238,-122.4968041,01/22/2017 07:39:00 PM,medium
30.50415824,79.48751264,04/06/2017 01:19:00 PM,small
41.080488,-121.798074,03/07/2017 04:30:00 PM,small
-43.404715,170.096946,11/16/2016 01:59:00 PM,small
37.31941622,-122.265628,01/24/2017 09:52:00 PM,medium
37.04629251,-122.0134418,02/13/2017 03:32:00 PM,medium
-6.007163731,144.9590951,01/09/2017 04:07:00 PM,medium
38.008148,-122.617377,02/21/2017 09:47:00 PM,small
38.52090057,-122.4720513,01/09/2017 03:19:00 PM,small
38.419904,-81.50457,03/01/2017 04:06:00 PM,small
7.1426,125.4782,01/15/2009 12:00:00 AM,medium
38.00797062,-122.6171741,02/23/2017 09:02:00 PM,small
20.85993653,-156.1593175,12/31/2016 04:08:00 PM,small
37.196704,-122.154441,02/28/2017 05:35:00 PM,medium
38.0526819,-122.6865845,02/20/2017 05:25:00 PM,small
40.168849,-79.851127,12/22/2016 01:57:00 PM,small
37.88206112,-122.545533,02/20/2017 05:55:00 PM,small
39.29182137,-121.0971565,01/09/2017 08:35:00 PM,small
39.32232446,-120.42171,02/13/2017 04:48:00 PM,small
37.17394985,-122.2348048,02/24/2017 05:31:00 PM,medium
37.01683953,-122.0627789,01/04/2017 02:48:00 PM,small
40.325565,-80.60591,12/01/2016 02:24:00 PM,small
37.39499237,-122.2573343,02/22/2017 02:46:00 PM,small
38.1702701,-81.31167543,05/13/2017 01:28:00 PM,small
39.20099639,-120.8095385,01/11/2017 06:34:00 PM,medium
41.78962654,-78.47623228,02/08/2017 06:52:00 PM,small
40.95926388,-75.3931442,03/30/2017 01:39:00 PM,small
40.427451,-80.01715803,04/07/2017 01:19:00 PM,small
37.84242895,-122.4780543,03/27/2017 06:09:00 PM,small
41.16939609,-81.61214071,05/01/2017 01:22:00 PM,small
-7.241780411,146.4764078,04/18/2017 02:28:00 PM,small
7.6,125.9667,01/12/2014 12:00:00 AM,medium
46.545921,-116.247693,03/16/2017 07:32:00 PM,small
37.59479437,-121.9302567,02/20/2017 02:46:00 PM,medium
39.252909,-120.9222473,02/19/2017 05:55:00 PM,small
39.291956,-121.09722,12/23/2016 02:22:00 PM,small
39.90714161,-123.7557456,04/20/2017 05:55:00 PM,medium
38.51835931,-122.056666,01/11/2017 02:45:00 PM,medium
40.923534,-123.693787,03/19/2017 08:12:00 PM,small
36.81539141,-121.7232875,01/06/2017 04:07:00 PM,medium
39.44747129,-80.18251435,01/03/2017 05:05:00 PM,small
-6.150862403,143.6461059,05/17/2017 02:05:00 PM,small
40.866917,-123.034161,03/07/2017 04:30:00 PM,small
37.602094,-121.871191,02/22/2017 09:44:00 PM,small
40.10587669,-80.74692388,05/01/2017 01:22:00 PM,small
39.32151816,-120.4235534,02/10/2017 08:43:00 PM,medium
38.18461017,-81.31717065,01/24/2017 08:14:00 PM,small
37.86898188,-122.1956834,01/29/2017 07:34:00 PM,small
35.98028292,-121.4896698,01/03/2017 07:12:00 PM,medium
35.4625036,-120.6760245,02/21/2017 02:46:00 PM,small
20.880079,-156.554609,09/13/2016 02:54:00 PM,medium
39.39646991,-80.19470392,03/29/2017 04:36:00 PM,small
37.21201324,-122.0672826,02/10/2017 08:02:00 PM,medium
39.016715,-82.043528,03/17/2017 03:55:00 PM,small
37.01337021,-121.6503544,01/09/2017 03:19:00 PM,small
40.5330488,-80.20389276,02/14/2017 10:56:00 PM,small
37.89210355,-122.4559918,03/27/2017 06:09:00 PM,small
37.845109,-122.47819,02/20/2017 05:35:00 PM,small
40.6850016,-122.042456,01/10/2017 08:35:00 PM,small
37.03155782,-122.0650416,01/09/2017 03:19:00 PM,medium
37.99222287,-122.5988299,02/08/2017 04:16:00 PM,medium
40.34649585,-79.7649782,02/23/2017 06:40:00 PM,small
38.51175925,-122.1044658,02/17/2017 09:26:00 PM,medium
37.35973464,-122.2534309,02/23/2017 02:46:00 PM,small
38.15973736,-81.29662255,05/12/2017 01:28:00 PM,small
40.85999701,-75.7288122,09/08/2017 07:36:00 PM,small
37.98513859,-122.5130417,02/07/2017 07:05:00 PM,small
37.38644301,-122.2620793,02/07/2017 09:44:00 PM,small
35.42801327,-120.7765753,01/06/2017 06:08:00 PM,medium
36.21772147,-121.7508007,03/08/2017 04:55:00 PM,small
39.44991493,-80.17792076,01/26/2017 08:07:00 PM,small
30.24147729,78.89773782,07/07/2017 01:16:00 PM,small
7.736255099,125.5214687,01/24/2017 10:33:00 PM,medium
35.856966,-121.413869,12/08/2016 02:22:00 PM,small
37.39806804,-122.2765248,02/15/2017 04:47:00 PM,medium
38.359775,-122.200994,12/16/2016 02:35:00 PM,small
37.61662149,-122.4852077,01/09/2017 07:12:00 PM,small
46.77115383,-114.353279,02/21/2017 05:34:00 PM,small
37.90798304,-122.2198603,01/09/2017 09:54:00 PM,small
38.00807124,-122.6173031,03/08/2017 09:47:00 PM,small
36.00801476,-121.5122071,04/20/2017 05:55:00 PM,small
7.604043152,125.8670267,01/24/2017 10:33:00 PM,medium
38.30948329,-81.55135565,06/17/2017 02:21:00 PM,small
51.575712,-112.911742,07/02/2016 12:55:00 PM,medium
40.62364418,-79.86552468,02/11/2017 06:08:00 PM,small
27.357968,85.975127,09/11/2016 12:55:00 PM,medium
19.17066427,73.02142667,06/26/2017 01:16:00 PM,small
37.18069623,-122.2144316,01/04/2017 02:48:00 PM,small
40.25089308,-80.63543332,05/11/2017 02:05:00 PM,small
38.83011,-81.763472,03/01/2017 04:06:00 PM,small
40.727305,-122.077642,12/15/2016 02:22:00 PM,medium
38.23121252,-81.58989258,05/12/2017 01:28:00 PM,small
40.19920903,-79.9235025,05/09/2017 01:28:00 PM,small
49.75151088,-119.7584246,01/22/2017 03:59:00 PM,small
19.292213,73.064979,07/11/2017 02:24:00 PM,medium
40.41337991,-79.9238858,04/20/2017 02:05:00 PM,small
31.01260519,78.88449525,04/06/2017 01:19:00 PM,small
38.4738,-122.9542,02/17/2011 09:00:00 AM,small
8.361576284,124.4153091,01/08/2017 06:34:00 PM,medium
40.881754,-122.367,03/07/2017 04:30:00 PM,small
37.07794252,-121.9805946,02/06/2017 03:32:00 PM,medium
37.24809786,-122.0723305,02/16/2017 09:26:00 PM,small
1.458622,124.843053,12/17/2016 02:02:00 PM,small
37.08035822,-121.9782751,01/09/2017 03:19:00 PM,medium
39.35900577,-123.5095595,01/03/2017 07:12:00 PM,small
37.14832241,-122.0185569,01/18/2017 09:23:00 PM,medium
37.7409578,-121.5810131,02/28/2017 06:52:00 PM,small
-42.068955,171.361312,09/11/2016 12:55:00 PM,large
30.41288197,78.08379453,07/11/2017 02:05:00 PM,medium
7.174586159,125.6063053,01/05/2017 07:12:00 PM,medium
38.67697649,-121.1921364,01/22/2017 08:38:00 PM,small
38.5037,-122.9955,03/25/2011 12:00:00 AM,medium
36.272728,-121.81642,11/19/2016 03:00:00 PM,small
37.761358,-122.025979,03/01/2017 08:30:00 PM,medium
37.94963871,-122.5132598,02/08/2017 06:52:00 PM,small
8.647001607,124.7749346,01/08/2017 06:34:00 PM,small
38.1779061,-81.30458817,01/24/2017 08:14:00 PM,small
37.9146524,-122.1881147,02/08/2017 09:15:00 PM,medium
39.19874154,-123.2847718,01/19/2017 09:23:00 PM,small
39.917148,-123.767061,03/09/2017 05:22:00 PM,small
-41.849833,173.725986,11/28/2016 01:59:00 PM,medium
7.513007,125.917248,10/23/2016 02:24:00 PM,medium
38.48712641,-123.0182724,01/09/2017 04:56:00 PM,medium
37.14797807,-122.0876958,01/09/2017 03:19:00 PM,small
20.855596,-156.168305,11/21/2016 03:00:00 PM,small
39.90752824,-123.7495218,04/26/2017 01:17:00 PM,medium
37.97157094,-122.2424441,01/11/2017 05:02:00 PM,medium
36.026196,-121.534139,03/05/2017 04:52:00 PM,medium
7.578214838,125.8334627,01/24/2017 10:33:00 PM,medium
40.4325874,-80.00745413,03/02/2017 08:30:00 PM,small
38.002075,-122.611728,03/06/2017 09:02:00 PM,small
36.99061086,-121.7142246,02/06/2017 08:58:00 PM,small
37.03562826,-122.0650843,01/20/2017 02:59:00 PM,small
40.42020137,-79.82994351,04/06/2017 01:22:00 PM,small
37.00129086,-122.0212582,03/25/2017 05:32:00 PM,small
37.10839705,-122.1146955,01/09/2017 03:19:00 PM,small
38.81859944,-123.0225391,02/07/2017 08:58:00 PM,small
35.42818822,-120.7711518,01/06/2017 05:02:00 PM,large
-42.84729726,171.5574912,01/18/2017 03:59:00 PM,medium
35.7215834,-120.6979166,01/20/2017 03:39:00 PM,small
37.73969582,-122.4432161,01/10/2017 08:38:00 PM,small
40.35664064,-79.87463695,02/09/2017 10:04:00 PM,small
-19.330294,48.977796,03/07/2017 04:30:00 PM,large
37.37241248,-121.7716119,02/21/2017 04:54:00 PM,small
40.91213877,-122.110964,03/07/2017 04:30:00 PM,medium
42.93062217,-74.176972,03/27/2017 04:36:00 PM,small
27.61274095,85.09556375,06/21/2017 01:16:00 PM,small
35.770582,-121.323815,12/15/2016 02:22:00 PM,medium
37.99578839,-81.73845939,04/20/2017 05:55:00 PM,small
1.45079,124.85034,12/17/2016 02:02:00 PM,small
40.34846467,-80.96197002,04/28/2017 01:17:00 PM,small
-6.095327333,145.02236,02/19/2017 05:34:00 PM,very_large
40.43687977,-79.78054802,03/21/2017 03:11:00 PM,small
45.80251997,-108.5966677,05/03/2017 07:03:00 PM,small
37.12855432,-122.1211344,01/09/2017 03:19:00 PM,small
39.72539392,-86.72234803,05/04/2017 01:22:00 PM,small
20.8755957,-156.1869577,12/31/2016 04:08:00 PM,small
41.296315,-78.64694429,02/08/2017 06:40:00 PM,small
40.56288,-80.715029,03/08/2017 08:35:00 PM,small
-42.521674,173.487651,11/13/2016 03:00:00 PM,large
0.324315182,123.3382454,01/31/2017 09:54:00 PM,unknown
30.81350174,78.6179215,04/05/2017 01:19:00 PM,small
41.26238872,-77.90853269,01/26/2017 08:56:00 PM,small
0.4257,123.2322,07/26/2013 11:00:00 PM,medium
41.58901199,-93.61704562,01/22/2017 09:52:00 PM,small
35.77900132,-121.3288786,01/06/2017 06:08:00 PM,medium
60.039944,11.181628,11/10/2016 03:00:00 PM,medium
37.02125973,-121.9616328,01/04/2017 02:48:00 PM,small
30.61461423,78.3157525,04/06/2017 01:19:00 PM,small
37.742472,-122.414222,02/21/2017 04:54:00 PM,small
-5.857686,144.236673,10/31/2016 02:24:00 PM,
62.12022162,7.095555556,05/08/2017 01:28:00 PM,large
1.481724,124.859026,12/17/2016 02:02:00 PM,small
40.684606,-78.808062,12/18/2016 07:27:00 PM,small
38.18548947,-81.32476841,04/05/2017 01:19:00 PM,small
40.27673341,-78.92350659,01/05/2017 07:12:00 PM,small
40.777504,-123.32004,12/15/2016 02:22:00 PM,large
-2.455868439,120.9263077,05/13/2017 02:05:00 PM,large
0.3653,123.2913,07/26/2013 11:00:00 PM,medium
37.890359,-121.871398,02/24/2017 08:15:00 PM,medium
37.97953546,-122.4994394,02/21/2017 04:54:00 PM,small
7.674494083,125.8603905,01/24/2017 10:33:00 PM,medium
37.998694,-122.461189,02/14/2017 06:32:00 PM,small
40.48344204,-79.86476209,01/24/2017 03:32:00 PM,small
19.17041801,73.02151508,07/06/2017 07:39:00 PM,small
37.08229788,-121.976461,01/04/2017 02:48:00 PM,small
37.36321806,-122.1689726,02/06/2017 08:58:00 PM,small
39.81452834,-123.0790683,01/08/2017 08:35:00 PM,small
-6.082705342,145.2061006,01/09/2017 04:07:00 PM,small
41.29005736,-73.39666321,02/28/2017 06:52:00 PM,small
37.98880698,-122.2972813,04/19/2017 01:35:00 PM,small
36.84145359,-121.6687895,02/22/2017 04:54:00 PM,small
39.367245,-121.108961,12/12/2016 02:22:00 PM,medium
6.500821,124.843439,10/28/2016 02:24:00 PM,small
30.59661,79.569767,09/11/2016 12:55:00 PM,large
0.39819,123.2233838,01/31/2017 09:54:00 PM,medium
37.99985155,-122.6047619,01/09/2017 05:02:00 PM,small
37.03845686,-122.0848471,02/07/2017 07:34:00 PM,medium
-6.502260037,147.0617104,01/10/2017 02:57:00 PM,large
39.310563,-120.686333,02/10/2017 04:25:00 PM,medium
37.018892,-121.93556,12/10/2016 02:22:00 PM,large
-21.306243,165.453367,11/22/2016 05:00:00 AM,large
37.91406437,-122.5121986,03/27/2017 06:09:00 PM,small
36.8837723,-82.67461254,01/24/2017 08:14:00 PM,medium
47.297782,-115.173202,02/07/2015 02:02:00 PM,small
-9.444572674,159.9698462,04/10/2017 01:34:00 PM,small
37.91493114,-122.6628583,03/27/2017 06:09:00 PM,small
38.36665773,-81.61067785,01/14/2017 06:34:00 PM,small
45.91520389,-123.9647618,04/26/2017 01:17:00 PM,small
36.23912968,-121.7747764,03/08/2017 04:55:00 PM,medium
36.000259,-121.501461,12/16/2016 02:35:00 PM,medium
39.732742,-80.092156,03/01/2017 06:03:00 PM,small
38.80779455,-123.0098213,02/07/2017 08:58:00 PM,small
7.796861888,126.1657482,02/17/2017 09:37:00 PM,medium
40.78935149,-122.3127754,02/03/2017 04:56:00 PM,small
40.71264607,-122.0838653,02/03/2017 04:56:00 PM,small
37.11761054,-122.0859022,01/24/2017 08:14:00 PM,small
40.77479079,-80.69692347,05/11/2017 02:05:00 PM,small
39.30552057,-119.9142097,01/08/2017 07:12:00 PM,medium
37.83130513,-122.1903741,04/07/2017 07:04:00 PM,small
6.769806329,125.1815517,07/09/2017 06:45:00 PM,small
8.991165,124.891843,03/09/2017 04:30:00 PM,small
-7.149976033,146.5810575,12/24/2016 04:02:00 PM,medium
27.11610665,93.79559574,07/09/2017 01:23:00 PM,small
8.473637355,124.6312444,01/15/2017 02:45:00 PM,medium
25.181453,93.118105,04/04/2017 12:57:00 PM,small
25.178619,92.012806,03/16/2017 04:46:00 PM,small
45.98329529,-122.4228509,03/13/2017 06:40:00 PM,small
34.53213194,-119.8518368,01/12/2017 06:34:00 PM,small
-35.62543214,174.5370837,04/18/2017 05:47:00 PM,small
35.99797569,71.56077472,02/04/2017 09:44:00 PM,large
-8.168861,112.164807,12/03/2016 03:24:00 PM,medium
7.704408,80.77697,02/26/2017 07:45:00 PM,medium
24.506937,91.588893,11/01/2016 02:24:00 PM,medium
34.57829667,73.3605212,01/08/2017 07:12:00 PM,medium
13.91531965,121.0504722,04/08/2017 08:28:00 PM,small
9.00679,-79.517116,11/21/2016 01:59:00 PM,medium
35.72120055,74.81907701,04/22/2017 06:27:00 PM,small
49.756601,-119.801875,03/27/2017 03:09:00 PM,medium
48.21279544,-116.9164557,03/26/2017 02:10:00 PM,small
47.734742,-122.285041,03/20/2017 08:12:00 PM,small
25.82601444,91.87113067,07/09/2017 06:45:00 PM,small
31.50015823,73.3456681,01/17/2017 02:45:00 PM,small
33.24823884,75.21350071,02/05/2017 07:27:00 PM,unknown
53.900846,-122.678683,03/15/2017 04:46:00 PM,small
2.452671,-76.810198,11/08/2016 03:00:00 PM,large
27.79532591,84.43283218,06/22/2017 01:16:00 PM,small
17.91377914,-76.3807032,05/09/2017 01:28:00 PM,small
45.59489027,-122.8718206,02/08/2017 03:28:00 PM,small
40.74603915,73.65631116,04/23/2017 08:27:00 PM,very_large
11.21089464,124.4806713,07/06/2017 01:16:00 PM,small
27.02099026,89.90712175,07/08/2017 02:21:00 PM,medium
38.720365,-9.13156,02/27/2017 05:35:00 PM,medium
47.28549545,-122.0333076,03/20/2017 07:36:00 PM,small
10.40539545,123.869359,01/19/2017 02:57:00 PM,medium
28.93439223,117.6066571,01/21/2017 08:21:00 PM,medium
24.353826,102.6006263,09/11/2017 05:48:00 PM,unknown
38.77083069,-120.4499206,02/10/2017 04:48:00 PM,medium
30.657544,104.065852,09/17/2016 02:54:00 PM,medium
-6.819792175,107.5429852,11/15/2016 03:00:00 PM,medium
-17.942215,178.371324,12/16/2016 02:35:00 PM,medium
55.19060657,-6.277283962,01/10/2017 06:34:00 PM,small
-7.501529051,110.3254073,02/26/2017 09:39:00 PM,unknown
-17.57752959,-149.581559,01/22/2017 03:59:00 PM,large
33.30519197,-116.8789588,02/27/2017 08:52:00 PM,small
24.74540185,116.7514166,04/23/2017 05:55:00 PM,medium
5.490492298,101.0518731,04/12/2017 01:34:00 PM,small
18.085673,-76.446345,03/18/2017 03:55:00 PM,medium
38.76605491,-120.4896612,02/21/2017 07:17:00 PM,small
35.26818518,-85.12267855,04/24/2017 05:58:00 PM,small
32.491079,-117.018195,02/27/2017 08:30:00 PM,small
38.0749613,-83.4164066,02/07/2017 03:28:00 PM,small
32.97668497,-116.9953659,01/22/2017 08:21:00 PM,small
13.168639,-61.165938,11/08/2016 03:00:00 PM,small
44.12206433,-122.4124263,04/27/2017 01:17:00 PM,small
50.9084437,-4.562811592,04/11/2017 07:04:00 PM,medium
43.30125305,-122.9518452,03/31/2017 06:09:00 PM,small
38.77656298,-119.9205469,02/10/2017 08:43:00 PM,small
39.746323,19.935972,02/28/2017 08:30:00 PM,small
35.74856262,-82.337661,03/04/2017 03:24:00 PM,small
43.246274,-79.863039,12/01/2016 01:59:00 PM,small
-37.122322,175.84498,03/07/2017 06:03:00 PM,small
1.151898036,-76.63992276,03/25/2017 05:32:00 PM,catastrophic
35.55938329,-118.5872534,01/09/2017 08:35:00 PM,small
2.718876992,101.9674097,05/10/2017 01:28:00 PM,small
11.28577212,11.31096571,06/10/2017 02:21:00 PM,medium
46.483063,-116.172497,03/18/2017 03:55:00 PM,small
-12.975659,-76.155795,03/01/2017 05:35:00 PM,unknown
-38.18869842,177.2938257,07/07/2017 01:16:00 PM,large
42.779003,13.705423,02/12/2017 08:45:00 PM,large
31.10312666,77.20355516,09/02/2017 03:08:00 PM,medium
36.62937456,-84.22811475,04/23/2017 01:17:00 PM,small
5.390276,102.064002,01/01/2017 01:57:00 PM,small
32.70502653,109.9210095,04/17/2017 01:35:00 PM,medium
28.18269,85.343049,09/12/2016 12:55:00 PM,medium
50.77647805,-119.1744426,05/07/2017 08:27:00 PM,small
32.36993877,-110.7105473,02/19/2017 09:20:00 PM,small
49.57167719,-121.4039357,03/26/2017 04:36:00 PM,small
48.34711783,-120.0729447,04/15/2017 01:34:00 PM,medium
13.28549037,123.7297874,01/14/2017 06:34:00 PM,large
-36.798102,175.084997,03/11/2017 05:22:00 PM,small
3.070438,101.747557,11/19/2016 03:00:00 PM,medium
0.22873047,99.96997487,01/04/2017 07:12:00 PM,large
28.2622,85.373125,09/12/2016 12:55:00 PM,
36.187845,-112.032096,03/25/2017 02:24:00 PM,medium
39.66993303,71.99993036,01/04/2017 07:12:00 PM,unknown
50.248237,-119.30521,03/16/2017 01:48:00 PM,small
-7.803124,111.845613,12/07/2016 03:24:00 PM,
38.77856835,-120.2613976,02/11/2017 04:48:00 PM,small
36.592541,-118.22276,02/09/2017 11:12:00 PM,large
42.42959301,13.77837342,01/18/2017 07:05:00 PM,large
-40.31050874,175.7762309,04/24/2017 08:44:00 PM,small
4.848737229,101.8207872,01/02/2017 07:12:00 PM,small
48.69637244,-118.197505,04/25/2017 01:17:00 PM,small
28.10756941,94.18315697,06/20/2017 01:16:00 PM,medium
34.00612387,-118.8114018,04/10/2017 07:04:00 PM,small
17.97569294,-76.28628106,05/09/2017 01:28:00 PM,small
20.66346651,-156.04243,01/03/2017 03:40:00 PM,medium
36.411747,-81.48218355,01/17/2017 08:58:00 PM,medium
6.817009,11.240935,11/07/2016 03:00:00 PM,medium
6.959222,80.794842,03/07/2017 10:33:00 PM,small
-38.70743,174.616841,09/18/2016 02:24:00 PM,small
22.97758595,91.80439129,06/18/2017 02:21:00 PM,medium
39.34103606,71.50740153,04/23/2017 06:27:00 PM,medium
42.13381148,-122.6347989,02/22/2017 04:54:00 PM,medium
50.36554226,-121.2386985,02/15/2017 09:01:00 PM,medium
5.076694444,-75.49742754,04/19/2017 01:35:00 PM,large
33.21481,-117.388065,02/28/2017 09:51:00 PM,small
5.268333182,117.1030201,04/01/2017 01:34:00 PM,medium
46.84183063,-115.6191942,03/18/2017 08:12:00 PM,small
47.53222,-122.021859,02/16/2017 10:29:00 PM,small
43.20365429,-124.3049956,01/09/2017 06:34:00 PM,large
45.51457205,-122.7012766,02/07/2017 06:52:00 PM,small
47.47729387,-122.1856476,02/16/2017 10:29:00 PM,small
48.56465589,-119.722696,04/07/2017 01:19:00 PM,small
34.23938592,-117.4982338,01/20/2017 02:59:00 PM,small
37.97107992,-120.3951429,02/21/2017 05:34:00 PM,small
36.0814451,-112.1241307,04/01/2017 01:34:00 PM,small
28.064974,83.244916,10/22/2016 12:55:00 PM,large
49.06108608,-117.0382904,03/18/2017 02:24:00 PM,medium
46.10010136,-122.9983763,01/22/2017 07:05:00 PM,small
42.42373266,-123.3280821,01/10/2017 06:34:00 PM,small
48.6449901,-116.3498136,04/07/2017 01:34:00 PM,medium
11.339753,76.869056,03/24/2017 03:26:00 PM,small
36.2806339,74.61062816,04/22/2017 05:55:00 PM,small
-20.223333,31.750982,02/27/2017 09:51:00 PM,unknown
34.48790177,-119.305408,02/06/2017 08:58:00 PM,small
33.431515,-111.925961,03/01/2017 04:06:00 PM,medium
36.23342566,46.27111398,04/15/2017 01:34:00 PM,medium
27.140584,86.398964,09/12/2016 12:55:00 PM,
41.75450225,71.03024017,05/16/2017 02:21:00 PM,medium
34.08452617,74.03027722,01/25/2017 07:44:00 PM,medium
4.470971,101.379313,12/25/2016 01:57:00 PM,small
31.0563269,77.13685018,01/06/2017 03:40:00 PM,medium
24.79591421,93.72386429,03/30/2017 08:28:00 PM,small
49.62223265,-119.6632642,07/06/2017 01:16:00 PM,medium
45.81932865,-77.11404365,05/05/2017 01:22:00 PM,small
33.30044087,75.18163117,02/03/2017 06:09:00 PM,medium
27.02856666,89.57220662,07/08/2017 02:21:00 PM,small
44.15797479,-123.5759976,01/22/2017 07:44:00 PM,medium
-16.38701661,-73.26556208,01/27/2017 07:15:00 PM,very_large
20.944738,85.156627,03/27/2017 03:09:00 PM,medium
43.31347825,-110.7420242,03/17/2017 02:24:00 PM,small
40.555957,73.34965668,05/11/2017 01:28:00 PM,medium
5.534740788,8.035004131,01/12/2017 03:19:00 PM,large
34.41189295,-119.740357,02/16/2017 09:01:00 PM,small
43.54829,-108.1901238,05/02/2017 01:22:00 PM,medium
48.656783,-116.340039,03/18/2017 03:47:00 PM,small
35.44377033,73.98356806,04/06/2017 01:19:00 PM,small
-6.895652888,107.9346103,04/16/2017 01:34:00 PM,medium
33.28491163,-116.8687058,02/27/2017 08:52:00 PM,small
42.57651795,-123.593824,01/16/2017 07:15:00 PM,medium
42.759463,-91.096206,03/25/2017 02:24:00 PM,small
34.89483946,72.79989006,02/22/2017 10:45:00 PM,small
44.929589,-123.049734,03/16/2017 04:46:00 PM,small
35.117392,-113.907046,03/02/2017 08:35:00 PM,medium
47.325353,-122.368876,03/16/2017 02:10:00 PM,medium
-34.21042,-70.737359,02/26/2017 05:31:00 PM,unknown
45.34401354,-122.6193348,04/13/2017 01:34:00 PM,small
50.76327922,-120.3290473,04/10/2017 07:04:00 PM,small
3.080509303,101.7965988,04/22/2017 06:27:00 PM,medium
47.38482082,-122.0110634,02/09/2017 08:43:00 PM,medium
22.90813548,92.47207294,06/09/2017 02:21:00 PM,medium
34.31601832,-117.4793337,02/17/2017 07:25:00 PM,medium
35.378269,71.786687,02/18/2017 08:51:00 PM,unknown
39.23401474,68.62977171,07/03/2017 02:21:00 PM,medium
47.535134,-122.347458,02/15/2017 10:29:00 PM,small
32.34585132,-110.7181389,01/16/2017 02:36:00 PM,small
28.282927,83.583154,09/18/2016 02:54:00 PM,medium
39.97818728,115.6917701,06/19/2017 01:16:00 PM,medium
43.21047392,77.22321527,05/04/2017 01:22:00 PM,medium
-15.43182932,-74.6291448,01/16/2017 02:57:00 PM,medium
30.8754355,77.00009329,01/26/2017 07:15:00 PM,small
25.43807422,91.79904872,06/17/2017 06:45:00 PM,medium
11.329547,76.801586,11/16/2016 03:00:00 PM,small
11.398541,109.003601,10/30/2016 02:24:00 PM,medium
43.312864,-122.838041,03/09/2017 05:22:00 PM,small
46.499507,-72.425793,11/10/2016 02:00:00 PM,medium
50.791084,-119.076402,03/16/2017 01:48:00 PM,small
43.399103,-123.523467,11/09/2016 03:00:00 PM,medium
45.78715735,-123.9588755,02/22/2017 04:54:00 PM,small
-8.199886501,115.3306784,02/17/2017 09:37:00 PM,unknown
40.04389738,71.73182497,06/19/2017 01:16:00 PM,medium
-7.00063,110.41455,11/15/2016 03:00:00 PM,small
10.50547001,105.3439054,04/22/2017 06:27:00 PM,medium
35.68457,-82.617208,12/06/2016 03:21:00 PM,small
49.454804,-2.621487,03/04/2017 05:35:00 PM,small
46.51108985,6.658183,02/19/2017 06:25:00 PM,small
50.765915,-119.007904,03/14/2017 07:15:00 PM,small
50.78852866,-119.1013982,04/17/2017 05:47:00 PM,small
50.764389,-119.339699,11/04/2016 02:00:00 PM,small
-36.897886,174.656243,03/11/2017 04:09:00 PM,small
-7.620422766,111.0302789,11/29/2016 03:24:00 PM,medium
37.69857085,-82.29706429,04/24/2017 08:44:00 PM,small
44.13859082,-123.5898268,01/18/2017 07:44:00 PM,medium
34.281648,-119.305557,12/23/2016 03:21:00 PM,small
34.06239011,-118.5849607,01/24/2017 08:56:00 PM,medium
19.663933,82.210221,03/31/2017 12:57:00 PM,small
38.97339464,-119.9048334,04/07/2017 08:28:00 PM,small
27.340009,87.196504,09/21/2016 02:24:00 PM,small
3.488901522,97.78388889,04/12/2017 01:34:00 PM,large
25.51826286,91.9630294,02/15/2017 10:56:00 PM,small
10.42315598,123.9151978,01/15/2017 02:45:00 PM,medium
26.16066111,91.85294885,04/05/2017 01:19:00 PM,medium
-28.708321,153.429014,02/25/2017 04:52:00 PM,small
43.497427,-110.955201,12/16/2016 02:22:00 PM,small
3.969957896,114.5253161,05/11/2017 02:05:00 PM,medium
46.029522,-122.738416,03/15/2017 04:46:00 PM,medium
19.7295408,99.071045,09/26/2017 06:39:00 PM,medium
37.12103728,-113.5490905,01/22/2017 07:05:00 PM,small
45.53803931,-122.7185838,03/28/2017 01:34:00 PM,small
34.58916028,74.24641226,04/18/2017 02:28:00 PM,medium
10.41107984,123.877217,04/11/2017 07:04:00 PM,small
33.1292173,75.44618906,04/16/2017 01:34:00 PM,small
47.4169527,-123.1317492,02/09/2017 07:54:00 PM,small
39.31117535,-82.43717873,04/24/2017 01:35:00 PM,small
17.108372,121.144802,12/01/2016 03:00:00 PM,medium
-10.605689,26.127974,11/17/2016 03:00:00 PM,large
27.82743132,93.62407259,05/03/2017 02:05:00 PM,medium
10.36635804,123.8798488,01/18/2017 07:27:00 PM,small
39.41631217,-85.01283147,12/29/2016 02:37:00 PM,small
-20.23931048,-43.42891666,02/09/2017 07:05:00 PM,very_large
49.14619326,-116.7619053,03/17/2017 02:24:00 PM,small
36.2210159,-84.08529923,04/23/2017 05:58:00 PM,small
33.365952,70.760821,11/16/2016 03:00:00 PM,medium
38.43665145,-118.6402004,12/28/2016 02:37:00 PM,small
49.97856299,-117.371061,03/19/2017 02:24:00 PM,small
49.558733,-121.429282,10/25/2016 02:24:00 PM,small
45.506282,-122.716574,03/09/2017 05:22:00 PM,small
27.51353298,89.79033898,07/08/2017 02:21:00 PM,small
34.131611,-118.450724,03/08/2017 06:03:00 PM,small
47.49931548,-122.3038035,02/09/2017 07:54:00 PM,small
5.049029288,6.245488889,01/09/2017 02:57:00 PM,large
29.44260809,81.58545459,07/01/2017 01:23:00 PM,small
-4.005120887,39.63285517,05/08/2017 01:28:00 PM,medium
3.191775857,101.7721705,03/19/2017 08:12:00 PM,small
23.65637182,93.02746602,06/17/2017 01:16:00 PM,small
37.244089,-83.181625,03/02/2017 10:33:00 PM,small
38.60823855,-90.048951,05/03/2017 01:22:00 PM,medium
11.02032339,124.5923832,07/06/2017 01:23:00 PM,medium
25.092576,91.763689,03/06/2017 08:35:00 PM,small
33.220138,75.796448,03/19/2017 03:55:00 PM,medium
18.14814456,-76.86218625,05/03/2017 01:22:00 PM,small
-16.4992247,-179.9807656,01/06/2017 04:47:00 PM,medium
10.1943788,123.564923,01/15/2017 02:45:00 PM,unknown
47.28796522,-122.4077077,03/14/2017 09:29:00 PM,small
45.95746074,-122.7990573,04/25/2017 01:17:00 PM,small
-8.980346,-77.277592,03/11/2017 04:09:00 PM,unknown
37.12566076,-82.81854517,12/29/2016 02:37:00 PM,small
27.1071241,93.65156438,07/09/2017 01:23:00 PM,small
35.99335269,45.89296276,04/15/2017 01:34:00 PM,small
34.47125319,-112.5160729,12/28/2016 02:37:00 PM,small
34.019251,-118.5046804,01/22/2017 08:21:00 PM,small
38.30334872,-120.6722988,02/07/2017 09:28:00 PM,small
45.38291482,-77.62667936,04/21/2017 01:22:00 PM,small
47.22834281,-122.3846014,02/16/2017 10:29:00 PM,small
28.101232,83.405823,09/20/2016 02:24:00 PM,medium
26.985606,87.322163,09/21/2016 02:24:00 PM,small
34.022705,-118.509724,12/24/2016 01:57:00 PM,small
-35.8166324,173.7165281,02/17/2017 08:04:00 PM,small
25.481623,93.141692,04/04/2017 12:57:00 PM,small
38.297838,-120.704661,10/30/2016 02:24:00 PM,
38.17483722,-92.79794505,04/29/2017 01:22:00 PM,small
45.298184,-122.8087328,02/16/2017 06:30:00 PM,small
37.683734,-112.114258,02/24/2017 09:44:00 PM,large
37.26104331,-112.9483461,01/13/2017 09:23:00 PM,medium
-11.9028289,-76.66275382,01/15/2017 04:47:00 PM,large
42.63338074,-114.5205872,02/15/2017 03:32:00 PM,medium
45.61062404,-122.8190661,01/18/2017 04:04:00 PM,medium
-18.08435942,178.4603002,01/05/2017 03:40:00 PM,small
24.83507319,93.89896294,07/09/2017 01:23:00 PM,small
33.17580726,75.81055668,02/25/2017 08:30:00 PM,medium
28.471897,84.811891,09/16/2016 02:54:00 PM,medium
-8.213841663,115.4153855,02/17/2017 09:37:00 PM,unknown
-16.805174,178.321201,12/18/2016 02:02:00 PM,medium
36.27317631,51.24268766,12/25/2016 04:02:00 PM,medium
45.575361,-122.134723,03/12/2017 03:09:00 PM,small
33.43537575,75.19067397,12/26/2016 04:02:00 PM,unknown
48.694816,-116.311247,03/18/2017 03:47:00 PM,small
33.17598419,75.81088889,04/15/2017 01:34:00 PM,medium
41.582475,41.662586,11/02/2016 02:24:00 PM,small
33.32657967,-117.1616583,02/27/2017 08:52:00 PM,small
32.99132221,75.19427899,04/12/2017 01:34:00 PM,small
13.77195072,124.2689432,12/25/2016 04:02:00 PM,medium
4.815958691,-73.64232847,02/22/2017 02:46:00 PM,unknown
27.21668161,93.63051815,07/11/2017 02:21:00 PM,large
33.37197314,75.19440189,02/27/2017 07:45:00 PM,unknown
40.89599912,72.88344398,01/26/2017 09:24:00 PM,unknown
18.769972,73.36312926,01/30/2017 09:54:00 PM,small
32.83198,75.730159,11/10/2016 03:00:00 PM,small
19.603396,105.219712,09/14/2016 04:35:00 PM,medium
40.02005765,115.5947654,06/19/2017 01:16:00 PM,small
36.27035576,-82.23036111,04/23/2017 01:37:00 PM,small
48.0243833,24.16620636,02/02/2017 04:23:00 PM,medium
-38.78159,143.427857,09/14/2016 02:54:00 PM,
32.3071683,77.60234008,04/30/2017 01:17:00 PM,small
43.26556637,-79.94953944,04/20/2017 05:55:00 PM,small
8.584503303,76.97925203,04/13/2017 01:34:00 PM,small
41.70380755,-112.1239698,02/18/2017 10:04:00 PM,small
-7.579046857,36.79391662,05/10/2017 01:28:00 PM,small
37.73075352,-119.7564456,02/07/2017 06:52:00 PM,small
-37.73674273,176.2877483,04/06/2017 05:55:00 PM,medium
34.08329546,-118.7040568,01/09/2017 08:35:00 PM,small
-7.765408764,111.806656,04/09/2017 01:19:00 PM,large
47.802118,-122.39457,11/28/2016 03:00:00 PM,medium
-7.8536645,111.6796011,04/09/2017 01:34:00 PM,medium
50.767546,-119.340713,11/19/2016 03:00:00 PM,small
24.37169581,93.70684171,07/10/2017 06:45:00 PM,small
-36.95034055,174.6494078,04/05/2017 01:19:00 PM,medium
47.96070249,-122.2456413,04/14/2017 01:34:00 PM,small
32.9134621,-107.7735894,02/06/2017 09:44:00 PM,small
-0.375033658,-78.4920607,02/21/2017 08:51:00 PM,unknown
48.794633,-116.155712,03/15/2017 01:48:00 PM,small
47.887146,-122.330284,03/28/2017 02:10:00 PM,small
29.61896246,81.322472,07/10/2017 02:05:00 PM,medium
36.04764,-112.093012,04/03/2017 12:57:00 PM,small
39.02784308,-84.51053138,02/14/2017 03:32:00 PM,small
47.38035226,-122.9554581,02/09/2017 07:54:00 PM,unknown
27.85256028,84.55829403,04/14/2017 05:47:00 PM,small
6.159049,116.447249,11/20/2016 03:00:00 PM,medium
-17.96882023,178.5280707,12/31/2016 02:37:00 PM,small
39.187924,-108.260446,03/03/2017 09:12:00 PM,small
45.973789,-117.264604,03/18/2017 03:55:00 PM,small
53.717768,-2.248379,03/08/2017 08:35:00 PM,small
44.12321599,-123.620023,02/16/2017 06:40:00 PM,medium
-12.01467789,-76.90119589,03/17/2017 05:32:00 PM,large
34.91321927,72.75163388,04/27/2017 01:17:00 PM,medium
7.896147,98.302934,09/12/2016 02:24:00 PM,medium
37.277007,-83.108536,04/01/2017 12:57:00 PM,small
51.23626124,-118.9831899,05/05/2017 08:27:00 PM,small
-16.54900909,-68.06892167,02/15/2017 08:04:00 PM,large
44.14353772,18.07769206,02/24/2017 07:45:00 PM,very_large
3.215342,113.42223,03/20/2017 03:47:00 PM,medium
10.82004,-61.12717,11/30/2016 03:24:00 PM,medium
34.63639,74.77415081,01/25/2017 07:44:00 PM,medium
25.67836832,91.9234343,06/17/2017 06:45:00 PM,medium
45.629207,-122.822548,12/20/2016 02:02:00 PM,small
40.86625858,73.34015666,04/22/2017 05:55:00 PM,medium
33.1292173,75.44618906,04/16/2017 01:34:00 PM,small
33.85483981,74.76317443,03/30/2015 12:00:00 AM,medium
-16.811107,-179.8647,12/17/2016 02:02:00 PM,small
-17.311122,179.402164,12/15/2016 02:22:00 PM,small
7.044361138,93.79758632,01/06/2017 04:07:00 PM,large
27.56884999,85.50492198,07/09/2017 06:45:00 PM,medium
27.0844941,93.60505989,07/09/2017 01:23:00 PM,medium
-36.943557,174.648774,03/11/2017 04:09:00 PM,small
43.39079798,-123.541517,02/08/2017 06:52:00 PM,small
32.34193603,77.22157675,05/05/2017 01:22:00 PM,small
45.531962,-122.960461,12/02/2016 02:24:00 PM,small
-18.0901755,178.4846638,01/05/2017 07:12:00 PM,small
47.96976148,-122.3511262,03/29/2017 01:40:00 PM,small
46.04343186,-117.2441381,04/13/2017 01:34:00 PM,large
45.520603,-122.721696,03/15/2017 04:46:00 PM,small
48.72384823,-116.5300705,04/09/2017 01:34:00 PM,medium
10.74,-61.27,12/06/2016 02:22:00 PM,medium
29.58406963,32.7133246,01/01/2017 04:08:00 PM,small
33.18025403,75.80786093,03/30/2017 04:36:00 PM,medium
47.844033,-122.342937,03/20/2017 08:12:00 PM,small
34.23963205,-116.9678174,01/09/2017 08:35:00 PM,medium
37.83536,-120.056857,12/20/2016 02:02:00 PM,small
47.79575909,-122.3915428,02/15/2017 10:56:00 PM,small
29.83416882,80.26894533,07/11/2017 02:05:00 PM,small
48.736721,-122.359062,03/22/2017 06:40:00 PM,small
11.28965,76.94171,11/16/2016 03:00:00 PM,small
47.35299967,-122.5589364,03/27/2017 03:08:00 PM,small
-34.18516324,150.7164558,01/06/2017 07:12:00 PM,small
48.379985,-116.551955,03/18/2017 03:47:00 PM,small
33.87858534,-116.8430349,01/20/2017 03:39:00 PM,small
-39.88172973,175.715291,01/18/2017 09:23:00 PM,medium
41.2047168,72.86009332,04/11/2017 01:34:00 PM,large
39.63843134,-95.1472568,09/15/2016 02:24:00 PM,medium
34.01945681,-118.5048871,01/20/2017 08:21:00 PM,small
25.167803,92.019575,03/08/2017 09:02:00 PM,small
36.40201679,-119.0048126,01/07/2017 04:07:00 PM,small
47.641099,-122.313459,03/18/2017 03:55:00 PM,small
-6.990704,110.410341,11/15/2016 03:00:00 PM,small
39.941551,-121.267258,12/05/2016 03:00:00 PM,small
58.28660242,-134.4143382,02/15/2017 10:56:00 PM,small
50.63009238,-1.941264783,01/20/2017 09:23:00 PM,small
24.70412149,92.23034662,06/18/2017 02:21:00 PM,medium
-37.193542,175.848165,03/07/2017 06:03:00 PM,medium
25.195355,93.172758,04/04/2017 12:57:00 PM,small
33.27070612,75.17529327,02/04/2017 09:44:00 PM,medium
49.1290516,-118.6478914,04/14/2017 01:34:00 PM,small
45.585918,-123.586208,11/22/2016 03:00:00 PM,medium
37.72986947,-119.636119,09/27/2017 07:36:00 PM,medium
39.63016,-121.431598,12/15/2016 01:22:00 PM,medium
45.73370171,-122.7348113,04/13/2017 01:34:00 PM,small
37.99292482,-120.4786324,02/21/2017 04:54:00 PM,small
23.33501164,92.85410625,06/12/2017 02:21:00 PM,medium
34.819988,-111.793249,11/21/2016 01:59:00 PM,small
-13.71153138,-76.20330571,01/24/2017 09:24:00 PM,medium
20.81767658,-156.1255391,02/28/2017 09:51:00 PM,small
43.69001268,-79.3892764,05/05/2017 01:28:00 PM,small
36.30159069,-83.87750882,04/23/2017 01:17:00 PM,small
5.453011,100.214496,11/07/2016 05:00:00 AM,small
11.20931786,124.6532599,07/06/2017 01:23:00 PM,medium
51.663709,-0.396445,09/16/2016 02:54:00 PM,small
47.836412,-122.344906,11/24/2016 01:59:00 PM,small
46.71607814,-122.2132134,02/09/2017 06:08:00 PM,medium
11.35008,76.791735,12/22/2016 01:57:00 PM,medium
44.04653643,-124.071433,04/07/2017 01:19:00 PM,small
27.79280733,84.43347027,07/12/2017 02:05:00 PM,medium
10.48486923,125.0019461,01/16/2017 03:59:00 PM,medium
25.08734272,91.75063827,01/23/2017 02:49:00 PM,small
10.349849,123.878321,11/05/2016 04:00:00 AM,small
43.29933485,-123.1731346,03/30/2017 06:36:00 PM,small
46.43091744,30.76919899,04/06/2017 01:19:00 PM,small
4.549460532,101.4198768,01/24/2017 09:54:00 PM,medium
49.75909417,-119.7624134,04/17/2017 01:34:00 PM,small
35.4781125,73.27650031,04/22/2017 05:55:00 PM,small
50.77712046,-119.235673,04/07/2017 01:19:00 PM,medium
37.36284311,71.49733827,04/18/2017 05:47:00 PM,small
49.6302922,-117.5373036,05/09/2017 01:28:00 PM,small
41.599152,41.943132,12/17/2016 01:22:00 PM,medium
38.3293154,-119.2103767,04/18/2017 02:28:00 PM,medium
33.24199059,75.22770891,01/06/2017 02:48:00 PM,medium
-7.381149881,109.1838786,02/20/2017 09:26:00 PM,medium
33.33819588,75.19229171,01/06/2017 02:48:00 PM,medium
38.07540319,-82.59402528,05/12/2017 02:05:00 PM,small
35.85332031,71.77677082,02/04/2017 09:44:00 PM,large
43.23438711,-79.82721837,05/05/2017 08:27:00 PM,small
24.27173018,93.28039349,07/09/2017 01:23:00 PM,small
27.583849,91.876945,07/11/2017 02:24:00 PM,large
37.387811,-86.69190418,01/07/2017 07:12:00 PM,small
34.15214903,-117.9412065,01/12/2017 09:23:00 PM,medium
33.38247258,75.7228768,02/23/2017 10:45:00 PM,unknown
18.12892826,-76.83196776,05/03/2017 01:22:00 PM,small
33.288297,75.178026,02/28/2017 08:30:00 PM,medium
33.83302047,-116.9863441,01/20/2017 02:59:00 PM,medium
35.08160909,72.97571516,04/24/2017 06:27:00 PM,small
25.69111465,94.09483333,07/12/2017 01:28:00 PM,medium
27.360364,88.651914,07/10/2017 12:55:00 PM,medium
40.6429665,73.2667525,04/16/2017 01:34:00 PM,medium
43.98279054,-124.0540224,02/05/2017 09:44:00 PM,small
49.98337245,-117.3704058,03/23/2017 02:24:00 PM,medium
35.11357355,73.00616682,02/12/2017 05:05:00 PM,medium
43.44327375,-79.67403367,05/07/2017 01:28:00 PM,small
-11.83785769,-76.62379815,03/16/2017 05:32:00 PM,large
-7.004723,110.422311,11/15/2016 03:00:00 PM,small
23.32140323,93.75079688,03/19/2017 03:47:00 PM,unknown
34.06830898,74.63364102,07/13/2017 01:28:00 PM,medium
27.14163897,93.66495709,07/09/2017 01:23:00 PM,medium
27.05957271,93.50102778,07/09/2017 02:21:00 PM,medium
47.92444973,-122.3852767,03/20/2017 01:40:00 PM,small
-9.15405919,33.55887923,05/10/2017 01:28:00 PM,small
53.40132316,-2.952155422,02/28/2017 05:35:00 PM,medium
38.76486531,-120.324996,02/10/2017 04:48:00 PM,medium
22.64753,92.15455,03/16/2017 08:44:00 PM,small
25.995587,101.829855,09/17/2016 02:24:00 PM,medium
35.03832793,72.89541201,01/08/2017 07:12:00 PM,medium
18.16886468,-77.03854042,05/16/2017 02:05:00 PM,small
-16.53006,179.991364,12/18/2016 02:02:00 PM,small
27.104022,93.61156568,04/26/2017 01:17:00 PM,small
47.27487982,-122.5601456,05/05/2017 08:27:00 PM,small
10.03714,123.4795419,01/13/2017 03:19:00 PM,medium
35.46378481,73.24949043,03/22/2017 07:32:00 PM,small
-6.604482,105.7861277,02/09/2017 05:05:00 PM,large
48.06413257,-119.9523397,04/07/2017 01:19:00 PM,small
51.67903013,-2.023652165,01/09/2017 04:07:00 PM,small
-12.01269625,-76.51534903,02/03/2017 04:23:00 PM,unknown
39.10578115,-84.50067398,05/03/2017 01:22:00 PM,medium
25.118398,92.853913,04/04/2017 12:57:00 PM,small
49.726406,-116.911834,03/23/2017 02:24:00 PM,small
32.36487904,-90.87507319,04/02/2017 01:19:00 PM,medium
-6.697669793,106.9650693,02/12/2017 06:08:00 PM,medium
43.57998825,-116.1451674,01/10/2017 08:35:00 PM,small
44.164338,-124.029762,11/30/2016 03:24:00 PM,small
39.036633,48.664627,11/09/2016 05:00:00 AM,medium
39.06769834,-119.9411009,02/06/2017 09:32:00 PM,small
42.7272715,13.6883749,02/16/2017 07:25:00 PM,
-30.829127,152.554007,03/19/2017 03:09:00 PM,small
33.2216593,75.26926793,02/02/2017 06:09:00 PM,unknown
34.380809,-118.4056832,02/17/2017 10:55:00 PM,medium
47.5182519,-122.3890426,01/20/2017 02:57:00 PM,small
48.464309,-116.843145,03/23/2017 02:10:00 PM,small
20.83341,86.035008,10/24/2016 02:24:00 PM,small
48.75463908,-116.4168941,03/23/2017 02:10:00 PM,small
41.845413,-123.969925,12/16/2016 02:35:00 PM,small
34.10563,71.157068,11/05/2016 02:00:00 PM,small
20.041249,-155.371656,09/14/2016 02:24:00 PM,small
48.63776081,-122.4765807,03/15/2017 03:09:00 PM,small
47.94213637,-122.3673205,03/18/2017 01:40:00 PM,small
34.41015853,-119.71544,04/08/2017 07:04:00 PM,small
45.915562,-122.740865,03/31/2017 12:57:00 PM,medium
50.13806158,-5.076599066,02/26/2017 07:45:00 PM,small
-4.843498811,38.30385343,05/08/2017 01:28:00 PM,small
25.61953667,96.3086022,02/09/2017 05:05:00 PM,medium
41.16099153,72.88352146,04/23/2017 06:27:00 PM,medium
53.717863,-1.855263,03/07/2017 07:24:00 PM,small
38.92225016,-104.9903631,05/09/2017 01:28:00 PM,small
37.785693,-82.801658,12/12/2016 02:22:00 PM,small
32.95544044,74.9648329,04/08/2017 01:19:00 PM,small
47.51576386,-122.25385,02/09/2017 10:29:00 PM,small
35.7276334,71.30557792,02/06/2017 09:44:00 PM,very_large
40.37779708,-105.5960863,05/10/2017 01:28:00 PM,small
39.243182,-82.984168,03/01/2017 04:06:00 PM,small
50.7920428,-119.082588,03/16/2017 01:48:00 PM,small
41.78166509,-112.1143653,02/19/2017 10:04:00 PM,small
-8.24510133,115.294324,02/17/2017 09:37:00 PM,unknown
-7.954477139,-78.57489565,03/17/2017 03:55:00 PM,medium
46.95593447,-118.7098838,02/16/2017 02:17:00 PM,medium
46.12337387,-115.597912,03/18/2017 08:58:00 PM,small
5.390741506,100.2822934,01/31/2017 07:27:00 PM,small
33.370552,75.193916,03/10/2017 05:22:00 PM,unknown
47.418594,-122.347205,03/16/2017 03:47:00 PM,medium
40.06193208,-106.123089,07/07/2017 01:16:00 PM,small
38.34492599,-90.38634348,05/12/2017 01:28:00 PM,small
-20.54287599,29.26724852,01/31/2017 08:07:00 PM,large
25.132228,93.04681,04/04/2017 12:57:00 PM,small
27.092916,93.61882043,07/09/2017 01:23:00 PM,small
19.73070321,-155.0889266,01/24/2017 09:52:00 PM,small
11.36244543,105.006749,03/25/2017 05:32:00 PM,medium
-21.31845152,148.9364121,03/30/2017 03:08:00 PM,small
50.19521099,-119.4930924,05/14/2017 02:05:00 PM,small
37.25520686,-107.017168,04/14/2017 05:55:00 PM,small
45.54554329,-122.7867427,02/08/2017 03:28:00 PM,small
48.623821,-122.448275,03/15/2017 04:46:00 PM,small
25.6320357,94.10065403,07/09/2017 01:23:00 PM,small
36.20785464,-86.95613007,04/05/2017 01:19:00 PM,small
9.774184314,123.5297419,04/05/2017 01:19:00 PM,small
34.36345704,-119.4488081,02/17/2017 11:10:00 PM,small
12.589702,101.418577,10/31/2016 02:24:00 PM,small
45.92401,-122.754514,03/15/2017 04:46:00 PM,small
-8.279864546,115.0920102,05/01/2017 07:03:00 PM,small
19.641991,82.354055,12/09/2016 02:22:00 PM,small
37.98298928,-120.0516629,01/19/2017 09:08:00 PM,medium
33.968473,-116.950975,12/16/2016 02:35:00 PM,medium
-36.784719,175.016756,03/07/2017 07:24:00 PM,small
48.95184809,-122.4604589,02/17/2017 08:04:00 PM,medium
11.01601242,124.7102698,07/10/2017 02:05:00 PM,medium
18.77238406,-72.5129604,06/15/2017 02:21:00 PM,medium
40.88384133,72.90690683,04/18/2017 02:28:00 PM,medium
47.227674,-122.38417,03/18/2017 09:29:00 PM,small
36.229474,-81.499376,03/30/2017 12:57:00 PM,small
34.124476,-118.4017601,01/22/2017 08:21:00 PM,small
23.438189,91.125374,03/16/2017 08:44:00 PM,small
26.96437841,92.78260587,06/18/2017 01:16:00 PM,medium
48.130894,-116.479598,03/18/2017 02:10:00 PM,small
41.32696363,-111.8567637,02/21/2017 02:46:00 PM,small
22.771104,103.761134,10/26/2016 02:24:00 PM,medium
3.300391156,102.0799266,01/24/2017 07:05:00 PM,small
-37.270678,175.883064,03/06/2017 10:33:00 PM,small
45.934422,-122.760786,02/16/2017 09:37:00 PM,small
39.7602315,-121.4617341,01/20/2017 02:57:00 PM,small
10.329022,123.876998,11/05/2016 02:00:00 PM,small
28.21798862,84.71592278,05/11/2017 01:28:00 PM,small
46.53684224,-72.34177825,04/11/2017 01:34:00 PM,small
26.6726411,105.6688433,07/08/2017 01:23:00 PM,large
33.336892,75.19165535,02/19/2017 10:45:00 PM,small
3.086036242,112.8374948,02/22/2017 10:45:00 PM,small
1.760867,112.595116,03/18/2017 03:47:00 PM,unknown
33.9225391,-117.835709,01/22/2017 07:39:00 PM,medium
48.72678738,-122.3035053,01/21/2017 08:21:00 PM,small
-36.61481695,174.7227399,07/01/2017 06:45:00 PM,medium
49.75158901,-119.7586878,01/06/2017 06:30:00 PM,medium
33.25646771,75.77361313,02/26/2017 07:45:00 PM,large
33.3373721,75.19213091,03/06/2017 04:52:00 PM,medium
54.372128,48.29313889,07/07/2017 02:21:00 PM,medium
40.88167416,73.42104361,03/26/2017 06:36:00 PM,large
35.557352,-84.00841,12/06/2016 03:21:00 PM,small
48.605862,-116.369756,03/21/2017 07:32:00 PM,medium
-11.93255048,-76.70218909,03/01/2017 05:35:00 PM,small
42.25652741,44.6749956,07/05/2017 01:16:00 PM,medium
47.4616048,-116.7682735,03/29/2017 04:36:00 PM,small
48.06938284,-123.7739535,01/19/2017 09:23:00 PM,small
13.70101326,-89.33519618,04/11/2017 01:34:00 PM,small
-18.095193,178.440048,12/15/2016 02:22:00 PM,medium
48.615529,-122.438565,03/17/2017 06:40:00 PM,small
46.45955095,-122.7508186,01/18/2017 04:47:00 PM,small
26.95223279,93.85748748,07/10/2017 02:21:00 PM,medium
24.0135808,92.67420963,04/25/2017 05:58:00 PM,small
25.73318099,93.99655231,05/16/2017 02:05:00 PM,small
18.11255566,-76.88228049,05/03/2017 01:22:00 PM,small
43.270395,-122.606856,11/09/2016 02:00:00 PM,small
33.49573061,75.18134474,02/18/2017 08:04:00 PM,medium
31.76419233,77.29184098,04/17/2017 05:47:00 PM,medium
34.149216,-117.940183,12/16/2016 02:35:00 PM,medium
40.78356656,73.60000632,04/16/2017 01:34:00 PM,medium
10.442036,123.8760501,01/20/2017 07:44:00 PM,large
26.66354481,94.62220277,06/24/2017 01:23:00 PM,small
1.401449275,110.3243565,01/23/2017 08:14:00 PM,medium
50.68445384,-119.0470126,05/05/2017 02:05:00 PM,small
34.28752918,-117.3556802,01/20/2017 09:23:00 PM,medium
33.18368391,75.80816901,04/22/2017 05:55:00 PM,medium
-7.498069,107.868913,03/18/2017 03:55:00 PM,medium
25.64319355,89.45570226,02/07/2017 06:52:00 PM,medium
3.983405,102.431673,12/10/2016 02:22:00 PM,medium
40.4839954,-107.0531393,05/04/2017 01:22:00 PM,small
-11.930724,-76.70147,03/16/2017 05:32:00 PM,large
34.52842248,-120.1723487,03/21/2017 03:47:00 PM,small
48.396267,37.844734,12/21/2016 01:57:00 PM,medium
38.95349606,-119.8489176,01/20/2017 03:39:00 PM,small
-37.267461,175.069486,03/12/2017 03:09:00 PM,large
44.86769902,-123.1458391,02/21/2017 05:34:00 PM,small
-7.019422,110.442857,11/15/2016 02:00:00 PM,small
38.066351,42.190688,11/18/2016 02:00:00 PM,large
35.69046875,-82.61794521,03/27/2017 04:36:00 PM,small
45.580476,-122.795871,12/05/2016 01:22:00 PM,small
-7.235152,109.829559,10/23/2016 02:24:00 PM,medium
-22.912451,-44.302371,11/11/2016 03:00:00 PM,medium
-18.115639,178.36266,12/16/2016 02:22:00 PM,medium
37.59593032,-104.7448595,05/11/2017 01:28:00 PM,small
34.15029849,-117.9438775,01/20/2017 08:38:00 PM,large
45.27076031,-123.8354432,03/15/2017 06:40:00 PM,medium
51.11925844,17.01749869,05/04/2017 01:22:00 PM,small
47.505313,-122.19965,02/16/2017 10:29:00 PM,small
39.76403558,-105.5829874,04/05/2017 01:34:00 PM,small
44.42016203,-123.5477652,03/24/2017 05:32:00 PM,small
25.59124726,104.8439885,03/26/2017 02:24:00 PM,medium
33.3191592,75.19329838,04/17/2017 01:34:00 PM,small
42.56345357,74.48467921,05/10/2017 01:28:00 PM,medium
48.11195613,24.25462294,02/03/2017 04:23:00 PM,small
-17.50987,178.211023,02/17/2017 09:37:00 PM,large
45.58963702,-122.8232586,02/09/2017 08:58:00 PM,small
37.734307,-119.759662,02/21/2017 04:26:00 PM,medium
34.896813,-118.921159,11/27/2016 01:59:00 PM,small
35.13748644,-120.6067082,01/08/2017 08:15:00 PM,medium
25.72019272,94.03225673,07/08/2017 01:23:00 PM,medium
25.00832371,109.3447288,07/12/2017 01:17:00 PM,medium
50.70439188,-1.914334505,04/06/2017 01:19:00 PM,small
42.047741,119.284278,11/22/2016 03:00:00 PM,medium
15.2875681,73.97726045,04/19/2017 05:55:00 PM,small
45.34580587,-122.5899302,02/16/2017 08:30:00 PM,small
12.856627,102.608286,11/26/2016 01:59:00 PM,small
47.959627,-122.248738,03/24/2017 02:10:00 PM,small
50.95048157,-119.1263032,04/27/2017 01:17:00 PM,medium
34.08325186,74.84254061,04/07/2017 01:19:00 PM,medium
34.41067785,-119.7061773,02/17/2017 09:01:00 PM,small
28.13673979,85.31637561,07/10/2017 01:23:00 PM,medium
48.75324647,-118.1354978,04/14/2017 01:34:00 PM,small
45.708725,-122.721614,03/13/2017 07:15:00 PM,small
50.199554,-5.469516,03/09/2017 04:30:00 PM,small
9.789939,125.485592,11/27/2016 05:00:00 AM,small
39.50534156,-121.5003975,01/10/2017 05:02:00 PM,medium
-37.839925,177.595887,11/11/2016 03:00:00 PM,small
18.456179,-77.326712,12/11/2016 02:22:00 PM,medium
49.77841802,-119.606888,05/05/2017 08:27:00 PM,small
47.43593125,-122.4658786,02/08/2017 03:28:00 PM,small
33.153219,75.678275,04/02/2017 12:57:00 PM,medium
47.477798,-122.362716,02/09/2017 08:15:00 PM,small
40.8319699,73.53346121,04/09/2017 01:34:00 PM,small
47.143517,-122.108017,03/16/2017 03:47:00 PM,small
-6.412751806,106.7653781,02/26/2017 09:39:00 PM,unknown
61.81411736,-147.5017483,07/07/2017 01:23:00 PM,medium
34.379152,-118.402419,12/16/2016 02:35:00 PM,small
34.438419,-118.290174,12/19/2016 07:27:00 PM,small
12.183736,109.171376,12/20/2016 02:02:00 PM,large
45.51598796,-122.3614243,02/05/2017 09:32:00 PM,small
29.48397512,81.03043256,07/09/2017 02:21:00 PM,large
47.52013049,-122.387218,01/19/2017 09:23:00 PM,medium
34.10541985,-118.368392,01/11/2017 07:05:00 PM,small
34.23932576,-117.4983005,01/19/2017 02:59:00 PM,small
13.9764106,120.9108933,04/08/2017 01:19:00 PM,small
50.40649387,-122.2999053,05/05/2017 08:27:00 PM,small
-23.916049,-65.467344,01/10/2017 05:22:00 PM,very_large
2.02724068,112.6552469,07/10/2017 02:05:00 PM,small
25.77171292,93.93507183,04/07/2017 01:19:00 PM,small
-28.08114457,153.1081019,03/29/2017 06:36:00 PM,small
34.40393623,74.26149296,04/07/2017 01:19:00 PM,small
47.18242872,-122.2480438,02/09/2017 10:29:00 PM,small
34.46134035,-118.1995991,01/20/2017 08:14:00 PM,medium
48.95454088,-122.6968221,03/29/2017 02:33:00 PM,small
25.0097541,111.8176623,07/02/2017 01:16:00 PM,medium
45.61894112,-123.4177916,04/28/2017 01:17:00 PM,small
-6.987102,107.460851,03/10/2017 05:22:00 PM,unknown
-14.30652636,-170.8105958,05/11/2017 01:28:00 PM,medium
27.48969875,85.05138733,06/21/2017 01:16:00 PM,medium
34.0986105,-118.3729323,05/02/2017 07:03:00 PM,small
4.485386085,101.3742935,12/25/2016 02:37:00 PM,small
39.02187712,70.36502778,07/03/2017 02:21:00 PM,medium
3.423928,-76.553491,12/01/2016 03:24:00 PM,large
54.549683,-8.20142,03/04/2017 08:35:00 PM,small
7.160382,80.45979,12/08/2016 02:22:00 PM,small
47.68415,-117.104534,03/14/2017 07:15:00 PM,small
41.58206909,-112.0888994,02/18/2017 10:04:00 PM,small
-7.897214,112.877378,11/12/2016 03:00:00 PM,large
39.99062776,-120.9446006,01/04/2017 07:12:00 PM,small
41.58207707,42.00481323,02/25/2017 09:39:00 PM,medium
46.72404963,-72.77771339,04/12/2017 01:34:00 PM,small
24.33197035,91.8008536,06/19/2017 02:21:00 PM,small
3.298065912,101.7311515,12/27/2016 04:02:00 PM,small
41.357397,-124.074714,12/16/2016 02:35:00 PM,small
43.22319752,-110.5015357,04/23/2017 05:58:00 PM,large
34.22240926,-118.3661203,02/17/2017 06:40:00 PM,small
36.22480107,-81.52494138,04/07/2017 01:19:00 PM,small
32.32082658,-90.89805521,04/11/2017 01:34:00 PM,small
50.73336291,-1.646321046,05/10/2017 01:28:00 PM,medium
32.25158781,111.5967513,01/20/2017 02:57:00 PM,medium
33.24788762,75.21401709,01/26/2017 02:49:00 PM,medium
3.016558705,101.7626998,04/10/2017 08:44:00 PM,small
46.086845,-115.513358,03/18/2017 08:58:00 PM,small
39.11723618,68.48382541,07/03/2017 02:21:00 PM,medium
33.36011691,75.17291044,01/26/2017 02:49:00 PM,unknown
34.114347,-118.392578,02/13/2017 03:32:00 PM,small
34.07756418,74.58081937,02/23/2017 10:45:00 PM,unknown
28.190436,83.332177,03/05/2017 07:24:00 PM,medium
42.87068,-122.1721601,01/10/2017 06:34:00 PM,medium
47.88398686,-118.1639859,04/02/2017 03:21:00 PM,large
33.12172879,75.40856188,04/08/2017 01:19:00 PM,medium
41.668594,-124.113265,03/06/2017 05:22:00 PM,small
43.51735165,-108.1809596,04/28/2017 01:17:00 PM,small
-16.77627,-179.745445,12/17/2016 02:35:00 PM,large
-6.830575165,106.8305474,04/15/2017 01:34:00 PM,medium
50.56605251,-2.440058016,05/11/2017 01:28:00 PM,small
34.39411841,-118.4148235,01/20/2017 04:04:00 PM,medium
37.81789885,-120.2851853,02/07/2017 08:58:00 PM,small
33.25383574,-117.1540032,02/27/2017 08:52:00 PM,small
43.82083244,-114.2582904,04/24/2017 01:22:00 PM,medium
22.84756674,91.95656252,06/18/2017 02:21:00 PM,small
29.34137027,81.30954554,07/03/2017 01:23:00 PM,small
25.82860033,91.876717,07/06/2017 01:16:00 PM,medium
32.21412463,35.87459382,01/24/2017 09:52:00 PM,medium
-4.87213351,38.33224111,05/10/2017 01:28:00 PM,small
32.00653439,78.56989163,02/21/2017 05:34:00 PM,small
-7.619105355,110.1946528,02/26/2017 09:39:00 PM,unknown
29.39496837,81.37064669,07/10/2017 06:45:00 PM,medium
6.358246,-75.499849,10/26/2016 02:24:00 PM,very_large
39.69781129,72.98138424,06/19/2017 01:16:00 PM,medium
-18.00324633,179.3048665,12/30/2016 07:12:00 PM,large
27.07671517,93.59755441,07/09/2017 01:23:00 PM,small
40.37960204,-111.5534648,02/11/2017 07:05:00 PM,medium
34.09901731,-116.9345475,02/16/2017 07:34:00 PM,medium
-6.47659174,107.6281603,04/17/2017 05:47:00 PM,small
45.67935571,-121.2998589,05/08/2017 02:05:00 PM,medium
27.04040393,89.90633458,07/08/2017 02:21:00 PM,small
33.33074507,71.27227905,01/07/2017 04:07:00 PM,small
63.569297,-148.836879,09/14/2016 02:54:00 PM,medium
47.8529298,-120.1368839,03/08/2017 08:36:00 PM,small
10.41208679,123.8705795,04/11/2017 07:04:00 PM,small
-2.969592,28.251913,12/18/2016 02:35:00 PM,large
34.3330795,-116.8297837,01/09/2017 09:20:00 PM,medium
36.98563766,127.2486211,07/09/2017 02:21:00 PM,small
34.11892324,-117.8235564,01/09/2017 08:35:00 PM,small
11.34376314,76.79310973,01/30/2017 08:07:00 PM,small
41.71539,-124.135637,03/24/2017 02:10:00 PM,small
39.12929489,-107.2839602,03/04/2017 04:52:00 PM,small
29.273895,117.184294,03/21/2017 02:10:00 PM,medium
36.269037,72.23157,02/17/2017 08:51:00 PM,unknown
55.89336154,-4.273323013,04/10/2017 01:34:00 PM,small
40.77327756,73.62572743,04/07/2017 01:19:00 PM,large
23.725943,92.7178,09/17/2016 02:54:00 PM,
45.60872642,-117.6152435,02/10/2017 08:02:00 PM,small
5.386979,100.28136,10/29/2016 02:24:00 PM,large
54.09,-8.2,12/13/2016 02:22:00 PM,small
36.21630141,73.29837013,04/06/2017 01:19:00 PM,small
31.77315744,77.30471357,03/22/2017 07:32:00 PM,small
51.2298989,-118.9893377,05/05/2017 08:27:00 PM,small
5.586158712,101.4730959,01/27/2017 09:54:00 PM,small
50.67961805,-3.231703627,02/08/2017 06:14:00 PM,medium
52.18027268,1.617909155,01/14/2017 06:34:00 PM,small
47.348922,-116.770789,03/17/2017 01:48:00 PM,small
46.03154457,-122.6604082,04/09/2017 01:34:00 PM,small
21.60938939,102.3039849,07/09/2017 02:21:00 PM,medium
25.73111942,93.98827528,07/09/2017 01:23:00 PM,medium
-12.31013872,-76.76935764,03/16/2017 07:32:00 PM,large
44.62725474,-123.9675087,01/05/2017 07:12:00 PM,medium
37.750375,-85.667209,11/19/2016 03:00:00 PM,small
37.4877776,-82.65271182,04/23/2017 06:27:00 PM,small
9.961405755,-84.16638637,05/08/2017 01:28:00 PM,small
13.62615658,121.1049975,04/08/2017 08:28:00 PM,small
28.219177,83.686001,09/18/2016 02:24:00 PM,medium
48.883075,-118.600077,03/26/2017 05:32:00 PM,small
50.36904678,-121.6673436,02/16/2017 04:54:00 PM,small
47.9696408,-122.3510792,03/29/2017 01:40:00 PM,small
-41.10366565,175.2949249,04/22/2017 05:55:00 PM,small
11.339839,76.841106,12/14/2016 01:59:00 PM,medium
6.045445,7.06362,10/23/2016 02:24:00 PM,medium
33.12172879,75.40856188,04/08/2017 01:19:00 PM,medium
49.32862395,-116.6980808,04/06/2017 01:19:00 PM,small
10.342048,123.861028,12/14/2016 02:22:00 PM,small
-13.188028,-72.523361,03/24/2017 02:10:00 PM,medium
-22.527652,-43.212778,11/11/2016 02:00:00 PM,medium
40.621303,-124.210692,12/14/2016 02:22:00 PM,medium
34.58431055,-119.2622286,02/17/2017 05:55:00 PM,medium
34.11457289,-118.8043161,02/17/2017 09:37:00 PM,small
33.38630872,130.9375354,07/06/2017 01:16:00 PM,large
25.06466676,94.27420555,07/08/2017 01:23:00 PM,medium
46.39692045,-122.7979191,04/30/2017 01:22:00 PM,medium
15.41602484,75.61670443,05/15/2017 02:05:00 PM,medium
37.67124551,-112.1110734,02/24/2017 08:30:00 PM,small
39.82883801,-121.4183437,01/20/2017 02:57:00 PM,small
32.996781,-116.958162,02/27/2017 08:30:00 PM,small
11.78127207,78.19387995,02/03/2017 08:07:00 PM,small
49.088067,-122.006847,02/18/2017 05:46:00 PM,medium
-0.534037626,36.86380937,05/10/2017 01:28:00 PM,medium
35.724823,-83.491624,11/30/2016 01:59:00 PM,small
40.00918,-121.246364,12/05/2016 03:00:00 PM,small
10.35176697,123.8780348,01/14/2017 06:34:00 PM,small
-36.796594,175.052231,03/07/2017 07:24:00 PM,small
33.17191499,75.81074366,04/25/2017 05:58:00 PM,medium
47.93109,-122.308982,03/08/2017 04:30:00 PM,small
31.09793945,77.15163968,04/06/2017 01:19:00 PM,medium
36.03370811,-81.70315802,04/13/2017 01:34:00 PM,small
43.66465662,-107.7583545,05/04/2017 01:28:00 PM,medium
8.975396751,38.71265993,03/11/2017 05:36:00 PM,medium
38.4919474,-90.43483478,05/08/2017 01:28:00 PM,small
35.52490704,-118.665478,01/20/2017 09:24:00 PM,medium
45.62895938,-121.9011895,01/06/2017 03:40:00 PM,medium
11.34942664,76.84947966,05/07/2017 01:22:00 PM,small
47.229291,-122.255001,03/16/2017 04:46:00 PM,small
45.567376,-122.812342,03/15/2017 02:10:00 PM,small
33.32217847,75.19281971,05/05/2017 01:22:00 PM,small
40.01740913,-121.0966666,02/07/2017 04:23:00 PM,medium
50.81095228,-119.1322952,05/06/2017 01:28:00 PM,medium
32.71899669,-116.4617015,01/23/2017 07:39:00 PM,small
48.563612,-123.565898,11/03/2016 02:00:00 PM,small
49.806065,-116.903232,03/18/2017 02:24:00 PM,small
26.2632687,94.81481951,07/10/2017 02:21:00 PM,medium
-1.630521,101.948985,11/15/2016 02:00:00 PM,small
27.99717329,112.0338775,07/06/2017 01:23:00 PM,medium
-29.4722515,153.143192,04/04/2017 01:16:00 PM,small
47.88404344,-122.3316061,02/16/2017 10:29:00 PM,small
-6.342327734,106.814421,04/03/2017 01:19:00 PM,small
39.28434339,-119.657215,03/30/2017 01:39:00 PM,small
39.24255184,-106.8813681,07/11/2017 02:05:00 PM,medium
36.4942495,-118.8237671,01/07/2017 04:07:00 PM,small
33.07879925,-116.589966,02/27/2017 07:45:00 PM,small
34.10195138,-118.3671332,01/30/2017 07:27:00 PM,medium
36.597523,-4.632291,12/05/2016 03:24:00 PM,large
38.97232348,-107.34128,03/12/2017 03:09:00 PM,small
27.6802471,93.62592773,04/22/2017 06:27:00 PM,small
45.96399959,-72.67766252,04/12/2017 01:34:00 PM,small
-36.84933303,174.8388783,04/05/2017 01:19:00 PM,small
-7.542442,110.446035,10/26/2016 02:24:00 PM,large
48.23301744,-116.8964519,03/18/2017 02:10:00 PM,small
38.07949145,-83.42376912,02/08/2017 08:58:00 PM,small
45.54421,-122.763103,03/15/2017 02:10:00 PM,small
-33.718972,-70.649246,02/26/2017 05:31:00 PM,unknown
34.866733,-111.766985,11/21/2016 03:00:00 PM,small
45.415317,-122.790937,12/20/2016 02:02:00 PM,small
41.05829529,-124.1431653,03/23/2017 02:10:00 PM,small
3.366921,101.613538,11/27/2016 01:59:00 PM,large
27.16009861,91.6036289,07/08/2017 02:21:00 PM,small
-2.714873,29.242527,03/16/2017 03:55:00 PM,medium
29.16952271,81.57140363,04/21/2017 05:55:00 PM,medium
16.23854416,120.5171849,04/13/2017 01:34:00 PM,medium
51.61644433,-1.244926178,01/09/2017 02:48:00 PM,small
34.06203725,-118.984857,01/12/2017 03:19:00 PM,small
27.8080337,84.43352419,06/23/2017 01:16:00 PM,medium
42.55165458,-123.5674174,01/10/2017 05:02:00 PM,small
38.73273,48.644237,09/21/2016 02:24:00 PM,small
28.84665,112.36962,09/10/2017 05:48:00 PM,medium
40.07737495,73.53103277,04/30/2017 01:17:00 PM,medium
37.25473337,-112.9614691,01/12/2017 06:34:00 PM,small
4.457058676,101.3684785,12/25/2016 02:37:00 PM,small
18.126608,-76.453543,03/18/2017 03:55:00 PM,medium
41.25496138,72.43809882,04/30/2017 01:17:00 PM,medium
33.41709081,130.7436804,07/06/2017 01:16:00 PM,medium
18.10503211,-76.87671223,05/16/2017 02:05:00 PM,small
48.62466012,-118.0724637,03/27/2017 02:24:00 PM,small
-6.60253493,106.7955661,02/27/2017 05:09:00 PM,unknown
33.144018,75.54564,07/12/2017 02:00:00 PM,medium
36.73429097,-83.26251819,04/24/2017 06:27:00 PM,small
48.26414063,-121.8777699,04/07/2017 01:34:00 PM,small
49.91772889,-116.9388675,04/18/2017 05:47:00 PM,medium
24.82767572,93.51825,07/09/2017 01:23:00 PM,medium
45.3960836,-122.4783968,02/06/2017 05:00:00 AM,small
-2.201157,102.104093,10/25/2016 02:24:00 PM,large
47.468181,-122.156092,02/16/2017 10:29:00 PM,small
24.93295141,66.97197288,04/06/2017 01:19:00 PM,medium
27.61790706,93.84196894,04/22/2017 06:27:00 PM,small
49.781844,-121.44554,03/18/2017 03:55:00 PM,small
-7.430433,110.297247,12/06/2016 02:22:00 PM,large
-16.242627,145.434199,02/27/2017 07:34:00 PM,unknown
45.35591761,-122.5849051,02/24/2017 08:30:00 PM,small
18.1850243,-77.1494031,05/16/2017 02:05:00 PM,small
48.111483,-122.763517,11/06/2016 03:00:00 PM,small
35.62608133,-82.52516919,02/10/2017 09:02:00 PM,small
33.20013525,-117.3569946,12/25/2016 04:02:00 PM,medium
51.7579283,-3.795446854,03/01/2017 09:51:00 PM,small
-37.63075881,176.0458175,04/12/2017 01:34:00 PM,small
28.308297,83.174393,03/05/2017 04:55:00 PM,large
45.46335183,-75.5067696,04/15/2017 01:22:00 PM,small
47.709553,-121.981233,02/16/2017 04:26:00 PM,small
11.328578,76.903045,12/16/2016 01:22:00 PM,small
25.61919207,92.7094701,04/29/2017 01:17:00 PM,medium
34.387459,-119.368134,12/23/2016 03:21:00 PM,unknown
37.72978945,-119.6356882,09/28/2017 07:36:00 PM,large
45.5234247,-122.7095383,03/28/2017 08:50:00 PM,small
7.928596253,38.60315887,07/09/2017 01:23:00 PM,medium
-2.61869387,-78.91576871,02/21/2017 08:51:00 PM,unknown
-36.84918114,174.9031757,04/18/2017 05:47:00 PM,small
4.471586347,101.369887,12/25/2016 02:37:00 PM,small
0.541576,101.458434,03/03/2017 08:35:00 PM,very_large
32.30284595,-90.905745,04/30/2017 01:17:00 PM,small
32.3614925,77.23398736,04/23/2017 05:58:00 PM,small
-29.4720726,152.3514367,03/20/2017 07:36:00 PM,small
34.17504678,73.75421332,06/23/2017 01:16:00 PM,medium
-41.329815,174.831446,03/11/2017 05:22:00 PM,small
-17.861049,178.536335,12/16/2016 02:35:00 PM,medium
40.80437884,73.60473221,04/17/2017 04:00:00 AM,medium
33.08260792,-116.9199524,02/28/2017 04:25:00 PM,medium
36.47237862,5.307937088,04/24/2017 01:17:00 PM,small
26.56636244,93.13195098,07/09/2017 06:45:00 PM,small
38.95351828,-84.2759015,01/20/2017 02:59:00 PM,small
48.012132,-118.919306,03/14/2017 07:32:00 PM,small
47.290915,-122.409942,11/01/2016 02:24:00 PM,small
42.95491382,44.21141438,06/21/2017 01:16:00 PM,small
47.44916502,-116.7776802,03/23/2017 04:36:00 PM,small
-7.853409423,111.6799444,04/01/2017 01:34:00 PM,medium
33.40307977,75.68061125,03/25/2017 05:32:00 PM,small
26.181606,91.772042,12/15/2016 05:00:00 AM,small
40.88639497,73.47237853,04/29/2017 07:03:00 PM,large
17.46562972,78.35650524,03/13/2017 02:32:00 PM,small
